{
    "id": "rct1aa.ride.flying_saucers",
    "authors": ["Chris Sawyer", "Simon Foster"],
    "version": "1.0",
    "originalId": "00000000|#RCT1FSA|00000000",
    "sourceGame": "rct1aa",
    "isCompatibilityObject": true,
    "objectType": "ride",
    "properties": {
        "type": "flying_saucers",
        "category": "gentle",
        "carsPerFlatRide": 12,
        "carColours": [
            [
                ["white", "light_orange", "black"]
            ],
            [
                ["light_purple", "bright_red", "black"]
            ]
        ],
        "cars": {
            "rotationFrameMask": 15,
            "spacing": 139264,
            "mass": 190,
            "numSeats": 1,
            "numSeatRows": 1,
            "poweredAcceleration": 7,
            "poweredMaxSpeed": 10,
            "drawOrder": 7,
            "spriteGroups": {
                "slopeFlat":16
            },
            "hasAdditionalColour1": true,
            "isPowered": true,
            "useBoatHireCollisionDetection": true,
            "useDodgemCarPlacement": true,
            "loadingPositions": [0]
        }
    },
    "images": [
    { "path": "images/preview.png", "format": "raw"},
        "",
        "",
        "$CSG[32653..32684]"
    ],
    "noCsgImages": [
    { "path": "images/preview.png", "format": "raw"},
        "",
        "",
        "$RCT2:OBJDATA/FSAUC.DAT[3]",
        "$RCT2:OBJDATA/FSAUC.DAT[5]",
        "$RCT2:OBJDATA/FSAUC.DAT[7]",
        "$RCT2:OBJDATA/FSAUC.DAT[9]",
        "$RCT2:OBJDATA/FSAUC.DAT[11]",
        "$RCT2:OBJDATA/FSAUC.DAT[13]",
        "$RCT2:OBJDATA/FSAUC.DAT[15]",
        "$RCT2:OBJDATA/FSAUC.DAT[17]",
        "$RCT2:OBJDATA/FSAUC.DAT[19]",
        "$RCT2:OBJDATA/FSAUC.DAT[21]",
        "$RCT2:OBJDATA/FSAUC.DAT[23]",
        "$RCT2:OBJDATA/FSAUC.DAT[25]",
        "$RCT2:OBJDATA/FSAUC.DAT[27]",
        "$RCT2:OBJDATA/FSAUC.DAT[29]",
        "$RCT2:OBJDATA/FSAUC.DAT[31]",
        "$RCT2:OBJDATA/FSAUC.DAT[33]",

        "$RCT2:OBJDATA/FSAUC.DAT[35]",
        "$RCT2:OBJDATA/FSAUC.DAT[37]",
        "$RCT2:OBJDATA/FSAUC.DAT[39]",
        "$RCT2:OBJDATA/FSAUC.DAT[41]",
        "$RCT2:OBJDATA/FSAUC.DAT[43]",
        "$RCT2:OBJDATA/FSAUC.DAT[45]",
        "$RCT2:OBJDATA/FSAUC.DAT[47]",
        "$RCT2:OBJDATA/FSAUC.DAT[49]",
        "$RCT2:OBJDATA/FSAUC.DAT[51]",
        "$RCT2:OBJDATA/FSAUC.DAT[53]",
        "$RCT2:OBJDATA/FSAUC.DAT[55]",
        "$RCT2:OBJDATA/FSAUC.DAT[57]",
        "$RCT2:OBJDATA/FSAUC.DAT[59]",
        "$RCT2:OBJDATA/FSAUC.DAT[61]",
        "$RCT2:OBJDATA/FSAUC.DAT[63]",
        "$RCT2:OBJDATA/FSAUC.DAT[65]"
    ],
    "strings": {
        "name": {
            "en-GB": "Flying Saucers",
            "fr-FR": "Soucoupes volantes",
            "de-DE": "Fliegende Untertassen",
            "es-ES": "Platillos Volantes",
            "it-IT": "Dischi volanti",
            "nl-NL": "Vliegende schotels",
            "sv-SE": "Flygande tefat",
            "ko-KR": "비행 접시",
            "zh-CN": "水上飞行",
            "zh-TW": "碰碰飛碟",
            "pt-BR": "Discos Voadores",
            "cs-CZ": "Létající talíře",
            "ja-JP": "フライングソーサー",
            "nb-NO": "Flyvende tallerkner",
            "pl-PL": "Latające spodki",
            "ru-RU": "Тарелочки",
            "eo-ZZ": "Flugantaj Nifoj"
        },
        "description": {
            "en-GB": "Guests ride in saucer-shaped hovercraft vehicles that they freely control",
            "fr-FR": "Aéroglisseurs auto-guidés",
            "de-DE": "Die Gäste fahren in untertassenförmigen Luftkissenfahrzeugen, die sie selbst steuern",
            "es-ES": "Vehículos aerodeslizadores autopropulsados",
            "it-IT": "Veicoli hovercraft guidati dai visitatori",
            "nl-NL": "Vliegende schotels die de passagiers zelf besturen",
            "sv-SE": "Gästerna kör tefatsformade svävarfordon",
            "ko-KR": "스스로 운전하는 호버크래프트 차량",
            "zh-CN": "每位乘客搭乘气垫船工具",
            "zh-TW": "自助駕駛的飛碟型車輛",
            "pt-BR": "Passageiros andam em veículos aéreos pilotáveis em formato de nave alienígenas",
            "cs-CZ": "Autodrom se vznášedly",
            "ja-JP": "自分で運転するホバークラフト車両です",
            "pl-PL": "Poduszkowce z własnym napędem",
            "ru-RU": "Самодвижущиеся машины",
            "eo-ZZ": "Gastoj rajdas en nifoformaj kusenveturiloj, kiujn ili stiras libere"
        },
        "capacity": {
            "en-GB": "1 person per car",
            "fr-FR": "1 personne par voiture",
            "de-DE": "1 Person pro Wagen",
            "es-ES": "1 persona por vehículo",
            "it-IT": "1 persona a disco volante",
            "nl-NL": "1 passagier per karretje",
            "sv-SE": "1 person per vagn",
            "ko-KR": "차량당 1명의 손님",
            "zh-CN": "1位乘客/每个车厢",
            "zh-TW": "每飛碟1位乘客",
            "pt-BR": "1 pessoa por carro",
            "cs-CZ": "1 místo v každém voze",
            "ja-JP": "各車両1名",
            "pl-PL": "1 osoba na samochód",
            "ru-RU": "1 человек",
            "eo-ZZ": "Po 1 ulo por ĉaro"
        }
    }
}
