{
    "id": "rct1ll.footpath_surface.tiles_red",
    "authors": [
        "Chris Sawyer",
        "Simon Foster"
    ],
    "version": "1.0",
    "sourceGame": "rct1ll",
    "objectType": "footpath_surface",
    "properties": {
        "noSlopeRailings": true
    },
    "images": [
        { "path": "preview.png", "x": 1, "y": 1 },
        "$CSG[43983..44033]"
    ],
    "noCsgImages": [
        { "path": "preview.png", "x": 1, "y": 1 },
        "$RCT2:OBJDATA/PATHSPCE.DAT[0..50]"
    ],
    "strings": {
        "name": {
            "en-GB": "Red and Brown Tiled Footpath",
            "de-DE": "Roter und brauner Mosaikfußweg",
            "nl-NL": "Rode en bruine klinkers",
            "ar-EG": "قرميد ممشي أحمر وبني",
            "pt-BR": "Calçada de Azulejo Vermelho e Marrom",
            "fr-FR": "Allée pavée rouge et marron",
            "ja-JP": "赤と茶色のタイルの歩道",
            "pl-PL": "Czerwona i Brązowa Mozaikowa Ścieżka",
            "ko-KR": "적색과 갈색 타일 보도",
            "eo-ZZ": "Ruĝa kaj Bruna Kahelita Trotuaro",
            "sv-SE": "Röd och brun stenlagd gång",
            "ca-ES": "Camí enrajolat vermell i marró"
        }
    }
}
