{
    "id": "rct2.footpath_banner.bn5",
    "authors": [
        "Chris Sawyer",
        "Simon Foster"
    ],
    "version": "1.0",
    "originalId": "0A188F84|BN5     |E5B28B7D",
    "sourceGame": [
        "rct2",
        "rct1aa"
    ],
    "objectType": "footpath_banner",
    "properties": {
        "scrollingMode": 13,
        "price": 300,
        "sceneryGroup": "rct2.scenery_group.scgpathx"
    },
    "images": [
        "$RCT2:OBJDATA/BN5.DAT[0..7]"
    ],
    "strings": {
        "name": {
            "en-GB": "Wooden Sign",
            "fr-FR": "Panneau en bois",
            "de-DE": "Holzschild",
            "es-ES": "Señal de madera",
            "it-IT": "Insegna di legno",
            "nl-NL": "Lichtkrant in mijnstijl",
            "sv-SE": "Träskylt",
            "ko-KR": "나무 팻말",
            "zh-CN": "森林招牌",
            "zh-TW": "森林招牌",
            "pt-BR": "Placa de Madeira",
            "cs-CZ": "Dřevěná cedule",
            "ja-JP": "木製のバナー",
            "pl-PL": "Drogowskaz drewniany",
            "ru-RU": "Знак из дерева",
            "ar-EG": "علامة خشبية",
            "eo-ZZ": "Ligna Afiŝo",
            "ca-ES": "Senyal de fusta",
            "fi-FI": "Puinen kyltti"
        }
    }
}
