{
    "id": "rct2.footpath_banner.bn7",
    "authors": [
        "Chris Sawyer",
        "Simon Foster"
    ],
    "version": "1.0",
    "originalId": "0A188F84|BN7     |EC6F693C",
    "sourceGame": [
        "rct2",
        "rct1ll"
    ],
    "objectType": "footpath_banner",
    "properties": {
        "scrollingMode": 24,
        "price": 300,
        "sceneryGroup": "rct2.scenery_group.scgpathx"
    },
    "images": [
        "$RCT2:OBJDATA/BN7.DAT[0..7]"
    ],
    "strings": {
        "name": {
            "en-GB": "Pagoda Style Sign",
            "fr-FR": "Panneau pagode",
            "de-DE": "Pagodenschild",
            "es-ES": "Señal estilo pagoda",
            "it-IT": "Insegna stile pagoda",
            "nl-NL": "Lichtkrant in pagodestijl",
            "sv-SE": "Skylt - Pagodstil",
            "ko-KR": "탑 스타일 팻말",
            "zh-CN": "塔/凉亭风格 招牌",
            "zh-TW": "塔/涼亭風格 招牌",
            "pt-BR": "Placa Estilo Pagode",
            "cs-CZ": "Cedule v pagoda stylu",
            "ja-JP": "パゴダのバナー",
            "pl-PL": "Drogowskaz dalekowschodni",
            "ru-RU": "Знак ‘Пагода’",
            "ar-EG": "علامة بشكل باغودا",
            "eo-ZZ": "Afiŝo de Pagodo-Stilo",
            "ca-ES": "Senyal d’estil pagoda",
            "fi-FI": "Pagodityylinen kyltti"
        }
    }
}
