{
    "id": "rct2.footpath_banner.bn2",
    "authors": [
        "Chris Sawyer",
        "Simon Foster"
    ],
    "version": "1.0",
    "originalId": "0A188F84|BN2     |0E9A9E27",
    "sourceGame": [
        "rct2",
        "rct1aa"
    ],
    "objectType": "footpath_banner",
    "properties": {
        "scrollingMode": 7,
        "price": 300,
        "sceneryGroup": "rct2.scenery_group.scgpathx"
    },
    "images": [
        "$RCT2:OBJDATA/BN2.DAT[0..7]"
    ],
    "strings": {
        "name": {
            "en-GB": "Jungle Style Sign",
            "fr-FR": "Panneau jungle",
            "de-DE": "Dschungelschild",
            "es-ES": "Señal estilo jungla",
            "it-IT": "Insegna stile tropicale",
            "nl-NL": "Lichtkrant in junglestijl",
            "sv-SE": "Skylt - Djungelstil",
            "ko-KR": "정글 스타일 팻말",
            "zh-CN": "丛林式风格 招牌",
            "zh-TW": "叢林式風格 招牌",
            "pt-BR": "Placa Estilo Selva",
            "cs-CZ": "Cedule v jungle stylu",
            "ja-JP": "ジャングル風のバナー",
            "pl-PL": "Drogowskaz z dżungli",
            "ru-RU": "Знак ‘Джунгли’",
            "ar-EG": "علامة بنمط الغابة",
            "eo-ZZ": "Afiŝo de Ĝangalo-Stilo",
            "ca-ES": "Senyal d’estil jungla",
            "fi-FI": "Viidakon tyylinen kyltti"
        }
    }
}
