{
    "id": "rct1aa.ride.twister_trains",
    "authors": [
        "Chris Sawyer",
        "Simon Foster"
    ],
    "version": "1.0",
    "originalId": "00000000|#RCT1BMS|00000000",
    "sourceGame": "rct1aa",
    "isCompatibilityObject": true,
    "objectType": "ride",
    "properties": {
        "type": "twister_rc",
        "category": "rollercoaster",
        "limitAirTimeBonus": true,
        "minCarsPerTrain": 3,
        "maxCarsPerTrain": 9,
        "numEmptyCars": 1,
        "tabCar": 1,
        "headCars": 1,
        "maxHeight": 40,
        "carColours": [
            [
                [
                    "dark_green",
                    "yellow",
                    "black"
                ]
            ],
            [
                [
                    "light_orange",
                    "white",
                    "black"
                ]
            ],
            [
                [
                    "white",
                    "light_blue",
                    "black"
                ]
            ],
            [
                [
                    "light_blue",
                    "bright_red",
                    "black"
                ]
            ]
        ],
        "cars": [
            {
                "rotationFrameMask": 15,
                "spacing": 130048,
                "mass": 700,
                "numSeats": 4,
                "numSeatRows": 2,
                "frictionSoundId": 2,
                "soundRange": 0,
                "drawOrder": 8,
                "spriteGroups": {
                    "slopeFlat": 16,
                    "slopes12": 4,
                    "slopes25": 16,
                    "slopes42": 8,
                    "slopes60": 16,
                    "slopes75": 4,
                    "slopes90": 4,
                    "slopesLoop": 4,
                    "slopeInverted": 4,
                    "slopes8": 4,
                    "slopes16": 4,
                    "slopes50": 4,
                    "flatBanked22": 8,
                    "flatBanked45": 16,
                    "flatBanked67": 4,
                    "flatBanked90": 4,
                    "inlineTwists": 4,
                    "slopes12Banked22": 16,
                    "slopes8Banked22": 4,
                    "corkscrews": 4,
                    "restraintAnimation": 4
                },
                "hasAdditionalColour1": true,
                "hasScreamingRiders": true,
                "loadingPositions": [
                    -2,
                    -4,
                    -2,
                    -4
                ]
            },
            {
                "rotationFrameMask": 15,
                "spacing": 130048,
                "mass": 450,
                "frictionSoundId": 2,
                "soundRange": 0,
                "drawOrder": 8,
                "spriteGroups": {
                    "slopeFlat": 16,
                    "slopes12": 4,
                    "slopes25": 16,
                    "slopes42": 8,
                    "slopes60": 16,
                    "slopes75": 4,
                    "slopes90": 4,
                    "slopesLoop": 4,
                    "slopeInverted": 4,
                    "slopes8": 4,
                    "slopes16": 4,
                    "slopes50": 4,
                    "flatBanked22": 8,
                    "flatBanked45": 16,
                    "flatBanked67": 4,
                    "flatBanked90": 4,
                    "inlineTwists": 4,
                    "slopes12Banked22": 16,
                    "slopes8Banked22": 4,
                    "corkscrews": 4
                },
                "hasAdditionalColour1": true,
                "hasScreamingRiders": true
            }
        ],
        "buildMenuPriority": 5
    },
    "images": [
        {
            "path": "images/preview.png",
            "format": "raw"
        },
        "",
        "",
        "$CSG[11762..11777]",
        "$CSG[11778]",
        "$CSG[11786]",
        "$CSG[11794]",
        "$CSG[11802]",
        "$CSG[11782]",
        "$CSG[11790]",
        "$CSG[11798]",
        "$CSG[11806]",
        "$CSG[11779]",
        "$CSG[11866..11868]",
        "$CSG[11787]",
        "$CSG[11869..11871]",
        "$CSG[11795]",
        "$CSG[11872..11874]",
        "$CSG[11803]",
        "$CSG[11875..11877]",
        "$CSG[11783]",
        "$CSG[11878..11880]",
        "$CSG[11791]",
        "$CSG[11881..11883]",
        "$CSG[11799]",
        "$CSG[11884..11886]",
        "$CSG[11807]",
        "$CSG[11887..11889]",
        "$CSG[11780]",
        "$CSG[12162]",
        "$CSG[11788]",
        "$CSG[12163]",
        "$CSG[11796]",
        "$CSG[12164]",
        "$CSG[11804]",
        "$CSG[12165]",
        "$CSG[11784]",
        "$CSG[12178]",
        "$CSG[11792]",
        "$CSG[12179]",
        "$CSG[11800]",
        "$CSG[12180]",
        "$CSG[11808]",
        "$CSG[12181]",
        "$CSG[11781]",
        "$CSG[12030..12032]",
        "$CSG[11789]",
        "$CSG[12033..12035]",
        "$CSG[11797]",
        "$CSG[12036..12038]",
        "$CSG[11805]",
        "$CSG[12039..12041]",
        "$CSG[11785]",
        "$CSG[12042..12044]",
        "$CSG[11793]",
        "$CSG[12045..12047]",
        "$CSG[11801]",
        "$CSG[12048..12050]",
        "$CSG[11809]",
        "$CSG[12051..12053]",
        "$CSG[11890..11893]",
        "$CSG[11922..11925]",
        "$CSG[11894]",
        "$CSG[11895]",
        "$CSG[11896]",
        "$CSG[11897]",
        "$CSG[11926]",
        "$CSG[11927]",
        "$CSG[11928]",
        "$CSG[11929]",
        "$CSG[11898..11901]",
        "$CSG[11930..11933]",
        "$CSG[11902..11905]",
        "$CSG[11934..11937]",
        "$CSG[11906..11909]",
        "$CSG[11938..11941]",
        "$CSG[11910..11913]",
        "$CSG[11942..11945]",
        "$CSG[11914..11917]",
        "$CSG[11946..11949]",
        "$CSG[11918..11921]",
        "$CSG[12154..12157]",
        "$CSG[12170..12173]",
        "$CSG[12158..12161]",
        "$CSG[12174..12177]",
        "$CSG[12166..12169]",
        "$CSG[12182..12185]",
        "$CSG[11842]",
        "$CSG[12202]",
        "$CSG[11843]",
        "$CSG[12203]",
        "$CSG[11844]",
        "$CSG[12204]",
        "$CSG[11845]",
        "$CSG[12205]",
        "$CSG[11846]",
        "$CSG[12206]",
        "$CSG[11847]",
        "$CSG[12207]",
        "$CSG[11848]",
        "$CSG[12208]",
        "$CSG[11849]",
        "$CSG[12209]",
        "$CSG[11810..11841]",
        "$CSG[12054]",
        "$CSG[12059]",
        "$CSG[12064]",
        "$CSG[12069]",
        "$CSG[12074]",
        "$CSG[12079]",
        "$CSG[12084]",
        "$CSG[12089]",
        "$CSG[12055]",
        "$CSG[12060]",
        "$CSG[12065]",
        "$CSG[12070]",
        "$CSG[12075]",
        "$CSG[12080]",
        "$CSG[12085]",
        "$CSG[12090]",
        "$CSG[12056]",
        "$CSG[12061]",
        "$CSG[12066]",
        "$CSG[12071]",
        "$CSG[12076]",
        "$CSG[12081]",
        "$CSG[12086]",
        "$CSG[12091]",
        "$CSG[12057]",
        "$CSG[12062]",
        "$CSG[12067]",
        "$CSG[12072]",
        "$CSG[12077]",
        "$CSG[12082]",
        "$CSG[12087]",
        "$CSG[12092]",
        "$CSG[12058]",
        "$CSG[12063]",
        "$CSG[12068]",
        "$CSG[12073]",
        "$CSG[12078]",
        "$CSG[12083]",
        "$CSG[12088]",
        "$CSG[12093]",
        "$CSG[11850]",
        "$CSG[12094..12096]",
        "$CSG[11851]",
        "$CSG[12097..12099]",
        "$CSG[11852]",
        "$CSG[12100..12102]",
        "$CSG[11853]",
        "$CSG[12103..12105]",
        "$CSG[11854]",
        "$CSG[12106..12108]",
        "$CSG[11855]",
        "$CSG[12109..12111]",
        "$CSG[11856]",
        "$CSG[12112..12114]",
        "$CSG[11857]",
        "$CSG[12115..12117]",
        "$CSG[11858]",
        "$CSG[12118..12120]",
        "$CSG[11859]",
        "$CSG[12121..12123]",
        "$CSG[11860]",
        "$CSG[12124..12126]",
        "$CSG[11861]",
        "$CSG[12127..12129]",
        "$CSG[11862]",
        "$CSG[12130..12132]",
        "$CSG[11863]",
        "$CSG[12133..12135]",
        "$CSG[11864]",
        "$CSG[12136..12138]",
        "$CSG[11865]",
        "$CSG[12139..12141]",
        "$CSG[12186..12201]",
        "$CSG[11950..12029]",
        "$CSG[12142]",
        "$CSG[12145]",
        "$CSG[12148]",
        "$CSG[12151]",
        "$CSG[12143]",
        "$CSG[12146]",
        "$CSG[12149]",
        "$CSG[12152]",
        "$CSG[12144]",
        "$CSG[12147]",
        "$CSG[12150]",
        "$CSG[12153]",
        "$CSG[12210..12225]",
        "$CSG[12226]",
        "$CSG[12234]",
        "$CSG[12242]",
        "$CSG[12250]",
        "$CSG[12230]",
        "$CSG[12238]",
        "$CSG[12246]",
        "$CSG[12254]",
        "$CSG[12227]",
        "$CSG[12314..12316]",
        "$CSG[12235]",
        "$CSG[12317..12319]",
        "$CSG[12243]",
        "$CSG[12320..12322]",
        "$CSG[12251]",
        "$CSG[12323..12325]",
        "$CSG[12231]",
        "$CSG[12326..12328]",
        "$CSG[12239]",
        "$CSG[12329..12331]",
        "$CSG[12247]",
        "$CSG[12332..12334]",
        "$CSG[12255]",
        "$CSG[12335..12337]",
        "$CSG[12228]",
        "$CSG[12610]",
        "$CSG[12236]",
        "$CSG[12611]",
        "$CSG[12244]",
        "$CSG[12612]",
        "$CSG[12252]",
        "$CSG[12613]",
        "$CSG[12232]",
        "$CSG[12626]",
        "$CSG[12240]",
        "$CSG[12627]",
        "$CSG[12248]",
        "$CSG[12628]",
        "$CSG[12256]",
        "$CSG[12629]",
        "$CSG[12229]",
        "$CSG[12478..12480]",
        "$CSG[12237]",
        "$CSG[12481..12483]",
        "$CSG[12245]",
        "$CSG[12484..12486]",
        "$CSG[12253]",
        "$CSG[12487..12489]",
        "$CSG[12233]",
        "$CSG[12490..12492]",
        "$CSG[12241]",
        "$CSG[12493..12495]",
        "$CSG[12249]",
        "$CSG[12496..12498]",
        "$CSG[12257]",
        "$CSG[12499..12501]",
        "$CSG[12338..12341]",
        "$CSG[12370..12373]",
        "$CSG[12342]",
        "$CSG[12343]",
        "$CSG[12344]",
        "$CSG[12345]",
        "$CSG[12374]",
        "$CSG[12375]",
        "$CSG[12376]",
        "$CSG[12377]",
        "$CSG[12346..12349]",
        "$CSG[12378..12381]",
        "$CSG[12350..12353]",
        "$CSG[12382..12385]",
        "$CSG[12354..12357]",
        "$CSG[12386..12389]",
        "$CSG[12358..12361]",
        "$CSG[12390..12393]",
        "$CSG[12362..12365]",
        "$CSG[12394..12397]",
        "$CSG[12366..12369]",
        "$CSG[12602..12605]",
        "$CSG[12618..12621]",
        "$CSG[12606..12609]",
        "$CSG[12622..12625]",
        "$CSG[12614..12617]",
        "$CSG[12630..12633]",
        "$CSG[12290]",
        "$CSG[12650]",
        "$CSG[12291]",
        "$CSG[12651]",
        "$CSG[12292]",
        "$CSG[12652]",
        "$CSG[12293]",
        "$CSG[12653]",
        "$CSG[12294]",
        "$CSG[12654]",
        "$CSG[12295]",
        "$CSG[12655]",
        "$CSG[12296]",
        "$CSG[12656]",
        "$CSG[12297]",
        "$CSG[12657]",
        "$CSG[12258..12289]",
        "$CSG[12502]",
        "$CSG[12507]",
        "$CSG[12512]",
        "$CSG[12517]",
        "$CSG[12522]",
        "$CSG[12527]",
        "$CSG[12532]",
        "$CSG[12537]",
        "$CSG[12503]",
        "$CSG[12508]",
        "$CSG[12513]",
        "$CSG[12518]",
        "$CSG[12523]",
        "$CSG[12528]",
        "$CSG[12533]",
        "$CSG[12538]",
        "$CSG[12504]",
        "$CSG[12509]",
        "$CSG[12514]",
        "$CSG[12519]",
        "$CSG[12524]",
        "$CSG[12529]",
        "$CSG[12534]",
        "$CSG[12539]",
        "$CSG[12505]",
        "$CSG[12510]",
        "$CSG[12515]",
        "$CSG[12520]",
        "$CSG[12525]",
        "$CSG[12530]",
        "$CSG[12535]",
        "$CSG[12540]",
        "$CSG[12506]",
        "$CSG[12511]",
        "$CSG[12516]",
        "$CSG[12521]",
        "$CSG[12526]",
        "$CSG[12531]",
        "$CSG[12536]",
        "$CSG[12541]",
        "$CSG[12298]",
        "$CSG[12542..12544]",
        "$CSG[12299]",
        "$CSG[12545..12547]",
        "$CSG[12300]",
        "$CSG[12548..12550]",
        "$CSG[12301]",
        "$CSG[12551..12553]",
        "$CSG[12302]",
        "$CSG[12554..12556]",
        "$CSG[12303]",
        "$CSG[12557..12559]",
        "$CSG[12304]",
        "$CSG[12560..12562]",
        "$CSG[12305]",
        "$CSG[12563..12565]",
        "$CSG[12306]",
        "$CSG[12566..12568]",
        "$CSG[12307]",
        "$CSG[12569..12571]",
        "$CSG[12308]",
        "$CSG[12572..12574]",
        "$CSG[12309]",
        "$CSG[12575..12577]",
        "$CSG[12310]",
        "$CSG[12578..12580]",
        "$CSG[12311]",
        "$CSG[12581..12583]",
        "$CSG[12312]",
        "$CSG[12584..12586]",
        "$CSG[12313]",
        "$CSG[12587..12589]",
        "$CSG[12634..12649]",
        "$CSG[12398..12477]",
        "$CSG[12590]",
        "$CSG[12593]",
        "$CSG[12596]",
        "$CSG[12599]",
        "$CSG[12591]",
        "$CSG[12594]",
        "$CSG[12597]",
        "$CSG[12600]",
        "$CSG[12592]",
        "$CSG[12595]",
        "$CSG[12598]",
        "$CSG[12601]",
        "$CSG[12658..12673]",
        "$CSG[12674]",
        "$CSG[12682]",
        "$CSG[12690]",
        "$CSG[12698]",
        "$CSG[12678]",
        "$CSG[12686]",
        "$CSG[12694]",
        "$CSG[12702]",
        "$CSG[12675]",
        "$CSG[12762..12764]",
        "$CSG[12683]",
        "$CSG[12765..12767]",
        "$CSG[12691]",
        "$CSG[12768..12770]",
        "$CSG[12699]",
        "$CSG[12771..12773]",
        "$CSG[12679]",
        "$CSG[12774..12776]",
        "$CSG[12687]",
        "$CSG[12777..12779]",
        "$CSG[12695]",
        "$CSG[12780..12782]",
        "$CSG[12703]",
        "$CSG[12783..12785]",
        "$CSG[12676]",
        "$CSG[13058]",
        "$CSG[12684]",
        "$CSG[13059]",
        "$CSG[12692]",
        "$CSG[13060]",
        "$CSG[12700]",
        "$CSG[13061]",
        "$CSG[12680]",
        "$CSG[13074]",
        "$CSG[12688]",
        "$CSG[13075]",
        "$CSG[12696]",
        "$CSG[13076]",
        "$CSG[12704]",
        "$CSG[13077]",
        "$CSG[12677]",
        "$CSG[12926..12928]",
        "$CSG[12685]",
        "$CSG[12929..12931]",
        "$CSG[12693]",
        "$CSG[12932..12934]",
        "$CSG[12701]",
        "$CSG[12935..12937]",
        "$CSG[12681]",
        "$CSG[12938..12940]",
        "$CSG[12689]",
        "$CSG[12941..12943]",
        "$CSG[12697]",
        "$CSG[12944..12946]",
        "$CSG[12705]",
        "$CSG[12947..12949]",
        "$CSG[12786..12789]",
        "$CSG[12818..12821]",
        "$CSG[12790]",
        "$CSG[12791]",
        "$CSG[12792]",
        "$CSG[12793]",
        "$CSG[12822]",
        "$CSG[12823]",
        "$CSG[12824]",
        "$CSG[12825]",
        "$CSG[12794..12797]",
        "$CSG[12826..12829]",
        "$CSG[12798..12801]",
        "$CSG[12830..12833]",
        "$CSG[12802..12805]",
        "$CSG[12834..12837]",
        "$CSG[12806..12809]",
        "$CSG[12838..12841]",
        "$CSG[12810..12813]",
        "$CSG[12842..12845]",
        "$CSG[12814..12817]",
        "$CSG[13050..13053]",
        "$CSG[13066..13069]",
        "$CSG[13054..13057]",
        "$CSG[13070..13073]",
        "$CSG[13062..13065]",
        "$CSG[13078..13081]",
        "$CSG[12738]",
        "$CSG[13098]",
        "$CSG[12739]",
        "$CSG[13099]",
        "$CSG[12740]",
        "$CSG[13100]",
        "$CSG[12741]",
        "$CSG[13101]",
        "$CSG[12742]",
        "$CSG[13102]",
        "$CSG[12743]",
        "$CSG[13103]",
        "$CSG[12744]",
        "$CSG[13104]",
        "$CSG[12745]",
        "$CSG[13105]",
        "$CSG[12706..12737]",
        "$CSG[12950]",
        "$CSG[12955]",
        "$CSG[12960]",
        "$CSG[12965]",
        "$CSG[12970]",
        "$CSG[12975]",
        "$CSG[12980]",
        "$CSG[12985]",
        "$CSG[12951]",
        "$CSG[12956]",
        "$CSG[12961]",
        "$CSG[12966]",
        "$CSG[12971]",
        "$CSG[12976]",
        "$CSG[12981]",
        "$CSG[12986]",
        "$CSG[12952]",
        "$CSG[12957]",
        "$CSG[12962]",
        "$CSG[12967]",
        "$CSG[12972]",
        "$CSG[12977]",
        "$CSG[12982]",
        "$CSG[12987]",
        "$CSG[12953]",
        "$CSG[12958]",
        "$CSG[12963]",
        "$CSG[12968]",
        "$CSG[12973]",
        "$CSG[12978]",
        "$CSG[12983]",
        "$CSG[12988]",
        "$CSG[12954]",
        "$CSG[12959]",
        "$CSG[12964]",
        "$CSG[12969]",
        "$CSG[12974]",
        "$CSG[12979]",
        "$CSG[12984]",
        "$CSG[12989]",
        "$CSG[12746]",
        "$CSG[12990..12992]",
        "$CSG[12747]",
        "$CSG[12993..12995]",
        "$CSG[12748]",
        "$CSG[12996..12998]",
        "$CSG[12749]",
        "$CSG[12999..13001]",
        "$CSG[12750]",
        "$CSG[13002..13004]",
        "$CSG[12751]",
        "$CSG[13005..13007]",
        "$CSG[12752]",
        "$CSG[13008..13010]",
        "$CSG[12753]",
        "$CSG[13011..13013]",
        "$CSG[12754]",
        "$CSG[13014..13016]",
        "$CSG[12755]",
        "$CSG[13017..13019]",
        "$CSG[12756]",
        "$CSG[13020..13022]",
        "$CSG[12757]",
        "$CSG[13023..13025]",
        "$CSG[12758]",
        "$CSG[13026..13028]",
        "$CSG[12759]",
        "$CSG[13029..13031]",
        "$CSG[12760]",
        "$CSG[13032..13034]",
        "$CSG[12761]",
        "$CSG[13035..13037]",
        "$CSG[13082..13097]",
        "$CSG[12846..12925]",
        "$CSG[13038]",
        "$CSG[13041]",
        "$CSG[13044]",
        "$CSG[13047]",
        "$CSG[13039]",
        "$CSG[13042]",
        "$CSG[13045]",
        "$CSG[13048]",
        "$CSG[13040]",
        "$CSG[13043]",
        "$CSG[13046]",
        "$CSG[13049]",
        "$CSG[13106..13121]",
        "$CSG[13122]",
        "$CSG[13130]",
        "$CSG[13138]",
        "$CSG[13146]",
        "$CSG[13126]",
        "$CSG[13134]",
        "$CSG[13142]",
        "$CSG[13150]",
        "$CSG[13123]",
        "$CSG[13210..13212]",
        "$CSG[13131]",
        "$CSG[13213..13215]",
        "$CSG[13139]",
        "$CSG[13216..13218]",
        "$CSG[13147]",
        "$CSG[13219..13221]",
        "$CSG[13127]",
        "$CSG[13222..13224]",
        "$CSG[13135]",
        "$CSG[13225..13227]",
        "$CSG[13143]",
        "$CSG[13228..13230]",
        "$CSG[13151]",
        "$CSG[13231..13233]",
        "$CSG[13124]",
        "$CSG[13498]",
        "$CSG[13132]",
        "$CSG[13499]",
        "$CSG[13140]",
        "$CSG[13500]",
        "$CSG[13148]",
        "$CSG[13501]",
        "$CSG[13128]",
        "$CSG[13510]",
        "$CSG[13136]",
        "$CSG[13511]",
        "$CSG[13144]",
        "$CSG[13512]",
        "$CSG[13152]",
        "$CSG[13513]",
        "$CSG[13125]",
        "$CSG[13374..13376]",
        "$CSG[13133]",
        "$CSG[13377..13379]",
        "$CSG[13141]",
        "$CSG[13380..13382]",
        "$CSG[13149]",
        "$CSG[13383..13385]",
        "$CSG[13129]",
        "$CSG[13386..13388]",
        "$CSG[13137]",
        "$CSG[13389..13391]",
        "$CSG[13145]",
        "$CSG[13392..13394]",
        "$CSG[13153]",
        "$CSG[13395..13397]",
        "$CSG[13234..13237]",
        "$CSG[13266..13269]",
        "$CSG[13238]",
        "$CSG[13239]",
        "$CSG[13240]",
        "$CSG[13241]",
        "$CSG[13270]",
        "$CSG[13271]",
        "$CSG[13272]",
        "$CSG[13273]",
        "$CSG[13242..13245]",
        "$CSG[13274..13277]",
        "$CSG[13246..13249]",
        "$CSG[13278..13281]",
        "$CSG[13250..13253]",
        "$CSG[13282..13285]",
        "$CSG[13254..13257]",
        "$CSG[13286..13289]",
        "$CSG[13258..13261]",
        "$CSG[13290..13293]",
        "$CSG[13262..13265]",
        "$CSG[13486..13489]",
        "$CSG[13502..13505]",
        "$CSG[13490..13493]",
        "$CSG[13506..13509]",
        "$CSG[13498..13501]",
        "$CSG[13514..13517]",
        "$CSG[13186]",
        "$CSG[13534]",
        "$CSG[13187]",
        "$CSG[13535]",
        "$CSG[13188]",
        "$CSG[13536]",
        "$CSG[13189]",
        "$CSG[13537]",
        "$CSG[13190]",
        "$CSG[13538]",
        "$CSG[13191]",
        "$CSG[13539]",
        "$CSG[13192]",
        "$CSG[13540]",
        "$CSG[13193]",
        "$CSG[13541]",
        "$CSG[13154..13185]",
        "$CSG[13398]",
        "$CSG[13403]",
        "$CSG[13408]",
        "$CSG[13413]",
        "$CSG[13418]",
        "$CSG[13423]",
        "$CSG[13428]",
        "$CSG[13433]",
        "$CSG[13399]",
        "$CSG[13404]",
        "$CSG[13409]",
        "$CSG[13414]",
        "$CSG[13419]",
        "$CSG[13424]",
        "$CSG[13429]",
        "$CSG[13434]",
        "$CSG[13400]",
        "$CSG[13405]",
        "$CSG[13410]",
        "$CSG[13415]",
        "$CSG[13420]",
        "$CSG[13425]",
        "$CSG[13430]",
        "$CSG[13435]",
        "$CSG[13401]",
        "$CSG[13406]",
        "$CSG[13411]",
        "$CSG[13416]",
        "$CSG[13421]",
        "$CSG[13426]",
        "$CSG[13431]",
        "$CSG[13436]",
        "$CSG[13402]",
        "$CSG[13407]",
        "$CSG[13412]",
        "$CSG[13417]",
        "$CSG[13422]",
        "$CSG[13427]",
        "$CSG[13432]",
        "$CSG[13437]",
        "$CSG[13194]",
        "$CSG[13438..13440]",
        "$CSG[13195]",
        "$CSG[13441..13443]",
        "$CSG[13196]",
        "$CSG[13444..13446]",
        "$CSG[13197]",
        "$CSG[13447..13449]",
        "$CSG[13198]",
        "$CSG[13450..13452]",
        "$CSG[13199]",
        "$CSG[13453..13455]",
        "$CSG[13200]",
        "$CSG[13456..13458]",
        "$CSG[13201]",
        "$CSG[13459..13461]",
        "$CSG[13202]",
        "$CSG[13462..13464]",
        "$CSG[13203]",
        "$CSG[13465..13467]",
        "$CSG[13204]",
        "$CSG[13468..13470]",
        "$CSG[13205]",
        "$CSG[13471..13473]",
        "$CSG[13206]",
        "$CSG[13474..13476]",
        "$CSG[13207]",
        "$CSG[13477..13479]",
        "$CSG[13208]",
        "$CSG[13480..13482]",
        "$CSG[13209]",
        "$CSG[13483..13485]",
        "$CSG[13518..13533]",
        "$CSG[13294..13373]"
    ],
    "strings": {
        "name": {
            "en-GB": "Twister Trains",
            "fr-FR": "Montagnes tornado",
            "de-DE": "Twister-Züge",
            "es-ES": "Montaña Rusa Tornado",
            "it-IT": "Ottovolante contorsionista",
            "nl-NL": "Twistertrein",
            "sv-SE": "Twistberg- och dalbanevagnar",
            "ko-KR": "트위스터 열차",
            "zh-CN": "旋风式过山车",
            "zh-TW": "旋風式雲霄飛車",
            "pt-BR": "Trens Tornado",
            "cs-CZ": "Zakroucená horská dráha",
            "ja-JP": "ツイスター・ジェットコースター",
            "pl-PL": "Zwijka",
            "ru-RU": "Твистер-коастер",
            "eo-ZZ": "Tvisto-Trajnoj",
            "ca-ES": "Muntanya russa Tornado",
            "fi-FI": "Kiehkuravaunut"
        },
        "description": {
            "en-GB": "Spacious trains with shoulder restraints",
            "fr-FR": "De larges trains glissent le long de montagnes russes métalliques régulières proposant un grand éventail d’inversions",
            "de-DE": "Breite Achterbahnzüge mit Schulterhalterungen",
            "es-ES": "Montaña rusa amplia sobre vías de acero que efectúa varias inversiones",
            "it-IT": "Dei grandi treni sfrecciano su un tracciato di acciaio passando per tutta una serie di inversioni",
            "nl-NL": "Brede achtbaantrein die langs de soepele stalen baan glijdt en door diverse soorten omkeringen gaat.",
            "sv-SE": "Rymliga vagnar med axelbyglar",
            "ko-KR": "여러 종류의 루프를 돌면서 부드러운 강철 트랙을 달리는 넓은 롤러코스터 차량",
            "zh-CN": "过山车列车延着平滑的轨道上一起穿过多变反转式的钢制轨道滑行",
            "zh-TW": "雲霄飛車列車延著平滑的軌道上一起穿過多變反轉式的鋼製軌道滑行",
            "pt-BR": "Trens espaçosos com travas de ombro",
            "ar-EG": "A spacious train with shoulder restraints",
            "cs-CZ": "Rozměrná horská dráha s vozy vybavenými ramenními opěrkami",
            "en-US": "A spacious train with shoulder restraints",
            "ja-JP": "さまざまな反転を持つスムーズなスチールコースを滑走する幅広のローラーコースターです",
            "pl-PL": "Szerokie wagoniki suną po gładkim stalowym torze, pokonując liczne ostre zakręty",
            "ru-RU": "Широкие поезда скользят по гладким рельсам со множеством поворотов",
            "eo-ZZ": "Grandspacaj trajnoj kun ŝultrobridoj",
            "ca-ES": "Trens espaiosos amb subjecció per l’espatlla.",
            "fi-FI": "Tilavat vaunut olkaturvakaiteilla"
        },
        "capacity": {
            "en-GB": "4 passengers per car",
            "fr-FR": "4 passagers par voiture",
            "de-DE": "4 Fahrgäste pro Wagen",
            "es-ES": "4 pasajeros por vagón",
            "it-IT": "4 passeggeri a carrozza",
            "nl-NL": "4 passagiers per karretje",
            "sv-SE": "4 passagerare per vagn",
            "ko-KR": "차량당 4명의 승객",
            "zh-CN": "4位乘客/车",
            "zh-TW": "4 位乘客/每個車廂",
            "pt-BR": "4 passageiros por carro",
            "cs-CZ": "4 místa v každém voze",
            "ja-JP": "各車両4名",
            "pl-PL": "4 pasażerów na wagonik",
            "ru-RU": "4 пассажира",
            "eo-ZZ": "Po 4 pasaĝeroj por ĉaro",
            "ca-ES": "4 passatgers per cotxe",
            "fi-FI": "4 matkustajaa per vaunu"
        }
    },
    "noCsgImages": [
        {
            "path": "images/preview.png",
            "format": "raw"
        },
        "",
        "",
        "$RCT2:OBJDATA/BMSD.DAT[3]",
        "$RCT2:OBJDATA/BMSD.DAT[5]",
        "$RCT2:OBJDATA/BMSD.DAT[7]",
        "$RCT2:OBJDATA/BMSD.DAT[9]",
        "$RCT2:OBJDATA/BMSD.DAT[11]",
        "$RCT2:OBJDATA/BMSD.DAT[13]",
        "$RCT2:OBJDATA/BMSD.DAT[15]",
        "$RCT2:OBJDATA/BMSD.DAT[17]",
        "$RCT2:OBJDATA/BMSD.DAT[19]",
        "$RCT2:OBJDATA/BMSD.DAT[21]",
        "$RCT2:OBJDATA/BMSD.DAT[23]",
        "$RCT2:OBJDATA/BMSD.DAT[25]",
        "$RCT2:OBJDATA/BMSD.DAT[27]",
        "$RCT2:OBJDATA/BMSD.DAT[29]",
        "$RCT2:OBJDATA/BMSD.DAT[31]",
        "$RCT2:OBJDATA/BMSD.DAT[33]",
        "$RCT2:OBJDATA/BMSD.DAT[35..43]",
        "$RCT2:OBJDATA/BMSD.DAT[45]",
        "$RCT2:OBJDATA/BMSD.DAT[47]",
        "$RCT2:OBJDATA/BMSD.DAT[49]",
        "$RCT2:OBJDATA/BMSD.DAT[51]",
        "$RCT2:OBJDATA/BMSD.DAT[53]",
        "$RCT2:OBJDATA/BMSD.DAT[55]",
        "$RCT2:OBJDATA/BMSD.DAT[57]",
        "$RCT2:OBJDATA/BMSD.DAT[59]",
        "$RCT2:OBJDATA/BMSD.DAT[61]",
        "$RCT2:OBJDATA/BMSD.DAT[63]",
        "$RCT2:OBJDATA/BMSD.DAT[65]",
        "$RCT2:OBJDATA/BMSD.DAT[67]",
        "$RCT2:OBJDATA/BMSD.DAT[69]",
        "$RCT2:OBJDATA/BMSD.DAT[71]",
        "$RCT2:OBJDATA/BMSD.DAT[73]",
        "$RCT2:OBJDATA/BMSD.DAT[75]",
        "$RCT2:OBJDATA/BMSD.DAT[77]",
        "$RCT2:OBJDATA/BMSD.DAT[79]",
        "$RCT2:OBJDATA/BMSD.DAT[81]",
        "$RCT2:OBJDATA/BMSD.DAT[83]",
        "$RCT2:OBJDATA/BMSD.DAT[85]",
        "$RCT2:OBJDATA/BMSD.DAT[87]",
        "$RCT2:OBJDATA/BMSD.DAT[89]",
        "$RCT2:OBJDATA/BMSD.DAT[91]",
        "$RCT2:OBJDATA/BMSD.DAT[93]",
        "$RCT2:OBJDATA/BMSD.DAT[95]",
        "$RCT2:OBJDATA/BMSD.DAT[97]",
        "$RCT2:OBJDATA/BMSD.DAT[99]",
        "$RCT2:OBJDATA/BMSD.DAT[101]",
        "$RCT2:OBJDATA/BMSD.DAT[103]",
        "$RCT2:OBJDATA/BMSD.DAT[105]",
        "$RCT2:OBJDATA/BMSD.DAT[107..123]",
        "$RCT2:OBJDATA/BMSD.DAT[125]",
        "$RCT2:OBJDATA/BMSD.DAT[127]",
        "$RCT2:OBJDATA/BMSD.DAT[129]",
        "$RCT2:OBJDATA/BMSD.DAT[131]",
        "$RCT2:OBJDATA/BMSD.DAT[133]",
        "$RCT2:OBJDATA/BMSD.DAT[135]",
        "$RCT2:OBJDATA/BMSD.DAT[137]",
        "$RCT2:OBJDATA/BMSD.DAT[139]",
        "$RCT2:OBJDATA/BMSD.DAT[141]",
        "$RCT2:OBJDATA/BMSD.DAT[143]",
        "$RCT2:OBJDATA/BMSD.DAT[145]",
        "$RCT2:OBJDATA/BMSD.DAT[147]",
        "$RCT2:OBJDATA/BMSD.DAT[149]",
        "$RCT2:OBJDATA/BMSD.DAT[151]",
        "$RCT2:OBJDATA/BMSD.DAT[153]",
        "$RCT2:OBJDATA/BMSD.DAT[155]",
        "$RCT2:OBJDATA/BMSD.DAT[157]",
        "$RCT2:OBJDATA/BMSD.DAT[159]",
        "$RCT2:OBJDATA/BMSD.DAT[161]",
        "$RCT2:OBJDATA/BMSD.DAT[163]",
        "$RCT2:OBJDATA/BMSD.DAT[165]",
        "$RCT2:OBJDATA/BMSD.DAT[167]",
        "$RCT2:OBJDATA/BMSD.DAT[169]",
        "$RCT2:OBJDATA/BMSD.DAT[171]",
        "$RCT2:OBJDATA/BMSD.DAT[173]",
        "$RCT2:OBJDATA/BMSD.DAT[175]",
        "$RCT2:OBJDATA/BMSD.DAT[177]",
        "$RCT2:OBJDATA/BMSD.DAT[179]",
        "$RCT2:OBJDATA/BMSD.DAT[181]",
        "$RCT2:OBJDATA/BMSD.DAT[183]",
        "$RCT2:OBJDATA/BMSD.DAT[185]",
        "$RCT2:OBJDATA/BMSD.DAT[187..195]",
        "$RCT2:OBJDATA/BMSD.DAT[203]",
        "$RCT2:OBJDATA/BMSD.DAT[211]",
        "$RCT2:OBJDATA/BMSD.DAT[219]",
        "$RCT2:OBJDATA/BMSD.DAT[227]",
        "$RCT2:OBJDATA/BMSD.DAT[235]",
        "$RCT2:OBJDATA/BMSD.DAT[243]",
        "$RCT2:OBJDATA/BMSD.DAT[251]",
        "$RCT2:OBJDATA/BMSD.DAT[259..343]",
        "$RCT2:OBJDATA/BMSD.DAT[345]",
        "$RCT2:OBJDATA/BMSD.DAT[347]",
        "$RCT2:OBJDATA/BMSD.DAT[349]",
        "$RCT2:OBJDATA/BMSD.DAT[351]",
        "$RCT2:OBJDATA/BMSD.DAT[353]",
        "$RCT2:OBJDATA/BMSD.DAT[355]",
        "$RCT2:OBJDATA/BMSD.DAT[357]",
        "$RCT2:OBJDATA/BMSD.DAT[359]",
        "$RCT2:OBJDATA/BMSD.DAT[361]",
        "$RCT2:OBJDATA/BMSD.DAT[363]",
        "$RCT2:OBJDATA/BMSD.DAT[365]",
        "$RCT2:OBJDATA/BMSD.DAT[367]",
        "$RCT2:OBJDATA/BMSD.DAT[369]",
        "$RCT2:OBJDATA/BMSD.DAT[371]",
        "$RCT2:OBJDATA/BMSD.DAT[373]",
        "$RCT2:OBJDATA/BMSD.DAT[375]",
        "$RCT2:OBJDATA/BMSD.DAT[377]",
        "$RCT2:OBJDATA/BMSD.DAT[379]",
        "$RCT2:OBJDATA/BMSD.DAT[381]",
        "$RCT2:OBJDATA/BMSD.DAT[383]",
        "$RCT2:OBJDATA/BMSD.DAT[385]",
        "$RCT2:OBJDATA/BMSD.DAT[387]",
        "$RCT2:OBJDATA/BMSD.DAT[389]",
        "$RCT2:OBJDATA/BMSD.DAT[391]",
        "$RCT2:OBJDATA/BMSD.DAT[393]",
        "$RCT2:OBJDATA/BMSD.DAT[395]",
        "$RCT2:OBJDATA/BMSD.DAT[397]",
        "$RCT2:OBJDATA/BMSD.DAT[399]",
        "$RCT2:OBJDATA/BMSD.DAT[401]",
        "$RCT2:OBJDATA/BMSD.DAT[403]",
        "$RCT2:OBJDATA/BMSD.DAT[405]",
        "$RCT2:OBJDATA/BMSD.DAT[407..447]",
        "$RCT2:OBJDATA/BMSD.DAT[449]",
        "$RCT2:OBJDATA/BMSD.DAT[451]",
        "$RCT2:OBJDATA/BMSD.DAT[453]",
        "$RCT2:OBJDATA/BMSD.DAT[455]",
        "$RCT2:OBJDATA/BMSD.DAT[457]",
        "$RCT2:OBJDATA/BMSD.DAT[459]",
        "$RCT2:OBJDATA/BMSD.DAT[461]",
        "$RCT2:OBJDATA/BMSD.DAT[463]",
        "$RCT2:OBJDATA/BMSD.DAT[465]",
        "$RCT2:OBJDATA/BMSD.DAT[467]",
        "$RCT2:OBJDATA/BMSD.DAT[469]",
        "$RCT2:OBJDATA/BMSD.DAT[471]",
        "$RCT2:OBJDATA/BMSD.DAT[473]",
        "$RCT2:OBJDATA/BMSD.DAT[475]",
        "$RCT2:OBJDATA/BMSD.DAT[477]",
        "$RCT2:OBJDATA/BMSD.DAT[479]",
        "$RCT2:OBJDATA/BMSD.DAT[481]",
        "$RCT2:OBJDATA/BMSD.DAT[483]",
        "$RCT2:OBJDATA/BMSD.DAT[485]",
        "$RCT2:OBJDATA/BMSD.DAT[487]",
        "$RCT2:OBJDATA/BMSD.DAT[489]",
        "$RCT2:OBJDATA/BMSD.DAT[491]",
        "$RCT2:OBJDATA/BMSD.DAT[493]",
        "$RCT2:OBJDATA/BMSD.DAT[495]",
        "$RCT2:OBJDATA/BMSD.DAT[497]",
        "$RCT2:OBJDATA/BMSD.DAT[499]",
        "$RCT2:OBJDATA/BMSD.DAT[501]",
        "$RCT2:OBJDATA/BMSD.DAT[503]",
        "$RCT2:OBJDATA/BMSD.DAT[505]",
        "$RCT2:OBJDATA/BMSD.DAT[507]",
        "$RCT2:OBJDATA/BMSD.DAT[509]",
        "$RCT2:OBJDATA/BMSD.DAT[511]",
        "$RCT2:OBJDATA/BMSD.DAT[513]",
        "$RCT2:OBJDATA/BMSD.DAT[515]",
        "$RCT2:OBJDATA/BMSD.DAT[517]",
        "$RCT2:OBJDATA/BMSD.DAT[519]",
        "$RCT2:OBJDATA/BMSD.DAT[521]",
        "$RCT2:OBJDATA/BMSD.DAT[523]",
        "$RCT2:OBJDATA/BMSD.DAT[525]",
        "$RCT2:OBJDATA/BMSD.DAT[527]",
        "$RCT2:OBJDATA/BMSD.DAT[529]",
        "$RCT2:OBJDATA/BMSD.DAT[531]",
        "$RCT2:OBJDATA/BMSD.DAT[533]",
        "$RCT2:OBJDATA/BMSD.DAT[535]",
        "$RCT2:OBJDATA/BMSD.DAT[537]",
        "$RCT2:OBJDATA/BMSD.DAT[539]",
        "$RCT2:OBJDATA/BMSD.DAT[541]",
        "$RCT2:OBJDATA/BMSD.DAT[543]",
        "$RCT2:OBJDATA/BMSD.DAT[545]",
        "$RCT2:OBJDATA/BMSD.DAT[547]",
        "$RCT2:OBJDATA/BMSD.DAT[549]",
        "$RCT2:OBJDATA/BMSD.DAT[551]",
        "$RCT2:OBJDATA/BMSD.DAT[553]",
        "$RCT2:OBJDATA/BMSD.DAT[555]",
        "$RCT2:OBJDATA/BMSD.DAT[557]",
        "$RCT2:OBJDATA/BMSD.DAT[559]",
        "$RCT2:OBJDATA/BMSD.DAT[561]",
        "$RCT2:OBJDATA/BMSD.DAT[563]",
        "$RCT2:OBJDATA/BMSD.DAT[565]",
        "$RCT2:OBJDATA/BMSD.DAT[567]",
        "$RCT2:OBJDATA/BMSD.DAT[569]",
        "$RCT2:OBJDATA/BMSD.DAT[571]",
        "$RCT2:OBJDATA/BMSD.DAT[573]",
        "$RCT2:OBJDATA/BMSD.DAT[575..590]",
        "$RCT2:OBJDATA/BMSD.DAT[751..843]",
        "$RCT2:OBJDATA/BMSD.DAT[845]",
        "$RCT2:OBJDATA/BMSD.DAT[847]",
        "$RCT2:OBJDATA/BMSD.DAT[849]",
        "$RCT2:OBJDATA/BMSD.DAT[851]",
        "$RCT2:OBJDATA/BMSD.DAT[853]",
        "$RCT2:OBJDATA/BMSD.DAT[855]",
        "$RCT2:OBJDATA/BMSD.DAT[857]",
        "$RCT2:OBJDATA/BMSD.DAT[859]",
        "$RCT2:OBJDATA/BMSD.DAT[861]",
        "$RCT2:OBJDATA/BMSD.DAT[863]",
        "$RCT2:OBJDATA/BMSD.DAT[865]",
        "$RCT2:OBJDATA/BMSD.DAT[867]",
        "$RCT2:OBJDATA/BMSD.DAT[869]",
        "$RCT2:OBJDATA/BMSD.DAT[871]",
        "$RCT2:OBJDATA/BMSD.DAT[873]",
        "$RCT2:OBJDATA/BMSD.DAT[875..883]",
        "$RCT2:OBJDATA/BMSD.DAT[885]",
        "$RCT2:OBJDATA/BMSD.DAT[887]",
        "$RCT2:OBJDATA/BMSD.DAT[889]",
        "$RCT2:OBJDATA/BMSD.DAT[891]",
        "$RCT2:OBJDATA/BMSD.DAT[893]",
        "$RCT2:OBJDATA/BMSD.DAT[895]",
        "$RCT2:OBJDATA/BMSD.DAT[897]",
        "$RCT2:OBJDATA/BMSD.DAT[899]",
        "$RCT2:OBJDATA/BMSD.DAT[901]",
        "$RCT2:OBJDATA/BMSD.DAT[903]",
        "$RCT2:OBJDATA/BMSD.DAT[905]",
        "$RCT2:OBJDATA/BMSD.DAT[907]",
        "$RCT2:OBJDATA/BMSD.DAT[909]",
        "$RCT2:OBJDATA/BMSD.DAT[911]",
        "$RCT2:OBJDATA/BMSD.DAT[913]",
        "$RCT2:OBJDATA/BMSD.DAT[915]",
        "$RCT2:OBJDATA/BMSD.DAT[917]",
        "$RCT2:OBJDATA/BMSD.DAT[919]",
        "$RCT2:OBJDATA/BMSD.DAT[921]",
        "$RCT2:OBJDATA/BMSD.DAT[923]",
        "$RCT2:OBJDATA/BMSD.DAT[925]",
        "$RCT2:OBJDATA/BMSD.DAT[927]",
        "$RCT2:OBJDATA/BMSD.DAT[929]",
        "$RCT2:OBJDATA/BMSD.DAT[931]",
        "$RCT2:OBJDATA/BMSD.DAT[933]",
        "$RCT2:OBJDATA/BMSD.DAT[935]",
        "$RCT2:OBJDATA/BMSD.DAT[937]",
        "$RCT2:OBJDATA/BMSD.DAT[939]",
        "$RCT2:OBJDATA/BMSD.DAT[941]",
        "$RCT2:OBJDATA/BMSD.DAT[943]",
        "$RCT2:OBJDATA/BMSD.DAT[945]",
        "$RCT2:OBJDATA/BMSD.DAT[947..963]",
        "$RCT2:OBJDATA/BMSD.DAT[965]",
        "$RCT2:OBJDATA/BMSD.DAT[967]",
        "$RCT2:OBJDATA/BMSD.DAT[969]",
        "$RCT2:OBJDATA/BMSD.DAT[971]",
        "$RCT2:OBJDATA/BMSD.DAT[973]",
        "$RCT2:OBJDATA/BMSD.DAT[975]",
        "$RCT2:OBJDATA/BMSD.DAT[977]",
        "$RCT2:OBJDATA/BMSD.DAT[979]",
        "$RCT2:OBJDATA/BMSD.DAT[981]",
        "$RCT2:OBJDATA/BMSD.DAT[983]",
        "$RCT2:OBJDATA/BMSD.DAT[985]",
        "$RCT2:OBJDATA/BMSD.DAT[987]",
        "$RCT2:OBJDATA/BMSD.DAT[989]",
        "$RCT2:OBJDATA/BMSD.DAT[991]",
        "$RCT2:OBJDATA/BMSD.DAT[993]",
        "$RCT2:OBJDATA/BMSD.DAT[995]",
        "$RCT2:OBJDATA/BMSD.DAT[997]",
        "$RCT2:OBJDATA/BMSD.DAT[999]",
        "$RCT2:OBJDATA/BMSD.DAT[1001]",
        "$RCT2:OBJDATA/BMSD.DAT[1003]",
        "$RCT2:OBJDATA/BMSD.DAT[1005]",
        "$RCT2:OBJDATA/BMSD.DAT[1007]",
        "$RCT2:OBJDATA/BMSD.DAT[1009]",
        "$RCT2:OBJDATA/BMSD.DAT[1011]",
        "$RCT2:OBJDATA/BMSD.DAT[1013]",
        "$RCT2:OBJDATA/BMSD.DAT[1015]",
        "$RCT2:OBJDATA/BMSD.DAT[1017]",
        "$RCT2:OBJDATA/BMSD.DAT[1019]",
        "$RCT2:OBJDATA/BMSD.DAT[1021]",
        "$RCT2:OBJDATA/BMSD.DAT[1023]",
        "$RCT2:OBJDATA/BMSD.DAT[1025]",
        "$RCT2:OBJDATA/BMSD.DAT[1027..1035]",
        "$RCT2:OBJDATA/BMSD.DAT[1043]",
        "$RCT2:OBJDATA/BMSD.DAT[1051]",
        "$RCT2:OBJDATA/BMSD.DAT[1059]",
        "$RCT2:OBJDATA/BMSD.DAT[1067]",
        "$RCT2:OBJDATA/BMSD.DAT[1075]",
        "$RCT2:OBJDATA/BMSD.DAT[1083]",
        "$RCT2:OBJDATA/BMSD.DAT[1091]",
        "$RCT2:OBJDATA/BMSD.DAT[1099..1183]",
        "$RCT2:OBJDATA/BMSD.DAT[1185]",
        "$RCT2:OBJDATA/BMSD.DAT[1187]",
        "$RCT2:OBJDATA/BMSD.DAT[1189]",
        "$RCT2:OBJDATA/BMSD.DAT[1191]",
        "$RCT2:OBJDATA/BMSD.DAT[1193]",
        "$RCT2:OBJDATA/BMSD.DAT[1195]",
        "$RCT2:OBJDATA/BMSD.DAT[1197]",
        "$RCT2:OBJDATA/BMSD.DAT[1199]",
        "$RCT2:OBJDATA/BMSD.DAT[1201]",
        "$RCT2:OBJDATA/BMSD.DAT[1203]",
        "$RCT2:OBJDATA/BMSD.DAT[1205]",
        "$RCT2:OBJDATA/BMSD.DAT[1207]",
        "$RCT2:OBJDATA/BMSD.DAT[1209]",
        "$RCT2:OBJDATA/BMSD.DAT[1211]",
        "$RCT2:OBJDATA/BMSD.DAT[1213]",
        "$RCT2:OBJDATA/BMSD.DAT[1215]",
        "$RCT2:OBJDATA/BMSD.DAT[1217]",
        "$RCT2:OBJDATA/BMSD.DAT[1219]",
        "$RCT2:OBJDATA/BMSD.DAT[1221]",
        "$RCT2:OBJDATA/BMSD.DAT[1223]",
        "$RCT2:OBJDATA/BMSD.DAT[1225]",
        "$RCT2:OBJDATA/BMSD.DAT[1227]",
        "$RCT2:OBJDATA/BMSD.DAT[1229]",
        "$RCT2:OBJDATA/BMSD.DAT[1231]",
        "$RCT2:OBJDATA/BMSD.DAT[1233]",
        "$RCT2:OBJDATA/BMSD.DAT[1235]",
        "$RCT2:OBJDATA/BMSD.DAT[1237]",
        "$RCT2:OBJDATA/BMSD.DAT[1239]",
        "$RCT2:OBJDATA/BMSD.DAT[1241]",
        "$RCT2:OBJDATA/BMSD.DAT[1243]",
        "$RCT2:OBJDATA/BMSD.DAT[1245]",
        "$RCT2:OBJDATA/BMSD.DAT[1247..1287]",
        "$RCT2:OBJDATA/BMSD.DAT[1289]",
        "$RCT2:OBJDATA/BMSD.DAT[1291]",
        "$RCT2:OBJDATA/BMSD.DAT[1293]",
        "$RCT2:OBJDATA/BMSD.DAT[1295]",
        "$RCT2:OBJDATA/BMSD.DAT[1297]",
        "$RCT2:OBJDATA/BMSD.DAT[1299]",
        "$RCT2:OBJDATA/BMSD.DAT[1301]",
        "$RCT2:OBJDATA/BMSD.DAT[1303]",
        "$RCT2:OBJDATA/BMSD.DAT[1305]",
        "$RCT2:OBJDATA/BMSD.DAT[1307]",
        "$RCT2:OBJDATA/BMSD.DAT[1309]",
        "$RCT2:OBJDATA/BMSD.DAT[1311]",
        "$RCT2:OBJDATA/BMSD.DAT[1313]",
        "$RCT2:OBJDATA/BMSD.DAT[1315]",
        "$RCT2:OBJDATA/BMSD.DAT[1317]",
        "$RCT2:OBJDATA/BMSD.DAT[1319]",
        "$RCT2:OBJDATA/BMSD.DAT[1321]",
        "$RCT2:OBJDATA/BMSD.DAT[1323]",
        "$RCT2:OBJDATA/BMSD.DAT[1325]",
        "$RCT2:OBJDATA/BMSD.DAT[1327]",
        "$RCT2:OBJDATA/BMSD.DAT[1329]",
        "$RCT2:OBJDATA/BMSD.DAT[1331]",
        "$RCT2:OBJDATA/BMSD.DAT[1333]",
        "$RCT2:OBJDATA/BMSD.DAT[1335]",
        "$RCT2:OBJDATA/BMSD.DAT[1337]",
        "$RCT2:OBJDATA/BMSD.DAT[1339]",
        "$RCT2:OBJDATA/BMSD.DAT[1341]",
        "$RCT2:OBJDATA/BMSD.DAT[1343]",
        "$RCT2:OBJDATA/BMSD.DAT[1345]",
        "$RCT2:OBJDATA/BMSD.DAT[1347]",
        "$RCT2:OBJDATA/BMSD.DAT[1349]",
        "$RCT2:OBJDATA/BMSD.DAT[1351]",
        "$RCT2:OBJDATA/BMSD.DAT[1353]",
        "$RCT2:OBJDATA/BMSD.DAT[1355]",
        "$RCT2:OBJDATA/BMSD.DAT[1357]",
        "$RCT2:OBJDATA/BMSD.DAT[1359]",
        "$RCT2:OBJDATA/BMSD.DAT[1361]",
        "$RCT2:OBJDATA/BMSD.DAT[1363]",
        "$RCT2:OBJDATA/BMSD.DAT[1365]",
        "$RCT2:OBJDATA/BMSD.DAT[1367]",
        "$RCT2:OBJDATA/BMSD.DAT[1369]",
        "$RCT2:OBJDATA/BMSD.DAT[1371]",
        "$RCT2:OBJDATA/BMSD.DAT[1373]",
        "$RCT2:OBJDATA/BMSD.DAT[1375]",
        "$RCT2:OBJDATA/BMSD.DAT[1377]",
        "$RCT2:OBJDATA/BMSD.DAT[1379]",
        "$RCT2:OBJDATA/BMSD.DAT[1381]",
        "$RCT2:OBJDATA/BMSD.DAT[1383]",
        "$RCT2:OBJDATA/BMSD.DAT[1385]",
        "$RCT2:OBJDATA/BMSD.DAT[1387]",
        "$RCT2:OBJDATA/BMSD.DAT[1389]",
        "$RCT2:OBJDATA/BMSD.DAT[1391]",
        "$RCT2:OBJDATA/BMSD.DAT[1393]",
        "$RCT2:OBJDATA/BMSD.DAT[1395]",
        "$RCT2:OBJDATA/BMSD.DAT[1397]",
        "$RCT2:OBJDATA/BMSD.DAT[1399]",
        "$RCT2:OBJDATA/BMSD.DAT[1401]",
        "$RCT2:OBJDATA/BMSD.DAT[1403]",
        "$RCT2:OBJDATA/BMSD.DAT[1405]",
        "$RCT2:OBJDATA/BMSD.DAT[1407]",
        "$RCT2:OBJDATA/BMSD.DAT[1409]",
        "$RCT2:OBJDATA/BMSD.DAT[1411]",
        "$RCT2:OBJDATA/BMSD.DAT[1413]",
        "$RCT2:OBJDATA/BMSD.DAT[1415..1430]",
        "$RCT2:OBJDATA/BMSD.DAT[1591..1683]",
        "$RCT2:OBJDATA/BMSD.DAT[1685]",
        "$RCT2:OBJDATA/BMSD.DAT[1687]",
        "$RCT2:OBJDATA/BMSD.DAT[1689]",
        "$RCT2:OBJDATA/BMSD.DAT[1691]",
        "$RCT2:OBJDATA/BMSD.DAT[1693]",
        "$RCT2:OBJDATA/BMSD.DAT[1695]",
        "$RCT2:OBJDATA/BMSD.DAT[1697]",
        "$RCT2:OBJDATA/BMSD.DAT[1699]",
        "$RCT2:OBJDATA/BMSD.DAT[1701]",
        "$RCT2:OBJDATA/BMSD.DAT[1703]",
        "$RCT2:OBJDATA/BMSD.DAT[1705]",
        "$RCT2:OBJDATA/BMSD.DAT[1707]",
        "$RCT2:OBJDATA/BMSD.DAT[1709]",
        "$RCT2:OBJDATA/BMSD.DAT[1711]",
        "$RCT2:OBJDATA/BMSD.DAT[1713]",
        "$RCT2:OBJDATA/BMSD.DAT[1715..1723]",
        "$RCT2:OBJDATA/BMSD.DAT[1725]",
        "$RCT2:OBJDATA/BMSD.DAT[1727]",
        "$RCT2:OBJDATA/BMSD.DAT[1729]",
        "$RCT2:OBJDATA/BMSD.DAT[1731]",
        "$RCT2:OBJDATA/BMSD.DAT[1733]",
        "$RCT2:OBJDATA/BMSD.DAT[1735]",
        "$RCT2:OBJDATA/BMSD.DAT[1737]",
        "$RCT2:OBJDATA/BMSD.DAT[1739]",
        "$RCT2:OBJDATA/BMSD.DAT[1741]",
        "$RCT2:OBJDATA/BMSD.DAT[1743]",
        "$RCT2:OBJDATA/BMSD.DAT[1745]",
        "$RCT2:OBJDATA/BMSD.DAT[1747]",
        "$RCT2:OBJDATA/BMSD.DAT[1749]",
        "$RCT2:OBJDATA/BMSD.DAT[1751]",
        "$RCT2:OBJDATA/BMSD.DAT[1753]",
        "$RCT2:OBJDATA/BMSD.DAT[1755]",
        "$RCT2:OBJDATA/BMSD.DAT[1757]",
        "$RCT2:OBJDATA/BMSD.DAT[1759]",
        "$RCT2:OBJDATA/BMSD.DAT[1761]",
        "$RCT2:OBJDATA/BMSD.DAT[1763]",
        "$RCT2:OBJDATA/BMSD.DAT[1765]",
        "$RCT2:OBJDATA/BMSD.DAT[1767]",
        "$RCT2:OBJDATA/BMSD.DAT[1769]",
        "$RCT2:OBJDATA/BMSD.DAT[1771]",
        "$RCT2:OBJDATA/BMSD.DAT[1773]",
        "$RCT2:OBJDATA/BMSD.DAT[1775]",
        "$RCT2:OBJDATA/BMSD.DAT[1777]",
        "$RCT2:OBJDATA/BMSD.DAT[1779]",
        "$RCT2:OBJDATA/BMSD.DAT[1781]",
        "$RCT2:OBJDATA/BMSD.DAT[1783]",
        "$RCT2:OBJDATA/BMSD.DAT[1785]",
        "$RCT2:OBJDATA/BMSD.DAT[1787..1803]",
        "$RCT2:OBJDATA/BMSD.DAT[1805]",
        "$RCT2:OBJDATA/BMSD.DAT[1807]",
        "$RCT2:OBJDATA/BMSD.DAT[1809]",
        "$RCT2:OBJDATA/BMSD.DAT[1811]",
        "$RCT2:OBJDATA/BMSD.DAT[1813]",
        "$RCT2:OBJDATA/BMSD.DAT[1815]",
        "$RCT2:OBJDATA/BMSD.DAT[1817]",
        "$RCT2:OBJDATA/BMSD.DAT[1819]",
        "$RCT2:OBJDATA/BMSD.DAT[1821]",
        "$RCT2:OBJDATA/BMSD.DAT[1823]",
        "$RCT2:OBJDATA/BMSD.DAT[1825]",
        "$RCT2:OBJDATA/BMSD.DAT[1827]",
        "$RCT2:OBJDATA/BMSD.DAT[1829]",
        "$RCT2:OBJDATA/BMSD.DAT[1831]",
        "$RCT2:OBJDATA/BMSD.DAT[1833]",
        "$RCT2:OBJDATA/BMSD.DAT[1835]",
        "$RCT2:OBJDATA/BMSD.DAT[1837]",
        "$RCT2:OBJDATA/BMSD.DAT[1839]",
        "$RCT2:OBJDATA/BMSD.DAT[1841]",
        "$RCT2:OBJDATA/BMSD.DAT[1843]",
        "$RCT2:OBJDATA/BMSD.DAT[1845]",
        "$RCT2:OBJDATA/BMSD.DAT[1847]",
        "$RCT2:OBJDATA/BMSD.DAT[1849]",
        "$RCT2:OBJDATA/BMSD.DAT[1851]",
        "$RCT2:OBJDATA/BMSD.DAT[1853]",
        "$RCT2:OBJDATA/BMSD.DAT[1855]",
        "$RCT2:OBJDATA/BMSD.DAT[1857]",
        "$RCT2:OBJDATA/BMSD.DAT[1859]",
        "$RCT2:OBJDATA/BMSD.DAT[1861]",
        "$RCT2:OBJDATA/BMSD.DAT[1863]",
        "$RCT2:OBJDATA/BMSD.DAT[1865]",
        "$RCT2:OBJDATA/BMSD.DAT[1867..1875]",
        "$RCT2:OBJDATA/BMSD.DAT[1883]",
        "$RCT2:OBJDATA/BMSD.DAT[1891]",
        "$RCT2:OBJDATA/BMSD.DAT[1899]",
        "$RCT2:OBJDATA/BMSD.DAT[1907]",
        "$RCT2:OBJDATA/BMSD.DAT[1915]",
        "$RCT2:OBJDATA/BMSD.DAT[1923]",
        "$RCT2:OBJDATA/BMSD.DAT[1931]",
        "$RCT2:OBJDATA/BMSD.DAT[1939..2023]",
        "$RCT2:OBJDATA/BMSD.DAT[2025]",
        "$RCT2:OBJDATA/BMSD.DAT[2027]",
        "$RCT2:OBJDATA/BMSD.DAT[2029]",
        "$RCT2:OBJDATA/BMSD.DAT[2031]",
        "$RCT2:OBJDATA/BMSD.DAT[2033]",
        "$RCT2:OBJDATA/BMSD.DAT[2035]",
        "$RCT2:OBJDATA/BMSD.DAT[2037]",
        "$RCT2:OBJDATA/BMSD.DAT[2039]",
        "$RCT2:OBJDATA/BMSD.DAT[2041]",
        "$RCT2:OBJDATA/BMSD.DAT[2043]",
        "$RCT2:OBJDATA/BMSD.DAT[2045]",
        "$RCT2:OBJDATA/BMSD.DAT[2047]",
        "$RCT2:OBJDATA/BMSD.DAT[2049]",
        "$RCT2:OBJDATA/BMSD.DAT[2051]",
        "$RCT2:OBJDATA/BMSD.DAT[2053]",
        "$RCT2:OBJDATA/BMSD.DAT[2055]",
        "$RCT2:OBJDATA/BMSD.DAT[2057]",
        "$RCT2:OBJDATA/BMSD.DAT[2059]",
        "$RCT2:OBJDATA/BMSD.DAT[2061]",
        "$RCT2:OBJDATA/BMSD.DAT[2063]",
        "$RCT2:OBJDATA/BMSD.DAT[2065]",
        "$RCT2:OBJDATA/BMSD.DAT[2067]",
        "$RCT2:OBJDATA/BMSD.DAT[2069]",
        "$RCT2:OBJDATA/BMSD.DAT[2071]",
        "$RCT2:OBJDATA/BMSD.DAT[2073]",
        "$RCT2:OBJDATA/BMSD.DAT[2075]",
        "$RCT2:OBJDATA/BMSD.DAT[2077]",
        "$RCT2:OBJDATA/BMSD.DAT[2079]",
        "$RCT2:OBJDATA/BMSD.DAT[2081]",
        "$RCT2:OBJDATA/BMSD.DAT[2083]",
        "$RCT2:OBJDATA/BMSD.DAT[2085]",
        "$RCT2:OBJDATA/BMSD.DAT[2087..2127]",
        "$RCT2:OBJDATA/BMSD.DAT[2129]",
        "$RCT2:OBJDATA/BMSD.DAT[2131]",
        "$RCT2:OBJDATA/BMSD.DAT[2133]",
        "$RCT2:OBJDATA/BMSD.DAT[2135]",
        "$RCT2:OBJDATA/BMSD.DAT[2137]",
        "$RCT2:OBJDATA/BMSD.DAT[2139]",
        "$RCT2:OBJDATA/BMSD.DAT[2141]",
        "$RCT2:OBJDATA/BMSD.DAT[2143]",
        "$RCT2:OBJDATA/BMSD.DAT[2145]",
        "$RCT2:OBJDATA/BMSD.DAT[2147]",
        "$RCT2:OBJDATA/BMSD.DAT[2149]",
        "$RCT2:OBJDATA/BMSD.DAT[2151]",
        "$RCT2:OBJDATA/BMSD.DAT[2153]",
        "$RCT2:OBJDATA/BMSD.DAT[2155]",
        "$RCT2:OBJDATA/BMSD.DAT[2157]",
        "$RCT2:OBJDATA/BMSD.DAT[2159]",
        "$RCT2:OBJDATA/BMSD.DAT[2161]",
        "$RCT2:OBJDATA/BMSD.DAT[2163]",
        "$RCT2:OBJDATA/BMSD.DAT[2165]",
        "$RCT2:OBJDATA/BMSD.DAT[2167]",
        "$RCT2:OBJDATA/BMSD.DAT[2169]",
        "$RCT2:OBJDATA/BMSD.DAT[2171]",
        "$RCT2:OBJDATA/BMSD.DAT[2173]",
        "$RCT2:OBJDATA/BMSD.DAT[2175]",
        "$RCT2:OBJDATA/BMSD.DAT[2177]",
        "$RCT2:OBJDATA/BMSD.DAT[2179]",
        "$RCT2:OBJDATA/BMSD.DAT[2181]",
        "$RCT2:OBJDATA/BMSD.DAT[2183]",
        "$RCT2:OBJDATA/BMSD.DAT[2185]",
        "$RCT2:OBJDATA/BMSD.DAT[2187]",
        "$RCT2:OBJDATA/BMSD.DAT[2189]",
        "$RCT2:OBJDATA/BMSD.DAT[2191]",
        "$RCT2:OBJDATA/BMSD.DAT[2193]",
        "$RCT2:OBJDATA/BMSD.DAT[2195]",
        "$RCT2:OBJDATA/BMSD.DAT[2197]",
        "$RCT2:OBJDATA/BMSD.DAT[2199]",
        "$RCT2:OBJDATA/BMSD.DAT[2201]",
        "$RCT2:OBJDATA/BMSD.DAT[2203]",
        "$RCT2:OBJDATA/BMSD.DAT[2205]",
        "$RCT2:OBJDATA/BMSD.DAT[2207]",
        "$RCT2:OBJDATA/BMSD.DAT[2209]",
        "$RCT2:OBJDATA/BMSD.DAT[2211]",
        "$RCT2:OBJDATA/BMSD.DAT[2213]",
        "$RCT2:OBJDATA/BMSD.DAT[2215]",
        "$RCT2:OBJDATA/BMSD.DAT[2217]",
        "$RCT2:OBJDATA/BMSD.DAT[2219]",
        "$RCT2:OBJDATA/BMSD.DAT[2221]",
        "$RCT2:OBJDATA/BMSD.DAT[2223]",
        "$RCT2:OBJDATA/BMSD.DAT[2225]",
        "$RCT2:OBJDATA/BMSD.DAT[2227]",
        "$RCT2:OBJDATA/BMSD.DAT[2229]",
        "$RCT2:OBJDATA/BMSD.DAT[2231]",
        "$RCT2:OBJDATA/BMSD.DAT[2233]",
        "$RCT2:OBJDATA/BMSD.DAT[2235]",
        "$RCT2:OBJDATA/BMSD.DAT[2237]",
        "$RCT2:OBJDATA/BMSD.DAT[2239]",
        "$RCT2:OBJDATA/BMSD.DAT[2241]",
        "$RCT2:OBJDATA/BMSD.DAT[2243]",
        "$RCT2:OBJDATA/BMSD.DAT[2245]",
        "$RCT2:OBJDATA/BMSD.DAT[2247]",
        "$RCT2:OBJDATA/BMSD.DAT[2249]",
        "$RCT2:OBJDATA/BMSD.DAT[2251]",
        "$RCT2:OBJDATA/BMSD.DAT[2253]",
        "$RCT2:OBJDATA/BMSD.DAT[2255..2270]",
        "$RCT2:OBJDATA/BMSD.DAT[2431..2523]",
        "$RCT2:OBJDATA/BMSD.DAT[2525]",
        "$RCT2:OBJDATA/BMSD.DAT[2527]",
        "$RCT2:OBJDATA/BMSD.DAT[2529]",
        "$RCT2:OBJDATA/BMSD.DAT[2531]",
        "$RCT2:OBJDATA/BMSD.DAT[2533]",
        "$RCT2:OBJDATA/BMSD.DAT[2535]",
        "$RCT2:OBJDATA/BMSD.DAT[2537]",
        "$RCT2:OBJDATA/BMSD.DAT[2539]",
        "$RCT2:OBJDATA/BMSD.DAT[2541]",
        "$RCT2:OBJDATA/BMSD.DAT[2543]",
        "$RCT2:OBJDATA/BMSD.DAT[2545]",
        "$RCT2:OBJDATA/BMSD.DAT[2547]",
        "$RCT2:OBJDATA/BMSD.DAT[2549]",
        "$RCT2:OBJDATA/BMSD.DAT[2551]",
        "$RCT2:OBJDATA/BMSD.DAT[2553]",
        "$RCT2:OBJDATA/BMSD.DAT[2555..2563]",
        "$RCT2:OBJDATA/BMSD.DAT[2565]",
        "$RCT2:OBJDATA/BMSD.DAT[2567]",
        "$RCT2:OBJDATA/BMSD.DAT[2569]",
        "$RCT2:OBJDATA/BMSD.DAT[2571]",
        "$RCT2:OBJDATA/BMSD.DAT[2573]",
        "$RCT2:OBJDATA/BMSD.DAT[2575]",
        "$RCT2:OBJDATA/BMSD.DAT[2577]",
        "$RCT2:OBJDATA/BMSD.DAT[2579]",
        "$RCT2:OBJDATA/BMSD.DAT[2581]",
        "$RCT2:OBJDATA/BMSD.DAT[2583]",
        "$RCT2:OBJDATA/BMSD.DAT[2585]",
        "$RCT2:OBJDATA/BMSD.DAT[2587]",
        "$RCT2:OBJDATA/BMSD.DAT[2589]",
        "$RCT2:OBJDATA/BMSD.DAT[2591]",
        "$RCT2:OBJDATA/BMSD.DAT[2593]",
        "$RCT2:OBJDATA/BMSD.DAT[2595]",
        "$RCT2:OBJDATA/BMSD.DAT[2597]",
        "$RCT2:OBJDATA/BMSD.DAT[2599]",
        "$RCT2:OBJDATA/BMSD.DAT[2601]",
        "$RCT2:OBJDATA/BMSD.DAT[2603]",
        "$RCT2:OBJDATA/BMSD.DAT[2605]",
        "$RCT2:OBJDATA/BMSD.DAT[2607]",
        "$RCT2:OBJDATA/BMSD.DAT[2609]",
        "$RCT2:OBJDATA/BMSD.DAT[2611]",
        "$RCT2:OBJDATA/BMSD.DAT[2613]",
        "$RCT2:OBJDATA/BMSD.DAT[2615]",
        "$RCT2:OBJDATA/BMSD.DAT[2617]",
        "$RCT2:OBJDATA/BMSD.DAT[2619]",
        "$RCT2:OBJDATA/BMSD.DAT[2621]",
        "$RCT2:OBJDATA/BMSD.DAT[2623]",
        "$RCT2:OBJDATA/BMSD.DAT[2625]",
        "$RCT2:OBJDATA/BMSD.DAT[2627..2643]",
        "$RCT2:OBJDATA/BMSD.DAT[2645]",
        "$RCT2:OBJDATA/BMSD.DAT[2647]",
        "$RCT2:OBJDATA/BMSD.DAT[2649]",
        "$RCT2:OBJDATA/BMSD.DAT[2651]",
        "$RCT2:OBJDATA/BMSD.DAT[2653]",
        "$RCT2:OBJDATA/BMSD.DAT[2655]",
        "$RCT2:OBJDATA/BMSD.DAT[2657]",
        "$RCT2:OBJDATA/BMSD.DAT[2659]",
        "$RCT2:OBJDATA/BMSD.DAT[2661]",
        "$RCT2:OBJDATA/BMSD.DAT[2663]",
        "$RCT2:OBJDATA/BMSD.DAT[2665]",
        "$RCT2:OBJDATA/BMSD.DAT[2667]",
        "$RCT2:OBJDATA/BMSD.DAT[2669]",
        "$RCT2:OBJDATA/BMSD.DAT[2671]",
        "$RCT2:OBJDATA/BMSD.DAT[2673]",
        "$RCT2:OBJDATA/BMSD.DAT[2675]",
        "$RCT2:OBJDATA/BMSD.DAT[2677]",
        "$RCT2:OBJDATA/BMSD.DAT[2679]",
        "$RCT2:OBJDATA/BMSD.DAT[2681]",
        "$RCT2:OBJDATA/BMSD.DAT[2683]",
        "$RCT2:OBJDATA/BMSD.DAT[2685]",
        "$RCT2:OBJDATA/BMSD.DAT[2687]",
        "$RCT2:OBJDATA/BMSD.DAT[2689]",
        "$RCT2:OBJDATA/BMSD.DAT[2691]",
        "$RCT2:OBJDATA/BMSD.DAT[2693]",
        "$RCT2:OBJDATA/BMSD.DAT[2695]",
        "$RCT2:OBJDATA/BMSD.DAT[2697]",
        "$RCT2:OBJDATA/BMSD.DAT[2699]",
        "$RCT2:OBJDATA/BMSD.DAT[2701]",
        "$RCT2:OBJDATA/BMSD.DAT[2703]",
        "$RCT2:OBJDATA/BMSD.DAT[2705]",
        "$RCT2:OBJDATA/BMSD.DAT[2707..2715]",
        "$RCT2:OBJDATA/BMSD.DAT[2723]",
        "$RCT2:OBJDATA/BMSD.DAT[2731]",
        "$RCT2:OBJDATA/BMSD.DAT[2739]",
        "$RCT2:OBJDATA/BMSD.DAT[2747]",
        "$RCT2:OBJDATA/BMSD.DAT[2755]",
        "$RCT2:OBJDATA/BMSD.DAT[2763]",
        "$RCT2:OBJDATA/BMSD.DAT[2771]",
        "$RCT2:OBJDATA/BMSD.DAT[2779..2863]",
        "$RCT2:OBJDATA/BMSD.DAT[2865]",
        "$RCT2:OBJDATA/BMSD.DAT[2867]",
        "$RCT2:OBJDATA/BMSD.DAT[2869]",
        "$RCT2:OBJDATA/BMSD.DAT[2871]",
        "$RCT2:OBJDATA/BMSD.DAT[2873]",
        "$RCT2:OBJDATA/BMSD.DAT[2875]",
        "$RCT2:OBJDATA/BMSD.DAT[2877]",
        "$RCT2:OBJDATA/BMSD.DAT[2879]",
        "$RCT2:OBJDATA/BMSD.DAT[2881]",
        "$RCT2:OBJDATA/BMSD.DAT[2883]",
        "$RCT2:OBJDATA/BMSD.DAT[2885]",
        "$RCT2:OBJDATA/BMSD.DAT[2887]",
        "$RCT2:OBJDATA/BMSD.DAT[2889]",
        "$RCT2:OBJDATA/BMSD.DAT[2891]",
        "$RCT2:OBJDATA/BMSD.DAT[2893]",
        "$RCT2:OBJDATA/BMSD.DAT[2895]",
        "$RCT2:OBJDATA/BMSD.DAT[2897]",
        "$RCT2:OBJDATA/BMSD.DAT[2899]",
        "$RCT2:OBJDATA/BMSD.DAT[2901]",
        "$RCT2:OBJDATA/BMSD.DAT[2903]",
        "$RCT2:OBJDATA/BMSD.DAT[2905]",
        "$RCT2:OBJDATA/BMSD.DAT[2907]",
        "$RCT2:OBJDATA/BMSD.DAT[2909]",
        "$RCT2:OBJDATA/BMSD.DAT[2911]",
        "$RCT2:OBJDATA/BMSD.DAT[2913]",
        "$RCT2:OBJDATA/BMSD.DAT[2915]",
        "$RCT2:OBJDATA/BMSD.DAT[2917]",
        "$RCT2:OBJDATA/BMSD.DAT[2919]",
        "$RCT2:OBJDATA/BMSD.DAT[2921]",
        "$RCT2:OBJDATA/BMSD.DAT[2923]",
        "$RCT2:OBJDATA/BMSD.DAT[2925]",
        "$RCT2:OBJDATA/BMSD.DAT[2927..2967]",
        "$RCT2:OBJDATA/BMSD.DAT[2969]",
        "$RCT2:OBJDATA/BMSD.DAT[2971]",
        "$RCT2:OBJDATA/BMSD.DAT[2973]",
        "$RCT2:OBJDATA/BMSD.DAT[2975]",
        "$RCT2:OBJDATA/BMSD.DAT[2977]",
        "$RCT2:OBJDATA/BMSD.DAT[2979]",
        "$RCT2:OBJDATA/BMSD.DAT[2981]",
        "$RCT2:OBJDATA/BMSD.DAT[2983]",
        "$RCT2:OBJDATA/BMSD.DAT[2985]",
        "$RCT2:OBJDATA/BMSD.DAT[2987]",
        "$RCT2:OBJDATA/BMSD.DAT[2989]",
        "$RCT2:OBJDATA/BMSD.DAT[2991]",
        "$RCT2:OBJDATA/BMSD.DAT[2993]",
        "$RCT2:OBJDATA/BMSD.DAT[2995]",
        "$RCT2:OBJDATA/BMSD.DAT[2997]",
        "$RCT2:OBJDATA/BMSD.DAT[2999]",
        "$RCT2:OBJDATA/BMSD.DAT[3001]",
        "$RCT2:OBJDATA/BMSD.DAT[3003]",
        "$RCT2:OBJDATA/BMSD.DAT[3005]",
        "$RCT2:OBJDATA/BMSD.DAT[3007]",
        "$RCT2:OBJDATA/BMSD.DAT[3009]",
        "$RCT2:OBJDATA/BMSD.DAT[3011]",
        "$RCT2:OBJDATA/BMSD.DAT[3013]",
        "$RCT2:OBJDATA/BMSD.DAT[3015]",
        "$RCT2:OBJDATA/BMSD.DAT[3017]",
        "$RCT2:OBJDATA/BMSD.DAT[3019]",
        "$RCT2:OBJDATA/BMSD.DAT[3021]",
        "$RCT2:OBJDATA/BMSD.DAT[3023]",
        "$RCT2:OBJDATA/BMSD.DAT[3025]",
        "$RCT2:OBJDATA/BMSD.DAT[3027]",
        "$RCT2:OBJDATA/BMSD.DAT[3029]",
        "$RCT2:OBJDATA/BMSD.DAT[3031]",
        "$RCT2:OBJDATA/BMSD.DAT[3033]",
        "$RCT2:OBJDATA/BMSD.DAT[3035]",
        "$RCT2:OBJDATA/BMSD.DAT[3037]",
        "$RCT2:OBJDATA/BMSD.DAT[3039]",
        "$RCT2:OBJDATA/BMSD.DAT[3041]",
        "$RCT2:OBJDATA/BMSD.DAT[3043]",
        "$RCT2:OBJDATA/BMSD.DAT[3045]",
        "$RCT2:OBJDATA/BMSD.DAT[3047]",
        "$RCT2:OBJDATA/BMSD.DAT[3049]",
        "$RCT2:OBJDATA/BMSD.DAT[3051]",
        "$RCT2:OBJDATA/BMSD.DAT[3053]",
        "$RCT2:OBJDATA/BMSD.DAT[3055]",
        "$RCT2:OBJDATA/BMSD.DAT[3057]",
        "$RCT2:OBJDATA/BMSD.DAT[3059]",
        "$RCT2:OBJDATA/BMSD.DAT[3061]",
        "$RCT2:OBJDATA/BMSD.DAT[3063]",
        "$RCT2:OBJDATA/BMSD.DAT[3065]",
        "$RCT2:OBJDATA/BMSD.DAT[3067]",
        "$RCT2:OBJDATA/BMSD.DAT[3069]",
        "$RCT2:OBJDATA/BMSD.DAT[3071]",
        "$RCT2:OBJDATA/BMSD.DAT[3073]",
        "$RCT2:OBJDATA/BMSD.DAT[3075]",
        "$RCT2:OBJDATA/BMSD.DAT[3077]",
        "$RCT2:OBJDATA/BMSD.DAT[3079]",
        "$RCT2:OBJDATA/BMSD.DAT[3081]",
        "$RCT2:OBJDATA/BMSD.DAT[3083]",
        "$RCT2:OBJDATA/BMSD.DAT[3085]",
        "$RCT2:OBJDATA/BMSD.DAT[3087]",
        "$RCT2:OBJDATA/BMSD.DAT[3089]",
        "$RCT2:OBJDATA/BMSD.DAT[3091]",
        "$RCT2:OBJDATA/BMSD.DAT[3093]",
        "$RCT2:OBJDATA/BMSD.DAT[3095..3110]",
        "$RCT2:OBJDATA/BMSD.DAT[3271..3350]"
    ]
}
