{
    "id": "rct2.footpath_item.bench1",
    "authors": [
        "Chris Sawyer",
        "Simon Foster"
    ],
    "version": "1.0",
    "originalId": "0A188786|BENCH1  |9E0214C3",
    "sourceGame": [
        "rct2",
        "rct1"
    ],
    "objectType": "footpath_item",
    "properties": {
        "isBench": true,
        "isBreakable": true,
        "renderAs": "bench",
        "cursor": "CURSOR_BENCH_DOWN",
        "price": 50
    },
    "images": [
        "$RCT2:OBJDATA/BENCH1.DAT[0..8]"
    ],
    "strings": {
        "name": {
            "en-GB": "Bench",
            "fr-FR": "Banc",
            "de-DE": "Bank",
            "es-ES": "Banco",
            "it-IT": "Panchina",
            "nl-NL": "Bank",
            "sv-SE": "Bänk",
            "ko-KR": "의자",
            "zh-CN": "长椅",
            "zh-TW": "長椅",
            "pt-BR": "Banco",
            "cs-CZ": "Lavička",
            "ja-JP": "ベンチ",
            "pl-PL": "Ławka",
            "ru-RU": "Лавка",
            "ar-EG": "مقعد",
            "eo-ZZ": "Benko",
            "ca-ES": "Banc",
            "fi-FI": "Penkki"
        }
    }
}
