{
    "id": "rct1aa.footpath_surface.queue_red",
    "authors": [
        "Chris Sawyer",
        "Simon Foster"
    ],
    "version": "1.0",
    "sourceGame": "rct1aa",
    "objectType": "footpath_surface",
    "properties": {
        "isQueue": true
    },
    "images": [
        { "path": "preview.png", "x": 1, "y": 1 },
        "$CSG[43251..43270]"
    ],
    "noCsgImages": [
        { "path": "preview.png", "x": 1, "y": 1 },
        "$RCT2:OBJDATA/PATHSPCE.DAT[51..70]"
    ],
    "strings": {
        "name": {
            "en-GB": "Red Queue (Sloped)",
            "de-DE": "Rote Warteschlange (Schräge)",
            "nl-NL": "Rode wachtrij (met helling)",
            "eo-ZZ": "Ruĝa Atendovico (Dekliva)",
            "ca-ES": "Cua vermella (amb escales)"
        }
    }
}
