{
    "id": "rct1.footpath_surface.dirt",
    "authors": [
        "Chris Sawyer",
        "Simon Foster"
    ],
    "version": "1.0",
    "sourceGame": "rct1",
    "objectType": "footpath_surface",
    "properties": {
        "noSlopeRailings": true
    },
    "images": [
        { "path": "preview.png", "x": 1, "y": 1 },
        "$CSG[44289..44339]"
    ],
    "noCsgImages": [
        { "path": "preview.png", "x": 1, "y": 1 },
        "$RCT2:OBJDATA/PATHDIRT.DAT[0..50]"
    ],
    "strings": {
        "name": {
            "en-GB": "Dirt Footpath (Square)",
            "fr-FR": "Allée en terre",
            "de-DE": "Dreckfußweg (quadratisch)",
            "es-ES": "Sendero sucio",
            "it-IT": "Sentiero di terra",
            "nl-NL": "Onverhard voetpad (rechte hoeken)",
            "sv-SE": "Grusgång",
            "ko-KR": "지저분한 보도",
            "zh-CN": "泥土步道",
            "zh-TW": "泥土步道",
            "pt-BR": "Caminho de Terra",
            "cs-CZ": "Blátivá cesta",
            "ja-JP": "土の歩道",
            "pl-PL": "Dróżka ziemna",
            "ru-RU": "Дорожка",
            "ar-EG": "ممشي ترابي",
            "eo-ZZ": "Tera Trotuaro (Kvadrata)",
            "ca-ES": "Camí de terra (angulós)"
        }
    }
}
