{
    "id": "rct1.ride.steel_rc_trains",
    "authors": [
        "Chris Sawyer",
        "Simon Foster"
    ],
    "version": "1.0",
    "originalId": "00000000|#RCT1STL|00000000",
    "sourceGame": "rct1",
    "objectType": "ride",
    "properties": {
        "type": "looping_rc",
        "category": "rollercoaster",
        "minCarsPerTrain": 2,
        "maxCarsPerTrain": 8,
        "numEmptyCars": 0,
        "defaultCar": 1,
        "headCars": 0,
        "buildMenuPriority": 2,
        "carColours": [
            [
                [
                    "light_blue",
                    "white",
                    "black"
                ]
            ],
            [
                [
                    "bright_red",
                    "saturated_red",
                    "black"
                ]
            ],
            [
                [
                    "yellow",
                    "dark_olive_green",
                    "black"
                ]
            ]
        ],
        "cars": [
            {
                "rotationFrameMask": 15,
                "spacing": 295936,
                "mass": 550,
                "numSeats": 4,
                "numSeatRows": 2,
                "frictionSoundId": 2,
                "soundRange": 2,
                "carVisual": 0,
                "drawOrder": 5,
                "spriteGroups": {
                    "slopeFlat": 16,
                    "slopes12": 4,
                    "slopes25": 16,
                    "slopes42": 8,
                    "slopes60": 16,
                    "slopes75": 4,
                    "slopes90": 4,
                    "slopesLoop": 4,
                    "slopeInverted": 4,
                    "slopes8": 4,
                    "slopes16": 4,
                    "slopes50": 4,
                    "flatBanked22": 8,
                    "flatBanked45": 16,
                    "slopes12Banked22": 4,
                    "slopes8Banked22": 4,
                    "restraintAnimation": 4
                },
                "hasAdditionalColour1": true,
                "hasScreamingRiders": true,
                "loadingPositions": [
                    5,
                    3,
                    -7,
                    -9
                ]
            },
            {
                "rotationFrameMask": 15,
                "spacing": 208896,
                "mass": 525,
                "numSeats": 4,
                "numSeatRows": 2,
                "frictionSoundId": 2,
                "soundRange": 0,
                "drawOrder": 7,
                "spriteGroups": {
                    "slopeFlat": 16,
                    "slopes12": 4,
                    "slopes25": 16,
                    "slopes42": 8,
                    "slopes60": 16,
                    "slopes75": 4,
                    "slopes90": 4,
                    "slopesLoop": 4,
                    "slopeInverted": 4,
                    "slopes8": 4,
                    "slopes16": 4,
                    "slopes50": 4,
                    "flatBanked22": 8,
                    "flatBanked45": 16,
                    "slopes12Banked22": 4,
                    "slopes8Banked22": 4,
                    "restraintAnimation": 4
                },
                "hasAdditionalColour1": true,
                "hasScreamingRiders": true,
                "loadingPositions": [
                    7,
                    9,
                    -3,
                    -1
                ]
            }
        ]
    },
    "images": [
        { "path": "images/preview.png", "format": "raw" },
        "",
        "",
        "$CSG[2058..2073]",
        "$CSG[2074]",
        "$CSG[2082]",
        "$CSG[2090]",
        "$CSG[2098]",
        "$CSG[2078]",
        "$CSG[2086]",
        "$CSG[2094]",
        "$CSG[2102]",
        "$CSG[2075]",
        "$CSG[2162..2164]",
        "$CSG[2083]",
        "$CSG[2165..2167]",
        "$CSG[2091]",
        "$CSG[2168..2170]",
        "$CSG[2099]",
        "$CSG[2171..2173]",
        "$CSG[2079]",
        "$CSG[2174..2176]",
        "$CSG[2087]",
        "$CSG[2177..2179]",
        "$CSG[2095]",
        "$CSG[2180..2182]",
        "$CSG[2103]",
        "$CSG[2183..2185]",
        "$CSG[2076]",
        "$CSG[2290]",
        "$CSG[2084]",
        "$CSG[2291]",
        "$CSG[2092]",
        "$CSG[2292]",
        "$CSG[2100]",
        "$CSG[2293]",
        "$CSG[2080]",
        "$CSG[2306]",
        "$CSG[2088]",
        "$CSG[2307]",
        "$CSG[2096]",
        "$CSG[2308]",
        "$CSG[2104]",
        "$CSG[2309]",
        "$CSG[2077]",
        "$CSG[2246..2248]",
        "$CSG[2085]",
        "$CSG[2249..2251]",
        "$CSG[2093]",
        "$CSG[2252..2254]",
        "$CSG[2101]",
        "$CSG[2255..2257]",
        "$CSG[2081]",
        "$CSG[2258..2260]",
        "$CSG[2089]",
        "$CSG[2261..2263]",
        "$CSG[2097]",
        "$CSG[2264..2266]",
        "$CSG[2105]",
        "$CSG[2267..2269]",
        "$CSG[2186..2189]",
        "$CSG[2218..2221]",
        "$CSG[2190]",
        "$CSG[2191]",
        "$CSG[2192]",
        "$CSG[2193]",
        "$CSG[2222]",
        "$CSG[2223]",
        "$CSG[2224]",
        "$CSG[2225]",
        "$CSG[2194..2197]",
        "$CSG[2226..2229]",
        "$CSG[2198..2201]",
        "$CSG[2230..2233]",
        "$CSG[2202..2205]",
        "$CSG[2234..2237]",
        "$CSG[2206..2209]",
        "$CSG[2238..2241]",
        "$CSG[2210..2213]",
        "$CSG[2242..2245]",
        "$CSG[2214..2217]",
        "$CSG[2282..2285]",
        "$CSG[2298..2301]",
        "$CSG[2286..2289]",
        "$CSG[2302..2305]",
        "$CSG[2294..2297]",
        "$CSG[2310..2313]",
        "$CSG[2138]",
        "$CSG[2330]",
        "$CSG[2139]",
        "$CSG[2331]",
        "$CSG[2140]",
        "$CSG[2332]",
        "$CSG[2141]",
        "$CSG[2333]",
        "$CSG[2142]",
        "$CSG[2334]",
        "$CSG[2143]",
        "$CSG[2335]",
        "$CSG[2144]",
        "$CSG[2336]",
        "$CSG[2145]",
        "$CSG[2337]",
        "$CSG[2106..2137]",
        "$CSG[2146]",
        "$CSG[2147]",
        "$CSG[2148]",
        "$CSG[2149]",
        "$CSG[2150]",
        "$CSG[2151]",
        "$CSG[2152]",
        "$CSG[2153]",
        "$CSG[2154]",
        "$CSG[2155]",
        "$CSG[2156]",
        "$CSG[2157]",
        "$CSG[2158]",
        "$CSG[2159]",
        "$CSG[2160]",
        "$CSG[2161]",
        "$CSG[2314..2329]",
        "$CSG[2270]",
        "$CSG[2273]",
        "$CSG[2276]",
        "$CSG[2279]",
        "$CSG[2271]",
        "$CSG[2274]",
        "$CSG[2277]",
        "$CSG[2280]",
        "$CSG[2272]",
        "$CSG[2275]",
        "$CSG[2278]",
        "$CSG[2281]",
        "$CSG[2338..2353]",
        "$CSG[2354]",
        "$CSG[2362]",
        "$CSG[2370]",
        "$CSG[2378]",
        "$CSG[2358]",
        "$CSG[2366]",
        "$CSG[2374]",
        "$CSG[2382]",
        "$CSG[2355]",
        "$CSG[2442..2444]",
        "$CSG[2363]",
        "$CSG[2445..2447]",
        "$CSG[2371]",
        "$CSG[2448..2450]",
        "$CSG[2379]",
        "$CSG[2451..2453]",
        "$CSG[2359]",
        "$CSG[2454..2456]",
        "$CSG[2367]",
        "$CSG[2457..2459]",
        "$CSG[2375]",
        "$CSG[2460..2462]",
        "$CSG[2383]",
        "$CSG[2463..2465]",
        "$CSG[2356]",
        "$CSG[2570]",
        "$CSG[2364]",
        "$CSG[2571]",
        "$CSG[2372]",
        "$CSG[2572]",
        "$CSG[2380]",
        "$CSG[2573]",
        "$CSG[2360]",
        "$CSG[2586]",
        "$CSG[2368]",
        "$CSG[2587]",
        "$CSG[2376]",
        "$CSG[2588]",
        "$CSG[2384]",
        "$CSG[2589]",
        "$CSG[2357]",
        "$CSG[2526..2528]",
        "$CSG[2365]",
        "$CSG[2529..2531]",
        "$CSG[2373]",
        "$CSG[2532..2534]",
        "$CSG[2381]",
        "$CSG[2535..2537]",
        "$CSG[2361]",
        "$CSG[2538..2540]",
        "$CSG[2369]",
        "$CSG[2541..2543]",
        "$CSG[2377]",
        "$CSG[2544..2546]",
        "$CSG[2385]",
        "$CSG[2547..2549]",
        "$CSG[2466..2469]",
        "$CSG[2498..2501]",
        "$CSG[2470]",
        "$CSG[2471]",
        "$CSG[2472]",
        "$CSG[2473]",
        "$CSG[2502]",
        "$CSG[2503]",
        "$CSG[2504]",
        "$CSG[2505]",
        "$CSG[2474..2477]",
        "$CSG[2506..2509]",
        "$CSG[2478..2481]",
        "$CSG[2510..2513]",
        "$CSG[2482..2485]",
        "$CSG[2514..2517]",
        "$CSG[2486..2489]",
        "$CSG[2518..2521]",
        "$CSG[2490..2493]",
        "$CSG[2522..2525]",
        "$CSG[2494..2497]",
        "$CSG[2562..2565]",
        "$CSG[2578..2581]",
        "$CSG[2566..2569]",
        "$CSG[2582..2585]",
        "$CSG[2574..2577]",
        "$CSG[2590..2593]",
        "$CSG[2418]",
        "$CSG[2610]",
        "$CSG[2419]",
        "$CSG[2611]",
        "$CSG[2420]",
        "$CSG[2612]",
        "$CSG[2421]",
        "$CSG[2613]",
        "$CSG[2422]",
        "$CSG[2614]",
        "$CSG[2423]",
        "$CSG[2615]",
        "$CSG[2424]",
        "$CSG[2616]",
        "$CSG[2425]",
        "$CSG[2617]",
        "$CSG[2386..2417]",
        "$CSG[2426]",
        "$CSG[2427]",
        "$CSG[2428]",
        "$CSG[2429]",
        "$CSG[2430]",
        "$CSG[2431]",
        "$CSG[2432]",
        "$CSG[2433]",
        "$CSG[2434]",
        "$CSG[2435]",
        "$CSG[2436]",
        "$CSG[2437]",
        "$CSG[2438]",
        "$CSG[2439]",
        "$CSG[2440]",
        "$CSG[2441]",
        "$CSG[2594..2609]",
        "$CSG[2550]",
        "$CSG[2553]",
        "$CSG[2556]",
        "$CSG[2559]",
        "$CSG[2551]",
        "$CSG[2554]",
        "$CSG[2557]",
        "$CSG[2560]",
        "$CSG[2552]",
        "$CSG[2555]",
        "$CSG[2558]",
        "$CSG[2561]",
        "$CSG[2618..2633]",
        "$CSG[2634]",
        "$CSG[2642]",
        "$CSG[2650]",
        "$CSG[2658]",
        "$CSG[2638]",
        "$CSG[2646]",
        "$CSG[2654]",
        "$CSG[2662]",
        "$CSG[2635]",
        "$CSG[2722..2724]",
        "$CSG[2643]",
        "$CSG[2725..2727]",
        "$CSG[2651]",
        "$CSG[2728..2730]",
        "$CSG[2659]",
        "$CSG[2731..2733]",
        "$CSG[2639]",
        "$CSG[2734..2736]",
        "$CSG[2647]",
        "$CSG[2737..2739]",
        "$CSG[2655]",
        "$CSG[2740..2742]",
        "$CSG[2663]",
        "$CSG[2743..2745]",
        "$CSG[2636]",
        "$CSG[2850]",
        "$CSG[2644]",
        "$CSG[2851]",
        "$CSG[2652]",
        "$CSG[2852]",
        "$CSG[2660]",
        "$CSG[2853]",
        "$CSG[2640]",
        "$CSG[2866]",
        "$CSG[2648]",
        "$CSG[2867]",
        "$CSG[2656]",
        "$CSG[2868]",
        "$CSG[2664]",
        "$CSG[2869]",
        "$CSG[2637]",
        "$CSG[2806..2808]",
        "$CSG[2645]",
        "$CSG[2809..2811]",
        "$CSG[2653]",
        "$CSG[2812..2814]",
        "$CSG[2661]",
        "$CSG[2815..2817]",
        "$CSG[2641]",
        "$CSG[2818..2820]",
        "$CSG[2649]",
        "$CSG[2821..2823]",
        "$CSG[2657]",
        "$CSG[2824..2826]",
        "$CSG[2665]",
        "$CSG[2827..2829]",
        "$CSG[2746..2749]",
        "$CSG[2778..2781]",
        "$CSG[2750]",
        "$CSG[2751]",
        "$CSG[2752]",
        "$CSG[2753]",
        "$CSG[2782]",
        "$CSG[2783]",
        "$CSG[2784]",
        "$CSG[2785]",
        "$CSG[2754..2757]",
        "$CSG[2786..2789]",
        "$CSG[2758..2761]",
        "$CSG[2790..2793]",
        "$CSG[2762..2765]",
        "$CSG[2794..2797]",
        "$CSG[2766..2769]",
        "$CSG[2798..2801]",
        "$CSG[2770..2773]",
        "$CSG[2802..2805]",
        "$CSG[2774..2777]",
        "$CSG[2842..2845]",
        "$CSG[2858..2861]",
        "$CSG[2846..2849]",
        "$CSG[2862..2865]",
        "$CSG[2854..2857]",
        "$CSG[2870..2873]",
        "$CSG[2698]",
        "$CSG[2890]",
        "$CSG[2699]",
        "$CSG[2891]",
        "$CSG[2700]",
        "$CSG[2892]",
        "$CSG[2701]",
        "$CSG[2893]",
        "$CSG[2702]",
        "$CSG[2894]",
        "$CSG[2703]",
        "$CSG[2895]",
        "$CSG[2704]",
        "$CSG[2896]",
        "$CSG[2705]",
        "$CSG[2897]",
        "$CSG[2666..2697]",
        "$CSG[2706]",
        "$CSG[2707]",
        "$CSG[2708]",
        "$CSG[2709]",
        "$CSG[2710]",
        "$CSG[2711]",
        "$CSG[2712]",
        "$CSG[2713]",
        "$CSG[2714]",
        "$CSG[2715]",
        "$CSG[2716]",
        "$CSG[2717]",
        "$CSG[2718]",
        "$CSG[2719]",
        "$CSG[2720]",
        "$CSG[2721]",
        "$CSG[2874..2889]",
        "$CSG[2830]",
        "$CSG[2833]",
        "$CSG[2836]",
        "$CSG[2839]",
        "$CSG[2831]",
        "$CSG[2834]",
        "$CSG[2837]",
        "$CSG[2840]",
        "$CSG[2832]",
        "$CSG[2835]",
        "$CSG[2838]",
        "$CSG[2841]",
        "$CSG[2898..2913]",
        "$CSG[2914]",
        "$CSG[2922]",
        "$CSG[2930]",
        "$CSG[2938]",
        "$CSG[2918]",
        "$CSG[2926]",
        "$CSG[2934]",
        "$CSG[2942]",
        "$CSG[2915]",
        "$CSG[3002..3004]",
        "$CSG[2923]",
        "$CSG[3005..3007]",
        "$CSG[2931]",
        "$CSG[3008..3010]",
        "$CSG[2939]",
        "$CSG[3011..3013]",
        "$CSG[2919]",
        "$CSG[3014..3016]",
        "$CSG[2927]",
        "$CSG[3017..3019]",
        "$CSG[2935]",
        "$CSG[3020..3022]",
        "$CSG[2943]",
        "$CSG[3023..3025]",
        "$CSG[2916]",
        "$CSG[3130]",
        "$CSG[2924]",
        "$CSG[3131]",
        "$CSG[2932]",
        "$CSG[3132]",
        "$CSG[2940]",
        "$CSG[3133]",
        "$CSG[2920]",
        "$CSG[3146]",
        "$CSG[2928]",
        "$CSG[3147]",
        "$CSG[2936]",
        "$CSG[3148]",
        "$CSG[2944]",
        "$CSG[3149]",
        "$CSG[2917]",
        "$CSG[3086..3088]",
        "$CSG[2925]",
        "$CSG[3089..3091]",
        "$CSG[2933]",
        "$CSG[3092..3094]",
        "$CSG[2941]",
        "$CSG[3095..3097]",
        "$CSG[2921]",
        "$CSG[3098..3100]",
        "$CSG[2929]",
        "$CSG[3101..3103]",
        "$CSG[2937]",
        "$CSG[3104..3106]",
        "$CSG[2945]",
        "$CSG[3107..3109]",
        "$CSG[3026..3029]",
        "$CSG[3058..3061]",
        "$CSG[3030]",
        "$CSG[3031]",
        "$CSG[3032]",
        "$CSG[3033]",
        "$CSG[3062]",
        "$CSG[3063]",
        "$CSG[3064]",
        "$CSG[3065]",
        "$CSG[3034..3037]",
        "$CSG[3066..3069]",
        "$CSG[3038..3041]",
        "$CSG[3070..3073]",
        "$CSG[3042..3045]",
        "$CSG[3074..3077]",
        "$CSG[3046..3049]",
        "$CSG[3078..3081]",
        "$CSG[3050..3053]",
        "$CSG[3082..3085]",
        "$CSG[3054..3057]",
        "$CSG[3122..3125]",
        "$CSG[3138..3141]",
        "$CSG[3126..3129]",
        "$CSG[3142..3145]",
        "$CSG[3134..3137]",
        "$CSG[3150..3153]",
        "$CSG[2978]",
        "$CSG[3170]",
        "$CSG[2979]",
        "$CSG[3171]",
        "$CSG[2980]",
        "$CSG[3172]",
        "$CSG[2981]",
        "$CSG[3173]",
        "$CSG[2982]",
        "$CSG[3174]",
        "$CSG[2983]",
        "$CSG[3175]",
        "$CSG[2984]",
        "$CSG[3176]",
        "$CSG[2985]",
        "$CSG[3177]",
        "$CSG[2946..2977]",
        "$CSG[2986]",
        "$CSG[2987]",
        "$CSG[2988]",
        "$CSG[2989]",
        "$CSG[2990]",
        "$CSG[2991]",
        "$CSG[2992]",
        "$CSG[2993]",
        "$CSG[2994]",
        "$CSG[2995]",
        "$CSG[2996]",
        "$CSG[2997]",
        "$CSG[2998]",
        "$CSG[2999]",
        "$CSG[3000]",
        "$CSG[3001]",
        "$CSG[3154..3169]",
        "$CSG[3110]",
        "$CSG[3113]",
        "$CSG[3116]",
        "$CSG[3119]",
        "$CSG[3111]",
        "$CSG[3114]",
        "$CSG[3117]",
        "$CSG[3120]",
        "$CSG[3112]",
        "$CSG[3115]",
        "$CSG[3118]",
        "$CSG[3121]",
        "$CSG[3178..3193]",
        "$CSG[3194]",
        "$CSG[3202]",
        "$CSG[3210]",
        "$CSG[3218]",
        "$CSG[3198]",
        "$CSG[3206]",
        "$CSG[3214]",
        "$CSG[3222]",
        "$CSG[3195]",
        "$CSG[3282..3284]",
        "$CSG[3203]",
        "$CSG[3285..3287]",
        "$CSG[3211]",
        "$CSG[3288..3290]",
        "$CSG[3219]",
        "$CSG[3291..3293]",
        "$CSG[3199]",
        "$CSG[3294..3296]",
        "$CSG[3207]",
        "$CSG[3297..3299]",
        "$CSG[3215]",
        "$CSG[3300..3302]",
        "$CSG[3223]",
        "$CSG[3303..3305]",
        "$CSG[3196]",
        "$CSG[3410]",
        "$CSG[3204]",
        "$CSG[3411]",
        "$CSG[3212]",
        "$CSG[3412]",
        "$CSG[3220]",
        "$CSG[3413]",
        "$CSG[3200]",
        "$CSG[3426]",
        "$CSG[3208]",
        "$CSG[3427]",
        "$CSG[3216]",
        "$CSG[3428]",
        "$CSG[3224]",
        "$CSG[3429]",
        "$CSG[3197]",
        "$CSG[3366..3368]",
        "$CSG[3205]",
        "$CSG[3369..3371]",
        "$CSG[3213]",
        "$CSG[3372..3374]",
        "$CSG[3221]",
        "$CSG[3375..3377]",
        "$CSG[3201]",
        "$CSG[3378..3380]",
        "$CSG[3209]",
        "$CSG[3381..3383]",
        "$CSG[3217]",
        "$CSG[3384..3386]",
        "$CSG[3225]",
        "$CSG[3387..3389]",
        "$CSG[3306..3309]",
        "$CSG[3338..3341]",
        "$CSG[3310]",
        "$CSG[3311]",
        "$CSG[3312]",
        "$CSG[3313]",
        "$CSG[3342]",
        "$CSG[3343]",
        "$CSG[3344]",
        "$CSG[3345]",
        "$CSG[3314..3317]",
        "$CSG[3346..3349]",
        "$CSG[3318..3321]",
        "$CSG[3350..3353]",
        "$CSG[3322..3325]",
        "$CSG[3354..3357]",
        "$CSG[3326..3329]",
        "$CSG[3358..3361]",
        "$CSG[3330..3333]",
        "$CSG[3362..3365]",
        "$CSG[3334..3337]",
        "$CSG[3402..3405]",
        "$CSG[3418..3421]",
        "$CSG[3406..3409]",
        "$CSG[3422..3425]",
        "$CSG[3414..3417]",
        "$CSG[3430..3433]",
        "$CSG[3258]",
        "$CSG[3450]",
        "$CSG[3259]",
        "$CSG[3451]",
        "$CSG[3260]",
        "$CSG[3452]",
        "$CSG[3261]",
        "$CSG[3453]",
        "$CSG[3262]",
        "$CSG[3454]",
        "$CSG[3263]",
        "$CSG[3455]",
        "$CSG[3264]",
        "$CSG[3456]",
        "$CSG[3265]",
        "$CSG[3457]",
        "$CSG[3226..3257]",
        "$CSG[3266]",
        "$CSG[3267]",
        "$CSG[3268]",
        "$CSG[3269]",
        "$CSG[3270]",
        "$CSG[3271]",
        "$CSG[3272]",
        "$CSG[3273]",
        "$CSG[3274]",
        "$CSG[3275]",
        "$CSG[3276]",
        "$CSG[3277]",
        "$CSG[3278]",
        "$CSG[3279]",
        "$CSG[3280]",
        "$CSG[3281]",
        "$CSG[3434..3449]",
        "$CSG[3390]",
        "$CSG[3393]",
        "$CSG[3396]",
        "$CSG[3399]",
        "$CSG[3391]",
        "$CSG[3394]",
        "$CSG[3397]",
        "$CSG[3400]",
        "$CSG[3392]",
        "$CSG[3395]",
        "$CSG[3398]",
        "$CSG[3401]",
        "$CSG[3458..3473]",
        "$CSG[3474]",
        "$CSG[3482]",
        "$CSG[3490]",
        "$CSG[3498]",
        "$CSG[3478]",
        "$CSG[3486]",
        "$CSG[3494]",
        "$CSG[3502]",
        "$CSG[3475]",
        "$CSG[3562..3564]",
        "$CSG[3483]",
        "$CSG[3565..3567]",
        "$CSG[3491]",
        "$CSG[3568..3570]",
        "$CSG[3499]",
        "$CSG[3571..3573]",
        "$CSG[3479]",
        "$CSG[3574..3576]",
        "$CSG[3487]",
        "$CSG[3577..3579]",
        "$CSG[3495]",
        "$CSG[3580..3582]",
        "$CSG[3503]",
        "$CSG[3583..3585]",
        "$CSG[3476]",
        "$CSG[3690]",
        "$CSG[3484]",
        "$CSG[3691]",
        "$CSG[3492]",
        "$CSG[3692]",
        "$CSG[3500]",
        "$CSG[3693]",
        "$CSG[3480]",
        "$CSG[3706]",
        "$CSG[3488]",
        "$CSG[3707]",
        "$CSG[3496]",
        "$CSG[3708]",
        "$CSG[3504]",
        "$CSG[3709]",
        "$CSG[3477]",
        "$CSG[3646..3648]",
        "$CSG[3485]",
        "$CSG[3649..3651]",
        "$CSG[3493]",
        "$CSG[3652..3654]",
        "$CSG[3501]",
        "$CSG[3655..3657]",
        "$CSG[3481]",
        "$CSG[3658..3660]",
        "$CSG[3489]",
        "$CSG[3661..3663]",
        "$CSG[3497]",
        "$CSG[3664..3666]",
        "$CSG[3505]",
        "$CSG[3667..3669]",
        "$CSG[3586..3589]",
        "$CSG[3618..3621]",
        "$CSG[3590]",
        "$CSG[3591]",
        "$CSG[3592]",
        "$CSG[3593]",
        "$CSG[3622]",
        "$CSG[3623]",
        "$CSG[3624]",
        "$CSG[3625]",
        "$CSG[3594..3597]",
        "$CSG[3626..3629]",
        "$CSG[3598..3601]",
        "$CSG[3630..3633]",
        "$CSG[3602..3605]",
        "$CSG[3634..3637]",
        "$CSG[3606..3609]",
        "$CSG[3638..3641]",
        "$CSG[3610..3613]",
        "$CSG[3642..3645]",
        "$CSG[3614..3617]",
        "$CSG[3682..3685]",
        "$CSG[3698..3701]",
        "$CSG[3686..3689]",
        "$CSG[3702..3705]",
        "$CSG[3694..3697]",
        "$CSG[3710..3713]",
        "$CSG[3538]",
        "$CSG[3730]",
        "$CSG[3539]",
        "$CSG[3731]",
        "$CSG[3540]",
        "$CSG[3732]",
        "$CSG[3541]",
        "$CSG[3733]",
        "$CSG[3542]",
        "$CSG[3734]",
        "$CSG[3543]",
        "$CSG[3735]",
        "$CSG[3544]",
        "$CSG[3736]",
        "$CSG[3545]",
        "$CSG[3737]",
        "$CSG[3506..3537]",
        "$CSG[3546]",
        "$CSG[3547]",
        "$CSG[3548]",
        "$CSG[3549]",
        "$CSG[3550]",
        "$CSG[3551]",
        "$CSG[3552]",
        "$CSG[3553]",
        "$CSG[3554]",
        "$CSG[3555]",
        "$CSG[3556]",
        "$CSG[3557]",
        "$CSG[3558]",
        "$CSG[3559]",
        "$CSG[3560]",
        "$CSG[3561]",
        "$CSG[3714..3729]",
        "$CSG[3670]",
        "$CSG[3673]",
        "$CSG[3676]",
        "$CSG[3679]",
        "$CSG[3671]",
        "$CSG[3674]",
        "$CSG[3677]",
        "$CSG[3680]",
        "$CSG[3672]",
        "$CSG[3675]",
        "$CSG[3678]",
        "$CSG[3681]"
    ],
    "noCsgImages": [
        { "path": "images/preview.png", "format": "raw" },
        "",
        "",
        "$RCT2:OBJDATA/SCHT1.DAT[3]",
        "$RCT2:OBJDATA/SCHT1.DAT[5]",
        "$RCT2:OBJDATA/SCHT1.DAT[7]",
        "$RCT2:OBJDATA/SCHT1.DAT[9]",
        "$RCT2:OBJDATA/SCHT1.DAT[11]",
        "$RCT2:OBJDATA/SCHT1.DAT[13]",
        "$RCT2:OBJDATA/SCHT1.DAT[15]",
        "$RCT2:OBJDATA/SCHT1.DAT[17]",
        "$RCT2:OBJDATA/SCHT1.DAT[19]",
        "$RCT2:OBJDATA/SCHT1.DAT[21]",
        "$RCT2:OBJDATA/SCHT1.DAT[23]",
        "$RCT2:OBJDATA/SCHT1.DAT[25]",
        "$RCT2:OBJDATA/SCHT1.DAT[27]",
        "$RCT2:OBJDATA/SCHT1.DAT[29]",
        "$RCT2:OBJDATA/SCHT1.DAT[31]",
        "$RCT2:OBJDATA/SCHT1.DAT[33]",
        "$RCT2:OBJDATA/SCHT1.DAT[35..42]",
        "$RCT2:OBJDATA/SCHT1.DAT[43]",
        "$RCT2:OBJDATA/SCHT1.DAT[45]",
        "$RCT2:OBJDATA/SCHT1.DAT[47]",
        "$RCT2:OBJDATA/SCHT1.DAT[49]",
        "$RCT2:OBJDATA/SCHT1.DAT[51]",
        "$RCT2:OBJDATA/SCHT1.DAT[53]",
        "$RCT2:OBJDATA/SCHT1.DAT[55]",
        "$RCT2:OBJDATA/SCHT1.DAT[57]",
        "$RCT2:OBJDATA/SCHT1.DAT[59]",
        "$RCT2:OBJDATA/SCHT1.DAT[61]",
        "$RCT2:OBJDATA/SCHT1.DAT[63]",
        "$RCT2:OBJDATA/SCHT1.DAT[65]",
        "$RCT2:OBJDATA/SCHT1.DAT[67]",
        "$RCT2:OBJDATA/SCHT1.DAT[69]",
        "$RCT2:OBJDATA/SCHT1.DAT[71]",
        "$RCT2:OBJDATA/SCHT1.DAT[73]",
        "$RCT2:OBJDATA/SCHT1.DAT[75]",
        "$RCT2:OBJDATA/SCHT1.DAT[77]",
        "$RCT2:OBJDATA/SCHT1.DAT[79]",
        "$RCT2:OBJDATA/SCHT1.DAT[81]",
        "$RCT2:OBJDATA/SCHT1.DAT[83]",
        "$RCT2:OBJDATA/SCHT1.DAT[85]",
        "$RCT2:OBJDATA/SCHT1.DAT[87]",
        "$RCT2:OBJDATA/SCHT1.DAT[89]",
        "$RCT2:OBJDATA/SCHT1.DAT[91]",
        "$RCT2:OBJDATA/SCHT1.DAT[93]",
        "$RCT2:OBJDATA/SCHT1.DAT[95]",
        "$RCT2:OBJDATA/SCHT1.DAT[97]",
        "$RCT2:OBJDATA/SCHT1.DAT[99]",
        "$RCT2:OBJDATA/SCHT1.DAT[101]",
        "$RCT2:OBJDATA/SCHT1.DAT[103]",
        "$RCT2:OBJDATA/SCHT1.DAT[105]",
        "$RCT2:OBJDATA/SCHT1.DAT[107..122]",
        "$RCT2:OBJDATA/SCHT1.DAT[123]",
        "$RCT2:OBJDATA/SCHT1.DAT[125]",
        "$RCT2:OBJDATA/SCHT1.DAT[127]",
        "$RCT2:OBJDATA/SCHT1.DAT[129]",
        "$RCT2:OBJDATA/SCHT1.DAT[131]",
        "$RCT2:OBJDATA/SCHT1.DAT[133]",
        "$RCT2:OBJDATA/SCHT1.DAT[135]",
        "$RCT2:OBJDATA/SCHT1.DAT[137]",
        "$RCT2:OBJDATA/SCHT1.DAT[139]",
        "$RCT2:OBJDATA/SCHT1.DAT[141]",
        "$RCT2:OBJDATA/SCHT1.DAT[143]",
        "$RCT2:OBJDATA/SCHT1.DAT[145]",
        "$RCT2:OBJDATA/SCHT1.DAT[147]",
        "$RCT2:OBJDATA/SCHT1.DAT[149]",
        "$RCT2:OBJDATA/SCHT1.DAT[151]",
        "$RCT2:OBJDATA/SCHT1.DAT[153]",
        "$RCT2:OBJDATA/SCHT1.DAT[155]",
        "$RCT2:OBJDATA/SCHT1.DAT[157]",
        "$RCT2:OBJDATA/SCHT1.DAT[159]",
        "$RCT2:OBJDATA/SCHT1.DAT[161]",
        "$RCT2:OBJDATA/SCHT1.DAT[163]",
        "$RCT2:OBJDATA/SCHT1.DAT[165]",
        "$RCT2:OBJDATA/SCHT1.DAT[167]",
        "$RCT2:OBJDATA/SCHT1.DAT[169]",
        "$RCT2:OBJDATA/SCHT1.DAT[171]",
        "$RCT2:OBJDATA/SCHT1.DAT[173]",
        "$RCT2:OBJDATA/SCHT1.DAT[175]",
        "$RCT2:OBJDATA/SCHT1.DAT[177]",
        "$RCT2:OBJDATA/SCHT1.DAT[179]",
        "$RCT2:OBJDATA/SCHT1.DAT[181]",
        "$RCT2:OBJDATA/SCHT1.DAT[183]",
        "$RCT2:OBJDATA/SCHT1.DAT[185]",
        "$RCT2:OBJDATA/SCHT1.DAT[187..194]",
        "$RCT2:OBJDATA/SCHT1.DAT[195]",
        "$RCT2:OBJDATA/SCHT1.DAT[203]",
        "$RCT2:OBJDATA/SCHT1.DAT[211]",
        "$RCT2:OBJDATA/SCHT1.DAT[219]",
        "$RCT2:OBJDATA/SCHT1.DAT[227]",
        "$RCT2:OBJDATA/SCHT1.DAT[235]",
        "$RCT2:OBJDATA/SCHT1.DAT[243]",
        "$RCT2:OBJDATA/SCHT1.DAT[251]",
        "$RCT2:OBJDATA/SCHT1.DAT[259..342]",
        "$RCT2:OBJDATA/SCHT1.DAT[343]",
        "$RCT2:OBJDATA/SCHT1.DAT[345]",
        "$RCT2:OBJDATA/SCHT1.DAT[347]",
        "$RCT2:OBJDATA/SCHT1.DAT[349]",
        "$RCT2:OBJDATA/SCHT1.DAT[351]",
        "$RCT2:OBJDATA/SCHT1.DAT[353]",
        "$RCT2:OBJDATA/SCHT1.DAT[355]",
        "$RCT2:OBJDATA/SCHT1.DAT[357]",
        "$RCT2:OBJDATA/SCHT1.DAT[359]",
        "$RCT2:OBJDATA/SCHT1.DAT[361]",
        "$RCT2:OBJDATA/SCHT1.DAT[363]",
        "$RCT2:OBJDATA/SCHT1.DAT[365]",
        "$RCT2:OBJDATA/SCHT1.DAT[367]",
        "$RCT2:OBJDATA/SCHT1.DAT[369]",
        "$RCT2:OBJDATA/SCHT1.DAT[371]",
        "$RCT2:OBJDATA/SCHT1.DAT[373]",
        "$RCT2:OBJDATA/SCHT1.DAT[375]",
        "$RCT2:OBJDATA/SCHT1.DAT[377]",
        "$RCT2:OBJDATA/SCHT1.DAT[379]",
        "$RCT2:OBJDATA/SCHT1.DAT[381]",
        "$RCT2:OBJDATA/SCHT1.DAT[383]",
        "$RCT2:OBJDATA/SCHT1.DAT[385]",
        "$RCT2:OBJDATA/SCHT1.DAT[387]",
        "$RCT2:OBJDATA/SCHT1.DAT[389]",
        "$RCT2:OBJDATA/SCHT1.DAT[391]",
        "$RCT2:OBJDATA/SCHT1.DAT[393]",
        "$RCT2:OBJDATA/SCHT1.DAT[395]",
        "$RCT2:OBJDATA/SCHT1.DAT[397]",
        "$RCT2:OBJDATA/SCHT1.DAT[399]",
        "$RCT2:OBJDATA/SCHT1.DAT[401]",
        "$RCT2:OBJDATA/SCHT1.DAT[403]",
        "$RCT2:OBJDATA/SCHT1.DAT[405]",
        "$RCT2:OBJDATA/SCHT1.DAT[407]",
        "$RCT2:OBJDATA/SCHT1.DAT[415]",
        "$RCT2:OBJDATA/SCHT1.DAT[423]",
        "$RCT2:OBJDATA/SCHT1.DAT[431]",
        "$RCT2:OBJDATA/SCHT1.DAT[439]",
        "$RCT2:OBJDATA/SCHT1.DAT[447]",
        "$RCT2:OBJDATA/SCHT1.DAT[455]",
        "$RCT2:OBJDATA/SCHT1.DAT[463]",
        "$RCT2:OBJDATA/SCHT1.DAT[471]",
        "$RCT2:OBJDATA/SCHT1.DAT[479]",
        "$RCT2:OBJDATA/SCHT1.DAT[487]",
        "$RCT2:OBJDATA/SCHT1.DAT[495]",
        "$RCT2:OBJDATA/SCHT1.DAT[503]",
        "$RCT2:OBJDATA/SCHT1.DAT[511]",
        "$RCT2:OBJDATA/SCHT1.DAT[519]",
        "$RCT2:OBJDATA/SCHT1.DAT[527]",
        "$RCT2:OBJDATA/SCHT1.DAT[535..550]",
        "$RCT2:OBJDATA/SCHT1.DAT[711..722]",
        "$RCT2:OBJDATA/SCHT1.DAT[723]",
        "$RCT2:OBJDATA/SCHT1.DAT[725]",
        "$RCT2:OBJDATA/SCHT1.DAT[727]",
        "$RCT2:OBJDATA/SCHT1.DAT[729]",
        "$RCT2:OBJDATA/SCHT1.DAT[731]",
        "$RCT2:OBJDATA/SCHT1.DAT[733]",
        "$RCT2:OBJDATA/SCHT1.DAT[735]",
        "$RCT2:OBJDATA/SCHT1.DAT[737]",
        "$RCT2:OBJDATA/SCHT1.DAT[739]",
        "$RCT2:OBJDATA/SCHT1.DAT[741]",
        "$RCT2:OBJDATA/SCHT1.DAT[743]",
        "$RCT2:OBJDATA/SCHT1.DAT[745]",
        "$RCT2:OBJDATA/SCHT1.DAT[747]",
        "$RCT2:OBJDATA/SCHT1.DAT[749]",
        "$RCT2:OBJDATA/SCHT1.DAT[751]",
        "$RCT2:OBJDATA/SCHT1.DAT[753]",
        "$RCT2:OBJDATA/SCHT1.DAT[755..762]",
        "$RCT2:OBJDATA/SCHT1.DAT[763]",
        "$RCT2:OBJDATA/SCHT1.DAT[765]",
        "$RCT2:OBJDATA/SCHT1.DAT[767]",
        "$RCT2:OBJDATA/SCHT1.DAT[769]",
        "$RCT2:OBJDATA/SCHT1.DAT[771]",
        "$RCT2:OBJDATA/SCHT1.DAT[773]",
        "$RCT2:OBJDATA/SCHT1.DAT[775]",
        "$RCT2:OBJDATA/SCHT1.DAT[777]",
        "$RCT2:OBJDATA/SCHT1.DAT[779]",
        "$RCT2:OBJDATA/SCHT1.DAT[781]",
        "$RCT2:OBJDATA/SCHT1.DAT[783]",
        "$RCT2:OBJDATA/SCHT1.DAT[785]",
        "$RCT2:OBJDATA/SCHT1.DAT[787]",
        "$RCT2:OBJDATA/SCHT1.DAT[789]",
        "$RCT2:OBJDATA/SCHT1.DAT[791]",
        "$RCT2:OBJDATA/SCHT1.DAT[793]",
        "$RCT2:OBJDATA/SCHT1.DAT[795]",
        "$RCT2:OBJDATA/SCHT1.DAT[797]",
        "$RCT2:OBJDATA/SCHT1.DAT[799]",
        "$RCT2:OBJDATA/SCHT1.DAT[801]",
        "$RCT2:OBJDATA/SCHT1.DAT[803]",
        "$RCT2:OBJDATA/SCHT1.DAT[805]",
        "$RCT2:OBJDATA/SCHT1.DAT[807]",
        "$RCT2:OBJDATA/SCHT1.DAT[809]",
        "$RCT2:OBJDATA/SCHT1.DAT[811]",
        "$RCT2:OBJDATA/SCHT1.DAT[813]",
        "$RCT2:OBJDATA/SCHT1.DAT[815]",
        "$RCT2:OBJDATA/SCHT1.DAT[817]",
        "$RCT2:OBJDATA/SCHT1.DAT[819]",
        "$RCT2:OBJDATA/SCHT1.DAT[821]",
        "$RCT2:OBJDATA/SCHT1.DAT[823]",
        "$RCT2:OBJDATA/SCHT1.DAT[825]",
        "$RCT2:OBJDATA/SCHT1.DAT[827..842]",
        "$RCT2:OBJDATA/SCHT1.DAT[843]",
        "$RCT2:OBJDATA/SCHT1.DAT[845]",
        "$RCT2:OBJDATA/SCHT1.DAT[847]",
        "$RCT2:OBJDATA/SCHT1.DAT[849]",
        "$RCT2:OBJDATA/SCHT1.DAT[851]",
        "$RCT2:OBJDATA/SCHT1.DAT[853]",
        "$RCT2:OBJDATA/SCHT1.DAT[855]",
        "$RCT2:OBJDATA/SCHT1.DAT[857]",
        "$RCT2:OBJDATA/SCHT1.DAT[859]",
        "$RCT2:OBJDATA/SCHT1.DAT[861]",
        "$RCT2:OBJDATA/SCHT1.DAT[863]",
        "$RCT2:OBJDATA/SCHT1.DAT[865]",
        "$RCT2:OBJDATA/SCHT1.DAT[867]",
        "$RCT2:OBJDATA/SCHT1.DAT[869]",
        "$RCT2:OBJDATA/SCHT1.DAT[871]",
        "$RCT2:OBJDATA/SCHT1.DAT[873]",
        "$RCT2:OBJDATA/SCHT1.DAT[875]",
        "$RCT2:OBJDATA/SCHT1.DAT[877]",
        "$RCT2:OBJDATA/SCHT1.DAT[879]",
        "$RCT2:OBJDATA/SCHT1.DAT[881]",
        "$RCT2:OBJDATA/SCHT1.DAT[883]",
        "$RCT2:OBJDATA/SCHT1.DAT[885]",
        "$RCT2:OBJDATA/SCHT1.DAT[887]",
        "$RCT2:OBJDATA/SCHT1.DAT[889]",
        "$RCT2:OBJDATA/SCHT1.DAT[891]",
        "$RCT2:OBJDATA/SCHT1.DAT[893]",
        "$RCT2:OBJDATA/SCHT1.DAT[895]",
        "$RCT2:OBJDATA/SCHT1.DAT[897]",
        "$RCT2:OBJDATA/SCHT1.DAT[899]",
        "$RCT2:OBJDATA/SCHT1.DAT[901]",
        "$RCT2:OBJDATA/SCHT1.DAT[903]",
        "$RCT2:OBJDATA/SCHT1.DAT[905]",
        "$RCT2:OBJDATA/SCHT1.DAT[907..914]",
        "$RCT2:OBJDATA/SCHT1.DAT[915]",
        "$RCT2:OBJDATA/SCHT1.DAT[923]",
        "$RCT2:OBJDATA/SCHT1.DAT[931]",
        "$RCT2:OBJDATA/SCHT1.DAT[939]",
        "$RCT2:OBJDATA/SCHT1.DAT[947]",
        "$RCT2:OBJDATA/SCHT1.DAT[955]",
        "$RCT2:OBJDATA/SCHT1.DAT[963]",
        "$RCT2:OBJDATA/SCHT1.DAT[971]",
        "$RCT2:OBJDATA/SCHT1.DAT[979..1062]",
        "$RCT2:OBJDATA/SCHT1.DAT[1063]",
        "$RCT2:OBJDATA/SCHT1.DAT[1065]",
        "$RCT2:OBJDATA/SCHT1.DAT[1067]",
        "$RCT2:OBJDATA/SCHT1.DAT[1069]",
        "$RCT2:OBJDATA/SCHT1.DAT[1071]",
        "$RCT2:OBJDATA/SCHT1.DAT[1073]",
        "$RCT2:OBJDATA/SCHT1.DAT[1075]",
        "$RCT2:OBJDATA/SCHT1.DAT[1077]",
        "$RCT2:OBJDATA/SCHT1.DAT[1079]",
        "$RCT2:OBJDATA/SCHT1.DAT[1081]",
        "$RCT2:OBJDATA/SCHT1.DAT[1083]",
        "$RCT2:OBJDATA/SCHT1.DAT[1085]",
        "$RCT2:OBJDATA/SCHT1.DAT[1087]",
        "$RCT2:OBJDATA/SCHT1.DAT[1089]",
        "$RCT2:OBJDATA/SCHT1.DAT[1091]",
        "$RCT2:OBJDATA/SCHT1.DAT[1093]",
        "$RCT2:OBJDATA/SCHT1.DAT[1095]",
        "$RCT2:OBJDATA/SCHT1.DAT[1097]",
        "$RCT2:OBJDATA/SCHT1.DAT[1099]",
        "$RCT2:OBJDATA/SCHT1.DAT[1101]",
        "$RCT2:OBJDATA/SCHT1.DAT[1103]",
        "$RCT2:OBJDATA/SCHT1.DAT[1105]",
        "$RCT2:OBJDATA/SCHT1.DAT[1107]",
        "$RCT2:OBJDATA/SCHT1.DAT[1109]",
        "$RCT2:OBJDATA/SCHT1.DAT[1111]",
        "$RCT2:OBJDATA/SCHT1.DAT[1113]",
        "$RCT2:OBJDATA/SCHT1.DAT[1115]",
        "$RCT2:OBJDATA/SCHT1.DAT[1117]",
        "$RCT2:OBJDATA/SCHT1.DAT[1119]",
        "$RCT2:OBJDATA/SCHT1.DAT[1121]",
        "$RCT2:OBJDATA/SCHT1.DAT[1123]",
        "$RCT2:OBJDATA/SCHT1.DAT[1125]",
        "$RCT2:OBJDATA/SCHT1.DAT[1127]",
        "$RCT2:OBJDATA/SCHT1.DAT[1135]",
        "$RCT2:OBJDATA/SCHT1.DAT[1143]",
        "$RCT2:OBJDATA/SCHT1.DAT[1151]",
        "$RCT2:OBJDATA/SCHT1.DAT[1159]",
        "$RCT2:OBJDATA/SCHT1.DAT[1167]",
        "$RCT2:OBJDATA/SCHT1.DAT[1175]",
        "$RCT2:OBJDATA/SCHT1.DAT[1183]",
        "$RCT2:OBJDATA/SCHT1.DAT[1191]",
        "$RCT2:OBJDATA/SCHT1.DAT[1199]",
        "$RCT2:OBJDATA/SCHT1.DAT[1207]",
        "$RCT2:OBJDATA/SCHT1.DAT[1215]",
        "$RCT2:OBJDATA/SCHT1.DAT[1223]",
        "$RCT2:OBJDATA/SCHT1.DAT[1231]",
        "$RCT2:OBJDATA/SCHT1.DAT[1239]",
        "$RCT2:OBJDATA/SCHT1.DAT[1247]",
        "$RCT2:OBJDATA/SCHT1.DAT[1255..1270]",
        "$RCT2:OBJDATA/SCHT1.DAT[1431..1442]",
        "$RCT2:OBJDATA/SCHT1.DAT[1443]",
        "$RCT2:OBJDATA/SCHT1.DAT[1445]",
        "$RCT2:OBJDATA/SCHT1.DAT[1447]",
        "$RCT2:OBJDATA/SCHT1.DAT[1449]",
        "$RCT2:OBJDATA/SCHT1.DAT[1451]",
        "$RCT2:OBJDATA/SCHT1.DAT[1453]",
        "$RCT2:OBJDATA/SCHT1.DAT[1455]",
        "$RCT2:OBJDATA/SCHT1.DAT[1457]",
        "$RCT2:OBJDATA/SCHT1.DAT[1459]",
        "$RCT2:OBJDATA/SCHT1.DAT[1461]",
        "$RCT2:OBJDATA/SCHT1.DAT[1463]",
        "$RCT2:OBJDATA/SCHT1.DAT[1465]",
        "$RCT2:OBJDATA/SCHT1.DAT[1467]",
        "$RCT2:OBJDATA/SCHT1.DAT[1469]",
        "$RCT2:OBJDATA/SCHT1.DAT[1471]",
        "$RCT2:OBJDATA/SCHT1.DAT[1473]",
        "$RCT2:OBJDATA/SCHT1.DAT[1475..1482]",
        "$RCT2:OBJDATA/SCHT1.DAT[1483]",
        "$RCT2:OBJDATA/SCHT1.DAT[1485]",
        "$RCT2:OBJDATA/SCHT1.DAT[1487]",
        "$RCT2:OBJDATA/SCHT1.DAT[1489]",
        "$RCT2:OBJDATA/SCHT1.DAT[1491]",
        "$RCT2:OBJDATA/SCHT1.DAT[1493]",
        "$RCT2:OBJDATA/SCHT1.DAT[1495]",
        "$RCT2:OBJDATA/SCHT1.DAT[1497]",
        "$RCT2:OBJDATA/SCHT1.DAT[1499]",
        "$RCT2:OBJDATA/SCHT1.DAT[1501]",
        "$RCT2:OBJDATA/SCHT1.DAT[1503]",
        "$RCT2:OBJDATA/SCHT1.DAT[1505]",
        "$RCT2:OBJDATA/SCHT1.DAT[1507]",
        "$RCT2:OBJDATA/SCHT1.DAT[1509]",
        "$RCT2:OBJDATA/SCHT1.DAT[1511]",
        "$RCT2:OBJDATA/SCHT1.DAT[1513]",
        "$RCT2:OBJDATA/SCHT1.DAT[1515]",
        "$RCT2:OBJDATA/SCHT1.DAT[1517]",
        "$RCT2:OBJDATA/SCHT1.DAT[1519]",
        "$RCT2:OBJDATA/SCHT1.DAT[1521]",
        "$RCT2:OBJDATA/SCHT1.DAT[1523]",
        "$RCT2:OBJDATA/SCHT1.DAT[1525]",
        "$RCT2:OBJDATA/SCHT1.DAT[1527]",
        "$RCT2:OBJDATA/SCHT1.DAT[1529]",
        "$RCT2:OBJDATA/SCHT1.DAT[1531]",
        "$RCT2:OBJDATA/SCHT1.DAT[1533]",
        "$RCT2:OBJDATA/SCHT1.DAT[1535]",
        "$RCT2:OBJDATA/SCHT1.DAT[1537]",
        "$RCT2:OBJDATA/SCHT1.DAT[1539]",
        "$RCT2:OBJDATA/SCHT1.DAT[1541]",
        "$RCT2:OBJDATA/SCHT1.DAT[1543]",
        "$RCT2:OBJDATA/SCHT1.DAT[1545]",
        "$RCT2:OBJDATA/SCHT1.DAT[1547..1562]",
        "$RCT2:OBJDATA/SCHT1.DAT[1563]",
        "$RCT2:OBJDATA/SCHT1.DAT[1565]",
        "$RCT2:OBJDATA/SCHT1.DAT[1567]",
        "$RCT2:OBJDATA/SCHT1.DAT[1569]",
        "$RCT2:OBJDATA/SCHT1.DAT[1571]",
        "$RCT2:OBJDATA/SCHT1.DAT[1573]",
        "$RCT2:OBJDATA/SCHT1.DAT[1575]",
        "$RCT2:OBJDATA/SCHT1.DAT[1577]",
        "$RCT2:OBJDATA/SCHT1.DAT[1579]",
        "$RCT2:OBJDATA/SCHT1.DAT[1581]",
        "$RCT2:OBJDATA/SCHT1.DAT[1583]",
        "$RCT2:OBJDATA/SCHT1.DAT[1585]",
        "$RCT2:OBJDATA/SCHT1.DAT[1587]",
        "$RCT2:OBJDATA/SCHT1.DAT[1589]",
        "$RCT2:OBJDATA/SCHT1.DAT[1591]",
        "$RCT2:OBJDATA/SCHT1.DAT[1593]",
        "$RCT2:OBJDATA/SCHT1.DAT[1595]",
        "$RCT2:OBJDATA/SCHT1.DAT[1597]",
        "$RCT2:OBJDATA/SCHT1.DAT[1599]",
        "$RCT2:OBJDATA/SCHT1.DAT[1601]",
        "$RCT2:OBJDATA/SCHT1.DAT[1603]",
        "$RCT2:OBJDATA/SCHT1.DAT[1605]",
        "$RCT2:OBJDATA/SCHT1.DAT[1607]",
        "$RCT2:OBJDATA/SCHT1.DAT[1609]",
        "$RCT2:OBJDATA/SCHT1.DAT[1611]",
        "$RCT2:OBJDATA/SCHT1.DAT[1613]",
        "$RCT2:OBJDATA/SCHT1.DAT[1615]",
        "$RCT2:OBJDATA/SCHT1.DAT[1617]",
        "$RCT2:OBJDATA/SCHT1.DAT[1619]",
        "$RCT2:OBJDATA/SCHT1.DAT[1621]",
        "$RCT2:OBJDATA/SCHT1.DAT[1623]",
        "$RCT2:OBJDATA/SCHT1.DAT[1625]",
        "$RCT2:OBJDATA/SCHT1.DAT[1627..1634]",
        "$RCT2:OBJDATA/SCHT1.DAT[1635]",
        "$RCT2:OBJDATA/SCHT1.DAT[1643]",
        "$RCT2:OBJDATA/SCHT1.DAT[1651]",
        "$RCT2:OBJDATA/SCHT1.DAT[1659]",
        "$RCT2:OBJDATA/SCHT1.DAT[1667]",
        "$RCT2:OBJDATA/SCHT1.DAT[1675]",
        "$RCT2:OBJDATA/SCHT1.DAT[1683]",
        "$RCT2:OBJDATA/SCHT1.DAT[1691]",
        "$RCT2:OBJDATA/SCHT1.DAT[1699..1782]",
        "$RCT2:OBJDATA/SCHT1.DAT[1783]",
        "$RCT2:OBJDATA/SCHT1.DAT[1785]",
        "$RCT2:OBJDATA/SCHT1.DAT[1787]",
        "$RCT2:OBJDATA/SCHT1.DAT[1789]",
        "$RCT2:OBJDATA/SCHT1.DAT[1791]",
        "$RCT2:OBJDATA/SCHT1.DAT[1793]",
        "$RCT2:OBJDATA/SCHT1.DAT[1795]",
        "$RCT2:OBJDATA/SCHT1.DAT[1797]",
        "$RCT2:OBJDATA/SCHT1.DAT[1799]",
        "$RCT2:OBJDATA/SCHT1.DAT[1801]",
        "$RCT2:OBJDATA/SCHT1.DAT[1803]",
        "$RCT2:OBJDATA/SCHT1.DAT[1805]",
        "$RCT2:OBJDATA/SCHT1.DAT[1807]",
        "$RCT2:OBJDATA/SCHT1.DAT[1809]",
        "$RCT2:OBJDATA/SCHT1.DAT[1811]",
        "$RCT2:OBJDATA/SCHT1.DAT[1813]",
        "$RCT2:OBJDATA/SCHT1.DAT[1815]",
        "$RCT2:OBJDATA/SCHT1.DAT[1817]",
        "$RCT2:OBJDATA/SCHT1.DAT[1819]",
        "$RCT2:OBJDATA/SCHT1.DAT[1821]",
        "$RCT2:OBJDATA/SCHT1.DAT[1823]",
        "$RCT2:OBJDATA/SCHT1.DAT[1825]",
        "$RCT2:OBJDATA/SCHT1.DAT[1827]",
        "$RCT2:OBJDATA/SCHT1.DAT[1829]",
        "$RCT2:OBJDATA/SCHT1.DAT[1831]",
        "$RCT2:OBJDATA/SCHT1.DAT[1833]",
        "$RCT2:OBJDATA/SCHT1.DAT[1835]",
        "$RCT2:OBJDATA/SCHT1.DAT[1837]",
        "$RCT2:OBJDATA/SCHT1.DAT[1839]",
        "$RCT2:OBJDATA/SCHT1.DAT[1841]",
        "$RCT2:OBJDATA/SCHT1.DAT[1843]",
        "$RCT2:OBJDATA/SCHT1.DAT[1845]",
        "$RCT2:OBJDATA/SCHT1.DAT[1847]",
        "$RCT2:OBJDATA/SCHT1.DAT[1855]",
        "$RCT2:OBJDATA/SCHT1.DAT[1863]",
        "$RCT2:OBJDATA/SCHT1.DAT[1871]",
        "$RCT2:OBJDATA/SCHT1.DAT[1879]",
        "$RCT2:OBJDATA/SCHT1.DAT[1887]",
        "$RCT2:OBJDATA/SCHT1.DAT[1895]",
        "$RCT2:OBJDATA/SCHT1.DAT[1903]",
        "$RCT2:OBJDATA/SCHT1.DAT[1911]",
        "$RCT2:OBJDATA/SCHT1.DAT[1919]",
        "$RCT2:OBJDATA/SCHT1.DAT[1927]",
        "$RCT2:OBJDATA/SCHT1.DAT[1935]",
        "$RCT2:OBJDATA/SCHT1.DAT[1943]",
        "$RCT2:OBJDATA/SCHT1.DAT[1951]",
        "$RCT2:OBJDATA/SCHT1.DAT[1959]",
        "$RCT2:OBJDATA/SCHT1.DAT[1967]",
        "$RCT2:OBJDATA/SCHT1.DAT[1975..1990]",
        "$RCT2:OBJDATA/SCHT1.DAT[2151..2162]",
        "$RCT2:OBJDATA/SCHT1.DAT[2163]",
        "$RCT2:OBJDATA/SCHT1.DAT[2165]",
        "$RCT2:OBJDATA/SCHT1.DAT[2167]",
        "$RCT2:OBJDATA/SCHT1.DAT[2169]",
        "$RCT2:OBJDATA/SCHT1.DAT[2171]",
        "$RCT2:OBJDATA/SCHT1.DAT[2173]",
        "$RCT2:OBJDATA/SCHT1.DAT[2175]",
        "$RCT2:OBJDATA/SCHT1.DAT[2177]",
        "$RCT2:OBJDATA/SCHT1.DAT[2179]",
        "$RCT2:OBJDATA/SCHT1.DAT[2181]",
        "$RCT2:OBJDATA/SCHT1.DAT[2183]",
        "$RCT2:OBJDATA/SCHT1.DAT[2185]",
        "$RCT2:OBJDATA/SCHT1.DAT[2187]",
        "$RCT2:OBJDATA/SCHT1.DAT[2189]",
        "$RCT2:OBJDATA/SCHT1.DAT[2191]",
        "$RCT2:OBJDATA/SCHT1.DAT[2193]",
        "$RCT2:OBJDATA/SCHT1.DAT[2195..2202]",
        "$RCT2:OBJDATA/SCHT1.DAT[2203]",
        "$RCT2:OBJDATA/SCHT1.DAT[2205]",
        "$RCT2:OBJDATA/SCHT1.DAT[2207]",
        "$RCT2:OBJDATA/SCHT1.DAT[2209]",
        "$RCT2:OBJDATA/SCHT1.DAT[2211]",
        "$RCT2:OBJDATA/SCHT1.DAT[2213]",
        "$RCT2:OBJDATA/SCHT1.DAT[2215]",
        "$RCT2:OBJDATA/SCHT1.DAT[2217]",
        "$RCT2:OBJDATA/SCHT1.DAT[2219]",
        "$RCT2:OBJDATA/SCHT1.DAT[2221]",
        "$RCT2:OBJDATA/SCHT1.DAT[2223]",
        "$RCT2:OBJDATA/SCHT1.DAT[2225]",
        "$RCT2:OBJDATA/SCHT1.DAT[2227]",
        "$RCT2:OBJDATA/SCHT1.DAT[2229]",
        "$RCT2:OBJDATA/SCHT1.DAT[2231]",
        "$RCT2:OBJDATA/SCHT1.DAT[2233]",
        "$RCT2:OBJDATA/SCHT1.DAT[2235]",
        "$RCT2:OBJDATA/SCHT1.DAT[2237]",
        "$RCT2:OBJDATA/SCHT1.DAT[2239]",
        "$RCT2:OBJDATA/SCHT1.DAT[2241]",
        "$RCT2:OBJDATA/SCHT1.DAT[2243]",
        "$RCT2:OBJDATA/SCHT1.DAT[2245]",
        "$RCT2:OBJDATA/SCHT1.DAT[2247]",
        "$RCT2:OBJDATA/SCHT1.DAT[2249]",
        "$RCT2:OBJDATA/SCHT1.DAT[2251]",
        "$RCT2:OBJDATA/SCHT1.DAT[2253]",
        "$RCT2:OBJDATA/SCHT1.DAT[2255]",
        "$RCT2:OBJDATA/SCHT1.DAT[2257]",
        "$RCT2:OBJDATA/SCHT1.DAT[2259]",
        "$RCT2:OBJDATA/SCHT1.DAT[2261]",
        "$RCT2:OBJDATA/SCHT1.DAT[2263]",
        "$RCT2:OBJDATA/SCHT1.DAT[2265]",
        "$RCT2:OBJDATA/SCHT1.DAT[2267..2282]",
        "$RCT2:OBJDATA/SCHT1.DAT[2283]",
        "$RCT2:OBJDATA/SCHT1.DAT[2285]",
        "$RCT2:OBJDATA/SCHT1.DAT[2287]",
        "$RCT2:OBJDATA/SCHT1.DAT[2289]",
        "$RCT2:OBJDATA/SCHT1.DAT[2291]",
        "$RCT2:OBJDATA/SCHT1.DAT[2293]",
        "$RCT2:OBJDATA/SCHT1.DAT[2295]",
        "$RCT2:OBJDATA/SCHT1.DAT[2297]",
        "$RCT2:OBJDATA/SCHT1.DAT[2299]",
        "$RCT2:OBJDATA/SCHT1.DAT[2301]",
        "$RCT2:OBJDATA/SCHT1.DAT[2303]",
        "$RCT2:OBJDATA/SCHT1.DAT[2305]",
        "$RCT2:OBJDATA/SCHT1.DAT[2307]",
        "$RCT2:OBJDATA/SCHT1.DAT[2309]",
        "$RCT2:OBJDATA/SCHT1.DAT[2311]",
        "$RCT2:OBJDATA/SCHT1.DAT[2313]",
        "$RCT2:OBJDATA/SCHT1.DAT[2315]",
        "$RCT2:OBJDATA/SCHT1.DAT[2317]",
        "$RCT2:OBJDATA/SCHT1.DAT[2319]",
        "$RCT2:OBJDATA/SCHT1.DAT[2321]",
        "$RCT2:OBJDATA/SCHT1.DAT[2323]",
        "$RCT2:OBJDATA/SCHT1.DAT[2325]",
        "$RCT2:OBJDATA/SCHT1.DAT[2327]",
        "$RCT2:OBJDATA/SCHT1.DAT[2329]",
        "$RCT2:OBJDATA/SCHT1.DAT[2331]",
        "$RCT2:OBJDATA/SCHT1.DAT[2333]",
        "$RCT2:OBJDATA/SCHT1.DAT[2335]",
        "$RCT2:OBJDATA/SCHT1.DAT[2337]",
        "$RCT2:OBJDATA/SCHT1.DAT[2339]",
        "$RCT2:OBJDATA/SCHT1.DAT[2341]",
        "$RCT2:OBJDATA/SCHT1.DAT[2343]",
        "$RCT2:OBJDATA/SCHT1.DAT[2345]",
        "$RCT2:OBJDATA/SCHT1.DAT[2347..2354]",
        "$RCT2:OBJDATA/SCHT1.DAT[2355]",
        "$RCT2:OBJDATA/SCHT1.DAT[2363]",
        "$RCT2:OBJDATA/SCHT1.DAT[2371]",
        "$RCT2:OBJDATA/SCHT1.DAT[2379]",
        "$RCT2:OBJDATA/SCHT1.DAT[2387]",
        "$RCT2:OBJDATA/SCHT1.DAT[2395]",
        "$RCT2:OBJDATA/SCHT1.DAT[2403]",
        "$RCT2:OBJDATA/SCHT1.DAT[2411]",
        "$RCT2:OBJDATA/SCHT1.DAT[2419..2502]",
        "$RCT2:OBJDATA/SCHT1.DAT[2503]",
        "$RCT2:OBJDATA/SCHT1.DAT[2505]",
        "$RCT2:OBJDATA/SCHT1.DAT[2507]",
        "$RCT2:OBJDATA/SCHT1.DAT[2509]",
        "$RCT2:OBJDATA/SCHT1.DAT[2511]",
        "$RCT2:OBJDATA/SCHT1.DAT[2513]",
        "$RCT2:OBJDATA/SCHT1.DAT[2515]",
        "$RCT2:OBJDATA/SCHT1.DAT[2517]",
        "$RCT2:OBJDATA/SCHT1.DAT[2519]",
        "$RCT2:OBJDATA/SCHT1.DAT[2521]",
        "$RCT2:OBJDATA/SCHT1.DAT[2523]",
        "$RCT2:OBJDATA/SCHT1.DAT[2525]",
        "$RCT2:OBJDATA/SCHT1.DAT[2527]",
        "$RCT2:OBJDATA/SCHT1.DAT[2529]",
        "$RCT2:OBJDATA/SCHT1.DAT[2531]",
        "$RCT2:OBJDATA/SCHT1.DAT[2533]",
        "$RCT2:OBJDATA/SCHT1.DAT[2535]",
        "$RCT2:OBJDATA/SCHT1.DAT[2537]",
        "$RCT2:OBJDATA/SCHT1.DAT[2539]",
        "$RCT2:OBJDATA/SCHT1.DAT[2541]",
        "$RCT2:OBJDATA/SCHT1.DAT[2543]",
        "$RCT2:OBJDATA/SCHT1.DAT[2545]",
        "$RCT2:OBJDATA/SCHT1.DAT[2547]",
        "$RCT2:OBJDATA/SCHT1.DAT[2549]",
        "$RCT2:OBJDATA/SCHT1.DAT[2551]",
        "$RCT2:OBJDATA/SCHT1.DAT[2553]",
        "$RCT2:OBJDATA/SCHT1.DAT[2555]",
        "$RCT2:OBJDATA/SCHT1.DAT[2557]",
        "$RCT2:OBJDATA/SCHT1.DAT[2559]",
        "$RCT2:OBJDATA/SCHT1.DAT[2561]",
        "$RCT2:OBJDATA/SCHT1.DAT[2563]",
        "$RCT2:OBJDATA/SCHT1.DAT[2565]",
        "$RCT2:OBJDATA/SCHT1.DAT[2567]",
        "$RCT2:OBJDATA/SCHT1.DAT[2575]",
        "$RCT2:OBJDATA/SCHT1.DAT[2583]",
        "$RCT2:OBJDATA/SCHT1.DAT[2591]",
        "$RCT2:OBJDATA/SCHT1.DAT[2599]",
        "$RCT2:OBJDATA/SCHT1.DAT[2607]",
        "$RCT2:OBJDATA/SCHT1.DAT[2615]",
        "$RCT2:OBJDATA/SCHT1.DAT[2623]",
        "$RCT2:OBJDATA/SCHT1.DAT[2631]",
        "$RCT2:OBJDATA/SCHT1.DAT[2639]",
        "$RCT2:OBJDATA/SCHT1.DAT[2647]",
        "$RCT2:OBJDATA/SCHT1.DAT[2655]",
        "$RCT2:OBJDATA/SCHT1.DAT[2663]",
        "$RCT2:OBJDATA/SCHT1.DAT[2671]",
        "$RCT2:OBJDATA/SCHT1.DAT[2679]",
        "$RCT2:OBJDATA/SCHT1.DAT[2687]",
        "$RCT2:OBJDATA/SCHT1.DAT[2695..2710]",
        "$RCT2:OBJDATA/SCHT1.DAT[2871..2882]",
        "$RCT2:OBJDATA/SCHT1.DAT[2883]",
        "$RCT2:OBJDATA/SCHT1.DAT[2885]",
        "$RCT2:OBJDATA/SCHT1.DAT[2887]",
        "$RCT2:OBJDATA/SCHT1.DAT[2889]",
        "$RCT2:OBJDATA/SCHT1.DAT[2891]",
        "$RCT2:OBJDATA/SCHT1.DAT[2893]",
        "$RCT2:OBJDATA/SCHT1.DAT[2895]",
        "$RCT2:OBJDATA/SCHT1.DAT[2897]",
        "$RCT2:OBJDATA/SCHT1.DAT[2899]",
        "$RCT2:OBJDATA/SCHT1.DAT[2901]",
        "$RCT2:OBJDATA/SCHT1.DAT[2903]",
        "$RCT2:OBJDATA/SCHT1.DAT[2905]",
        "$RCT2:OBJDATA/SCHT1.DAT[2907]",
        "$RCT2:OBJDATA/SCHT1.DAT[2909]",
        "$RCT2:OBJDATA/SCHT1.DAT[2911]",
        "$RCT2:OBJDATA/SCHT1.DAT[2913]",
        "$RCT2:OBJDATA/SCHT1.DAT[2915..2922]",
        "$RCT2:OBJDATA/SCHT1.DAT[2923]",
        "$RCT2:OBJDATA/SCHT1.DAT[2925]",
        "$RCT2:OBJDATA/SCHT1.DAT[2927]",
        "$RCT2:OBJDATA/SCHT1.DAT[2929]",
        "$RCT2:OBJDATA/SCHT1.DAT[2931]",
        "$RCT2:OBJDATA/SCHT1.DAT[2933]",
        "$RCT2:OBJDATA/SCHT1.DAT[2935]",
        "$RCT2:OBJDATA/SCHT1.DAT[2937]",
        "$RCT2:OBJDATA/SCHT1.DAT[2939]",
        "$RCT2:OBJDATA/SCHT1.DAT[2941]",
        "$RCT2:OBJDATA/SCHT1.DAT[2943]",
        "$RCT2:OBJDATA/SCHT1.DAT[2945]",
        "$RCT2:OBJDATA/SCHT1.DAT[2947]",
        "$RCT2:OBJDATA/SCHT1.DAT[2949]",
        "$RCT2:OBJDATA/SCHT1.DAT[2951]",
        "$RCT2:OBJDATA/SCHT1.DAT[2953]",
        "$RCT2:OBJDATA/SCHT1.DAT[2955]",
        "$RCT2:OBJDATA/SCHT1.DAT[2957]",
        "$RCT2:OBJDATA/SCHT1.DAT[2959]",
        "$RCT2:OBJDATA/SCHT1.DAT[2961]",
        "$RCT2:OBJDATA/SCHT1.DAT[2963]",
        "$RCT2:OBJDATA/SCHT1.DAT[2965]",
        "$RCT2:OBJDATA/SCHT1.DAT[2967]",
        "$RCT2:OBJDATA/SCHT1.DAT[2969]",
        "$RCT2:OBJDATA/SCHT1.DAT[2971]",
        "$RCT2:OBJDATA/SCHT1.DAT[2973]",
        "$RCT2:OBJDATA/SCHT1.DAT[2975]",
        "$RCT2:OBJDATA/SCHT1.DAT[2977]",
        "$RCT2:OBJDATA/SCHT1.DAT[2979]",
        "$RCT2:OBJDATA/SCHT1.DAT[2981]",
        "$RCT2:OBJDATA/SCHT1.DAT[2983]",
        "$RCT2:OBJDATA/SCHT1.DAT[2985]",
        "$RCT2:OBJDATA/SCHT1.DAT[2987..3002]",
        "$RCT2:OBJDATA/SCHT1.DAT[3003]",
        "$RCT2:OBJDATA/SCHT1.DAT[3005]",
        "$RCT2:OBJDATA/SCHT1.DAT[3007]",
        "$RCT2:OBJDATA/SCHT1.DAT[3009]",
        "$RCT2:OBJDATA/SCHT1.DAT[3011]",
        "$RCT2:OBJDATA/SCHT1.DAT[3013]",
        "$RCT2:OBJDATA/SCHT1.DAT[3015]",
        "$RCT2:OBJDATA/SCHT1.DAT[3017]",
        "$RCT2:OBJDATA/SCHT1.DAT[3019]",
        "$RCT2:OBJDATA/SCHT1.DAT[3021]",
        "$RCT2:OBJDATA/SCHT1.DAT[3023]",
        "$RCT2:OBJDATA/SCHT1.DAT[3025]",
        "$RCT2:OBJDATA/SCHT1.DAT[3027]",
        "$RCT2:OBJDATA/SCHT1.DAT[3029]",
        "$RCT2:OBJDATA/SCHT1.DAT[3031]",
        "$RCT2:OBJDATA/SCHT1.DAT[3033]",
        "$RCT2:OBJDATA/SCHT1.DAT[3035]",
        "$RCT2:OBJDATA/SCHT1.DAT[3037]",
        "$RCT2:OBJDATA/SCHT1.DAT[3039]",
        "$RCT2:OBJDATA/SCHT1.DAT[3041]",
        "$RCT2:OBJDATA/SCHT1.DAT[3043]",
        "$RCT2:OBJDATA/SCHT1.DAT[3045]",
        "$RCT2:OBJDATA/SCHT1.DAT[3047]",
        "$RCT2:OBJDATA/SCHT1.DAT[3049]",
        "$RCT2:OBJDATA/SCHT1.DAT[3051]",
        "$RCT2:OBJDATA/SCHT1.DAT[3053]",
        "$RCT2:OBJDATA/SCHT1.DAT[3055]",
        "$RCT2:OBJDATA/SCHT1.DAT[3057]",
        "$RCT2:OBJDATA/SCHT1.DAT[3059]",
        "$RCT2:OBJDATA/SCHT1.DAT[3061]",
        "$RCT2:OBJDATA/SCHT1.DAT[3063]",
        "$RCT2:OBJDATA/SCHT1.DAT[3065]",
        "$RCT2:OBJDATA/SCHT1.DAT[3067..3074]",
        "$RCT2:OBJDATA/SCHT1.DAT[3075]",
        "$RCT2:OBJDATA/SCHT1.DAT[3083]",
        "$RCT2:OBJDATA/SCHT1.DAT[3091]",
        "$RCT2:OBJDATA/SCHT1.DAT[3099]",
        "$RCT2:OBJDATA/SCHT1.DAT[3107]",
        "$RCT2:OBJDATA/SCHT1.DAT[3115]",
        "$RCT2:OBJDATA/SCHT1.DAT[3123]",
        "$RCT2:OBJDATA/SCHT1.DAT[3131]",
        "$RCT2:OBJDATA/SCHT1.DAT[3139..3222]",
        "$RCT2:OBJDATA/SCHT1.DAT[3223]",
        "$RCT2:OBJDATA/SCHT1.DAT[3225]",
        "$RCT2:OBJDATA/SCHT1.DAT[3227]",
        "$RCT2:OBJDATA/SCHT1.DAT[3229]",
        "$RCT2:OBJDATA/SCHT1.DAT[3231]",
        "$RCT2:OBJDATA/SCHT1.DAT[3233]",
        "$RCT2:OBJDATA/SCHT1.DAT[3235]",
        "$RCT2:OBJDATA/SCHT1.DAT[3237]",
        "$RCT2:OBJDATA/SCHT1.DAT[3239]",
        "$RCT2:OBJDATA/SCHT1.DAT[3241]",
        "$RCT2:OBJDATA/SCHT1.DAT[3243]",
        "$RCT2:OBJDATA/SCHT1.DAT[3245]",
        "$RCT2:OBJDATA/SCHT1.DAT[3247]",
        "$RCT2:OBJDATA/SCHT1.DAT[3249]",
        "$RCT2:OBJDATA/SCHT1.DAT[3251]",
        "$RCT2:OBJDATA/SCHT1.DAT[3253]",
        "$RCT2:OBJDATA/SCHT1.DAT[3255]",
        "$RCT2:OBJDATA/SCHT1.DAT[3257]",
        "$RCT2:OBJDATA/SCHT1.DAT[3259]",
        "$RCT2:OBJDATA/SCHT1.DAT[3261]",
        "$RCT2:OBJDATA/SCHT1.DAT[3263]",
        "$RCT2:OBJDATA/SCHT1.DAT[3265]",
        "$RCT2:OBJDATA/SCHT1.DAT[3267]",
        "$RCT2:OBJDATA/SCHT1.DAT[3269]",
        "$RCT2:OBJDATA/SCHT1.DAT[3271]",
        "$RCT2:OBJDATA/SCHT1.DAT[3273]",
        "$RCT2:OBJDATA/SCHT1.DAT[3275]",
        "$RCT2:OBJDATA/SCHT1.DAT[3277]",
        "$RCT2:OBJDATA/SCHT1.DAT[3279]",
        "$RCT2:OBJDATA/SCHT1.DAT[3281]",
        "$RCT2:OBJDATA/SCHT1.DAT[3283]",
        "$RCT2:OBJDATA/SCHT1.DAT[3285]",
        "$RCT2:OBJDATA/SCHT1.DAT[3287]",
        "$RCT2:OBJDATA/SCHT1.DAT[3295]",
        "$RCT2:OBJDATA/SCHT1.DAT[3303]",
        "$RCT2:OBJDATA/SCHT1.DAT[3311]",
        "$RCT2:OBJDATA/SCHT1.DAT[3319]",
        "$RCT2:OBJDATA/SCHT1.DAT[3327]",
        "$RCT2:OBJDATA/SCHT1.DAT[3335]",
        "$RCT2:OBJDATA/SCHT1.DAT[3343]",
        "$RCT2:OBJDATA/SCHT1.DAT[3351]",
        "$RCT2:OBJDATA/SCHT1.DAT[3359]",
        "$RCT2:OBJDATA/SCHT1.DAT[3367]",
        "$RCT2:OBJDATA/SCHT1.DAT[3375]",
        "$RCT2:OBJDATA/SCHT1.DAT[3383]",
        "$RCT2:OBJDATA/SCHT1.DAT[3391]",
        "$RCT2:OBJDATA/SCHT1.DAT[3399]",
        "$RCT2:OBJDATA/SCHT1.DAT[3407]",
        "$RCT2:OBJDATA/SCHT1.DAT[3415..3430]",
        "$RCT2:OBJDATA/SCHT1.DAT[3591..3602]",
        "$RCT2:OBJDATA/SCHT1.DAT[3603]",
        "$RCT2:OBJDATA/SCHT1.DAT[3605]",
        "$RCT2:OBJDATA/SCHT1.DAT[3607]",
        "$RCT2:OBJDATA/SCHT1.DAT[3609]",
        "$RCT2:OBJDATA/SCHT1.DAT[3611]",
        "$RCT2:OBJDATA/SCHT1.DAT[3613]",
        "$RCT2:OBJDATA/SCHT1.DAT[3615]",
        "$RCT2:OBJDATA/SCHT1.DAT[3617]",
        "$RCT2:OBJDATA/SCHT1.DAT[3619]",
        "$RCT2:OBJDATA/SCHT1.DAT[3621]",
        "$RCT2:OBJDATA/SCHT1.DAT[3623]",
        "$RCT2:OBJDATA/SCHT1.DAT[3625]",
        "$RCT2:OBJDATA/SCHT1.DAT[3627]",
        "$RCT2:OBJDATA/SCHT1.DAT[3629]",
        "$RCT2:OBJDATA/SCHT1.DAT[3631]",
        "$RCT2:OBJDATA/SCHT1.DAT[3633]",
        "$RCT2:OBJDATA/SCHT1.DAT[3635..3642]",
        "$RCT2:OBJDATA/SCHT1.DAT[3643]",
        "$RCT2:OBJDATA/SCHT1.DAT[3645]",
        "$RCT2:OBJDATA/SCHT1.DAT[3647]",
        "$RCT2:OBJDATA/SCHT1.DAT[3649]",
        "$RCT2:OBJDATA/SCHT1.DAT[3651]",
        "$RCT2:OBJDATA/SCHT1.DAT[3653]",
        "$RCT2:OBJDATA/SCHT1.DAT[3655]",
        "$RCT2:OBJDATA/SCHT1.DAT[3657]",
        "$RCT2:OBJDATA/SCHT1.DAT[3659]",
        "$RCT2:OBJDATA/SCHT1.DAT[3661]",
        "$RCT2:OBJDATA/SCHT1.DAT[3663]",
        "$RCT2:OBJDATA/SCHT1.DAT[3665]",
        "$RCT2:OBJDATA/SCHT1.DAT[3667]",
        "$RCT2:OBJDATA/SCHT1.DAT[3669]",
        "$RCT2:OBJDATA/SCHT1.DAT[3671]",
        "$RCT2:OBJDATA/SCHT1.DAT[3673]",
        "$RCT2:OBJDATA/SCHT1.DAT[3675]",
        "$RCT2:OBJDATA/SCHT1.DAT[3677]",
        "$RCT2:OBJDATA/SCHT1.DAT[3679]",
        "$RCT2:OBJDATA/SCHT1.DAT[3681]",
        "$RCT2:OBJDATA/SCHT1.DAT[3683]",
        "$RCT2:OBJDATA/SCHT1.DAT[3685]",
        "$RCT2:OBJDATA/SCHT1.DAT[3687]",
        "$RCT2:OBJDATA/SCHT1.DAT[3689]",
        "$RCT2:OBJDATA/SCHT1.DAT[3691]",
        "$RCT2:OBJDATA/SCHT1.DAT[3693]",
        "$RCT2:OBJDATA/SCHT1.DAT[3695]",
        "$RCT2:OBJDATA/SCHT1.DAT[3697]",
        "$RCT2:OBJDATA/SCHT1.DAT[3699]",
        "$RCT2:OBJDATA/SCHT1.DAT[3701]",
        "$RCT2:OBJDATA/SCHT1.DAT[3703]",
        "$RCT2:OBJDATA/SCHT1.DAT[3705]",
        "$RCT2:OBJDATA/SCHT1.DAT[3707..3722]",
        "$RCT2:OBJDATA/SCHT1.DAT[3723]",
        "$RCT2:OBJDATA/SCHT1.DAT[3725]",
        "$RCT2:OBJDATA/SCHT1.DAT[3727]",
        "$RCT2:OBJDATA/SCHT1.DAT[3729]",
        "$RCT2:OBJDATA/SCHT1.DAT[3731]",
        "$RCT2:OBJDATA/SCHT1.DAT[3733]",
        "$RCT2:OBJDATA/SCHT1.DAT[3735]",
        "$RCT2:OBJDATA/SCHT1.DAT[3737]",
        "$RCT2:OBJDATA/SCHT1.DAT[3739]",
        "$RCT2:OBJDATA/SCHT1.DAT[3741]",
        "$RCT2:OBJDATA/SCHT1.DAT[3743]",
        "$RCT2:OBJDATA/SCHT1.DAT[3745]",
        "$RCT2:OBJDATA/SCHT1.DAT[3747]",
        "$RCT2:OBJDATA/SCHT1.DAT[3749]",
        "$RCT2:OBJDATA/SCHT1.DAT[3751]",
        "$RCT2:OBJDATA/SCHT1.DAT[3753]",
        "$RCT2:OBJDATA/SCHT1.DAT[3755]",
        "$RCT2:OBJDATA/SCHT1.DAT[3757]",
        "$RCT2:OBJDATA/SCHT1.DAT[3759]",
        "$RCT2:OBJDATA/SCHT1.DAT[3761]",
        "$RCT2:OBJDATA/SCHT1.DAT[3763]",
        "$RCT2:OBJDATA/SCHT1.DAT[3765]",
        "$RCT2:OBJDATA/SCHT1.DAT[3767]",
        "$RCT2:OBJDATA/SCHT1.DAT[3769]",
        "$RCT2:OBJDATA/SCHT1.DAT[3771]",
        "$RCT2:OBJDATA/SCHT1.DAT[3773]",
        "$RCT2:OBJDATA/SCHT1.DAT[3775]",
        "$RCT2:OBJDATA/SCHT1.DAT[3777]",
        "$RCT2:OBJDATA/SCHT1.DAT[3779]",
        "$RCT2:OBJDATA/SCHT1.DAT[3781]",
        "$RCT2:OBJDATA/SCHT1.DAT[3783]",
        "$RCT2:OBJDATA/SCHT1.DAT[3785]",
        "$RCT2:OBJDATA/SCHT1.DAT[3787..3794]",
        "$RCT2:OBJDATA/SCHT1.DAT[3795]",
        "$RCT2:OBJDATA/SCHT1.DAT[3803]",
        "$RCT2:OBJDATA/SCHT1.DAT[3811]",
        "$RCT2:OBJDATA/SCHT1.DAT[3819]",
        "$RCT2:OBJDATA/SCHT1.DAT[3827]",
        "$RCT2:OBJDATA/SCHT1.DAT[3835]",
        "$RCT2:OBJDATA/SCHT1.DAT[3843]",
        "$RCT2:OBJDATA/SCHT1.DAT[3851]",
        "$RCT2:OBJDATA/SCHT1.DAT[3859..3942]",
        "$RCT2:OBJDATA/SCHT1.DAT[3943]",
        "$RCT2:OBJDATA/SCHT1.DAT[3945]",
        "$RCT2:OBJDATA/SCHT1.DAT[3947]",
        "$RCT2:OBJDATA/SCHT1.DAT[3949]",
        "$RCT2:OBJDATA/SCHT1.DAT[3951]",
        "$RCT2:OBJDATA/SCHT1.DAT[3953]",
        "$RCT2:OBJDATA/SCHT1.DAT[3955]",
        "$RCT2:OBJDATA/SCHT1.DAT[3957]",
        "$RCT2:OBJDATA/SCHT1.DAT[3959]",
        "$RCT2:OBJDATA/SCHT1.DAT[3961]",
        "$RCT2:OBJDATA/SCHT1.DAT[3963]",
        "$RCT2:OBJDATA/SCHT1.DAT[3965]",
        "$RCT2:OBJDATA/SCHT1.DAT[3967]",
        "$RCT2:OBJDATA/SCHT1.DAT[3969]",
        "$RCT2:OBJDATA/SCHT1.DAT[3971]",
        "$RCT2:OBJDATA/SCHT1.DAT[3973]",
        "$RCT2:OBJDATA/SCHT1.DAT[3975]",
        "$RCT2:OBJDATA/SCHT1.DAT[3977]",
        "$RCT2:OBJDATA/SCHT1.DAT[3979]",
        "$RCT2:OBJDATA/SCHT1.DAT[3981]",
        "$RCT2:OBJDATA/SCHT1.DAT[3983]",
        "$RCT2:OBJDATA/SCHT1.DAT[3985]",
        "$RCT2:OBJDATA/SCHT1.DAT[3987]",
        "$RCT2:OBJDATA/SCHT1.DAT[3989]",
        "$RCT2:OBJDATA/SCHT1.DAT[3991]",
        "$RCT2:OBJDATA/SCHT1.DAT[3993]",
        "$RCT2:OBJDATA/SCHT1.DAT[3995]",
        "$RCT2:OBJDATA/SCHT1.DAT[3997]",
        "$RCT2:OBJDATA/SCHT1.DAT[3999]",
        "$RCT2:OBJDATA/SCHT1.DAT[4001]",
        "$RCT2:OBJDATA/SCHT1.DAT[4003]",
        "$RCT2:OBJDATA/SCHT1.DAT[4005]",
        "$RCT2:OBJDATA/SCHT1.DAT[4007]",
        "$RCT2:OBJDATA/SCHT1.DAT[4015]",
        "$RCT2:OBJDATA/SCHT1.DAT[4023]",
        "$RCT2:OBJDATA/SCHT1.DAT[4031]",
        "$RCT2:OBJDATA/SCHT1.DAT[4039]",
        "$RCT2:OBJDATA/SCHT1.DAT[4047]",
        "$RCT2:OBJDATA/SCHT1.DAT[4055]",
        "$RCT2:OBJDATA/SCHT1.DAT[4063]",
        "$RCT2:OBJDATA/SCHT1.DAT[4071]",
        "$RCT2:OBJDATA/SCHT1.DAT[4079]",
        "$RCT2:OBJDATA/SCHT1.DAT[4087]",
        "$RCT2:OBJDATA/SCHT1.DAT[4095]",
        "$RCT2:OBJDATA/SCHT1.DAT[4103]",
        "$RCT2:OBJDATA/SCHT1.DAT[4111]",
        "$RCT2:OBJDATA/SCHT1.DAT[4119]",
        "$RCT2:OBJDATA/SCHT1.DAT[4127]",
        "$RCT2:OBJDATA/SCHT1.DAT[4135..4150]",
        "$RCT2:OBJDATA/SCHT1.DAT[4311..4322]"
    ],
    "strings": {
        "name": {
            "en-GB": "Roller Coaster Trains",
            "nl-NL": "Achtbaantrein"
        },
        "description": {
            "en-GB": "Roller coaster train with a streamlined front car.",
            "nl-NL": "Achtbaantrein waarvan het voorste karretje gestroomlijnd is."
        },
        "capacity": {
            "en-GB": "4 passengers per car",
            "fr-FR": "4 passagers par voiture",
            "de-DE": "4 Fahrgäste pro Wagen",
            "es-ES": "4 pasajeros por vagón",
            "it-IT": "4 passeggeri a carrozza",
            "nl-NL": "4 passagiers per karretje",
            "sv-SE": "4 passagerare per vagn",
            "ko-KR": "차량당 4명의 승객",
            "zh-CN": "4位乘客/车",
            "zh-TW": "4 位乘客/每個車廂",
            "pt-BR": "4 passageiros por carro",
            "cs-CZ": "4 místa v každém voze",
            "ja-JP": "各車両4名",
            "pl-PL": "4 pasażerów na wagonik",
            "ru-RU": "4 пасс на вагон",
            "eo-ZZ": "Po 4 pasaĝeroj por ĉaro",
            "ca-ES": "4 passatgers per cotxe",
            "fi-FI": "4 matkustajaa per vaunu"
        }
    }
}
