{
    "id": "toontowner.scenery_small.ttrfwd06",
    "authors": [
        "Simon Foster",
        "ToonTowner"
    ],
    "version": "1.0",
    "originalId": "09F55701|TTRFWD06|B8669F39",
    "sourceGame": "official",
    "objectType": "scenery_small",
    "properties": {
        "price": 20,
        "removalPrice": -15,
        "cursor": "CURSOR_HOUSE_DOWN",
        "height": 8,
        "sceneryGroup": "rct2.scenery_group.scgwalls",
        "shape": "4/4",
        "SMALL_SCENERY_FLAG_VOFFSET_CENTRE": true,
        "requiresFlatSurface": true,
        "isRotatable": true,
        "hasPrimaryColour": true,
        "isStackable": true,
        "prohibitWalls": true,
        "hasNoSupports": true
    },
    "images": [
        { "path": "images.png", "srcX": 0, "srcY": 0, "srcWidth": 64, "srcHeight": 35, "x": -32, "y": -5 },
        { "path": "images.png", "srcX": 64, "srcY": 0, "srcWidth": 64, "srcHeight": 35, "x": -32, "y": -5 },
        { "path": "images.png", "srcX": 128, "srcY": 0, "srcWidth": 64, "srcHeight": 35, "x": -32, "y": -5 },
        { "path": "images.png", "srcX": 192, "srcY": 0, "srcWidth": 64, "srcHeight": 35, "x": -32, "y": -5 }
    ],
    "strings": {
        "name": {
            "en-GB": "Roof",
            "fr-FR": "Toit",
            "de-DE": "Dach",
            "es-ES": "Tejado",
            "it-IT": "Tetto",
            "nl-NL": "Dak",
            "sv-SE": "Tak",
            "ko-KR": "천장",
            "zh-CN": "屋顶",
            "zh-TW": "屋頂",
            "pt-BR": "Teto",
            "cs-CZ": "Střecha",
            "ja-JP": "屋根",
            "pl-PL": "Dach",
            "ru-RU": "Блок",
            "eo-ZZ": "Tegmento",
            "ca-ES": "Teulada",
            "fi-FI": "Katto"
        }
    }
}
