{
    "id": "official.terrain_edge.void",
    "authors": [
        "Xtreme97"
    ],
    "version": "1.0",
    "sourceGame": "official",
    "objectType": "terrain_edge",
    "properties": {
    },
    "images": [
        { "path": "images/icon.png", "format": "raw", "x": 2, "y": 2 },
        { "path": "images/01.png", "x": -2, "y": -15 },
        { "path": "images/02.png", "x": -2, "y": -15 },
        { "path": "images/03.png", "x": -2, "y": 0 },
        { "path": "images/04.png", "x": -1, "y": -15 },
        { "path": "images/05.png", "x": -2, "y": -15 },
        { "path": "images/06.png", "x": -30, "y": -15 },
        { "path": "images/07.png", "x": -29, "y": -15 },
        { "path": "images/08.png", "x": -30, "y": 0 },
        { "path": "images/09.png", "x": -30, "y": -15 },
        { "path": "images/10.png", "x": -28, "y": -15 },
        { "path": "images/11.png", "x": -2, "y": -15 },
        { "path": "images/12.png", "x": -2, "y": -15 },
        { "path": "images/13.png", "x": -2, "y": 0 },
        { "path": "images/14.png", "x": -1, "y": -15 },
        { "path": "images/15.png", "x": -2, "y": -15 },
        { "path": "images/16.png", "x": -30, "y": -15 },
        { "path": "images/17.png", "x": -29, "y": -15 },
        { "path": "images/18.png", "x": -30, "y": 0 },
        { "path": "images/19.png", "x": -30, "y": -15 },
        { "path": "images/20.png", "x": -28, "y": -15 },
        { "path": "images/21.png", "x": -2, "y": -15 },
        { "path": "images/22.png", "x": -2, "y": -15 },
        { "path": "images/23.png", "x": -2, "y": 0 },
        { "path": "images/24.png", "x": -1, "y": -15 },
        { "path": "images/25.png", "x": -2, "y": -15 },
        { "path": "images/26.png", "x": -30, "y": -15 },
        { "path": "images/27.png", "x": -29, "y": -15 },
        { "path": "images/28.png", "x": -30, "y": 0 },
        { "path": "images/29.png", "x": -30, "y": -15 },
        { "path": "images/30.png", "x": -28, "y": -15 },
        { "path": "images/31.png", "x": 0, "y": 0 },
        { "path": "images/32.png", "x": 0, "y": 0 },
        { "path": "images/33.png", "x": 0, "y": -1 },
        { "path": "images/34.png", "x": -31, "y": 0 },
        { "path": "images/35.png", "x": -32, "y": 0 },
        { "path": "images/36.png", "x": -32, "y": -1 },
        { "path": "images/37.png", "x": -2, "y": -31 },
        { "path": "images/38.png", "x": 11, "y": -25 },
        { "path": "images/39.png", "x": -25, "y": -31 },
        { "path": "images/40.png", "x": -30, "y": -25 },
        { "path": "images/41.png", "x": -2, "y": -47 },
        { "path": "images/42.png", "x": 14, "y": -39 },
        { "path": "images/43.png", "x": -30, "y": -47 },
        { "path": "images/44.png", "x": -30, "y": -39 },
        { "path": "images/45.png", "x": -2, "y": -47 },
        { "path": "images/46.png", "x": -2, "y": -40 },
        { "path": "images/47.png", "x": -26, "y": -47 },
        { "path": "images/48.png", "x": -30, "y": -39 },
        { "path": "images/49.png", "x": -2, "y": -47 },
        { "path": "images/50.png", "x": 13, "y": -40 },
        { "path": "images/51.png", "x": -25, "y": -47 },
        { "path": "images/52.png", "x": -30, "y": -41 },
        { "path": "images/53.png", "x": -2, "y": -63 },
        { "path": "images/54.png", "x": 13, "y": -56 },
        { "path": "images/55.png", "x": -30, "y": -63 },
        { "path": "images/56.png", "x": -30, "y": -56 },
        { "path": "images/57.png", "x": -2, "y": -63 },
        { "path": "images/58.png", "x": -2, "y": -55 },
        { "path": "images/59.png", "x": -26, "y": -63 },
        { "path": "images/60.png", "x": -30, "y": -55 },
        { "path": "images/61.png", "x": -2, "y": -29 },
        { "path": "images/62.png", "x": -2, "y": -31 },
        { "path": "images/63.png", "x": -29, "y": -28 },
        { "path": "images/64.png", "x": -30, "y": -31 },
        { "path": "images/65.png", "x": -2, "y": -37 },
        { "path": "images/66.png", "x": -2, "y": -47 },
        { "path": "images/67.png", "x": -30, "y": -36 },
        { "path": "images/68.png", "x": -30, "y": -47 },
        { "path": "images/69.png", "x": -2, "y": -36 },
        { "path": "images/70.png", "x": -2, "y": -47 },
        { "path": "images/71.png", "x": -30, "y": -36 },
        { "path": "images/72.png", "x": -30, "y": -47 },
        { "path": "images/73.png", "x": -2, "y": -46 },
        { "path": "images/74.png", "x": -2, "y": -47 },
        { "path": "images/75.png", "x": -29, "y": -46 },
        { "path": "images/76.png", "x": -30, "y": -47 },
        { "path": "images/77.png", "x": -2, "y": -31 },
        { "path": "images/78.png", "x": 12, "y": -24 },
        { "path": "images/79.png", "x": -25, "y": -31 },
        { "path": "images/80.png", "x": -30, "y": -25 },
        { "path": "images/81.png", "x": -2, "y": -31 },
        { "path": "images/82.png", "x": 5, "y": -28 },
        { "path": "images/83.png", "x": -6, "y": -31 },
        { "path": "images/84.png", "x": -30, "y": -27 }
    ],
    "strings": {
        "name": {
            "en-GB": "Void",
            "de-DE": "Leere",
            "nl-NL": "Leegte",
            "pt-BR": "Vazio",
            "ja-JP": "空々",
            "fr-FR": "Vide",
            "pl-PL": "Pustka",
            "ko-KR": "공허",
            "eo-ZZ": "Vaka",
            "ar-EG": "فراغ",
            "ca-ES": "Buit"
        }
    }
}
