{
    "id": "rct1ll.ride.4_across_inverted_trains",
    "authors": [
        "Chris Sawyer",
        "Simon Foster"
    ],
    "version": "1.0",
    "originalId": "00000000|#RCT1NEM|00000000",
    "sourceGame": "rct1ll",
    "isCompatibilityObject": true,
    "objectType": "ride",
    "properties": {
        "type": "inverted_rc",
        "category": "rollercoaster",
        "limitAirTimeBonus": true,
        "minCarsPerTrain": 4,
        "maxCarsPerTrain": 9,
        "carColours": [
            [
                [
                    "dark_brown",
                    "yellow",
                    "black"
                ]
            ],
            [
                [
                    "bordeaux_red",
                    "white",
                    "black"
                ]
            ],
            [
                [
                    "dark_green",
                    "bright_red",
                    "black"
                ]
            ]
        ],
        "cars": {
            "rotationFrameMask": 15,
            "spacing": 130048,
            "mass": 570,
            "tabOffset": -18,
            "numSeats": 4,
            "numSeatRows": 2,
            "frictionSoundId": 2,
            "soundRange": 0,
            "drawOrder": 1,
            "spriteGroups": {
                "slopeFlat": 16,
                "slopes12": 4,
                "slopes25": 16,
                "slopes42": 8,
                "slopes60": 16,
                "slopes75": 4,
                "slopes90": 4,
                "slopesLoop": 4,
                "slopeInverted": 4,
                "slopes8": 4,
                "slopes16": 4,
                "slopes50": 4,
                "flatBanked22": 8,
                "flatBanked45": 16,
                "flatBanked67": 4,
                "flatBanked90": 4,
                "inlineTwists": 4,
                "slopes12Banked22": 4,
                "slopes8Banked22": 4,
                "corkscrews": 4,
                "restraintAnimation": 4
            },
            "hasAdditionalColour1": true,
            "hasScreamingRiders": true,
            "loadingPositions": [
                1,
                3,
                1,
                3
            ]
        },
        "buildMenuPriority": 4
    },
    "images": [
        { "path": "images/preview.png", "format": "raw" },
        "",
        "",
        "$CSG[20082..20097]",
        "$CSG[20098]",
        "$CSG[20106]",
        "$CSG[20114]",
        "$CSG[20122]",
        "$CSG[20102]",
        "$CSG[20110]",
        "$CSG[20118]",
        "$CSG[20126]",
        "$CSG[20099]",
        "$CSG[20186..20188]",
        "$CSG[20107]",
        "$CSG[20189..20191]",
        "$CSG[20115]",
        "$CSG[20192..20194]",
        "$CSG[20123]",
        "$CSG[20195..20197]",
        "$CSG[20103]",
        "$CSG[20198..20200]",
        "$CSG[20111]",
        "$CSG[20201..20203]",
        "$CSG[20119]",
        "$CSG[20204..20206]",
        "$CSG[20127]",
        "$CSG[20207..20209]",
        "$CSG[20100]",
        "$CSG[20434]",
        "$CSG[20108]",
        "$CSG[20435]",
        "$CSG[20116]",
        "$CSG[20436]",
        "$CSG[20124]",
        "$CSG[20437]",
        "$CSG[20104]",
        "$CSG[20450]",
        "$CSG[20112]",
        "$CSG[20451]",
        "$CSG[20120]",
        "$CSG[20452]",
        "$CSG[20128]",
        "$CSG[20453]",
        "$CSG[20101]",
        "$CSG[20390..20392]",
        "$CSG[20109]",
        "$CSG[20393..20395]",
        "$CSG[20117]",
        "$CSG[20396..20398]",
        "$CSG[20125]",
        "$CSG[20399..20401]",
        "$CSG[20105]",
        "$CSG[20402..20404]",
        "$CSG[20113]",
        "$CSG[20405..20407]",
        "$CSG[20121]",
        "$CSG[20408..20410]",
        "$CSG[20129]",
        "$CSG[20411..20413]",
        "$CSG[20210..20213]",
        "$CSG[20242..20245]",
        "$CSG[20214..20217]",
        "$CSG[20246..20249]",
        "$CSG[20218..20221]",
        "$CSG[20250..20253]",
        "$CSG[20222..20225]",
        "$CSG[20254..20257]",
        "$CSG[20226..20229]",
        "$CSG[20258..20261]",
        "$CSG[20230..20233]",
        "$CSG[20262..20265]",
        "$CSG[20234..20237]",
        "$CSG[20266..20269]",
        "$CSG[20238..20241]",
        "$CSG[20426..20429]",
        "$CSG[20442..20445]",
        "$CSG[20430..20433]",
        "$CSG[20446..20449]",
        "$CSG[20438..20441]",
        "$CSG[20454..20457]",
        "$CSG[20162]",
        "$CSG[20458]",
        "$CSG[20163]",
        "$CSG[20459]",
        "$CSG[20164]",
        "$CSG[20460]",
        "$CSG[20165]",
        "$CSG[20461]",
        "$CSG[20166]",
        "$CSG[20462]",
        "$CSG[20167]",
        "$CSG[20463]",
        "$CSG[20168]",
        "$CSG[20464]",
        "$CSG[20169]",
        "$CSG[20465]",
        "$CSG[20130..20161]",
        "$CSG[20270..20273]",
        "$CSG[20290..20293]",
        "$CSG[20274..20277]",
        "$CSG[20294..20297]",
        "$CSG[20278..20281]",
        "$CSG[20298..20301]",
        "$CSG[20282..20285]",
        "$CSG[20302..20305]",
        "$CSG[20286..20289]",
        "$CSG[20306..20309]",
        "$CSG[20170..20185]",
        "$CSG[20466..20481]",
        "$CSG[20310..20389]",
        "$CSG[20414]",
        "$CSG[20417]",
        "$CSG[20420]",
        "$CSG[20423]",
        "$CSG[20415]",
        "$CSG[20418]",
        "$CSG[20421]",
        "$CSG[20424]",
        "$CSG[20416]",
        "$CSG[20419]",
        "$CSG[20422]",
        "$CSG[20425]",
        "$CSG[20482..20497]",
        "$CSG[20498]",
        "$CSG[20506]",
        "$CSG[20514]",
        "$CSG[20522]",
        "$CSG[20502]",
        "$CSG[20510]",
        "$CSG[20518]",
        "$CSG[20526]",
        "$CSG[20499]",
        "$CSG[20586..20588]",
        "$CSG[20507]",
        "$CSG[20589..20591]",
        "$CSG[20515]",
        "$CSG[20592..20594]",
        "$CSG[20523]",
        "$CSG[20595..20597]",
        "$CSG[20503]",
        "$CSG[20598..20600]",
        "$CSG[20511]",
        "$CSG[20601..20603]",
        "$CSG[20519]",
        "$CSG[20604..20606]",
        "$CSG[20527]",
        "$CSG[20607..20609]",
        "$CSG[20500]",
        "$CSG[20834]",
        "$CSG[20508]",
        "$CSG[20835]",
        "$CSG[20516]",
        "$CSG[20836]",
        "$CSG[20524]",
        "$CSG[20837]",
        "$CSG[20504]",
        "$CSG[20850]",
        "$CSG[20512]",
        "$CSG[20851]",
        "$CSG[20520]",
        "$CSG[20852]",
        "$CSG[20528]",
        "$CSG[20853]",
        "$CSG[20501]",
        "$CSG[20790..20792]",
        "$CSG[20509]",
        "$CSG[20793..20795]",
        "$CSG[20517]",
        "$CSG[20796..20798]",
        "$CSG[20525]",
        "$CSG[20799..20801]",
        "$CSG[20505]",
        "$CSG[20802..20804]",
        "$CSG[20513]",
        "$CSG[20805..20807]",
        "$CSG[20521]",
        "$CSG[20808..20810]",
        "$CSG[20529]",
        "$CSG[20811..20813]",
        "$CSG[20610..20613]",
        "$CSG[20642..20645]",
        "$CSG[20614..20617]",
        "$CSG[20646..20649]",
        "$CSG[20618..20621]",
        "$CSG[20650..20653]",
        "$CSG[20622..20625]",
        "$CSG[20654..20657]",
        "$CSG[20626..20629]",
        "$CSG[20658..20661]",
        "$CSG[20630..20633]",
        "$CSG[20662..20665]",
        "$CSG[20634..20637]",
        "$CSG[20666..20669]",
        "$CSG[20638..20641]",
        "$CSG[20826..20829]",
        "$CSG[20842..20845]",
        "$CSG[20830..20833]",
        "$CSG[20846..20849]",
        "$CSG[20838..20841]",
        "$CSG[20854..20857]",
        "$CSG[20562]",
        "$CSG[20858]",
        "$CSG[20563]",
        "$CSG[20859]",
        "$CSG[20564]",
        "$CSG[20860]",
        "$CSG[20565]",
        "$CSG[20861]",
        "$CSG[20566]",
        "$CSG[20862]",
        "$CSG[20567]",
        "$CSG[20863]",
        "$CSG[20568]",
        "$CSG[20864]",
        "$CSG[20569]",
        "$CSG[20865]",
        "$CSG[20530..20561]",
        "$CSG[20670..20673]",
        "$CSG[20690..20693]",
        "$CSG[20674..20677]",
        "$CSG[20694..20697]",
        "$CSG[20678..20681]",
        "$CSG[20698..20701]",
        "$CSG[20682..20685]",
        "$CSG[20702..20705]",
        "$CSG[20686..20689]",
        "$CSG[20706..20709]",
        "$CSG[20570..20585]",
        "$CSG[20866..20881]",
        "$CSG[20710..20789]",
        "$CSG[20814]",
        "$CSG[20817]",
        "$CSG[20820]",
        "$CSG[20823]",
        "$CSG[20815]",
        "$CSG[20818]",
        "$CSG[20821]",
        "$CSG[20824]",
        "$CSG[20816]",
        "$CSG[20819]",
        "$CSG[20822]",
        "$CSG[20825]",
        "$CSG[20882..20897]",
        "$CSG[20898]",
        "$CSG[20906]",
        "$CSG[20914]",
        "$CSG[20922]",
        "$CSG[20902]",
        "$CSG[20910]",
        "$CSG[20918]",
        "$CSG[20926]",
        "$CSG[20899]",
        "$CSG[20986..20988]",
        "$CSG[20907]",
        "$CSG[20989..20991]",
        "$CSG[20915]",
        "$CSG[20992..20994]",
        "$CSG[20923]",
        "$CSG[20995..20997]",
        "$CSG[20903]",
        "$CSG[20998..21000]",
        "$CSG[20911]",
        "$CSG[21001..21003]",
        "$CSG[20919]",
        "$CSG[21004..21006]",
        "$CSG[20927]",
        "$CSG[21007..21009]",
        "$CSG[20900]",
        "$CSG[21234]",
        "$CSG[20908]",
        "$CSG[21235]",
        "$CSG[20916]",
        "$CSG[21236]",
        "$CSG[20924]",
        "$CSG[21237]",
        "$CSG[20904]",
        "$CSG[21250]",
        "$CSG[20912]",
        "$CSG[21251]",
        "$CSG[20920]",
        "$CSG[21252]",
        "$CSG[20928]",
        "$CSG[21253]",
        "$CSG[20901]",
        "$CSG[21190..21192]",
        "$CSG[20909]",
        "$CSG[21193..21195]",
        "$CSG[20917]",
        "$CSG[21196..21198]",
        "$CSG[20925]",
        "$CSG[21199..21201]",
        "$CSG[20905]",
        "$CSG[21202..21204]",
        "$CSG[20913]",
        "$CSG[21205..21207]",
        "$CSG[20921]",
        "$CSG[21208..21210]",
        "$CSG[20929]",
        "$CSG[21211..21213]",
        "$CSG[21010..21013]",
        "$CSG[21042..21045]",
        "$CSG[21014..21017]",
        "$CSG[21046..21049]",
        "$CSG[21018..21021]",
        "$CSG[21050..21053]",
        "$CSG[21022..21025]",
        "$CSG[21054..21057]",
        "$CSG[21026..21029]",
        "$CSG[21058..21061]",
        "$CSG[21030..21033]",
        "$CSG[21062..21065]",
        "$CSG[21034..21037]",
        "$CSG[21066..21069]",
        "$CSG[21038..21041]",
        "$CSG[21226..21229]",
        "$CSG[21242..21245]",
        "$CSG[21230..21233]",
        "$CSG[21246..21249]",
        "$CSG[21238..21241]",
        "$CSG[21254..21257]",
        "$CSG[20962]",
        "$CSG[21258]",
        "$CSG[20963]",
        "$CSG[21259]",
        "$CSG[20964]",
        "$CSG[21260]",
        "$CSG[20965]",
        "$CSG[21261]",
        "$CSG[20966]",
        "$CSG[21262]",
        "$CSG[20967]",
        "$CSG[21263]",
        "$CSG[20968]",
        "$CSG[21264]",
        "$CSG[20969]",
        "$CSG[21265]",
        "$CSG[20930..20961]",
        "$CSG[21070..21073]",
        "$CSG[21090..21093]",
        "$CSG[21074..21077]",
        "$CSG[21094..21097]",
        "$CSG[21078..21081]",
        "$CSG[21098..21101]",
        "$CSG[21082..21085]",
        "$CSG[21102..21105]",
        "$CSG[21086..21089]",
        "$CSG[21106..21109]",
        "$CSG[20970..20985]",
        "$CSG[21266..21281]",
        "$CSG[21110..21189]",
        "$CSG[21214]",
        "$CSG[21217]",
        "$CSG[21220]",
        "$CSG[21223]",
        "$CSG[21215]",
        "$CSG[21218]",
        "$CSG[21221]",
        "$CSG[21224]",
        "$CSG[21216]",
        "$CSG[21219]",
        "$CSG[21222]",
        "$CSG[21225]"
    ],
    "strings": {
        "name": {
            "en-GB": "4-across Inverted Roller Coaster Trains",
            "fr-FR": "Montagnes russes inversées",
            "de-DE": "Umgekehrte seitl. Viersitzer-Achterbahnzüge",
            "es-ES": "Montaña Rusa Invertida",
            "it-IT": "Ottovolante invertito",
            "nl-NL": "Vierpersoonstrein",
            "sv-SE": "4-i-bredd-vagnar för inverterad berg- och dalbana",
            "ko-KR": "4인승 인버티드 롤러코스터 차량",
            "zh-CN": "倒转式过山车",
            "zh-TW": "倒轉式雲霄飛車",
            "pt-BR": "Trens Montanha-Russa Invertida (4 assentos)",
            "cs-CZ": "Čtyřmístná zavěšená horská dráha",
            "ja-JP": "インバーテッド・ジェットコースター",
            "pl-PL": "Kolejka odwrotna",
            "ru-RU": "Перевёрнутые горки",
            "eo-ZZ": "4-horizontalaj Trajnoj de Inversigita Onda Fervojo"
        },
        "description": {
            "en-GB": "Suspended trains in which riders sit in rows",
            "fr-FR": "Les passagers parcourent des boucles géantes, des virages et des grandes descentes en piqué, installés sur des sièges suspendus à la voie",
            "de-DE": "Aufgehängte Züge, in denen die Fahrgäste in Sitzreihen Platz nehmen",
            "es-ES": "Los pasajeros se sientan en asientos suspendidos bajo la vía y corren por rizos gigantes, giros y grandes caídas",
            "it-IT": "I passeggeri siedono su sedili sospesi sotto il tracciato e affrontano giri della morte giganti, curve e lunghe discese a strapiombo",
            "nl-NL": "Passagiers zitten in stoelen die onder de baan hangen terwijl ze door grote loopings, twists en grote adembenemende afdelingen gaan.",
            "sv-SE": "Upphängda vagnar där passagerarna sitter i rader",
            "ko-KR": "거대한 루프, 트위스트와 급격한 낙하 트랙을 따라 이동하며, 탑승객이 트랙 아래에 매달린 좌석에 앉는 차량",
            "zh-CN": "游客坐在悬吊在轨道下的座椅上，当快速通过大型旋转回圈，令人感觉有俯冲下坠感。",
            "zh-TW": "遊客坐在懸吊在軌道下的座椅上，當快速通過大型旋轉迴圈，令人感覺有俯衝下墜感。",
            "pt-BR": "Trens suspensos onde os passageiros se sentam em fileiras",
            "cs-CZ": "Vozy jsou zavěšeny na kolejnicích se zatáčkami, pády a loopingy",
            "ja-JP": "コースの下にぶら下がった座席があり、コースには巨大ループ、ひねり、急降下があります",
            "pl-PL": "Pasażerowie siedzą w fotelach podwieszonych pod torem, pokonując wielkie pętle, zakręty i zakręcone zjazdy",
            "ru-RU": "Пассажиры сидят под треком и несутся по огромным кольцам с переворотами и падениями.",
            "eo-ZZ": "Penditaj trajnoj, en kiuj rajdantoj sidas en vicoj"
        },
        "capacity": {
            "en-GB": "4 passengers per car",
            "fr-FR": "4 passagers par voiture",
            "de-DE": "4 Fahrgäste pro Wagen",
            "es-ES": "4 pasajeros por vagón",
            "it-IT": "4 passeggeri a carrozza",
            "nl-NL": "4 passagiers per karretje",
            "sv-SE": "4 passagerare per vagn",
            "ko-KR": "차량당 4명의 승객",
            "zh-CN": "4 位乘客/每个车厢",
            "zh-TW": "4 位乘客/每個車廂",
            "pt-BR": "4 passageiros por carro",
            "cs-CZ": "4 místa v každém voze",
            "ja-JP": "各車両4名",
            "pl-PL": "4 pasażerów na wagonik",
            "ru-RU": "4 пассажира",
            "eo-ZZ": "Po 4 pasaĝeroj por ĉaro"
        }
    },
    "noCsgImages": [
        { "path": "images/preview.png", "format": "raw" },
        "",
        "",
        "$RCT2:OBJDATA/NEMT.DAT[3]",
        "$RCT2:OBJDATA/NEMT.DAT[5]",
        "$RCT2:OBJDATA/NEMT.DAT[7]",
        "$RCT2:OBJDATA/NEMT.DAT[9]",
        "$RCT2:OBJDATA/NEMT.DAT[11]",
        "$RCT2:OBJDATA/NEMT.DAT[13]",
        "$RCT2:OBJDATA/NEMT.DAT[15]",
        "$RCT2:OBJDATA/NEMT.DAT[17]",
        "$RCT2:OBJDATA/NEMT.DAT[19]",
        "$RCT2:OBJDATA/NEMT.DAT[21]",
        "$RCT2:OBJDATA/NEMT.DAT[23]",
        "$RCT2:OBJDATA/NEMT.DAT[25]",
        "$RCT2:OBJDATA/NEMT.DAT[27]",
        "$RCT2:OBJDATA/NEMT.DAT[29]",
        "$RCT2:OBJDATA/NEMT.DAT[31]",
        "$RCT2:OBJDATA/NEMT.DAT[33]",
        "$RCT2:OBJDATA/NEMT.DAT[35..43]",
        "$RCT2:OBJDATA/NEMT.DAT[45]",
        "$RCT2:OBJDATA/NEMT.DAT[47]",
        "$RCT2:OBJDATA/NEMT.DAT[49]",
        "$RCT2:OBJDATA/NEMT.DAT[51]",
        "$RCT2:OBJDATA/NEMT.DAT[53]",
        "$RCT2:OBJDATA/NEMT.DAT[55]",
        "$RCT2:OBJDATA/NEMT.DAT[57]",
        "$RCT2:OBJDATA/NEMT.DAT[59]",
        "$RCT2:OBJDATA/NEMT.DAT[61]",
        "$RCT2:OBJDATA/NEMT.DAT[63]",
        "$RCT2:OBJDATA/NEMT.DAT[65]",
        "$RCT2:OBJDATA/NEMT.DAT[67]",
        "$RCT2:OBJDATA/NEMT.DAT[69]",
        "$RCT2:OBJDATA/NEMT.DAT[71]",
        "$RCT2:OBJDATA/NEMT.DAT[73]",
        "$RCT2:OBJDATA/NEMT.DAT[75]",
        "$RCT2:OBJDATA/NEMT.DAT[77]",
        "$RCT2:OBJDATA/NEMT.DAT[79]",
        "$RCT2:OBJDATA/NEMT.DAT[81]",
        "$RCT2:OBJDATA/NEMT.DAT[83]",
        "$RCT2:OBJDATA/NEMT.DAT[85]",
        "$RCT2:OBJDATA/NEMT.DAT[87]",
        "$RCT2:OBJDATA/NEMT.DAT[89]",
        "$RCT2:OBJDATA/NEMT.DAT[91]",
        "$RCT2:OBJDATA/NEMT.DAT[93]",
        "$RCT2:OBJDATA/NEMT.DAT[95]",
        "$RCT2:OBJDATA/NEMT.DAT[97]",
        "$RCT2:OBJDATA/NEMT.DAT[99]",
        "$RCT2:OBJDATA/NEMT.DAT[101]",
        "$RCT2:OBJDATA/NEMT.DAT[103]",
        "$RCT2:OBJDATA/NEMT.DAT[105]",
        "$RCT2:OBJDATA/NEMT.DAT[107..123]",
        "$RCT2:OBJDATA/NEMT.DAT[125]",
        "$RCT2:OBJDATA/NEMT.DAT[127]",
        "$RCT2:OBJDATA/NEMT.DAT[129]",
        "$RCT2:OBJDATA/NEMT.DAT[131]",
        "$RCT2:OBJDATA/NEMT.DAT[133]",
        "$RCT2:OBJDATA/NEMT.DAT[135]",
        "$RCT2:OBJDATA/NEMT.DAT[137]",
        "$RCT2:OBJDATA/NEMT.DAT[139]",
        "$RCT2:OBJDATA/NEMT.DAT[141]",
        "$RCT2:OBJDATA/NEMT.DAT[143]",
        "$RCT2:OBJDATA/NEMT.DAT[145]",
        "$RCT2:OBJDATA/NEMT.DAT[147]",
        "$RCT2:OBJDATA/NEMT.DAT[149]",
        "$RCT2:OBJDATA/NEMT.DAT[151]",
        "$RCT2:OBJDATA/NEMT.DAT[153]",
        "$RCT2:OBJDATA/NEMT.DAT[155]",
        "$RCT2:OBJDATA/NEMT.DAT[157]",
        "$RCT2:OBJDATA/NEMT.DAT[159]",
        "$RCT2:OBJDATA/NEMT.DAT[161]",
        "$RCT2:OBJDATA/NEMT.DAT[163]",
        "$RCT2:OBJDATA/NEMT.DAT[165]",
        "$RCT2:OBJDATA/NEMT.DAT[167]",
        "$RCT2:OBJDATA/NEMT.DAT[169]",
        "$RCT2:OBJDATA/NEMT.DAT[171]",
        "$RCT2:OBJDATA/NEMT.DAT[173]",
        "$RCT2:OBJDATA/NEMT.DAT[175]",
        "$RCT2:OBJDATA/NEMT.DAT[177]",
        "$RCT2:OBJDATA/NEMT.DAT[179]",
        "$RCT2:OBJDATA/NEMT.DAT[181]",
        "$RCT2:OBJDATA/NEMT.DAT[183]",
        "$RCT2:OBJDATA/NEMT.DAT[185]",
        "$RCT2:OBJDATA/NEMT.DAT[187..195]",
        "$RCT2:OBJDATA/NEMT.DAT[203]",
        "$RCT2:OBJDATA/NEMT.DAT[211]",
        "$RCT2:OBJDATA/NEMT.DAT[219]",
        "$RCT2:OBJDATA/NEMT.DAT[227]",
        "$RCT2:OBJDATA/NEMT.DAT[235]",
        "$RCT2:OBJDATA/NEMT.DAT[243]",
        "$RCT2:OBJDATA/NEMT.DAT[251]",
        "$RCT2:OBJDATA/NEMT.DAT[259..343]",
        "$RCT2:OBJDATA/NEMT.DAT[345]",
        "$RCT2:OBJDATA/NEMT.DAT[347]",
        "$RCT2:OBJDATA/NEMT.DAT[349]",
        "$RCT2:OBJDATA/NEMT.DAT[351]",
        "$RCT2:OBJDATA/NEMT.DAT[353]",
        "$RCT2:OBJDATA/NEMT.DAT[355]",
        "$RCT2:OBJDATA/NEMT.DAT[357]",
        "$RCT2:OBJDATA/NEMT.DAT[359]",
        "$RCT2:OBJDATA/NEMT.DAT[361]",
        "$RCT2:OBJDATA/NEMT.DAT[363]",
        "$RCT2:OBJDATA/NEMT.DAT[365]",
        "$RCT2:OBJDATA/NEMT.DAT[367]",
        "$RCT2:OBJDATA/NEMT.DAT[369]",
        "$RCT2:OBJDATA/NEMT.DAT[371]",
        "$RCT2:OBJDATA/NEMT.DAT[373]",
        "$RCT2:OBJDATA/NEMT.DAT[375]",
        "$RCT2:OBJDATA/NEMT.DAT[377]",
        "$RCT2:OBJDATA/NEMT.DAT[379]",
        "$RCT2:OBJDATA/NEMT.DAT[381]",
        "$RCT2:OBJDATA/NEMT.DAT[383]",
        "$RCT2:OBJDATA/NEMT.DAT[385]",
        "$RCT2:OBJDATA/NEMT.DAT[387]",
        "$RCT2:OBJDATA/NEMT.DAT[389]",
        "$RCT2:OBJDATA/NEMT.DAT[391]",
        "$RCT2:OBJDATA/NEMT.DAT[393]",
        "$RCT2:OBJDATA/NEMT.DAT[395]",
        "$RCT2:OBJDATA/NEMT.DAT[397]",
        "$RCT2:OBJDATA/NEMT.DAT[399]",
        "$RCT2:OBJDATA/NEMT.DAT[401]",
        "$RCT2:OBJDATA/NEMT.DAT[403]",
        "$RCT2:OBJDATA/NEMT.DAT[405]",
        "$RCT2:OBJDATA/NEMT.DAT[407..447]",
        "$RCT2:OBJDATA/NEMT.DAT[455]",
        "$RCT2:OBJDATA/NEMT.DAT[463]",
        "$RCT2:OBJDATA/NEMT.DAT[471]",
        "$RCT2:OBJDATA/NEMT.DAT[479]",
        "$RCT2:OBJDATA/NEMT.DAT[487]",
        "$RCT2:OBJDATA/NEMT.DAT[495]",
        "$RCT2:OBJDATA/NEMT.DAT[503]",
        "$RCT2:OBJDATA/NEMT.DAT[511]",
        "$RCT2:OBJDATA/NEMT.DAT[519]",
        "$RCT2:OBJDATA/NEMT.DAT[527]",
        "$RCT2:OBJDATA/NEMT.DAT[535]",
        "$RCT2:OBJDATA/NEMT.DAT[543]",
        "$RCT2:OBJDATA/NEMT.DAT[551]",
        "$RCT2:OBJDATA/NEMT.DAT[559]",
        "$RCT2:OBJDATA/NEMT.DAT[567]",
        "$RCT2:OBJDATA/NEMT.DAT[575..590]",
        "$RCT2:OBJDATA/NEMT.DAT[751..843]",
        "$RCT2:OBJDATA/NEMT.DAT[845]",
        "$RCT2:OBJDATA/NEMT.DAT[847]",
        "$RCT2:OBJDATA/NEMT.DAT[849]",
        "$RCT2:OBJDATA/NEMT.DAT[851]",
        "$RCT2:OBJDATA/NEMT.DAT[853]",
        "$RCT2:OBJDATA/NEMT.DAT[855]",
        "$RCT2:OBJDATA/NEMT.DAT[857]",
        "$RCT2:OBJDATA/NEMT.DAT[859]",
        "$RCT2:OBJDATA/NEMT.DAT[861]",
        "$RCT2:OBJDATA/NEMT.DAT[863]",
        "$RCT2:OBJDATA/NEMT.DAT[865]",
        "$RCT2:OBJDATA/NEMT.DAT[867]",
        "$RCT2:OBJDATA/NEMT.DAT[869]",
        "$RCT2:OBJDATA/NEMT.DAT[871]",
        "$RCT2:OBJDATA/NEMT.DAT[873]",
        "$RCT2:OBJDATA/NEMT.DAT[875..883]",
        "$RCT2:OBJDATA/NEMT.DAT[885]",
        "$RCT2:OBJDATA/NEMT.DAT[887]",
        "$RCT2:OBJDATA/NEMT.DAT[889]",
        "$RCT2:OBJDATA/NEMT.DAT[891]",
        "$RCT2:OBJDATA/NEMT.DAT[893]",
        "$RCT2:OBJDATA/NEMT.DAT[895]",
        "$RCT2:OBJDATA/NEMT.DAT[897]",
        "$RCT2:OBJDATA/NEMT.DAT[899]",
        "$RCT2:OBJDATA/NEMT.DAT[901]",
        "$RCT2:OBJDATA/NEMT.DAT[903]",
        "$RCT2:OBJDATA/NEMT.DAT[905]",
        "$RCT2:OBJDATA/NEMT.DAT[907]",
        "$RCT2:OBJDATA/NEMT.DAT[909]",
        "$RCT2:OBJDATA/NEMT.DAT[911]",
        "$RCT2:OBJDATA/NEMT.DAT[913]",
        "$RCT2:OBJDATA/NEMT.DAT[915]",
        "$RCT2:OBJDATA/NEMT.DAT[917]",
        "$RCT2:OBJDATA/NEMT.DAT[919]",
        "$RCT2:OBJDATA/NEMT.DAT[921]",
        "$RCT2:OBJDATA/NEMT.DAT[923]",
        "$RCT2:OBJDATA/NEMT.DAT[925]",
        "$RCT2:OBJDATA/NEMT.DAT[927]",
        "$RCT2:OBJDATA/NEMT.DAT[929]",
        "$RCT2:OBJDATA/NEMT.DAT[931]",
        "$RCT2:OBJDATA/NEMT.DAT[933]",
        "$RCT2:OBJDATA/NEMT.DAT[935]",
        "$RCT2:OBJDATA/NEMT.DAT[937]",
        "$RCT2:OBJDATA/NEMT.DAT[939]",
        "$RCT2:OBJDATA/NEMT.DAT[941]",
        "$RCT2:OBJDATA/NEMT.DAT[943]",
        "$RCT2:OBJDATA/NEMT.DAT[945]",
        "$RCT2:OBJDATA/NEMT.DAT[947..963]",
        "$RCT2:OBJDATA/NEMT.DAT[965]",
        "$RCT2:OBJDATA/NEMT.DAT[967]",
        "$RCT2:OBJDATA/NEMT.DAT[969]",
        "$RCT2:OBJDATA/NEMT.DAT[971]",
        "$RCT2:OBJDATA/NEMT.DAT[973]",
        "$RCT2:OBJDATA/NEMT.DAT[975]",
        "$RCT2:OBJDATA/NEMT.DAT[977]",
        "$RCT2:OBJDATA/NEMT.DAT[979]",
        "$RCT2:OBJDATA/NEMT.DAT[981]",
        "$RCT2:OBJDATA/NEMT.DAT[983]",
        "$RCT2:OBJDATA/NEMT.DAT[985]",
        "$RCT2:OBJDATA/NEMT.DAT[987]",
        "$RCT2:OBJDATA/NEMT.DAT[989]",
        "$RCT2:OBJDATA/NEMT.DAT[991]",
        "$RCT2:OBJDATA/NEMT.DAT[993]",
        "$RCT2:OBJDATA/NEMT.DAT[995]",
        "$RCT2:OBJDATA/NEMT.DAT[997]",
        "$RCT2:OBJDATA/NEMT.DAT[999]",
        "$RCT2:OBJDATA/NEMT.DAT[1001]",
        "$RCT2:OBJDATA/NEMT.DAT[1003]",
        "$RCT2:OBJDATA/NEMT.DAT[1005]",
        "$RCT2:OBJDATA/NEMT.DAT[1007]",
        "$RCT2:OBJDATA/NEMT.DAT[1009]",
        "$RCT2:OBJDATA/NEMT.DAT[1011]",
        "$RCT2:OBJDATA/NEMT.DAT[1013]",
        "$RCT2:OBJDATA/NEMT.DAT[1015]",
        "$RCT2:OBJDATA/NEMT.DAT[1017]",
        "$RCT2:OBJDATA/NEMT.DAT[1019]",
        "$RCT2:OBJDATA/NEMT.DAT[1021]",
        "$RCT2:OBJDATA/NEMT.DAT[1023]",
        "$RCT2:OBJDATA/NEMT.DAT[1025]",
        "$RCT2:OBJDATA/NEMT.DAT[1027..1035]",
        "$RCT2:OBJDATA/NEMT.DAT[1043]",
        "$RCT2:OBJDATA/NEMT.DAT[1051]",
        "$RCT2:OBJDATA/NEMT.DAT[1059]",
        "$RCT2:OBJDATA/NEMT.DAT[1067]",
        "$RCT2:OBJDATA/NEMT.DAT[1075]",
        "$RCT2:OBJDATA/NEMT.DAT[1083]",
        "$RCT2:OBJDATA/NEMT.DAT[1091]",
        "$RCT2:OBJDATA/NEMT.DAT[1099..1183]",
        "$RCT2:OBJDATA/NEMT.DAT[1185]",
        "$RCT2:OBJDATA/NEMT.DAT[1187]",
        "$RCT2:OBJDATA/NEMT.DAT[1189]",
        "$RCT2:OBJDATA/NEMT.DAT[1191]",
        "$RCT2:OBJDATA/NEMT.DAT[1193]",
        "$RCT2:OBJDATA/NEMT.DAT[1195]",
        "$RCT2:OBJDATA/NEMT.DAT[1197]",
        "$RCT2:OBJDATA/NEMT.DAT[1199]",
        "$RCT2:OBJDATA/NEMT.DAT[1201]",
        "$RCT2:OBJDATA/NEMT.DAT[1203]",
        "$RCT2:OBJDATA/NEMT.DAT[1205]",
        "$RCT2:OBJDATA/NEMT.DAT[1207]",
        "$RCT2:OBJDATA/NEMT.DAT[1209]",
        "$RCT2:OBJDATA/NEMT.DAT[1211]",
        "$RCT2:OBJDATA/NEMT.DAT[1213]",
        "$RCT2:OBJDATA/NEMT.DAT[1215]",
        "$RCT2:OBJDATA/NEMT.DAT[1217]",
        "$RCT2:OBJDATA/NEMT.DAT[1219]",
        "$RCT2:OBJDATA/NEMT.DAT[1221]",
        "$RCT2:OBJDATA/NEMT.DAT[1223]",
        "$RCT2:OBJDATA/NEMT.DAT[1225]",
        "$RCT2:OBJDATA/NEMT.DAT[1227]",
        "$RCT2:OBJDATA/NEMT.DAT[1229]",
        "$RCT2:OBJDATA/NEMT.DAT[1231]",
        "$RCT2:OBJDATA/NEMT.DAT[1233]",
        "$RCT2:OBJDATA/NEMT.DAT[1235]",
        "$RCT2:OBJDATA/NEMT.DAT[1237]",
        "$RCT2:OBJDATA/NEMT.DAT[1239]",
        "$RCT2:OBJDATA/NEMT.DAT[1241]",
        "$RCT2:OBJDATA/NEMT.DAT[1243]",
        "$RCT2:OBJDATA/NEMT.DAT[1245]",
        "$RCT2:OBJDATA/NEMT.DAT[1247..1287]",
        "$RCT2:OBJDATA/NEMT.DAT[1295]",
        "$RCT2:OBJDATA/NEMT.DAT[1303]",
        "$RCT2:OBJDATA/NEMT.DAT[1311]",
        "$RCT2:OBJDATA/NEMT.DAT[1319]",
        "$RCT2:OBJDATA/NEMT.DAT[1327]",
        "$RCT2:OBJDATA/NEMT.DAT[1335]",
        "$RCT2:OBJDATA/NEMT.DAT[1343]",
        "$RCT2:OBJDATA/NEMT.DAT[1351]",
        "$RCT2:OBJDATA/NEMT.DAT[1359]",
        "$RCT2:OBJDATA/NEMT.DAT[1367]",
        "$RCT2:OBJDATA/NEMT.DAT[1375]",
        "$RCT2:OBJDATA/NEMT.DAT[1383]",
        "$RCT2:OBJDATA/NEMT.DAT[1391]",
        "$RCT2:OBJDATA/NEMT.DAT[1399]",
        "$RCT2:OBJDATA/NEMT.DAT[1407]",
        "$RCT2:OBJDATA/NEMT.DAT[1415..1430]",
        "$RCT2:OBJDATA/NEMT.DAT[1591..1683]",
        "$RCT2:OBJDATA/NEMT.DAT[1685]",
        "$RCT2:OBJDATA/NEMT.DAT[1687]",
        "$RCT2:OBJDATA/NEMT.DAT[1689]",
        "$RCT2:OBJDATA/NEMT.DAT[1691]",
        "$RCT2:OBJDATA/NEMT.DAT[1693]",
        "$RCT2:OBJDATA/NEMT.DAT[1695]",
        "$RCT2:OBJDATA/NEMT.DAT[1697]",
        "$RCT2:OBJDATA/NEMT.DAT[1699]",
        "$RCT2:OBJDATA/NEMT.DAT[1701]",
        "$RCT2:OBJDATA/NEMT.DAT[1703]",
        "$RCT2:OBJDATA/NEMT.DAT[1705]",
        "$RCT2:OBJDATA/NEMT.DAT[1707]",
        "$RCT2:OBJDATA/NEMT.DAT[1709]",
        "$RCT2:OBJDATA/NEMT.DAT[1711]",
        "$RCT2:OBJDATA/NEMT.DAT[1713]",
        "$RCT2:OBJDATA/NEMT.DAT[1715..1723]",
        "$RCT2:OBJDATA/NEMT.DAT[1725]",
        "$RCT2:OBJDATA/NEMT.DAT[1727]",
        "$RCT2:OBJDATA/NEMT.DAT[1729]",
        "$RCT2:OBJDATA/NEMT.DAT[1731]",
        "$RCT2:OBJDATA/NEMT.DAT[1733]",
        "$RCT2:OBJDATA/NEMT.DAT[1735]",
        "$RCT2:OBJDATA/NEMT.DAT[1737]",
        "$RCT2:OBJDATA/NEMT.DAT[1739]",
        "$RCT2:OBJDATA/NEMT.DAT[1741]",
        "$RCT2:OBJDATA/NEMT.DAT[1743]",
        "$RCT2:OBJDATA/NEMT.DAT[1745]",
        "$RCT2:OBJDATA/NEMT.DAT[1747]",
        "$RCT2:OBJDATA/NEMT.DAT[1749]",
        "$RCT2:OBJDATA/NEMT.DAT[1751]",
        "$RCT2:OBJDATA/NEMT.DAT[1753]",
        "$RCT2:OBJDATA/NEMT.DAT[1755]",
        "$RCT2:OBJDATA/NEMT.DAT[1757]",
        "$RCT2:OBJDATA/NEMT.DAT[1759]",
        "$RCT2:OBJDATA/NEMT.DAT[1761]",
        "$RCT2:OBJDATA/NEMT.DAT[1763]",
        "$RCT2:OBJDATA/NEMT.DAT[1765]",
        "$RCT2:OBJDATA/NEMT.DAT[1767]",
        "$RCT2:OBJDATA/NEMT.DAT[1769]",
        "$RCT2:OBJDATA/NEMT.DAT[1771]",
        "$RCT2:OBJDATA/NEMT.DAT[1773]",
        "$RCT2:OBJDATA/NEMT.DAT[1775]",
        "$RCT2:OBJDATA/NEMT.DAT[1777]",
        "$RCT2:OBJDATA/NEMT.DAT[1779]",
        "$RCT2:OBJDATA/NEMT.DAT[1781]",
        "$RCT2:OBJDATA/NEMT.DAT[1783]",
        "$RCT2:OBJDATA/NEMT.DAT[1785]",
        "$RCT2:OBJDATA/NEMT.DAT[1787..1803]",
        "$RCT2:OBJDATA/NEMT.DAT[1805]",
        "$RCT2:OBJDATA/NEMT.DAT[1807]",
        "$RCT2:OBJDATA/NEMT.DAT[1809]",
        "$RCT2:OBJDATA/NEMT.DAT[1811]",
        "$RCT2:OBJDATA/NEMT.DAT[1813]",
        "$RCT2:OBJDATA/NEMT.DAT[1815]",
        "$RCT2:OBJDATA/NEMT.DAT[1817]",
        "$RCT2:OBJDATA/NEMT.DAT[1819]",
        "$RCT2:OBJDATA/NEMT.DAT[1821]",
        "$RCT2:OBJDATA/NEMT.DAT[1823]",
        "$RCT2:OBJDATA/NEMT.DAT[1825]",
        "$RCT2:OBJDATA/NEMT.DAT[1827]",
        "$RCT2:OBJDATA/NEMT.DAT[1829]",
        "$RCT2:OBJDATA/NEMT.DAT[1831]",
        "$RCT2:OBJDATA/NEMT.DAT[1833]",
        "$RCT2:OBJDATA/NEMT.DAT[1835]",
        "$RCT2:OBJDATA/NEMT.DAT[1837]",
        "$RCT2:OBJDATA/NEMT.DAT[1839]",
        "$RCT2:OBJDATA/NEMT.DAT[1841]",
        "$RCT2:OBJDATA/NEMT.DAT[1843]",
        "$RCT2:OBJDATA/NEMT.DAT[1845]",
        "$RCT2:OBJDATA/NEMT.DAT[1847]",
        "$RCT2:OBJDATA/NEMT.DAT[1849]",
        "$RCT2:OBJDATA/NEMT.DAT[1851]",
        "$RCT2:OBJDATA/NEMT.DAT[1853]",
        "$RCT2:OBJDATA/NEMT.DAT[1855]",
        "$RCT2:OBJDATA/NEMT.DAT[1857]",
        "$RCT2:OBJDATA/NEMT.DAT[1859]",
        "$RCT2:OBJDATA/NEMT.DAT[1861]",
        "$RCT2:OBJDATA/NEMT.DAT[1863]",
        "$RCT2:OBJDATA/NEMT.DAT[1865]",
        "$RCT2:OBJDATA/NEMT.DAT[1867..1875]",
        "$RCT2:OBJDATA/NEMT.DAT[1883]",
        "$RCT2:OBJDATA/NEMT.DAT[1891]",
        "$RCT2:OBJDATA/NEMT.DAT[1899]",
        "$RCT2:OBJDATA/NEMT.DAT[1907]",
        "$RCT2:OBJDATA/NEMT.DAT[1915]",
        "$RCT2:OBJDATA/NEMT.DAT[1923]",
        "$RCT2:OBJDATA/NEMT.DAT[1931]",
        "$RCT2:OBJDATA/NEMT.DAT[1939..2023]",
        "$RCT2:OBJDATA/NEMT.DAT[2025]",
        "$RCT2:OBJDATA/NEMT.DAT[2027]",
        "$RCT2:OBJDATA/NEMT.DAT[2029]",
        "$RCT2:OBJDATA/NEMT.DAT[2031]",
        "$RCT2:OBJDATA/NEMT.DAT[2033]",
        "$RCT2:OBJDATA/NEMT.DAT[2035]",
        "$RCT2:OBJDATA/NEMT.DAT[2037]",
        "$RCT2:OBJDATA/NEMT.DAT[2039]",
        "$RCT2:OBJDATA/NEMT.DAT[2041]",
        "$RCT2:OBJDATA/NEMT.DAT[2043]",
        "$RCT2:OBJDATA/NEMT.DAT[2045]",
        "$RCT2:OBJDATA/NEMT.DAT[2047]",
        "$RCT2:OBJDATA/NEMT.DAT[2049]",
        "$RCT2:OBJDATA/NEMT.DAT[2051]",
        "$RCT2:OBJDATA/NEMT.DAT[2053]",
        "$RCT2:OBJDATA/NEMT.DAT[2055]",
        "$RCT2:OBJDATA/NEMT.DAT[2057]",
        "$RCT2:OBJDATA/NEMT.DAT[2059]",
        "$RCT2:OBJDATA/NEMT.DAT[2061]",
        "$RCT2:OBJDATA/NEMT.DAT[2063]",
        "$RCT2:OBJDATA/NEMT.DAT[2065]",
        "$RCT2:OBJDATA/NEMT.DAT[2067]",
        "$RCT2:OBJDATA/NEMT.DAT[2069]",
        "$RCT2:OBJDATA/NEMT.DAT[2071]",
        "$RCT2:OBJDATA/NEMT.DAT[2073]",
        "$RCT2:OBJDATA/NEMT.DAT[2075]",
        "$RCT2:OBJDATA/NEMT.DAT[2077]",
        "$RCT2:OBJDATA/NEMT.DAT[2079]",
        "$RCT2:OBJDATA/NEMT.DAT[2081]",
        "$RCT2:OBJDATA/NEMT.DAT[2083]",
        "$RCT2:OBJDATA/NEMT.DAT[2085]",
        "$RCT2:OBJDATA/NEMT.DAT[2087..2127]",
        "$RCT2:OBJDATA/NEMT.DAT[2135]",
        "$RCT2:OBJDATA/NEMT.DAT[2143]",
        "$RCT2:OBJDATA/NEMT.DAT[2151]",
        "$RCT2:OBJDATA/NEMT.DAT[2159]",
        "$RCT2:OBJDATA/NEMT.DAT[2167]",
        "$RCT2:OBJDATA/NEMT.DAT[2175]",
        "$RCT2:OBJDATA/NEMT.DAT[2183]",
        "$RCT2:OBJDATA/NEMT.DAT[2191]",
        "$RCT2:OBJDATA/NEMT.DAT[2199]",
        "$RCT2:OBJDATA/NEMT.DAT[2207]",
        "$RCT2:OBJDATA/NEMT.DAT[2215]",
        "$RCT2:OBJDATA/NEMT.DAT[2223]",
        "$RCT2:OBJDATA/NEMT.DAT[2231]",
        "$RCT2:OBJDATA/NEMT.DAT[2239]",
        "$RCT2:OBJDATA/NEMT.DAT[2247]",
        "$RCT2:OBJDATA/NEMT.DAT[2255..2270]",
        "$RCT2:OBJDATA/NEMT.DAT[2431..2522]"
    ]
}
