{
    "id": "rct1.ride.ladybird_trains",
    "authors": [
        "Chris Sawyer",
        "Simon Foster"
    ],
    "version": "1.0",
    "originalId": "00000000|RCT1ZLDB|00000000",
    "sourceGame": "rct1",
    "objectType": "ride",
    "properties": {
        "type": "classic_mini_rc",
        "category": "rollercoaster",
        "noInversions": true,
        "minCarsPerTrain": 3,
        "maxCarsPerTrain": 10,
        "carColours": [
            [
                [
                    "bright_red",
                    "yellow",
                    "black"
                ]
            ],
            [
                [
                    "bright_green",
                    "bordeaux_red",
                    "black"
                ]
            ],
            [
                [
                    "bright_purple",
                    "yellow",
                    "black"
                ]
            ],
            [
                [
                    "light_orange",
                    "black",
                    "black"
                ]
            ]
        ],
        "cars": {
            "rotationFrameMask": 15,
            "spacing": 130048,
            "mass": 300,
            "numSeats": 2,
            "numSeatRows": 1,
            "frictionSoundId": 2,
            "soundRange": 2,
            "drawOrder": 8,
            "spriteGroups": {
                "slopeFlat": 16,
                "slopes12": 4,
                "slopes25": 16,
                "slopes42": 8,
                "slopes60": 4,
                "slopes8": 4,
                "slopes16": 4,
                "slopes50": 4,
                "flatBanked22": 8,
                "flatBanked45": 16,
                "slopes12Banked22": 4,
                "slopes8Banked22": 4,
                "restraintAnimation": 4
            },
            "hasAdditionalColour1": true,
            "hasScreamingRiders": true,
            "loadingPositions": [
                2,
                4
            ]
        },
        "buildMenuPriority": 4
    },
    "images": [
        { "path": "images/preview.png", "format": "raw" },
        "",
        "",
        "$CSG[27266..27281]",
        "$CSG[27282]",
        "$CSG[27290]",
        "$CSG[27298]",
        "$CSG[27306]",
        "$CSG[27286]",
        "$CSG[27294]",
        "$CSG[27302]",
        "$CSG[27310]",
        "$CSG[27283]",
        "$CSG[27314..27316]",
        "$CSG[27291]",
        "$CSG[27317..27319]",
        "$CSG[27299]",
        "$CSG[27320..27322]",
        "$CSG[27307]",
        "$CSG[27323..27325]",
        "$CSG[27287]",
        "$CSG[27326..27328]",
        "$CSG[27295]",
        "$CSG[27329..27331]",
        "$CSG[27303]",
        "$CSG[27332..27334]",
        "$CSG[27311]",
        "$CSG[27335..27337]",
        "$CSG[27284]",
        "$CSG[27358]",
        "$CSG[27292]",
        "$CSG[27359]",
        "$CSG[27300]",
        "$CSG[27360]",
        "$CSG[27308]",
        "$CSG[27361]",
        "$CSG[27288]",
        "$CSG[27374]",
        "$CSG[27296]",
        "$CSG[27375]",
        "$CSG[27304]",
        "$CSG[27376]",
        "$CSG[27312]",
        "$CSG[27377]",
        "$CSG[27285]",
        "$CSG[27293]",
        "$CSG[27301]",
        "$CSG[27309]",
        "$CSG[27289]",
        "$CSG[27297]",
        "$CSG[27305]",
        "$CSG[27313]",
        "$CSG[27350..27353]",
        "$CSG[27366..27369]",
        "$CSG[27354..27357]",
        "$CSG[27370..27373]",
        "$CSG[27362..27365]",
        "$CSG[27378..27381]",
        "$CSG[27414]",
        "$CSG[27454]",
        "$CSG[27415]",
        "$CSG[27455]",
        "$CSG[27416]",
        "$CSG[27456]",
        "$CSG[27417]",
        "$CSG[27457]",
        "$CSG[27418]",
        "$CSG[27458]",
        "$CSG[27419]",
        "$CSG[27459]",
        "$CSG[27420]",
        "$CSG[27460]",
        "$CSG[27421]",
        "$CSG[27461]",
        "$CSG[27382..27413]",
        "$CSG[27422..27453]",
        "$CSG[27338]",
        "$CSG[27341]",
        "$CSG[27344]",
        "$CSG[27347]",
        "$CSG[27339]",
        "$CSG[27342]",
        "$CSG[27345]",
        "$CSG[27348]",
        "$CSG[27340]",
        "$CSG[27343]",
        "$CSG[27346]",
        "$CSG[27349]",
        "$CSG[27462..27477]",
        "$CSG[27478]",
        "$CSG[27486]",
        "$CSG[27494]",
        "$CSG[27502]",
        "$CSG[27482]",
        "$CSG[27490]",
        "$CSG[27498]",
        "$CSG[27506]",
        "$CSG[27479]",
        "$CSG[27510..27512]",
        "$CSG[27487]",
        "$CSG[27513..27515]",
        "$CSG[27495]",
        "$CSG[27516..27518]",
        "$CSG[27503]",
        "$CSG[27519..27521]",
        "$CSG[27483]",
        "$CSG[27522..27524]",
        "$CSG[27491]",
        "$CSG[27525..27527]",
        "$CSG[27499]",
        "$CSG[27528..27530]",
        "$CSG[27507]",
        "$CSG[27531..27533]",
        "$CSG[27480]",
        "$CSG[27554]",
        "$CSG[27488]",
        "$CSG[27555]",
        "$CSG[27496]",
        "$CSG[27556]",
        "$CSG[27504]",
        "$CSG[27557]",
        "$CSG[27484]",
        "$CSG[27570]",
        "$CSG[27492]",
        "$CSG[27571]",
        "$CSG[27500]",
        "$CSG[27572]",
        "$CSG[27508]",
        "$CSG[27573]",
        "$CSG[27481]",
        "$CSG[27489]",
        "$CSG[27497]",
        "$CSG[27505]",
        "$CSG[27485]",
        "$CSG[27493]",
        "$CSG[27501]",
        "$CSG[27509]",
        "$CSG[27546..27549]",
        "$CSG[27562..27565]",
        "$CSG[27550..27553]",
        "$CSG[27566..27569]",
        "$CSG[27558..27561]",
        "$CSG[27574..27577]",
        "$CSG[27610]",
        "$CSG[27650]",
        "$CSG[27611]",
        "$CSG[27651]",
        "$CSG[27612]",
        "$CSG[27652]",
        "$CSG[27613]",
        "$CSG[27653]",
        "$CSG[27614]",
        "$CSG[27654]",
        "$CSG[27615]",
        "$CSG[27655]",
        "$CSG[27616]",
        "$CSG[27656]",
        "$CSG[27617]",
        "$CSG[27657]",
        "$CSG[27578..27609]",
        "$CSG[27618..27649]",
        "$CSG[27534]",
        "$CSG[27537]",
        "$CSG[27540]",
        "$CSG[27543]",
        "$CSG[27535]",
        "$CSG[27538]",
        "$CSG[27541]",
        "$CSG[27544]",
        "$CSG[27536]",
        "$CSG[27539]",
        "$CSG[27542]",
        "$CSG[27545]"
    ],
    "noCsgImages": [
        { "path": "images/preview.png", "format": "raw" },
        "",
        "",
        "$RCT2:OBJDATA/ZLDB.DAT[3]",
        "$RCT2:OBJDATA/ZLDB.DAT[5]",
        "$RCT2:OBJDATA/ZLDB.DAT[7]",
        "$RCT2:OBJDATA/ZLDB.DAT[9]",
        "$RCT2:OBJDATA/ZLDB.DAT[11]",
        "$RCT2:OBJDATA/ZLDB.DAT[13]",
        "$RCT2:OBJDATA/ZLDB.DAT[15]",
        "$RCT2:OBJDATA/ZLDB.DAT[17]",
        "$RCT2:OBJDATA/ZLDB.DAT[19]",
        "$RCT2:OBJDATA/ZLDB.DAT[21]",
        "$RCT2:OBJDATA/ZLDB.DAT[23]",
        "$RCT2:OBJDATA/ZLDB.DAT[25]",
        "$RCT2:OBJDATA/ZLDB.DAT[27]",
        "$RCT2:OBJDATA/ZLDB.DAT[29]",
        "$RCT2:OBJDATA/ZLDB.DAT[31]",
        "$RCT2:OBJDATA/ZLDB.DAT[33]",
        "$RCT2:OBJDATA/ZLDB.DAT[35..42]",
        "$RCT2:OBJDATA/ZLDB.DAT[43]",
        "$RCT2:OBJDATA/ZLDB.DAT[45]",
        "$RCT2:OBJDATA/ZLDB.DAT[47]",
        "$RCT2:OBJDATA/ZLDB.DAT[49]",
        "$RCT2:OBJDATA/ZLDB.DAT[51]",
        "$RCT2:OBJDATA/ZLDB.DAT[53]",
        "$RCT2:OBJDATA/ZLDB.DAT[55]",
        "$RCT2:OBJDATA/ZLDB.DAT[57]",
        "$RCT2:OBJDATA/ZLDB.DAT[59]",
        "$RCT2:OBJDATA/ZLDB.DAT[61]",
        "$RCT2:OBJDATA/ZLDB.DAT[63]",
        "$RCT2:OBJDATA/ZLDB.DAT[65]",
        "$RCT2:OBJDATA/ZLDB.DAT[67]",
        "$RCT2:OBJDATA/ZLDB.DAT[69]",
        "$RCT2:OBJDATA/ZLDB.DAT[71]",
        "$RCT2:OBJDATA/ZLDB.DAT[73]",
        "$RCT2:OBJDATA/ZLDB.DAT[75]",
        "$RCT2:OBJDATA/ZLDB.DAT[77]",
        "$RCT2:OBJDATA/ZLDB.DAT[79]",
        "$RCT2:OBJDATA/ZLDB.DAT[81]",
        "$RCT2:OBJDATA/ZLDB.DAT[83]",
        "$RCT2:OBJDATA/ZLDB.DAT[85]",
        "$RCT2:OBJDATA/ZLDB.DAT[87]",
        "$RCT2:OBJDATA/ZLDB.DAT[89]",
        "$RCT2:OBJDATA/ZLDB.DAT[91]",
        "$RCT2:OBJDATA/ZLDB.DAT[93]",
        "$RCT2:OBJDATA/ZLDB.DAT[95]",
        "$RCT2:OBJDATA/ZLDB.DAT[97]",
        "$RCT2:OBJDATA/ZLDB.DAT[99]",
        "$RCT2:OBJDATA/ZLDB.DAT[101]",
        "$RCT2:OBJDATA/ZLDB.DAT[103]",
        "$RCT2:OBJDATA/ZLDB.DAT[105]",
        "$RCT2:OBJDATA/ZLDB.DAT[43]",
        "$RCT2:OBJDATA/ZLDB.DAT[47]",
        "$RCT2:OBJDATA/ZLDB.DAT[51]",
        "$RCT2:OBJDATA/ZLDB.DAT[55]",
        "$RCT2:OBJDATA/ZLDB.DAT[59]",
        "$RCT2:OBJDATA/ZLDB.DAT[63]",
        "$RCT2:OBJDATA/ZLDB.DAT[67]",
        "$RCT2:OBJDATA/ZLDB.DAT[71]",
        "$RCT2:OBJDATA/ZLDB.DAT[75]",
        "$RCT2:OBJDATA/ZLDB.DAT[79]",
        "$RCT2:OBJDATA/ZLDB.DAT[83]",
        "$RCT2:OBJDATA/ZLDB.DAT[87]",
        "$RCT2:OBJDATA/ZLDB.DAT[91]",
        "$RCT2:OBJDATA/ZLDB.DAT[95]",
        "$RCT2:OBJDATA/ZLDB.DAT[99]",
        "$RCT2:OBJDATA/ZLDB.DAT[103]",
        "$RCT2:OBJDATA/ZLDB.DAT[43]",
        "$RCT2:OBJDATA/ZLDB.DAT[51]",
        "$RCT2:OBJDATA/ZLDB.DAT[59]",
        "$RCT2:OBJDATA/ZLDB.DAT[67]",
        "$RCT2:OBJDATA/ZLDB.DAT[75]",
        "$RCT2:OBJDATA/ZLDB.DAT[83]",
        "$RCT2:OBJDATA/ZLDB.DAT[91]",
        "$RCT2:OBJDATA/ZLDB.DAT[99]",
        "$RCT2:OBJDATA/ZLDB.DAT[107..146]",
        "$RCT2:OBJDATA/ZLDB.DAT[147]",
        "$RCT2:OBJDATA/ZLDB.DAT[149]",
        "$RCT2:OBJDATA/ZLDB.DAT[151]",
        "$RCT2:OBJDATA/ZLDB.DAT[153]",
        "$RCT2:OBJDATA/ZLDB.DAT[155]",
        "$RCT2:OBJDATA/ZLDB.DAT[157]",
        "$RCT2:OBJDATA/ZLDB.DAT[159]",
        "$RCT2:OBJDATA/ZLDB.DAT[161]",
        "$RCT2:OBJDATA/ZLDB.DAT[163]",
        "$RCT2:OBJDATA/ZLDB.DAT[165]",
        "$RCT2:OBJDATA/ZLDB.DAT[167]",
        "$RCT2:OBJDATA/ZLDB.DAT[169]",
        "$RCT2:OBJDATA/ZLDB.DAT[171]",
        "$RCT2:OBJDATA/ZLDB.DAT[173]",
        "$RCT2:OBJDATA/ZLDB.DAT[175]",
        "$RCT2:OBJDATA/ZLDB.DAT[177]",
        "$RCT2:OBJDATA/ZLDB.DAT[179]",
        "$RCT2:OBJDATA/ZLDB.DAT[181]",
        "$RCT2:OBJDATA/ZLDB.DAT[183]",
        "$RCT2:OBJDATA/ZLDB.DAT[185]",
        "$RCT2:OBJDATA/ZLDB.DAT[187]",
        "$RCT2:OBJDATA/ZLDB.DAT[189]",
        "$RCT2:OBJDATA/ZLDB.DAT[191]",
        "$RCT2:OBJDATA/ZLDB.DAT[193]",
        "$RCT2:OBJDATA/ZLDB.DAT[195]",
        "$RCT2:OBJDATA/ZLDB.DAT[197]",
        "$RCT2:OBJDATA/ZLDB.DAT[199]",
        "$RCT2:OBJDATA/ZLDB.DAT[201]",
        "$RCT2:OBJDATA/ZLDB.DAT[203]",
        "$RCT2:OBJDATA/ZLDB.DAT[205]",
        "$RCT2:OBJDATA/ZLDB.DAT[207]",
        "$RCT2:OBJDATA/ZLDB.DAT[209]",
        "$RCT2:OBJDATA/ZLDB.DAT[211]",
        "$RCT2:OBJDATA/ZLDB.DAT[219]",
        "$RCT2:OBJDATA/ZLDB.DAT[227]",
        "$RCT2:OBJDATA/ZLDB.DAT[235]",
        "$RCT2:OBJDATA/ZLDB.DAT[243]",
        "$RCT2:OBJDATA/ZLDB.DAT[251]",
        "$RCT2:OBJDATA/ZLDB.DAT[259]",
        "$RCT2:OBJDATA/ZLDB.DAT[267]",
        "$RCT2:OBJDATA/ZLDB.DAT[275]",
        "$RCT2:OBJDATA/ZLDB.DAT[283]",
        "$RCT2:OBJDATA/ZLDB.DAT[291]",
        "$RCT2:OBJDATA/ZLDB.DAT[299]",
        "$RCT2:OBJDATA/ZLDB.DAT[307]",
        "$RCT2:OBJDATA/ZLDB.DAT[315]",
        "$RCT2:OBJDATA/ZLDB.DAT[323]",
        "$RCT2:OBJDATA/ZLDB.DAT[331]",
        "$RCT2:OBJDATA/ZLDB.DAT[339..366]",
        "$RCT2:OBJDATA/ZLDB.DAT[367]",
        "$RCT2:OBJDATA/ZLDB.DAT[369]",
        "$RCT2:OBJDATA/ZLDB.DAT[371]",
        "$RCT2:OBJDATA/ZLDB.DAT[373]",
        "$RCT2:OBJDATA/ZLDB.DAT[375]",
        "$RCT2:OBJDATA/ZLDB.DAT[377]",
        "$RCT2:OBJDATA/ZLDB.DAT[379]",
        "$RCT2:OBJDATA/ZLDB.DAT[381]",
        "$RCT2:OBJDATA/ZLDB.DAT[383]",
        "$RCT2:OBJDATA/ZLDB.DAT[385]",
        "$RCT2:OBJDATA/ZLDB.DAT[387]",
        "$RCT2:OBJDATA/ZLDB.DAT[389]",
        "$RCT2:OBJDATA/ZLDB.DAT[391]",
        "$RCT2:OBJDATA/ZLDB.DAT[393]",
        "$RCT2:OBJDATA/ZLDB.DAT[395]",
        "$RCT2:OBJDATA/ZLDB.DAT[397]",
        "$RCT2:OBJDATA/ZLDB.DAT[399..406]",
        "$RCT2:OBJDATA/ZLDB.DAT[407]",
        "$RCT2:OBJDATA/ZLDB.DAT[409]",
        "$RCT2:OBJDATA/ZLDB.DAT[411]",
        "$RCT2:OBJDATA/ZLDB.DAT[413]",
        "$RCT2:OBJDATA/ZLDB.DAT[415]",
        "$RCT2:OBJDATA/ZLDB.DAT[417]",
        "$RCT2:OBJDATA/ZLDB.DAT[419]",
        "$RCT2:OBJDATA/ZLDB.DAT[421]",
        "$RCT2:OBJDATA/ZLDB.DAT[423]",
        "$RCT2:OBJDATA/ZLDB.DAT[425]",
        "$RCT2:OBJDATA/ZLDB.DAT[427]",
        "$RCT2:OBJDATA/ZLDB.DAT[429]",
        "$RCT2:OBJDATA/ZLDB.DAT[431]",
        "$RCT2:OBJDATA/ZLDB.DAT[433]",
        "$RCT2:OBJDATA/ZLDB.DAT[435]",
        "$RCT2:OBJDATA/ZLDB.DAT[437]",
        "$RCT2:OBJDATA/ZLDB.DAT[439]",
        "$RCT2:OBJDATA/ZLDB.DAT[441]",
        "$RCT2:OBJDATA/ZLDB.DAT[443]",
        "$RCT2:OBJDATA/ZLDB.DAT[445]",
        "$RCT2:OBJDATA/ZLDB.DAT[447]",
        "$RCT2:OBJDATA/ZLDB.DAT[449]",
        "$RCT2:OBJDATA/ZLDB.DAT[451]",
        "$RCT2:OBJDATA/ZLDB.DAT[453]",
        "$RCT2:OBJDATA/ZLDB.DAT[455]",
        "$RCT2:OBJDATA/ZLDB.DAT[457]",
        "$RCT2:OBJDATA/ZLDB.DAT[459]",
        "$RCT2:OBJDATA/ZLDB.DAT[461]",
        "$RCT2:OBJDATA/ZLDB.DAT[463]",
        "$RCT2:OBJDATA/ZLDB.DAT[465]",
        "$RCT2:OBJDATA/ZLDB.DAT[467]",
        "$RCT2:OBJDATA/ZLDB.DAT[469]",
        "$RCT2:OBJDATA/ZLDB.DAT[407]",
        "$RCT2:OBJDATA/ZLDB.DAT[411]",
        "$RCT2:OBJDATA/ZLDB.DAT[415]",
        "$RCT2:OBJDATA/ZLDB.DAT[419]",
        "$RCT2:OBJDATA/ZLDB.DAT[423]",
        "$RCT2:OBJDATA/ZLDB.DAT[427]",
        "$RCT2:OBJDATA/ZLDB.DAT[431]",
        "$RCT2:OBJDATA/ZLDB.DAT[435]",
        "$RCT2:OBJDATA/ZLDB.DAT[439]",
        "$RCT2:OBJDATA/ZLDB.DAT[443]",
        "$RCT2:OBJDATA/ZLDB.DAT[447]",
        "$RCT2:OBJDATA/ZLDB.DAT[451]",
        "$RCT2:OBJDATA/ZLDB.DAT[455]",
        "$RCT2:OBJDATA/ZLDB.DAT[459]",
        "$RCT2:OBJDATA/ZLDB.DAT[463]",
        "$RCT2:OBJDATA/ZLDB.DAT[467]",
        "$RCT2:OBJDATA/ZLDB.DAT[407]",
        "$RCT2:OBJDATA/ZLDB.DAT[415]",
        "$RCT2:OBJDATA/ZLDB.DAT[423]",
        "$RCT2:OBJDATA/ZLDB.DAT[431]",
        "$RCT2:OBJDATA/ZLDB.DAT[439]",
        "$RCT2:OBJDATA/ZLDB.DAT[447]",
        "$RCT2:OBJDATA/ZLDB.DAT[455]",
        "$RCT2:OBJDATA/ZLDB.DAT[463]",
        "$RCT2:OBJDATA/ZLDB.DAT[471..510]",
        "$RCT2:OBJDATA/ZLDB.DAT[511]",
        "$RCT2:OBJDATA/ZLDB.DAT[513]",
        "$RCT2:OBJDATA/ZLDB.DAT[515]",
        "$RCT2:OBJDATA/ZLDB.DAT[517]",
        "$RCT2:OBJDATA/ZLDB.DAT[519]",
        "$RCT2:OBJDATA/ZLDB.DAT[521]",
        "$RCT2:OBJDATA/ZLDB.DAT[523]",
        "$RCT2:OBJDATA/ZLDB.DAT[525]",
        "$RCT2:OBJDATA/ZLDB.DAT[527]",
        "$RCT2:OBJDATA/ZLDB.DAT[529]",
        "$RCT2:OBJDATA/ZLDB.DAT[531]",
        "$RCT2:OBJDATA/ZLDB.DAT[533]",
        "$RCT2:OBJDATA/ZLDB.DAT[535]",
        "$RCT2:OBJDATA/ZLDB.DAT[537]",
        "$RCT2:OBJDATA/ZLDB.DAT[539]",
        "$RCT2:OBJDATA/ZLDB.DAT[541]",
        "$RCT2:OBJDATA/ZLDB.DAT[543]",
        "$RCT2:OBJDATA/ZLDB.DAT[545]",
        "$RCT2:OBJDATA/ZLDB.DAT[547]",
        "$RCT2:OBJDATA/ZLDB.DAT[549]",
        "$RCT2:OBJDATA/ZLDB.DAT[551]",
        "$RCT2:OBJDATA/ZLDB.DAT[553]",
        "$RCT2:OBJDATA/ZLDB.DAT[555]",
        "$RCT2:OBJDATA/ZLDB.DAT[557]",
        "$RCT2:OBJDATA/ZLDB.DAT[559]",
        "$RCT2:OBJDATA/ZLDB.DAT[561]",
        "$RCT2:OBJDATA/ZLDB.DAT[563]",
        "$RCT2:OBJDATA/ZLDB.DAT[565]",
        "$RCT2:OBJDATA/ZLDB.DAT[567]",
        "$RCT2:OBJDATA/ZLDB.DAT[569]",
        "$RCT2:OBJDATA/ZLDB.DAT[571]",
        "$RCT2:OBJDATA/ZLDB.DAT[573]",
        "$RCT2:OBJDATA/ZLDB.DAT[575]",
        "$RCT2:OBJDATA/ZLDB.DAT[583]",
        "$RCT2:OBJDATA/ZLDB.DAT[591]",
        "$RCT2:OBJDATA/ZLDB.DAT[599]",
        "$RCT2:OBJDATA/ZLDB.DAT[607]",
        "$RCT2:OBJDATA/ZLDB.DAT[615]",
        "$RCT2:OBJDATA/ZLDB.DAT[623]",
        "$RCT2:OBJDATA/ZLDB.DAT[631]",
        "$RCT2:OBJDATA/ZLDB.DAT[639]",
        "$RCT2:OBJDATA/ZLDB.DAT[647]",
        "$RCT2:OBJDATA/ZLDB.DAT[655]",
        "$RCT2:OBJDATA/ZLDB.DAT[663]",
        "$RCT2:OBJDATA/ZLDB.DAT[671]",
        "$RCT2:OBJDATA/ZLDB.DAT[679]",
        "$RCT2:OBJDATA/ZLDB.DAT[687]",
        "$RCT2:OBJDATA/ZLDB.DAT[695]",
        "$RCT2:OBJDATA/ZLDB.DAT[703..730]"
    ],
    "strings": {
        "name": {
            "en-GB": "Ladybird Trains",
            "fr-FR": "Train coccinelle",
            "de-DE": "Marienkäferzüge",
            "es-ES": "Tren Mariquita",
            "it-IT": "Treni coccinella",
            "nl-NL": "Lieveheersbeestjestreinen",
            "sv-SE": "Nyckelpigetåg",
            "ko-KR": "무당벌레 차량",
            "zh-CN": "瓢虫列车",
            "zh-TW": "瓢蟲列車",
            "pt-BR": "Trens de Joaninha",
            "cs-CZ": "Beruščiny vozy",
            "ja-JP": "テントウムシ車両",
            "pl-PL": "Jazda na biedronkach",
            "ru-RU": "Божья Коровка",
            "eo-ZZ": "Kokcineloj-Trajnoj",
            "ca-ES": "Tren Marieta"
        },
        "description": {
            "en-GB": "Roller coaster trains with small ladybird-shaped cars",
            "fr-FR": "Train de montagne russe avec des voitures en forme de coccinelle",
            "de-DE": "Achterbahnzüge mit kleinen Marienkäferwagen",
            "es-ES": "Montaña rusa con vagones de forma de mariquitas",
            "it-IT": "Treni da ottovolante a forma di piccole coccinelle",
            "nl-NL": "Achtbaantrein met kleine karretjes in de vorm van een lieveheersbeestje.",
            "sv-SE": "Små nyckelpigeformade berg- och dalbanevagnar",
            "ko-KR": "작은 무당벌레 모양의 롤러코스터 차량",
            "zh-CN": "过山车列车是以瓢虫外形的车辆",
            "zh-TW": "雲霄飛車列車是以瓢蟲外形的車輛",
            "pt-BR": "Trens de montanha-russa com pequenos vagões em forma de joaninha",
            "cs-CZ": "Horská dráha s vozy ve tvaru malých berušek",
            "ja-JP": "てんとう虫形の車両のローラーコースターです",
            "pl-PL": "Kolejka górska z wagonikami w kształcie biedronek",
            "ru-RU": "Поезд с маленькими божьими коровками",
            "eo-ZZ": "Trajnoj de onda fervojo kun malgrandaj kokcineloformaj ĉaroj",
            "ca-ES": "Muntanya russa amb trens en forma de marieta."
        },
        "capacity": {
            "en-GB": "2 passengers per car",
            "fr-FR": "2 passagers par voiture",
            "de-DE": "2 Fahrgäste pro Wagen",
            "es-ES": "2 pasajeros por coche",
            "it-IT": "2 passeggeri a carrozza",
            "nl-NL": "2 passagiers per karretje",
            "sv-SE": "2 passagerare per vagn",
            "ko-KR": "차량당 2명의 승객",
            "zh-CN": "2 位乘客/每个车厢",
            "zh-TW": "2 位乘客/每個車廂",
            "pt-BR": "2 passageiros por vagão",
            "cs-CZ": "2 místa v každém vozu",
            "ja-JP": "各車両2名",
            "pl-PL": "2 pasażerów na wagonik",
            "ru-RU": "2 пассажира",
            "eo-ZZ": "Po 2 pasaĝeroj por ĉaro",
            "ca-ES": "2 passatgers per cotxe"
        }
    }
}
