{
    "id": "rct1.ride.steel_rc_trains_reversed",
    "authors": [
        "Chris Sawyer",
        "Simon Foster"
    ],
    "version": "1.0",
    "originalId": "00000000|#RCT1STR|00000000",
    "sourceGame": "rct1",
    "isCompatibilityObject": true,
    "objectType": "ride",
    "properties": {
        "type": "looping_rc",
        "category": "rollercoaster",
        "minCarsPerTrain": 2,
        "maxCarsPerTrain": 8,
        "numEmptyCars": 0,
        "defaultCar": 1,
        "tailCars": 0,
        "buildMenuPriority": 1,
        "ratingMultipler": {
            "excitement": 2,
            "intensity": 15,
            "nausea": 30
        },
        "carColours": [
            [
                [
                    "light_blue",
                    "white",
                    "black"
                ]
            ],
            [
                [
                    "bright_red",
                    "saturated_red",
                    "black"
                ]
            ],
            [
                [
                    "yellow",
                    "dark_olive_green",
                    "black"
                ]
            ]
        ],
        "cars": [
            {
                "rotationFrameMask": 15,
                "spacing": 295936,
                "mass": 550,
                "numSeats": 4,
                "numSeatRows": 2,
                "frictionSoundId": 2,
                "soundRange": 2,
                "carVisual": 0,
                "drawOrder": 5,
                "spriteGroups": {
                    "slopeFlat": 16,
                    "slopes12": 4,
                    "slopes25": 16,
                    "slopes42": 8,
                    "slopes60": 16,
                    "slopes75": 4,
                    "slopes90": 4,
                    "slopesLoop": 4,
                    "slopeInverted": 4,
                    "slopes8": 4,
                    "slopes16": 4,
                    "slopes50": 4,
                    "flatBanked22": 8,
                    "flatBanked45": 16,
                    "slopes12Banked22": 4,
                    "slopes8Banked22": 4,
                    "restraintAnimation": 4
                },
                "hasAdditionalColour1": true,
                "hasScreamingRiders": true,
                "loadingPositions": [
                    5,
                    3,
                    -7,
                    -9
                ]
            },
            {
                "rotationFrameMask": 15,
                "spacing": 208896,
                "mass": 525,
                "numSeats": 4,
                "numSeatRows": 2,
                "frictionSoundId": 2,
                "soundRange": 0,
                "drawOrder": 7,
                "spriteGroups": {
                    "slopeFlat": 16,
                    "slopes12": 4,
                    "slopes25": 16,
                    "slopes42": 8,
                    "slopes60": 16,
                    "slopes75": 4,
                    "slopes90": 4,
                    "slopesLoop": 4,
                    "slopeInverted": 4,
                    "slopes8": 4,
                    "slopes16": 4,
                    "slopes50": 4,
                    "flatBanked22": 8,
                    "flatBanked45": 16,
                    "slopes12Banked22": 4,
                    "slopes8Banked22": 4,
                    "restraintAnimation": 4
                },
                "hasAdditionalColour1": true,
                "hasScreamingRiders": true,
                "loadingPositions": [
                    7,
                    9,
                    -3,
                    -1
                ]
            }
        ]
    },
    "images": [
        { "path": "images/preview.png", "format": "raw" },
        "",
        "",
        "$CSG[2066]",
        "$CSG[2067]",
        "$CSG[2068]",
        "$CSG[2069]",
        "$CSG[2070]",
        "$CSG[2071]",
        "$CSG[2072]",
        "$CSG[2073]",
        "$CSG[2058]",
        "$CSG[2059]",
        "$CSG[2060]",
        "$CSG[2061]",
        "$CSG[2062]",
        "$CSG[2063]",
        "$CSG[2064]",
        "$CSG[2065]",
        "$CSG[2094]",
        "$CSG[2102]",
        "$CSG[2078]",
        "$CSG[2086]",
        "$CSG[2090]",
        "$CSG[2098]",
        "$CSG[2074]",
        "$CSG[2082]",
        "$CSG[2095]",
        "$CSG[2180]",
        "$CSG[2181]",
        "$CSG[2182]",
        "$CSG[2103]",
        "$CSG[2183]",
        "$CSG[2184]",
        "$CSG[2185]",
        "$CSG[2079]",
        "$CSG[2174]",
        "$CSG[2175]",
        "$CSG[2176]",
        "$CSG[2087]",
        "$CSG[2177]",
        "$CSG[2178]",
        "$CSG[2179]",
        "$CSG[2091]",
        "$CSG[2168]",
        "$CSG[2169]",
        "$CSG[2170]",
        "$CSG[2099]",
        "$CSG[2171]",
        "$CSG[2172]",
        "$CSG[2173]",
        "$CSG[2075]",
        "$CSG[2162]",
        "$CSG[2163]",
        "$CSG[2164]",
        "$CSG[2083]",
        "$CSG[2165]",
        "$CSG[2166]",
        "$CSG[2167]",
        "$CSG[2096]",
        "$CSG[2308]",
        "$CSG[2104]",
        "$CSG[2309]",
        "$CSG[2080]",
        "$CSG[2306]",
        "$CSG[2088]",
        "$CSG[2307]",
        "$CSG[2092]",
        "$CSG[2292]",
        "$CSG[2100]",
        "$CSG[2293]",
        "$CSG[2076]",
        "$CSG[2290]",
        "$CSG[2084]",
        "$CSG[2291]",
        "$CSG[2097]",
        "$CSG[2264]",
        "$CSG[2265]",
        "$CSG[2266]",
        "$CSG[2105]",
        "$CSG[2267]",
        "$CSG[2268]",
        "$CSG[2269]",
        "$CSG[2081]",
        "$CSG[2258]",
        "$CSG[2259]",
        "$CSG[2260]",
        "$CSG[2089]",
        "$CSG[2261]",
        "$CSG[2262]",
        "$CSG[2263]",
        "$CSG[2093]",
        "$CSG[2252]",
        "$CSG[2253]",
        "$CSG[2254]",
        "$CSG[2101]",
        "$CSG[2255]",
        "$CSG[2256]",
        "$CSG[2257]",
        "$CSG[2077]",
        "$CSG[2246]",
        "$CSG[2247]",
        "$CSG[2248]",
        "$CSG[2085]",
        "$CSG[2249]",
        "$CSG[2250]",
        "$CSG[2251]",
        "$CSG[2220]",
        "$CSG[2221]",
        "$CSG[2218]",
        "$CSG[2219]",
        "$CSG[2188]",
        "$CSG[2189]",
        "$CSG[2186]",
        "$CSG[2187]",
        "$CSG[2224]",
        "$CSG[2225]",
        "$CSG[2222]",
        "$CSG[2223]",
        "$CSG[2192]",
        "$CSG[2193]",
        "$CSG[2190]",
        "$CSG[2191]",
        "$CSG[2228]",
        "$CSG[2229]",
        "$CSG[2226]",
        "$CSG[2227]",
        "$CSG[2196]",
        "$CSG[2197]",
        "$CSG[2194]",
        "$CSG[2195]",
        "$CSG[2232]",
        "$CSG[2233]",
        "$CSG[2230]",
        "$CSG[2231]",
        "$CSG[2200]",
        "$CSG[2201]",
        "$CSG[2198]",
        "$CSG[2199]",
        "$CSG[2236]",
        "$CSG[2237]",
        "$CSG[2234]",
        "$CSG[2235]",
        "$CSG[2204]",
        "$CSG[2205]",
        "$CSG[2202]",
        "$CSG[2203]",
        "$CSG[2240]",
        "$CSG[2241]",
        "$CSG[2238]",
        "$CSG[2239]",
        "$CSG[2208]",
        "$CSG[2209]",
        "$CSG[2206]",
        "$CSG[2207]",
        "$CSG[2244]",
        "$CSG[2245]",
        "$CSG[2242]",
        "$CSG[2243]",
        "$CSG[2212]",
        "$CSG[2213]",
        "$CSG[2210]",
        "$CSG[2211]",
        "$CSG[2216]",
        "$CSG[2217]",
        "$CSG[2214]",
        "$CSG[2215]",
        "$CSG[2300]",
        "$CSG[2301]",
        "$CSG[2298]",
        "$CSG[2299]",
        "$CSG[2284]",
        "$CSG[2285]",
        "$CSG[2282]",
        "$CSG[2283]",
        "$CSG[2304]",
        "$CSG[2305]",
        "$CSG[2302]",
        "$CSG[2303]",
        "$CSG[2288]",
        "$CSG[2289]",
        "$CSG[2286]",
        "$CSG[2287]",
        "$CSG[2312]",
        "$CSG[2313]",
        "$CSG[2310]",
        "$CSG[2311]",
        "$CSG[2296]",
        "$CSG[2297]",
        "$CSG[2294]",
        "$CSG[2295]",
        "$CSG[2144]",
        "$CSG[2336]",
        "$CSG[2145]",
        "$CSG[2337]",
        "$CSG[2142]",
        "$CSG[2334]",
        "$CSG[2143]",
        "$CSG[2335]",
        "$CSG[2140]",
        "$CSG[2332]",
        "$CSG[2141]",
        "$CSG[2333]",
        "$CSG[2138]",
        "$CSG[2330]",
        "$CSG[2139]",
        "$CSG[2331]",
        "$CSG[2130]",
        "$CSG[2131]",
        "$CSG[2132]",
        "$CSG[2133]",
        "$CSG[2134]",
        "$CSG[2135]",
        "$CSG[2136]",
        "$CSG[2137]",
        "$CSG[2122]",
        "$CSG[2123]",
        "$CSG[2124]",
        "$CSG[2125]",
        "$CSG[2126]",
        "$CSG[2127]",
        "$CSG[2128]",
        "$CSG[2129]",
        "$CSG[2114]",
        "$CSG[2115]",
        "$CSG[2116]",
        "$CSG[2117]",
        "$CSG[2118]",
        "$CSG[2119]",
        "$CSG[2120]",
        "$CSG[2121]",
        "$CSG[2106]",
        "$CSG[2107]",
        "$CSG[2108]",
        "$CSG[2109]",
        "$CSG[2110]",
        "$CSG[2111]",
        "$CSG[2112]",
        "$CSG[2113]",
        "$CSG[2160]",
        "$CSG[2161]",
        "$CSG[2158]",
        "$CSG[2159]",
        "$CSG[2156]",
        "$CSG[2157]",
        "$CSG[2154]",
        "$CSG[2155]",
        "$CSG[2152]",
        "$CSG[2153]",
        "$CSG[2150]",
        "$CSG[2151]",
        "$CSG[2148]",
        "$CSG[2149]",
        "$CSG[2146]",
        "$CSG[2147]",
        "$CSG[2328]",
        "$CSG[2329]",
        "$CSG[2326]",
        "$CSG[2327]",
        "$CSG[2324]",
        "$CSG[2325]",
        "$CSG[2322]",
        "$CSG[2323]",
        "$CSG[2320]",
        "$CSG[2321]",
        "$CSG[2318]",
        "$CSG[2319]",
        "$CSG[2316]",
        "$CSG[2317]",
        "$CSG[2314]",
        "$CSG[2315]",
        "$CSG[2276]",
        "$CSG[2279]",
        "$CSG[2270]",
        "$CSG[2273]",
        "$CSG[2277]",
        "$CSG[2280]",
        "$CSG[2271]",
        "$CSG[2274]",
        "$CSG[2278]",
        "$CSG[2281]",
        "$CSG[2272]",
        "$CSG[2275]",
        "$CSG[2346]",
        "$CSG[2347]",
        "$CSG[2348]",
        "$CSG[2349]",
        "$CSG[2350]",
        "$CSG[2351]",
        "$CSG[2352]",
        "$CSG[2353]",
        "$CSG[2338]",
        "$CSG[2339]",
        "$CSG[2340]",
        "$CSG[2341]",
        "$CSG[2342]",
        "$CSG[2343]",
        "$CSG[2344]",
        "$CSG[2345]",
        "$CSG[2374]",
        "$CSG[2382]",
        "$CSG[2358]",
        "$CSG[2366]",
        "$CSG[2370]",
        "$CSG[2378]",
        "$CSG[2354]",
        "$CSG[2362]",
        "$CSG[2375]",
        "$CSG[2460]",
        "$CSG[2461]",
        "$CSG[2462]",
        "$CSG[2383]",
        "$CSG[2463]",
        "$CSG[2464]",
        "$CSG[2465]",
        "$CSG[2359]",
        "$CSG[2454]",
        "$CSG[2455]",
        "$CSG[2456]",
        "$CSG[2367]",
        "$CSG[2457]",
        "$CSG[2458]",
        "$CSG[2459]",
        "$CSG[2371]",
        "$CSG[2448]",
        "$CSG[2449]",
        "$CSG[2450]",
        "$CSG[2379]",
        "$CSG[2451]",
        "$CSG[2452]",
        "$CSG[2453]",
        "$CSG[2355]",
        "$CSG[2442]",
        "$CSG[2443]",
        "$CSG[2444]",
        "$CSG[2363]",
        "$CSG[2445]",
        "$CSG[2446]",
        "$CSG[2447]",
        "$CSG[2376]",
        "$CSG[2588]",
        "$CSG[2384]",
        "$CSG[2589]",
        "$CSG[2360]",
        "$CSG[2586]",
        "$CSG[2368]",
        "$CSG[2587]",
        "$CSG[2372]",
        "$CSG[2572]",
        "$CSG[2380]",
        "$CSG[2573]",
        "$CSG[2356]",
        "$CSG[2570]",
        "$CSG[2364]",
        "$CSG[2571]",
        "$CSG[2377]",
        "$CSG[2544]",
        "$CSG[2545]",
        "$CSG[2546]",
        "$CSG[2385]",
        "$CSG[2547]",
        "$CSG[2548]",
        "$CSG[2549]",
        "$CSG[2361]",
        "$CSG[2538]",
        "$CSG[2539]",
        "$CSG[2540]",
        "$CSG[2369]",
        "$CSG[2541]",
        "$CSG[2542]",
        "$CSG[2543]",
        "$CSG[2373]",
        "$CSG[2532]",
        "$CSG[2533]",
        "$CSG[2534]",
        "$CSG[2381]",
        "$CSG[2535]",
        "$CSG[2536]",
        "$CSG[2537]",
        "$CSG[2357]",
        "$CSG[2526]",
        "$CSG[2527]",
        "$CSG[2528]",
        "$CSG[2365]",
        "$CSG[2529]",
        "$CSG[2530]",
        "$CSG[2531]",
        "$CSG[2500]",
        "$CSG[2501]",
        "$CSG[2498]",
        "$CSG[2499]",
        "$CSG[2468]",
        "$CSG[2469]",
        "$CSG[2466]",
        "$CSG[2467]",
        "$CSG[2504]",
        "$CSG[2505]",
        "$CSG[2502]",
        "$CSG[2503]",
        "$CSG[2472]",
        "$CSG[2473]",
        "$CSG[2470]",
        "$CSG[2471]",
        "$CSG[2508]",
        "$CSG[2509]",
        "$CSG[2506]",
        "$CSG[2507]",
        "$CSG[2476]",
        "$CSG[2477]",
        "$CSG[2474]",
        "$CSG[2475]",
        "$CSG[2512]",
        "$CSG[2513]",
        "$CSG[2510]",
        "$CSG[2511]",
        "$CSG[2480]",
        "$CSG[2481]",
        "$CSG[2478]",
        "$CSG[2479]",
        "$CSG[2516]",
        "$CSG[2517]",
        "$CSG[2514]",
        "$CSG[2515]",
        "$CSG[2484]",
        "$CSG[2485]",
        "$CSG[2482]",
        "$CSG[2483]",
        "$CSG[2520]",
        "$CSG[2521]",
        "$CSG[2518]",
        "$CSG[2519]",
        "$CSG[2488]",
        "$CSG[2489]",
        "$CSG[2486]",
        "$CSG[2487]",
        "$CSG[2524]",
        "$CSG[2525]",
        "$CSG[2522]",
        "$CSG[2523]",
        "$CSG[2492]",
        "$CSG[2493]",
        "$CSG[2490]",
        "$CSG[2491]",
        "$CSG[2496]",
        "$CSG[2497]",
        "$CSG[2494]",
        "$CSG[2495]",
        "$CSG[2580]",
        "$CSG[2581]",
        "$CSG[2578]",
        "$CSG[2579]",
        "$CSG[2564]",
        "$CSG[2565]",
        "$CSG[2562]",
        "$CSG[2563]",
        "$CSG[2584]",
        "$CSG[2585]",
        "$CSG[2582]",
        "$CSG[2583]",
        "$CSG[2568]",
        "$CSG[2569]",
        "$CSG[2566]",
        "$CSG[2567]",
        "$CSG[2592]",
        "$CSG[2593]",
        "$CSG[2590]",
        "$CSG[2591]",
        "$CSG[2576]",
        "$CSG[2577]",
        "$CSG[2574]",
        "$CSG[2575]",
        "$CSG[2424]",
        "$CSG[2616]",
        "$CSG[2425]",
        "$CSG[2617]",
        "$CSG[2422]",
        "$CSG[2614]",
        "$CSG[2423]",
        "$CSG[2615]",
        "$CSG[2420]",
        "$CSG[2612]",
        "$CSG[2421]",
        "$CSG[2613]",
        "$CSG[2418]",
        "$CSG[2610]",
        "$CSG[2419]",
        "$CSG[2611]",
        "$CSG[2410]",
        "$CSG[2411]",
        "$CSG[2412]",
        "$CSG[2413]",
        "$CSG[2414]",
        "$CSG[2415]",
        "$CSG[2416]",
        "$CSG[2417]",
        "$CSG[2402]",
        "$CSG[2403]",
        "$CSG[2404]",
        "$CSG[2405]",
        "$CSG[2406]",
        "$CSG[2407]",
        "$CSG[2408]",
        "$CSG[2409]",
        "$CSG[2394]",
        "$CSG[2395]",
        "$CSG[2396]",
        "$CSG[2397]",
        "$CSG[2398]",
        "$CSG[2399]",
        "$CSG[2400]",
        "$CSG[2401]",
        "$CSG[2386]",
        "$CSG[2387]",
        "$CSG[2388]",
        "$CSG[2389]",
        "$CSG[2390]",
        "$CSG[2391]",
        "$CSG[2392]",
        "$CSG[2393]",
        "$CSG[2440]",
        "$CSG[2441]",
        "$CSG[2438]",
        "$CSG[2439]",
        "$CSG[2436]",
        "$CSG[2437]",
        "$CSG[2434]",
        "$CSG[2435]",
        "$CSG[2432]",
        "$CSG[2433]",
        "$CSG[2430]",
        "$CSG[2431]",
        "$CSG[2428]",
        "$CSG[2429]",
        "$CSG[2426]",
        "$CSG[2427]",
        "$CSG[2608]",
        "$CSG[2609]",
        "$CSG[2606]",
        "$CSG[2607]",
        "$CSG[2604]",
        "$CSG[2605]",
        "$CSG[2602]",
        "$CSG[2603]",
        "$CSG[2600]",
        "$CSG[2601]",
        "$CSG[2598]",
        "$CSG[2599]",
        "$CSG[2596]",
        "$CSG[2597]",
        "$CSG[2594]",
        "$CSG[2595]",
        "$CSG[2556]",
        "$CSG[2559]",
        "$CSG[2550]",
        "$CSG[2553]",
        "$CSG[2557]",
        "$CSG[2560]",
        "$CSG[2551]",
        "$CSG[2554]",
        "$CSG[2558]",
        "$CSG[2561]",
        "$CSG[2552]",
        "$CSG[2555]",
        "$CSG[2626]",
        "$CSG[2627]",
        "$CSG[2628]",
        "$CSG[2629]",
        "$CSG[2630]",
        "$CSG[2631]",
        "$CSG[2632]",
        "$CSG[2633]",
        "$CSG[2618]",
        "$CSG[2619]",
        "$CSG[2620]",
        "$CSG[2621]",
        "$CSG[2622]",
        "$CSG[2623]",
        "$CSG[2624]",
        "$CSG[2625]",
        "$CSG[2654]",
        "$CSG[2662]",
        "$CSG[2638]",
        "$CSG[2646]",
        "$CSG[2650]",
        "$CSG[2658]",
        "$CSG[2634]",
        "$CSG[2642]",
        "$CSG[2655]",
        "$CSG[2740]",
        "$CSG[2741]",
        "$CSG[2742]",
        "$CSG[2663]",
        "$CSG[2743]",
        "$CSG[2744]",
        "$CSG[2745]",
        "$CSG[2639]",
        "$CSG[2734]",
        "$CSG[2735]",
        "$CSG[2736]",
        "$CSG[2647]",
        "$CSG[2737]",
        "$CSG[2738]",
        "$CSG[2739]",
        "$CSG[2651]",
        "$CSG[2728]",
        "$CSG[2729]",
        "$CSG[2730]",
        "$CSG[2659]",
        "$CSG[2731]",
        "$CSG[2732]",
        "$CSG[2733]",
        "$CSG[2635]",
        "$CSG[2722]",
        "$CSG[2723]",
        "$CSG[2724]",
        "$CSG[2643]",
        "$CSG[2725]",
        "$CSG[2726]",
        "$CSG[2727]",
        "$CSG[2656]",
        "$CSG[2868]",
        "$CSG[2664]",
        "$CSG[2869]",
        "$CSG[2640]",
        "$CSG[2866]",
        "$CSG[2648]",
        "$CSG[2867]",
        "$CSG[2652]",
        "$CSG[2852]",
        "$CSG[2660]",
        "$CSG[2853]",
        "$CSG[2636]",
        "$CSG[2850]",
        "$CSG[2644]",
        "$CSG[2851]",
        "$CSG[2657]",
        "$CSG[2824]",
        "$CSG[2825]",
        "$CSG[2826]",
        "$CSG[2665]",
        "$CSG[2827]",
        "$CSG[2828]",
        "$CSG[2829]",
        "$CSG[2641]",
        "$CSG[2818]",
        "$CSG[2819]",
        "$CSG[2820]",
        "$CSG[2649]",
        "$CSG[2821]",
        "$CSG[2822]",
        "$CSG[2823]",
        "$CSG[2653]",
        "$CSG[2812]",
        "$CSG[2813]",
        "$CSG[2814]",
        "$CSG[2661]",
        "$CSG[2815]",
        "$CSG[2816]",
        "$CSG[2817]",
        "$CSG[2637]",
        "$CSG[2806]",
        "$CSG[2807]",
        "$CSG[2808]",
        "$CSG[2645]",
        "$CSG[2809]",
        "$CSG[2810]",
        "$CSG[2811]",
        "$CSG[2780]",
        "$CSG[2781]",
        "$CSG[2778]",
        "$CSG[2779]",
        "$CSG[2748]",
        "$CSG[2749]",
        "$CSG[2746]",
        "$CSG[2747]",
        "$CSG[2784]",
        "$CSG[2785]",
        "$CSG[2782]",
        "$CSG[2783]",
        "$CSG[2752]",
        "$CSG[2753]",
        "$CSG[2750]",
        "$CSG[2751]",
        "$CSG[2788]",
        "$CSG[2789]",
        "$CSG[2786]",
        "$CSG[2787]",
        "$CSG[2756]",
        "$CSG[2757]",
        "$CSG[2754]",
        "$CSG[2755]",
        "$CSG[2792]",
        "$CSG[2793]",
        "$CSG[2790]",
        "$CSG[2791]",
        "$CSG[2760]",
        "$CSG[2761]",
        "$CSG[2758]",
        "$CSG[2759]",
        "$CSG[2796]",
        "$CSG[2797]",
        "$CSG[2794]",
        "$CSG[2795]",
        "$CSG[2764]",
        "$CSG[2765]",
        "$CSG[2762]",
        "$CSG[2763]",
        "$CSG[2800]",
        "$CSG[2801]",
        "$CSG[2798]",
        "$CSG[2799]",
        "$CSG[2768]",
        "$CSG[2769]",
        "$CSG[2766]",
        "$CSG[2767]",
        "$CSG[2804]",
        "$CSG[2805]",
        "$CSG[2802]",
        "$CSG[2803]",
        "$CSG[2772]",
        "$CSG[2773]",
        "$CSG[2770]",
        "$CSG[2771]",
        "$CSG[2776]",
        "$CSG[2777]",
        "$CSG[2774]",
        "$CSG[2775]",
        "$CSG[2860]",
        "$CSG[2861]",
        "$CSG[2858]",
        "$CSG[2859]",
        "$CSG[2844]",
        "$CSG[2845]",
        "$CSG[2842]",
        "$CSG[2843]",
        "$CSG[2864]",
        "$CSG[2865]",
        "$CSG[2862]",
        "$CSG[2863]",
        "$CSG[2848]",
        "$CSG[2849]",
        "$CSG[2846]",
        "$CSG[2847]",
        "$CSG[2872]",
        "$CSG[2873]",
        "$CSG[2870]",
        "$CSG[2871]",
        "$CSG[2856]",
        "$CSG[2857]",
        "$CSG[2854]",
        "$CSG[2855]",
        "$CSG[2704]",
        "$CSG[2896]",
        "$CSG[2705]",
        "$CSG[2897]",
        "$CSG[2702]",
        "$CSG[2894]",
        "$CSG[2703]",
        "$CSG[2895]",
        "$CSG[2700]",
        "$CSG[2892]",
        "$CSG[2701]",
        "$CSG[2893]",
        "$CSG[2698]",
        "$CSG[2890]",
        "$CSG[2699]",
        "$CSG[2891]",
        "$CSG[2690]",
        "$CSG[2691]",
        "$CSG[2692]",
        "$CSG[2693]",
        "$CSG[2694]",
        "$CSG[2695]",
        "$CSG[2696]",
        "$CSG[2697]",
        "$CSG[2682]",
        "$CSG[2683]",
        "$CSG[2684]",
        "$CSG[2685]",
        "$CSG[2686]",
        "$CSG[2687]",
        "$CSG[2688]",
        "$CSG[2689]",
        "$CSG[2674]",
        "$CSG[2675]",
        "$CSG[2676]",
        "$CSG[2677]",
        "$CSG[2678]",
        "$CSG[2679]",
        "$CSG[2680]",
        "$CSG[2681]",
        "$CSG[2666]",
        "$CSG[2667]",
        "$CSG[2668]",
        "$CSG[2669]",
        "$CSG[2670]",
        "$CSG[2671]",
        "$CSG[2672]",
        "$CSG[2673]",
        "$CSG[2720]",
        "$CSG[2721]",
        "$CSG[2718]",
        "$CSG[2719]",
        "$CSG[2716]",
        "$CSG[2717]",
        "$CSG[2714]",
        "$CSG[2715]",
        "$CSG[2712]",
        "$CSG[2713]",
        "$CSG[2710]",
        "$CSG[2711]",
        "$CSG[2708]",
        "$CSG[2709]",
        "$CSG[2706]",
        "$CSG[2707]",
        "$CSG[2888]",
        "$CSG[2889]",
        "$CSG[2886]",
        "$CSG[2887]",
        "$CSG[2884]",
        "$CSG[2885]",
        "$CSG[2882]",
        "$CSG[2883]",
        "$CSG[2880]",
        "$CSG[2881]",
        "$CSG[2878]",
        "$CSG[2879]",
        "$CSG[2876]",
        "$CSG[2877]",
        "$CSG[2874]",
        "$CSG[2875]",
        "$CSG[2836]",
        "$CSG[2839]",
        "$CSG[2830]",
        "$CSG[2833]",
        "$CSG[2837]",
        "$CSG[2840]",
        "$CSG[2831]",
        "$CSG[2834]",
        "$CSG[2838]",
        "$CSG[2841]",
        "$CSG[2832]",
        "$CSG[2835]",
        "$CSG[2906]",
        "$CSG[2907]",
        "$CSG[2908]",
        "$CSG[2909]",
        "$CSG[2910]",
        "$CSG[2911]",
        "$CSG[2912]",
        "$CSG[2913]",
        "$CSG[2898]",
        "$CSG[2899]",
        "$CSG[2900]",
        "$CSG[2901]",
        "$CSG[2902]",
        "$CSG[2903]",
        "$CSG[2904]",
        "$CSG[2905]",
        "$CSG[2934]",
        "$CSG[2942]",
        "$CSG[2918]",
        "$CSG[2926]",
        "$CSG[2930]",
        "$CSG[2938]",
        "$CSG[2914]",
        "$CSG[2922]",
        "$CSG[2935]",
        "$CSG[3020]",
        "$CSG[3021]",
        "$CSG[3022]",
        "$CSG[2943]",
        "$CSG[3023]",
        "$CSG[3024]",
        "$CSG[3025]",
        "$CSG[2919]",
        "$CSG[3014]",
        "$CSG[3015]",
        "$CSG[3016]",
        "$CSG[2927]",
        "$CSG[3017]",
        "$CSG[3018]",
        "$CSG[3019]",
        "$CSG[2931]",
        "$CSG[3008]",
        "$CSG[3009]",
        "$CSG[3010]",
        "$CSG[2939]",
        "$CSG[3011]",
        "$CSG[3012]",
        "$CSG[3013]",
        "$CSG[2915]",
        "$CSG[3002]",
        "$CSG[3003]",
        "$CSG[3004]",
        "$CSG[2923]",
        "$CSG[3005]",
        "$CSG[3006]",
        "$CSG[3007]",
        "$CSG[2936]",
        "$CSG[3148]",
        "$CSG[2944]",
        "$CSG[3149]",
        "$CSG[2920]",
        "$CSG[3146]",
        "$CSG[2928]",
        "$CSG[3147]",
        "$CSG[2932]",
        "$CSG[3132]",
        "$CSG[2940]",
        "$CSG[3133]",
        "$CSG[2916]",
        "$CSG[3130]",
        "$CSG[2924]",
        "$CSG[3131]",
        "$CSG[2937]",
        "$CSG[3104]",
        "$CSG[3105]",
        "$CSG[3106]",
        "$CSG[2945]",
        "$CSG[3107]",
        "$CSG[3108]",
        "$CSG[3109]",
        "$CSG[2921]",
        "$CSG[3098]",
        "$CSG[3099]",
        "$CSG[3100]",
        "$CSG[2929]",
        "$CSG[3101]",
        "$CSG[3102]",
        "$CSG[3103]",
        "$CSG[2933]",
        "$CSG[3092]",
        "$CSG[3093]",
        "$CSG[3094]",
        "$CSG[2941]",
        "$CSG[3095]",
        "$CSG[3096]",
        "$CSG[3097]",
        "$CSG[2917]",
        "$CSG[3086]",
        "$CSG[3087]",
        "$CSG[3088]",
        "$CSG[2925]",
        "$CSG[3089]",
        "$CSG[3090]",
        "$CSG[3091]",
        "$CSG[3060]",
        "$CSG[3061]",
        "$CSG[3058]",
        "$CSG[3059]",
        "$CSG[3028]",
        "$CSG[3029]",
        "$CSG[3026]",
        "$CSG[3027]",
        "$CSG[3064]",
        "$CSG[3065]",
        "$CSG[3062]",
        "$CSG[3063]",
        "$CSG[3032]",
        "$CSG[3033]",
        "$CSG[3030]",
        "$CSG[3031]",
        "$CSG[3068]",
        "$CSG[3069]",
        "$CSG[3066]",
        "$CSG[3067]",
        "$CSG[3036]",
        "$CSG[3037]",
        "$CSG[3034]",
        "$CSG[3035]",
        "$CSG[3072]",
        "$CSG[3073]",
        "$CSG[3070]",
        "$CSG[3071]",
        "$CSG[3040]",
        "$CSG[3041]",
        "$CSG[3038]",
        "$CSG[3039]",
        "$CSG[3076]",
        "$CSG[3077]",
        "$CSG[3074]",
        "$CSG[3075]",
        "$CSG[3044]",
        "$CSG[3045]",
        "$CSG[3042]",
        "$CSG[3043]",
        "$CSG[3080]",
        "$CSG[3081]",
        "$CSG[3078]",
        "$CSG[3079]",
        "$CSG[3048]",
        "$CSG[3049]",
        "$CSG[3046]",
        "$CSG[3047]",
        "$CSG[3084]",
        "$CSG[3085]",
        "$CSG[3082]",
        "$CSG[3083]",
        "$CSG[3052]",
        "$CSG[3053]",
        "$CSG[3050]",
        "$CSG[3051]",
        "$CSG[3056]",
        "$CSG[3057]",
        "$CSG[3054]",
        "$CSG[3055]",
        "$CSG[3140]",
        "$CSG[3141]",
        "$CSG[3138]",
        "$CSG[3139]",
        "$CSG[3124]",
        "$CSG[3125]",
        "$CSG[3122]",
        "$CSG[3123]",
        "$CSG[3144]",
        "$CSG[3145]",
        "$CSG[3142]",
        "$CSG[3143]",
        "$CSG[3128]",
        "$CSG[3129]",
        "$CSG[3126]",
        "$CSG[3127]",
        "$CSG[3152]",
        "$CSG[3153]",
        "$CSG[3150]",
        "$CSG[3151]",
        "$CSG[3136]",
        "$CSG[3137]",
        "$CSG[3134]",
        "$CSG[3135]",
        "$CSG[2984]",
        "$CSG[3176]",
        "$CSG[2985]",
        "$CSG[3177]",
        "$CSG[2982]",
        "$CSG[3174]",
        "$CSG[2983]",
        "$CSG[3175]",
        "$CSG[2980]",
        "$CSG[3172]",
        "$CSG[2981]",
        "$CSG[3173]",
        "$CSG[2978]",
        "$CSG[3170]",
        "$CSG[2979]",
        "$CSG[3171]",
        "$CSG[2970]",
        "$CSG[2971]",
        "$CSG[2972]",
        "$CSG[2973]",
        "$CSG[2974]",
        "$CSG[2975]",
        "$CSG[2976]",
        "$CSG[2977]",
        "$CSG[2962]",
        "$CSG[2963]",
        "$CSG[2964]",
        "$CSG[2965]",
        "$CSG[2966]",
        "$CSG[2967]",
        "$CSG[2968]",
        "$CSG[2969]",
        "$CSG[2954]",
        "$CSG[2955]",
        "$CSG[2956]",
        "$CSG[2957]",
        "$CSG[2958]",
        "$CSG[2959]",
        "$CSG[2960]",
        "$CSG[2961]",
        "$CSG[2946]",
        "$CSG[2947]",
        "$CSG[2948]",
        "$CSG[2949]",
        "$CSG[2950]",
        "$CSG[2951]",
        "$CSG[2952]",
        "$CSG[2953]",
        "$CSG[3000]",
        "$CSG[3001]",
        "$CSG[2998]",
        "$CSG[2999]",
        "$CSG[2996]",
        "$CSG[2997]",
        "$CSG[2994]",
        "$CSG[2995]",
        "$CSG[2992]",
        "$CSG[2993]",
        "$CSG[2990]",
        "$CSG[2991]",
        "$CSG[2988]",
        "$CSG[2989]",
        "$CSG[2986]",
        "$CSG[2987]",
        "$CSG[3168]",
        "$CSG[3169]",
        "$CSG[3166]",
        "$CSG[3167]",
        "$CSG[3164]",
        "$CSG[3165]",
        "$CSG[3162]",
        "$CSG[3163]",
        "$CSG[3160]",
        "$CSG[3161]",
        "$CSG[3158]",
        "$CSG[3159]",
        "$CSG[3156]",
        "$CSG[3157]",
        "$CSG[3154]",
        "$CSG[3155]",
        "$CSG[3116]",
        "$CSG[3119]",
        "$CSG[3110]",
        "$CSG[3113]",
        "$CSG[3117]",
        "$CSG[3120]",
        "$CSG[3111]",
        "$CSG[3114]",
        "$CSG[3118]",
        "$CSG[3121]",
        "$CSG[3112]",
        "$CSG[3115]",
        "$CSG[3186]",
        "$CSG[3187]",
        "$CSG[3188]",
        "$CSG[3189]",
        "$CSG[3190]",
        "$CSG[3191]",
        "$CSG[3192]",
        "$CSG[3193]",
        "$CSG[3178]",
        "$CSG[3179]",
        "$CSG[3180]",
        "$CSG[3181]",
        "$CSG[3182]",
        "$CSG[3183]",
        "$CSG[3184]",
        "$CSG[3185]",
        "$CSG[3214]",
        "$CSG[3222]",
        "$CSG[3198]",
        "$CSG[3206]",
        "$CSG[3210]",
        "$CSG[3218]",
        "$CSG[3194]",
        "$CSG[3202]",
        "$CSG[3215]",
        "$CSG[3300]",
        "$CSG[3301]",
        "$CSG[3302]",
        "$CSG[3223]",
        "$CSG[3303]",
        "$CSG[3304]",
        "$CSG[3305]",
        "$CSG[3199]",
        "$CSG[3294]",
        "$CSG[3295]",
        "$CSG[3296]",
        "$CSG[3207]",
        "$CSG[3297]",
        "$CSG[3298]",
        "$CSG[3299]",
        "$CSG[3211]",
        "$CSG[3288]",
        "$CSG[3289]",
        "$CSG[3290]",
        "$CSG[3219]",
        "$CSG[3291]",
        "$CSG[3292]",
        "$CSG[3293]",
        "$CSG[3195]",
        "$CSG[3282]",
        "$CSG[3283]",
        "$CSG[3284]",
        "$CSG[3203]",
        "$CSG[3285]",
        "$CSG[3286]",
        "$CSG[3287]",
        "$CSG[3216]",
        "$CSG[3428]",
        "$CSG[3224]",
        "$CSG[3429]",
        "$CSG[3200]",
        "$CSG[3426]",
        "$CSG[3208]",
        "$CSG[3427]",
        "$CSG[3212]",
        "$CSG[3412]",
        "$CSG[3220]",
        "$CSG[3413]",
        "$CSG[3196]",
        "$CSG[3410]",
        "$CSG[3204]",
        "$CSG[3411]",
        "$CSG[3217]",
        "$CSG[3384]",
        "$CSG[3385]",
        "$CSG[3386]",
        "$CSG[3225]",
        "$CSG[3387]",
        "$CSG[3388]",
        "$CSG[3389]",
        "$CSG[3201]",
        "$CSG[3378]",
        "$CSG[3379]",
        "$CSG[3380]",
        "$CSG[3209]",
        "$CSG[3381]",
        "$CSG[3382]",
        "$CSG[3383]",
        "$CSG[3213]",
        "$CSG[3372]",
        "$CSG[3373]",
        "$CSG[3374]",
        "$CSG[3221]",
        "$CSG[3375]",
        "$CSG[3376]",
        "$CSG[3377]",
        "$CSG[3197]",
        "$CSG[3366]",
        "$CSG[3367]",
        "$CSG[3368]",
        "$CSG[3205]",
        "$CSG[3369]",
        "$CSG[3370]",
        "$CSG[3371]",
        "$CSG[3340]",
        "$CSG[3341]",
        "$CSG[3338]",
        "$CSG[3339]",
        "$CSG[3308]",
        "$CSG[3309]",
        "$CSG[3306]",
        "$CSG[3307]",
        "$CSG[3344]",
        "$CSG[3345]",
        "$CSG[3342]",
        "$CSG[3343]",
        "$CSG[3312]",
        "$CSG[3313]",
        "$CSG[3310]",
        "$CSG[3311]",
        "$CSG[3348]",
        "$CSG[3349]",
        "$CSG[3346]",
        "$CSG[3347]",
        "$CSG[3316]",
        "$CSG[3317]",
        "$CSG[3314]",
        "$CSG[3315]",
        "$CSG[3352]",
        "$CSG[3353]",
        "$CSG[3350]",
        "$CSG[3351]",
        "$CSG[3320]",
        "$CSG[3321]",
        "$CSG[3318]",
        "$CSG[3319]",
        "$CSG[3356]",
        "$CSG[3357]",
        "$CSG[3354]",
        "$CSG[3355]",
        "$CSG[3324]",
        "$CSG[3325]",
        "$CSG[3322]",
        "$CSG[3323]",
        "$CSG[3360]",
        "$CSG[3361]",
        "$CSG[3358]",
        "$CSG[3359]",
        "$CSG[3328]",
        "$CSG[3329]",
        "$CSG[3326]",
        "$CSG[3327]",
        "$CSG[3364]",
        "$CSG[3365]",
        "$CSG[3362]",
        "$CSG[3363]",
        "$CSG[3332]",
        "$CSG[3333]",
        "$CSG[3330]",
        "$CSG[3331]",
        "$CSG[3336]",
        "$CSG[3337]",
        "$CSG[3334]",
        "$CSG[3335]",
        "$CSG[3420]",
        "$CSG[3421]",
        "$CSG[3418]",
        "$CSG[3419]",
        "$CSG[3404]",
        "$CSG[3405]",
        "$CSG[3402]",
        "$CSG[3403]",
        "$CSG[3424]",
        "$CSG[3425]",
        "$CSG[3422]",
        "$CSG[3423]",
        "$CSG[3408]",
        "$CSG[3409]",
        "$CSG[3406]",
        "$CSG[3407]",
        "$CSG[3432]",
        "$CSG[3433]",
        "$CSG[3430]",
        "$CSG[3431]",
        "$CSG[3416]",
        "$CSG[3417]",
        "$CSG[3414]",
        "$CSG[3415]",
        "$CSG[3264]",
        "$CSG[3456]",
        "$CSG[3265]",
        "$CSG[3457]",
        "$CSG[3262]",
        "$CSG[3454]",
        "$CSG[3263]",
        "$CSG[3455]",
        "$CSG[3260]",
        "$CSG[3452]",
        "$CSG[3261]",
        "$CSG[3453]",
        "$CSG[3258]",
        "$CSG[3450]",
        "$CSG[3259]",
        "$CSG[3451]",
        "$CSG[3250]",
        "$CSG[3251]",
        "$CSG[3252]",
        "$CSG[3253]",
        "$CSG[3254]",
        "$CSG[3255]",
        "$CSG[3256]",
        "$CSG[3257]",
        "$CSG[3242]",
        "$CSG[3243]",
        "$CSG[3244]",
        "$CSG[3245]",
        "$CSG[3246]",
        "$CSG[3247]",
        "$CSG[3248]",
        "$CSG[3249]",
        "$CSG[3234]",
        "$CSG[3235]",
        "$CSG[3236]",
        "$CSG[3237]",
        "$CSG[3238]",
        "$CSG[3239]",
        "$CSG[3240]",
        "$CSG[3241]",
        "$CSG[3226]",
        "$CSG[3227]",
        "$CSG[3228]",
        "$CSG[3229]",
        "$CSG[3230]",
        "$CSG[3231]",
        "$CSG[3232]",
        "$CSG[3233]",
        "$CSG[3280]",
        "$CSG[3281]",
        "$CSG[3278]",
        "$CSG[3279]",
        "$CSG[3276]",
        "$CSG[3277]",
        "$CSG[3274]",
        "$CSG[3275]",
        "$CSG[3272]",
        "$CSG[3273]",
        "$CSG[3270]",
        "$CSG[3271]",
        "$CSG[3268]",
        "$CSG[3269]",
        "$CSG[3266]",
        "$CSG[3267]",
        "$CSG[3448]",
        "$CSG[3449]",
        "$CSG[3446]",
        "$CSG[3447]",
        "$CSG[3444]",
        "$CSG[3445]",
        "$CSG[3442]",
        "$CSG[3443]",
        "$CSG[3440]",
        "$CSG[3441]",
        "$CSG[3438]",
        "$CSG[3439]",
        "$CSG[3436]",
        "$CSG[3437]",
        "$CSG[3434]",
        "$CSG[3435]",
        "$CSG[3396]",
        "$CSG[3399]",
        "$CSG[3390]",
        "$CSG[3393]",
        "$CSG[3397]",
        "$CSG[3400]",
        "$CSG[3391]",
        "$CSG[3394]",
        "$CSG[3398]",
        "$CSG[3401]",
        "$CSG[3392]",
        "$CSG[3395]",
        "$CSG[3466]",
        "$CSG[3467]",
        "$CSG[3468]",
        "$CSG[3469]",
        "$CSG[3470]",
        "$CSG[3471]",
        "$CSG[3472]",
        "$CSG[3473]",
        "$CSG[3458]",
        "$CSG[3459]",
        "$CSG[3460]",
        "$CSG[3461]",
        "$CSG[3462]",
        "$CSG[3463]",
        "$CSG[3464]",
        "$CSG[3465]",
        "$CSG[3494]",
        "$CSG[3502]",
        "$CSG[3478]",
        "$CSG[3486]",
        "$CSG[3490]",
        "$CSG[3498]",
        "$CSG[3474]",
        "$CSG[3482]",
        "$CSG[3495]",
        "$CSG[3580]",
        "$CSG[3581]",
        "$CSG[3582]",
        "$CSG[3503]",
        "$CSG[3583]",
        "$CSG[3584]",
        "$CSG[3585]",
        "$CSG[3479]",
        "$CSG[3574]",
        "$CSG[3575]",
        "$CSG[3576]",
        "$CSG[3487]",
        "$CSG[3577]",
        "$CSG[3578]",
        "$CSG[3579]",
        "$CSG[3491]",
        "$CSG[3568]",
        "$CSG[3569]",
        "$CSG[3570]",
        "$CSG[3499]",
        "$CSG[3571]",
        "$CSG[3572]",
        "$CSG[3573]",
        "$CSG[3475]",
        "$CSG[3562]",
        "$CSG[3563]",
        "$CSG[3564]",
        "$CSG[3483]",
        "$CSG[3565]",
        "$CSG[3566]",
        "$CSG[3567]",
        "$CSG[3496]",
        "$CSG[3708]",
        "$CSG[3504]",
        "$CSG[3709]",
        "$CSG[3480]",
        "$CSG[3706]",
        "$CSG[3488]",
        "$CSG[3707]",
        "$CSG[3492]",
        "$CSG[3692]",
        "$CSG[3500]",
        "$CSG[3693]",
        "$CSG[3476]",
        "$CSG[3690]",
        "$CSG[3484]",
        "$CSG[3691]",
        "$CSG[3497]",
        "$CSG[3664]",
        "$CSG[3665]",
        "$CSG[3666]",
        "$CSG[3505]",
        "$CSG[3667]",
        "$CSG[3668]",
        "$CSG[3669]",
        "$CSG[3481]",
        "$CSG[3658]",
        "$CSG[3659]",
        "$CSG[3660]",
        "$CSG[3489]",
        "$CSG[3661]",
        "$CSG[3662]",
        "$CSG[3663]",
        "$CSG[3493]",
        "$CSG[3652]",
        "$CSG[3653]",
        "$CSG[3654]",
        "$CSG[3501]",
        "$CSG[3655]",
        "$CSG[3656]",
        "$CSG[3657]",
        "$CSG[3477]",
        "$CSG[3646]",
        "$CSG[3647]",
        "$CSG[3648]",
        "$CSG[3485]",
        "$CSG[3649]",
        "$CSG[3650]",
        "$CSG[3651]",
        "$CSG[3620]",
        "$CSG[3621]",
        "$CSG[3618]",
        "$CSG[3619]",
        "$CSG[3588]",
        "$CSG[3589]",
        "$CSG[3586]",
        "$CSG[3587]",
        "$CSG[3624]",
        "$CSG[3625]",
        "$CSG[3622]",
        "$CSG[3623]",
        "$CSG[3592]",
        "$CSG[3593]",
        "$CSG[3590]",
        "$CSG[3591]",
        "$CSG[3628]",
        "$CSG[3629]",
        "$CSG[3626]",
        "$CSG[3627]",
        "$CSG[3596]",
        "$CSG[3597]",
        "$CSG[3594]",
        "$CSG[3595]",
        "$CSG[3632]",
        "$CSG[3633]",
        "$CSG[3630]",
        "$CSG[3631]",
        "$CSG[3600]",
        "$CSG[3601]",
        "$CSG[3598]",
        "$CSG[3599]",
        "$CSG[3636]",
        "$CSG[3637]",
        "$CSG[3634]",
        "$CSG[3635]",
        "$CSG[3604]",
        "$CSG[3605]",
        "$CSG[3602]",
        "$CSG[3603]",
        "$CSG[3640]",
        "$CSG[3641]",
        "$CSG[3638]",
        "$CSG[3639]",
        "$CSG[3608]",
        "$CSG[3609]",
        "$CSG[3606]",
        "$CSG[3607]",
        "$CSG[3644]",
        "$CSG[3645]",
        "$CSG[3642]",
        "$CSG[3643]",
        "$CSG[3612]",
        "$CSG[3613]",
        "$CSG[3610]",
        "$CSG[3611]",
        "$CSG[3616]",
        "$CSG[3617]",
        "$CSG[3614]",
        "$CSG[3615]",
        "$CSG[3700]",
        "$CSG[3701]",
        "$CSG[3698]",
        "$CSG[3699]",
        "$CSG[3684]",
        "$CSG[3685]",
        "$CSG[3682]",
        "$CSG[3683]",
        "$CSG[3704]",
        "$CSG[3705]",
        "$CSG[3702]",
        "$CSG[3703]",
        "$CSG[3688]",
        "$CSG[3689]",
        "$CSG[3686]",
        "$CSG[3687]",
        "$CSG[3712]",
        "$CSG[3713]",
        "$CSG[3710]",
        "$CSG[3711]",
        "$CSG[3696]",
        "$CSG[3697]",
        "$CSG[3694]",
        "$CSG[3695]",
        "$CSG[3544]",
        "$CSG[3736]",
        "$CSG[3545]",
        "$CSG[3737]",
        "$CSG[3542]",
        "$CSG[3734]",
        "$CSG[3543]",
        "$CSG[3735]",
        "$CSG[3540]",
        "$CSG[3732]",
        "$CSG[3541]",
        "$CSG[3733]",
        "$CSG[3538]",
        "$CSG[3730]",
        "$CSG[3539]",
        "$CSG[3731]",
        "$CSG[3530]",
        "$CSG[3531]",
        "$CSG[3532]",
        "$CSG[3533]",
        "$CSG[3534]",
        "$CSG[3535]",
        "$CSG[3536]",
        "$CSG[3537]",
        "$CSG[3522]",
        "$CSG[3523]",
        "$CSG[3524]",
        "$CSG[3525]",
        "$CSG[3526]",
        "$CSG[3527]",
        "$CSG[3528]",
        "$CSG[3529]",
        "$CSG[3514]",
        "$CSG[3515]",
        "$CSG[3516]",
        "$CSG[3517]",
        "$CSG[3518]",
        "$CSG[3519]",
        "$CSG[3520]",
        "$CSG[3521]",
        "$CSG[3506]",
        "$CSG[3507]",
        "$CSG[3508]",
        "$CSG[3509]",
        "$CSG[3510]",
        "$CSG[3511]",
        "$CSG[3512]",
        "$CSG[3513]",
        "$CSG[3560]",
        "$CSG[3561]",
        "$CSG[3558]",
        "$CSG[3559]",
        "$CSG[3556]",
        "$CSG[3557]",
        "$CSG[3554]",
        "$CSG[3555]",
        "$CSG[3552]",
        "$CSG[3553]",
        "$CSG[3550]",
        "$CSG[3551]",
        "$CSG[3548]",
        "$CSG[3549]",
        "$CSG[3546]",
        "$CSG[3547]",
        "$CSG[3728]",
        "$CSG[3729]",
        "$CSG[3726]",
        "$CSG[3727]",
        "$CSG[3724]",
        "$CSG[3725]",
        "$CSG[3722]",
        "$CSG[3723]",
        "$CSG[3720]",
        "$CSG[3721]",
        "$CSG[3718]",
        "$CSG[3719]",
        "$CSG[3716]",
        "$CSG[3717]",
        "$CSG[3714]",
        "$CSG[3715]",
        "$CSG[3676]",
        "$CSG[3679]",
        "$CSG[3670]",
        "$CSG[3673]",
        "$CSG[3677]",
        "$CSG[3680]",
        "$CSG[3671]",
        "$CSG[3674]",
        "$CSG[3678]",
        "$CSG[3681]",
        "$CSG[3672]",
        "$CSG[3675]"
    ],
    "noCsgImages": [
        { "path": "images/preview.png", "format": "raw" },
        "",
        "",
        "$RCT2:OBJDATA/SCHT1.DAT[19]",
        "$RCT2:OBJDATA/SCHT1.DAT[21]",
        "$RCT2:OBJDATA/SCHT1.DAT[23]",
        "$RCT2:OBJDATA/SCHT1.DAT[25]",
        "$RCT2:OBJDATA/SCHT1.DAT[27]",
        "$RCT2:OBJDATA/SCHT1.DAT[29]",
        "$RCT2:OBJDATA/SCHT1.DAT[31]",
        "$RCT2:OBJDATA/SCHT1.DAT[33]",
        "$RCT2:OBJDATA/SCHT1.DAT[3]",
        "$RCT2:OBJDATA/SCHT1.DAT[5]",
        "$RCT2:OBJDATA/SCHT1.DAT[7]",
        "$RCT2:OBJDATA/SCHT1.DAT[9]",
        "$RCT2:OBJDATA/SCHT1.DAT[11]",
        "$RCT2:OBJDATA/SCHT1.DAT[13]",
        "$RCT2:OBJDATA/SCHT1.DAT[15]",
        "$RCT2:OBJDATA/SCHT1.DAT[17]",
        "$RCT2:OBJDATA/SCHT1.DAT[41..42]",
        "$RCT2:OBJDATA/SCHT1.DAT[39..40]",
        "$RCT2:OBJDATA/SCHT1.DAT[37..38]",
        "$RCT2:OBJDATA/SCHT1.DAT[35..36]",
        "$RCT2:OBJDATA/SCHT1.DAT[91]",
        "$RCT2:OBJDATA/SCHT1.DAT[93]",
        "$RCT2:OBJDATA/SCHT1.DAT[95]",
        "$RCT2:OBJDATA/SCHT1.DAT[97]",
        "$RCT2:OBJDATA/SCHT1.DAT[99]",
        "$RCT2:OBJDATA/SCHT1.DAT[101]",
        "$RCT2:OBJDATA/SCHT1.DAT[103]",
        "$RCT2:OBJDATA/SCHT1.DAT[105]",
        "$RCT2:OBJDATA/SCHT1.DAT[75]",
        "$RCT2:OBJDATA/SCHT1.DAT[77]",
        "$RCT2:OBJDATA/SCHT1.DAT[79]",
        "$RCT2:OBJDATA/SCHT1.DAT[81]",
        "$RCT2:OBJDATA/SCHT1.DAT[83]",
        "$RCT2:OBJDATA/SCHT1.DAT[85]",
        "$RCT2:OBJDATA/SCHT1.DAT[87]",
        "$RCT2:OBJDATA/SCHT1.DAT[89]",
        "$RCT2:OBJDATA/SCHT1.DAT[59]",
        "$RCT2:OBJDATA/SCHT1.DAT[61]",
        "$RCT2:OBJDATA/SCHT1.DAT[63]",
        "$RCT2:OBJDATA/SCHT1.DAT[65]",
        "$RCT2:OBJDATA/SCHT1.DAT[67]",
        "$RCT2:OBJDATA/SCHT1.DAT[69]",
        "$RCT2:OBJDATA/SCHT1.DAT[71]",
        "$RCT2:OBJDATA/SCHT1.DAT[73]",
        "$RCT2:OBJDATA/SCHT1.DAT[43]",
        "$RCT2:OBJDATA/SCHT1.DAT[45]",
        "$RCT2:OBJDATA/SCHT1.DAT[47]",
        "$RCT2:OBJDATA/SCHT1.DAT[49]",
        "$RCT2:OBJDATA/SCHT1.DAT[51]",
        "$RCT2:OBJDATA/SCHT1.DAT[53]",
        "$RCT2:OBJDATA/SCHT1.DAT[55]",
        "$RCT2:OBJDATA/SCHT1.DAT[57]",
        "$RCT2:OBJDATA/SCHT1.DAT[119..122]",
        "$RCT2:OBJDATA/SCHT1.DAT[115..118]",
        "$RCT2:OBJDATA/SCHT1.DAT[111..114]",
        "$RCT2:OBJDATA/SCHT1.DAT[107..110]",
        "$RCT2:OBJDATA/SCHT1.DAT[171]",
        "$RCT2:OBJDATA/SCHT1.DAT[173]",
        "$RCT2:OBJDATA/SCHT1.DAT[175]",
        "$RCT2:OBJDATA/SCHT1.DAT[177]",
        "$RCT2:OBJDATA/SCHT1.DAT[179]",
        "$RCT2:OBJDATA/SCHT1.DAT[181]",
        "$RCT2:OBJDATA/SCHT1.DAT[183]",
        "$RCT2:OBJDATA/SCHT1.DAT[185]",
        "$RCT2:OBJDATA/SCHT1.DAT[155]",
        "$RCT2:OBJDATA/SCHT1.DAT[157]",
        "$RCT2:OBJDATA/SCHT1.DAT[159]",
        "$RCT2:OBJDATA/SCHT1.DAT[161]",
        "$RCT2:OBJDATA/SCHT1.DAT[163]",
        "$RCT2:OBJDATA/SCHT1.DAT[165]",
        "$RCT2:OBJDATA/SCHT1.DAT[167]",
        "$RCT2:OBJDATA/SCHT1.DAT[169]",
        "$RCT2:OBJDATA/SCHT1.DAT[139]",
        "$RCT2:OBJDATA/SCHT1.DAT[141]",
        "$RCT2:OBJDATA/SCHT1.DAT[143]",
        "$RCT2:OBJDATA/SCHT1.DAT[145]",
        "$RCT2:OBJDATA/SCHT1.DAT[147]",
        "$RCT2:OBJDATA/SCHT1.DAT[149]",
        "$RCT2:OBJDATA/SCHT1.DAT[151]",
        "$RCT2:OBJDATA/SCHT1.DAT[153]",
        "$RCT2:OBJDATA/SCHT1.DAT[123]",
        "$RCT2:OBJDATA/SCHT1.DAT[125]",
        "$RCT2:OBJDATA/SCHT1.DAT[127]",
        "$RCT2:OBJDATA/SCHT1.DAT[129]",
        "$RCT2:OBJDATA/SCHT1.DAT[131]",
        "$RCT2:OBJDATA/SCHT1.DAT[133]",
        "$RCT2:OBJDATA/SCHT1.DAT[135]",
        "$RCT2:OBJDATA/SCHT1.DAT[137]",
        "$RCT2:OBJDATA/SCHT1.DAT[193..194]",
        "$RCT2:OBJDATA/SCHT1.DAT[191..192]",
        "$RCT2:OBJDATA/SCHT1.DAT[189..190]",
        "$RCT2:OBJDATA/SCHT1.DAT[187..188]",
        "$RCT2:OBJDATA/SCHT1.DAT[243]",
        "$RCT2:OBJDATA/SCHT1.DAT[251]",
        "$RCT2:OBJDATA/SCHT1.DAT[227]",
        "$RCT2:OBJDATA/SCHT1.DAT[235]",
        "$RCT2:OBJDATA/SCHT1.DAT[211]",
        "$RCT2:OBJDATA/SCHT1.DAT[219]",
        "$RCT2:OBJDATA/SCHT1.DAT[195]",
        "$RCT2:OBJDATA/SCHT1.DAT[203]",
        "$RCT2:OBJDATA/SCHT1.DAT[265..266]",
        "$RCT2:OBJDATA/SCHT1.DAT[263..264]",
        "$RCT2:OBJDATA/SCHT1.DAT[261..262]",
        "$RCT2:OBJDATA/SCHT1.DAT[259..260]",
        "$RCT2:OBJDATA/SCHT1.DAT[273..274]",
        "$RCT2:OBJDATA/SCHT1.DAT[271..272]",
        "$RCT2:OBJDATA/SCHT1.DAT[269..270]",
        "$RCT2:OBJDATA/SCHT1.DAT[267..268]",
        "$RCT2:OBJDATA/SCHT1.DAT[281..282]",
        "$RCT2:OBJDATA/SCHT1.DAT[279..280]",
        "$RCT2:OBJDATA/SCHT1.DAT[277..278]",
        "$RCT2:OBJDATA/SCHT1.DAT[275..276]",
        "$RCT2:OBJDATA/SCHT1.DAT[289..290]",
        "$RCT2:OBJDATA/SCHT1.DAT[287..288]",
        "$RCT2:OBJDATA/SCHT1.DAT[285..286]",
        "$RCT2:OBJDATA/SCHT1.DAT[283..284]",
        "$RCT2:OBJDATA/SCHT1.DAT[297..298]",
        "$RCT2:OBJDATA/SCHT1.DAT[295..296]",
        "$RCT2:OBJDATA/SCHT1.DAT[293..294]",
        "$RCT2:OBJDATA/SCHT1.DAT[291..292]",
        "$RCT2:OBJDATA/SCHT1.DAT[301..302]",
        "$RCT2:OBJDATA/SCHT1.DAT[299..300]",
        "$RCT2:OBJDATA/SCHT1.DAT[309..310]",
        "$RCT2:OBJDATA/SCHT1.DAT[307..308]",
        "$RCT2:OBJDATA/SCHT1.DAT[305..306]",
        "$RCT2:OBJDATA/SCHT1.DAT[303..304]",
        "$RCT2:OBJDATA/SCHT1.DAT[317..318]",
        "$RCT2:OBJDATA/SCHT1.DAT[315..316]",
        "$RCT2:OBJDATA/SCHT1.DAT[313..314]",
        "$RCT2:OBJDATA/SCHT1.DAT[311..312]",
        "$RCT2:OBJDATA/SCHT1.DAT[325..326]",
        "$RCT2:OBJDATA/SCHT1.DAT[323..324]",
        "$RCT2:OBJDATA/SCHT1.DAT[321..322]",
        "$RCT2:OBJDATA/SCHT1.DAT[319..320]",
        "$RCT2:OBJDATA/SCHT1.DAT[339..342]",
        "$RCT2:OBJDATA/SCHT1.DAT[335..338]",
        "$RCT2:OBJDATA/SCHT1.DAT[331..334]",
        "$RCT2:OBJDATA/SCHT1.DAT[327..330]",
        "$RCT2:OBJDATA/SCHT1.DAT[391]",
        "$RCT2:OBJDATA/SCHT1.DAT[393]",
        "$RCT2:OBJDATA/SCHT1.DAT[395]",
        "$RCT2:OBJDATA/SCHT1.DAT[397]",
        "$RCT2:OBJDATA/SCHT1.DAT[399]",
        "$RCT2:OBJDATA/SCHT1.DAT[401]",
        "$RCT2:OBJDATA/SCHT1.DAT[403]",
        "$RCT2:OBJDATA/SCHT1.DAT[405]",
        "$RCT2:OBJDATA/SCHT1.DAT[375]",
        "$RCT2:OBJDATA/SCHT1.DAT[377]",
        "$RCT2:OBJDATA/SCHT1.DAT[379]",
        "$RCT2:OBJDATA/SCHT1.DAT[381]",
        "$RCT2:OBJDATA/SCHT1.DAT[383]",
        "$RCT2:OBJDATA/SCHT1.DAT[385]",
        "$RCT2:OBJDATA/SCHT1.DAT[387]",
        "$RCT2:OBJDATA/SCHT1.DAT[389]",
        "$RCT2:OBJDATA/SCHT1.DAT[359]",
        "$RCT2:OBJDATA/SCHT1.DAT[361]",
        "$RCT2:OBJDATA/SCHT1.DAT[363]",
        "$RCT2:OBJDATA/SCHT1.DAT[365]",
        "$RCT2:OBJDATA/SCHT1.DAT[367]",
        "$RCT2:OBJDATA/SCHT1.DAT[369]",
        "$RCT2:OBJDATA/SCHT1.DAT[371]",
        "$RCT2:OBJDATA/SCHT1.DAT[373]",
        "$RCT2:OBJDATA/SCHT1.DAT[343]",
        "$RCT2:OBJDATA/SCHT1.DAT[345]",
        "$RCT2:OBJDATA/SCHT1.DAT[347]",
        "$RCT2:OBJDATA/SCHT1.DAT[349]",
        "$RCT2:OBJDATA/SCHT1.DAT[351]",
        "$RCT2:OBJDATA/SCHT1.DAT[353]",
        "$RCT2:OBJDATA/SCHT1.DAT[355]",
        "$RCT2:OBJDATA/SCHT1.DAT[357]",
        "$RCT2:OBJDATA/SCHT1.DAT[519]",
        "$RCT2:OBJDATA/SCHT1.DAT[527]",
        "$RCT2:OBJDATA/SCHT1.DAT[503]",
        "$RCT2:OBJDATA/SCHT1.DAT[511]",
        "$RCT2:OBJDATA/SCHT1.DAT[487]",
        "$RCT2:OBJDATA/SCHT1.DAT[495]",
        "$RCT2:OBJDATA/SCHT1.DAT[471]",
        "$RCT2:OBJDATA/SCHT1.DAT[479]",
        "$RCT2:OBJDATA/SCHT1.DAT[455]",
        "$RCT2:OBJDATA/SCHT1.DAT[463]",
        "$RCT2:OBJDATA/SCHT1.DAT[439]",
        "$RCT2:OBJDATA/SCHT1.DAT[447]",
        "$RCT2:OBJDATA/SCHT1.DAT[423]",
        "$RCT2:OBJDATA/SCHT1.DAT[431]",
        "$RCT2:OBJDATA/SCHT1.DAT[407]",
        "$RCT2:OBJDATA/SCHT1.DAT[415]",
        "$RCT2:OBJDATA/SCHT1.DAT[549..550]",
        "$RCT2:OBJDATA/SCHT1.DAT[547..548]",
        "$RCT2:OBJDATA/SCHT1.DAT[545..546]",
        "$RCT2:OBJDATA/SCHT1.DAT[543..544]",
        "$RCT2:OBJDATA/SCHT1.DAT[541..542]",
        "$RCT2:OBJDATA/SCHT1.DAT[539..540]",
        "$RCT2:OBJDATA/SCHT1.DAT[537..538]",
        "$RCT2:OBJDATA/SCHT1.DAT[535..536]",
        "$RCT2:OBJDATA/SCHT1.DAT[713..714]",
        "$RCT2:OBJDATA/SCHT1.DAT[711..712]",
        "$RCT2:OBJDATA/SCHT1.DAT[717..718]",
        "$RCT2:OBJDATA/SCHT1.DAT[715..716]",
        "$RCT2:OBJDATA/SCHT1.DAT[721..722]",
        "$RCT2:OBJDATA/SCHT1.DAT[719..720]",
        "$RCT2:OBJDATA/SCHT1.DAT[739]",
        "$RCT2:OBJDATA/SCHT1.DAT[741]",
        "$RCT2:OBJDATA/SCHT1.DAT[743]",
        "$RCT2:OBJDATA/SCHT1.DAT[745]",
        "$RCT2:OBJDATA/SCHT1.DAT[747]",
        "$RCT2:OBJDATA/SCHT1.DAT[749]",
        "$RCT2:OBJDATA/SCHT1.DAT[751]",
        "$RCT2:OBJDATA/SCHT1.DAT[753]",
        "$RCT2:OBJDATA/SCHT1.DAT[723]",
        "$RCT2:OBJDATA/SCHT1.DAT[725]",
        "$RCT2:OBJDATA/SCHT1.DAT[727]",
        "$RCT2:OBJDATA/SCHT1.DAT[729]",
        "$RCT2:OBJDATA/SCHT1.DAT[731]",
        "$RCT2:OBJDATA/SCHT1.DAT[733]",
        "$RCT2:OBJDATA/SCHT1.DAT[735]",
        "$RCT2:OBJDATA/SCHT1.DAT[737]",
        "$RCT2:OBJDATA/SCHT1.DAT[761..762]",
        "$RCT2:OBJDATA/SCHT1.DAT[759..760]",
        "$RCT2:OBJDATA/SCHT1.DAT[757..758]",
        "$RCT2:OBJDATA/SCHT1.DAT[755..756]",
        "$RCT2:OBJDATA/SCHT1.DAT[811]",
        "$RCT2:OBJDATA/SCHT1.DAT[813]",
        "$RCT2:OBJDATA/SCHT1.DAT[815]",
        "$RCT2:OBJDATA/SCHT1.DAT[817]",
        "$RCT2:OBJDATA/SCHT1.DAT[819]",
        "$RCT2:OBJDATA/SCHT1.DAT[821]",
        "$RCT2:OBJDATA/SCHT1.DAT[823]",
        "$RCT2:OBJDATA/SCHT1.DAT[825]",
        "$RCT2:OBJDATA/SCHT1.DAT[795]",
        "$RCT2:OBJDATA/SCHT1.DAT[797]",
        "$RCT2:OBJDATA/SCHT1.DAT[799]",
        "$RCT2:OBJDATA/SCHT1.DAT[801]",
        "$RCT2:OBJDATA/SCHT1.DAT[803]",
        "$RCT2:OBJDATA/SCHT1.DAT[805]",
        "$RCT2:OBJDATA/SCHT1.DAT[807]",
        "$RCT2:OBJDATA/SCHT1.DAT[809]",
        "$RCT2:OBJDATA/SCHT1.DAT[779]",
        "$RCT2:OBJDATA/SCHT1.DAT[781]",
        "$RCT2:OBJDATA/SCHT1.DAT[783]",
        "$RCT2:OBJDATA/SCHT1.DAT[785]",
        "$RCT2:OBJDATA/SCHT1.DAT[787]",
        "$RCT2:OBJDATA/SCHT1.DAT[789]",
        "$RCT2:OBJDATA/SCHT1.DAT[791]",
        "$RCT2:OBJDATA/SCHT1.DAT[793]",
        "$RCT2:OBJDATA/SCHT1.DAT[763]",
        "$RCT2:OBJDATA/SCHT1.DAT[765]",
        "$RCT2:OBJDATA/SCHT1.DAT[767]",
        "$RCT2:OBJDATA/SCHT1.DAT[769]",
        "$RCT2:OBJDATA/SCHT1.DAT[771]",
        "$RCT2:OBJDATA/SCHT1.DAT[773]",
        "$RCT2:OBJDATA/SCHT1.DAT[775]",
        "$RCT2:OBJDATA/SCHT1.DAT[777]",
        "$RCT2:OBJDATA/SCHT1.DAT[839..842]",
        "$RCT2:OBJDATA/SCHT1.DAT[835..838]",
        "$RCT2:OBJDATA/SCHT1.DAT[831..834]",
        "$RCT2:OBJDATA/SCHT1.DAT[827..830]",
        "$RCT2:OBJDATA/SCHT1.DAT[891]",
        "$RCT2:OBJDATA/SCHT1.DAT[893]",
        "$RCT2:OBJDATA/SCHT1.DAT[895]",
        "$RCT2:OBJDATA/SCHT1.DAT[897]",
        "$RCT2:OBJDATA/SCHT1.DAT[899]",
        "$RCT2:OBJDATA/SCHT1.DAT[901]",
        "$RCT2:OBJDATA/SCHT1.DAT[903]",
        "$RCT2:OBJDATA/SCHT1.DAT[905]",
        "$RCT2:OBJDATA/SCHT1.DAT[875]",
        "$RCT2:OBJDATA/SCHT1.DAT[877]",
        "$RCT2:OBJDATA/SCHT1.DAT[879]",
        "$RCT2:OBJDATA/SCHT1.DAT[881]",
        "$RCT2:OBJDATA/SCHT1.DAT[883]",
        "$RCT2:OBJDATA/SCHT1.DAT[885]",
        "$RCT2:OBJDATA/SCHT1.DAT[887]",
        "$RCT2:OBJDATA/SCHT1.DAT[889]",
        "$RCT2:OBJDATA/SCHT1.DAT[859]",
        "$RCT2:OBJDATA/SCHT1.DAT[861]",
        "$RCT2:OBJDATA/SCHT1.DAT[863]",
        "$RCT2:OBJDATA/SCHT1.DAT[865]",
        "$RCT2:OBJDATA/SCHT1.DAT[867]",
        "$RCT2:OBJDATA/SCHT1.DAT[869]",
        "$RCT2:OBJDATA/SCHT1.DAT[871]",
        "$RCT2:OBJDATA/SCHT1.DAT[873]",
        "$RCT2:OBJDATA/SCHT1.DAT[843]",
        "$RCT2:OBJDATA/SCHT1.DAT[845]",
        "$RCT2:OBJDATA/SCHT1.DAT[847]",
        "$RCT2:OBJDATA/SCHT1.DAT[849]",
        "$RCT2:OBJDATA/SCHT1.DAT[851]",
        "$RCT2:OBJDATA/SCHT1.DAT[853]",
        "$RCT2:OBJDATA/SCHT1.DAT[855]",
        "$RCT2:OBJDATA/SCHT1.DAT[857]",
        "$RCT2:OBJDATA/SCHT1.DAT[913..914]",
        "$RCT2:OBJDATA/SCHT1.DAT[911..912]",
        "$RCT2:OBJDATA/SCHT1.DAT[909..910]",
        "$RCT2:OBJDATA/SCHT1.DAT[907..908]",
        "$RCT2:OBJDATA/SCHT1.DAT[963]",
        "$RCT2:OBJDATA/SCHT1.DAT[971]",
        "$RCT2:OBJDATA/SCHT1.DAT[947]",
        "$RCT2:OBJDATA/SCHT1.DAT[955]",
        "$RCT2:OBJDATA/SCHT1.DAT[931]",
        "$RCT2:OBJDATA/SCHT1.DAT[939]",
        "$RCT2:OBJDATA/SCHT1.DAT[915]",
        "$RCT2:OBJDATA/SCHT1.DAT[923]",
        "$RCT2:OBJDATA/SCHT1.DAT[985..986]",
        "$RCT2:OBJDATA/SCHT1.DAT[983..984]",
        "$RCT2:OBJDATA/SCHT1.DAT[981..982]",
        "$RCT2:OBJDATA/SCHT1.DAT[979..980]",
        "$RCT2:OBJDATA/SCHT1.DAT[993..994]",
        "$RCT2:OBJDATA/SCHT1.DAT[991..992]",
        "$RCT2:OBJDATA/SCHT1.DAT[989..990]",
        "$RCT2:OBJDATA/SCHT1.DAT[987..988]",
        "$RCT2:OBJDATA/SCHT1.DAT[1001..1002]",
        "$RCT2:OBJDATA/SCHT1.DAT[999..1000]",
        "$RCT2:OBJDATA/SCHT1.DAT[997..998]",
        "$RCT2:OBJDATA/SCHT1.DAT[995..996]",
        "$RCT2:OBJDATA/SCHT1.DAT[1009..1010]",
        "$RCT2:OBJDATA/SCHT1.DAT[1007..1008]",
        "$RCT2:OBJDATA/SCHT1.DAT[1005..1006]",
        "$RCT2:OBJDATA/SCHT1.DAT[1003..1004]",
        "$RCT2:OBJDATA/SCHT1.DAT[1017..1018]",
        "$RCT2:OBJDATA/SCHT1.DAT[1015..1016]",
        "$RCT2:OBJDATA/SCHT1.DAT[1013..1014]",
        "$RCT2:OBJDATA/SCHT1.DAT[1011..1012]",
        "$RCT2:OBJDATA/SCHT1.DAT[1021..1022]",
        "$RCT2:OBJDATA/SCHT1.DAT[1019..1020]",
        "$RCT2:OBJDATA/SCHT1.DAT[1029..1030]",
        "$RCT2:OBJDATA/SCHT1.DAT[1027..1028]",
        "$RCT2:OBJDATA/SCHT1.DAT[1025..1026]",
        "$RCT2:OBJDATA/SCHT1.DAT[1023..1024]",
        "$RCT2:OBJDATA/SCHT1.DAT[1037..1038]",
        "$RCT2:OBJDATA/SCHT1.DAT[1035..1036]",
        "$RCT2:OBJDATA/SCHT1.DAT[1033..1034]",
        "$RCT2:OBJDATA/SCHT1.DAT[1031..1032]",
        "$RCT2:OBJDATA/SCHT1.DAT[1045..1046]",
        "$RCT2:OBJDATA/SCHT1.DAT[1043..1044]",
        "$RCT2:OBJDATA/SCHT1.DAT[1041..1042]",
        "$RCT2:OBJDATA/SCHT1.DAT[1039..1040]",
        "$RCT2:OBJDATA/SCHT1.DAT[1059..1062]",
        "$RCT2:OBJDATA/SCHT1.DAT[1055..1058]",
        "$RCT2:OBJDATA/SCHT1.DAT[1051..1054]",
        "$RCT2:OBJDATA/SCHT1.DAT[1047..1050]",
        "$RCT2:OBJDATA/SCHT1.DAT[1111]",
        "$RCT2:OBJDATA/SCHT1.DAT[1113]",
        "$RCT2:OBJDATA/SCHT1.DAT[1115]",
        "$RCT2:OBJDATA/SCHT1.DAT[1117]",
        "$RCT2:OBJDATA/SCHT1.DAT[1119]",
        "$RCT2:OBJDATA/SCHT1.DAT[1121]",
        "$RCT2:OBJDATA/SCHT1.DAT[1123]",
        "$RCT2:OBJDATA/SCHT1.DAT[1125]",
        "$RCT2:OBJDATA/SCHT1.DAT[1095]",
        "$RCT2:OBJDATA/SCHT1.DAT[1097]",
        "$RCT2:OBJDATA/SCHT1.DAT[1099]",
        "$RCT2:OBJDATA/SCHT1.DAT[1101]",
        "$RCT2:OBJDATA/SCHT1.DAT[1103]",
        "$RCT2:OBJDATA/SCHT1.DAT[1105]",
        "$RCT2:OBJDATA/SCHT1.DAT[1107]",
        "$RCT2:OBJDATA/SCHT1.DAT[1109]",
        "$RCT2:OBJDATA/SCHT1.DAT[1079]",
        "$RCT2:OBJDATA/SCHT1.DAT[1081]",
        "$RCT2:OBJDATA/SCHT1.DAT[1083]",
        "$RCT2:OBJDATA/SCHT1.DAT[1085]",
        "$RCT2:OBJDATA/SCHT1.DAT[1087]",
        "$RCT2:OBJDATA/SCHT1.DAT[1089]",
        "$RCT2:OBJDATA/SCHT1.DAT[1091]",
        "$RCT2:OBJDATA/SCHT1.DAT[1093]",
        "$RCT2:OBJDATA/SCHT1.DAT[1063]",
        "$RCT2:OBJDATA/SCHT1.DAT[1065]",
        "$RCT2:OBJDATA/SCHT1.DAT[1067]",
        "$RCT2:OBJDATA/SCHT1.DAT[1069]",
        "$RCT2:OBJDATA/SCHT1.DAT[1071]",
        "$RCT2:OBJDATA/SCHT1.DAT[1073]",
        "$RCT2:OBJDATA/SCHT1.DAT[1075]",
        "$RCT2:OBJDATA/SCHT1.DAT[1077]",
        "$RCT2:OBJDATA/SCHT1.DAT[1239]",
        "$RCT2:OBJDATA/SCHT1.DAT[1247]",
        "$RCT2:OBJDATA/SCHT1.DAT[1223]",
        "$RCT2:OBJDATA/SCHT1.DAT[1231]",
        "$RCT2:OBJDATA/SCHT1.DAT[1207]",
        "$RCT2:OBJDATA/SCHT1.DAT[1215]",
        "$RCT2:OBJDATA/SCHT1.DAT[1191]",
        "$RCT2:OBJDATA/SCHT1.DAT[1199]",
        "$RCT2:OBJDATA/SCHT1.DAT[1175]",
        "$RCT2:OBJDATA/SCHT1.DAT[1183]",
        "$RCT2:OBJDATA/SCHT1.DAT[1159]",
        "$RCT2:OBJDATA/SCHT1.DAT[1167]",
        "$RCT2:OBJDATA/SCHT1.DAT[1143]",
        "$RCT2:OBJDATA/SCHT1.DAT[1151]",
        "$RCT2:OBJDATA/SCHT1.DAT[1127]",
        "$RCT2:OBJDATA/SCHT1.DAT[1135]",
        "$RCT2:OBJDATA/SCHT1.DAT[1269..1270]",
        "$RCT2:OBJDATA/SCHT1.DAT[1267..1268]",
        "$RCT2:OBJDATA/SCHT1.DAT[1265..1266]",
        "$RCT2:OBJDATA/SCHT1.DAT[1263..1264]",
        "$RCT2:OBJDATA/SCHT1.DAT[1261..1262]",
        "$RCT2:OBJDATA/SCHT1.DAT[1259..1260]",
        "$RCT2:OBJDATA/SCHT1.DAT[1257..1258]",
        "$RCT2:OBJDATA/SCHT1.DAT[1255..1256]",
        "$RCT2:OBJDATA/SCHT1.DAT[1433..1434]",
        "$RCT2:OBJDATA/SCHT1.DAT[1431..1432]",
        "$RCT2:OBJDATA/SCHT1.DAT[1437..1438]",
        "$RCT2:OBJDATA/SCHT1.DAT[1435..1436]",
        "$RCT2:OBJDATA/SCHT1.DAT[1441..1442]",
        "$RCT2:OBJDATA/SCHT1.DAT[1439..1440]",
        "$RCT2:OBJDATA/SCHT1.DAT[1459]",
        "$RCT2:OBJDATA/SCHT1.DAT[1461]",
        "$RCT2:OBJDATA/SCHT1.DAT[1463]",
        "$RCT2:OBJDATA/SCHT1.DAT[1465]",
        "$RCT2:OBJDATA/SCHT1.DAT[1467]",
        "$RCT2:OBJDATA/SCHT1.DAT[1469]",
        "$RCT2:OBJDATA/SCHT1.DAT[1471]",
        "$RCT2:OBJDATA/SCHT1.DAT[1473]",
        "$RCT2:OBJDATA/SCHT1.DAT[1443]",
        "$RCT2:OBJDATA/SCHT1.DAT[1445]",
        "$RCT2:OBJDATA/SCHT1.DAT[1447]",
        "$RCT2:OBJDATA/SCHT1.DAT[1449]",
        "$RCT2:OBJDATA/SCHT1.DAT[1451]",
        "$RCT2:OBJDATA/SCHT1.DAT[1453]",
        "$RCT2:OBJDATA/SCHT1.DAT[1455]",
        "$RCT2:OBJDATA/SCHT1.DAT[1457]",
        "$RCT2:OBJDATA/SCHT1.DAT[1481..1482]",
        "$RCT2:OBJDATA/SCHT1.DAT[1479..1480]",
        "$RCT2:OBJDATA/SCHT1.DAT[1477..1478]",
        "$RCT2:OBJDATA/SCHT1.DAT[1475..1476]",
        "$RCT2:OBJDATA/SCHT1.DAT[1531]",
        "$RCT2:OBJDATA/SCHT1.DAT[1533]",
        "$RCT2:OBJDATA/SCHT1.DAT[1535]",
        "$RCT2:OBJDATA/SCHT1.DAT[1537]",
        "$RCT2:OBJDATA/SCHT1.DAT[1539]",
        "$RCT2:OBJDATA/SCHT1.DAT[1541]",
        "$RCT2:OBJDATA/SCHT1.DAT[1543]",
        "$RCT2:OBJDATA/SCHT1.DAT[1545]",
        "$RCT2:OBJDATA/SCHT1.DAT[1515]",
        "$RCT2:OBJDATA/SCHT1.DAT[1517]",
        "$RCT2:OBJDATA/SCHT1.DAT[1519]",
        "$RCT2:OBJDATA/SCHT1.DAT[1521]",
        "$RCT2:OBJDATA/SCHT1.DAT[1523]",
        "$RCT2:OBJDATA/SCHT1.DAT[1525]",
        "$RCT2:OBJDATA/SCHT1.DAT[1527]",
        "$RCT2:OBJDATA/SCHT1.DAT[1529]",
        "$RCT2:OBJDATA/SCHT1.DAT[1499]",
        "$RCT2:OBJDATA/SCHT1.DAT[1501]",
        "$RCT2:OBJDATA/SCHT1.DAT[1503]",
        "$RCT2:OBJDATA/SCHT1.DAT[1505]",
        "$RCT2:OBJDATA/SCHT1.DAT[1507]",
        "$RCT2:OBJDATA/SCHT1.DAT[1509]",
        "$RCT2:OBJDATA/SCHT1.DAT[1511]",
        "$RCT2:OBJDATA/SCHT1.DAT[1513]",
        "$RCT2:OBJDATA/SCHT1.DAT[1483]",
        "$RCT2:OBJDATA/SCHT1.DAT[1485]",
        "$RCT2:OBJDATA/SCHT1.DAT[1487]",
        "$RCT2:OBJDATA/SCHT1.DAT[1489]",
        "$RCT2:OBJDATA/SCHT1.DAT[1491]",
        "$RCT2:OBJDATA/SCHT1.DAT[1493]",
        "$RCT2:OBJDATA/SCHT1.DAT[1495]",
        "$RCT2:OBJDATA/SCHT1.DAT[1497]",
        "$RCT2:OBJDATA/SCHT1.DAT[1559..1562]",
        "$RCT2:OBJDATA/SCHT1.DAT[1555..1558]",
        "$RCT2:OBJDATA/SCHT1.DAT[1551..1554]",
        "$RCT2:OBJDATA/SCHT1.DAT[1547..1550]",
        "$RCT2:OBJDATA/SCHT1.DAT[1611]",
        "$RCT2:OBJDATA/SCHT1.DAT[1613]",
        "$RCT2:OBJDATA/SCHT1.DAT[1615]",
        "$RCT2:OBJDATA/SCHT1.DAT[1617]",
        "$RCT2:OBJDATA/SCHT1.DAT[1619]",
        "$RCT2:OBJDATA/SCHT1.DAT[1621]",
        "$RCT2:OBJDATA/SCHT1.DAT[1623]",
        "$RCT2:OBJDATA/SCHT1.DAT[1625]",
        "$RCT2:OBJDATA/SCHT1.DAT[1595]",
        "$RCT2:OBJDATA/SCHT1.DAT[1597]",
        "$RCT2:OBJDATA/SCHT1.DAT[1599]",
        "$RCT2:OBJDATA/SCHT1.DAT[1601]",
        "$RCT2:OBJDATA/SCHT1.DAT[1603]",
        "$RCT2:OBJDATA/SCHT1.DAT[1605]",
        "$RCT2:OBJDATA/SCHT1.DAT[1607]",
        "$RCT2:OBJDATA/SCHT1.DAT[1609]",
        "$RCT2:OBJDATA/SCHT1.DAT[1579]",
        "$RCT2:OBJDATA/SCHT1.DAT[1581]",
        "$RCT2:OBJDATA/SCHT1.DAT[1583]",
        "$RCT2:OBJDATA/SCHT1.DAT[1585]",
        "$RCT2:OBJDATA/SCHT1.DAT[1587]",
        "$RCT2:OBJDATA/SCHT1.DAT[1589]",
        "$RCT2:OBJDATA/SCHT1.DAT[1591]",
        "$RCT2:OBJDATA/SCHT1.DAT[1593]",
        "$RCT2:OBJDATA/SCHT1.DAT[1563]",
        "$RCT2:OBJDATA/SCHT1.DAT[1565]",
        "$RCT2:OBJDATA/SCHT1.DAT[1567]",
        "$RCT2:OBJDATA/SCHT1.DAT[1569]",
        "$RCT2:OBJDATA/SCHT1.DAT[1571]",
        "$RCT2:OBJDATA/SCHT1.DAT[1573]",
        "$RCT2:OBJDATA/SCHT1.DAT[1575]",
        "$RCT2:OBJDATA/SCHT1.DAT[1577]",
        "$RCT2:OBJDATA/SCHT1.DAT[1633..1634]",
        "$RCT2:OBJDATA/SCHT1.DAT[1631..1632]",
        "$RCT2:OBJDATA/SCHT1.DAT[1629..1630]",
        "$RCT2:OBJDATA/SCHT1.DAT[1627..1628]",
        "$RCT2:OBJDATA/SCHT1.DAT[1683]",
        "$RCT2:OBJDATA/SCHT1.DAT[1691]",
        "$RCT2:OBJDATA/SCHT1.DAT[1667]",
        "$RCT2:OBJDATA/SCHT1.DAT[1675]",
        "$RCT2:OBJDATA/SCHT1.DAT[1651]",
        "$RCT2:OBJDATA/SCHT1.DAT[1659]",
        "$RCT2:OBJDATA/SCHT1.DAT[1635]",
        "$RCT2:OBJDATA/SCHT1.DAT[1643]",
        "$RCT2:OBJDATA/SCHT1.DAT[1705..1706]",
        "$RCT2:OBJDATA/SCHT1.DAT[1703..1704]",
        "$RCT2:OBJDATA/SCHT1.DAT[1701..1702]",
        "$RCT2:OBJDATA/SCHT1.DAT[1699..1700]",
        "$RCT2:OBJDATA/SCHT1.DAT[1713..1714]",
        "$RCT2:OBJDATA/SCHT1.DAT[1711..1712]",
        "$RCT2:OBJDATA/SCHT1.DAT[1709..1710]",
        "$RCT2:OBJDATA/SCHT1.DAT[1707..1708]",
        "$RCT2:OBJDATA/SCHT1.DAT[1721..1722]",
        "$RCT2:OBJDATA/SCHT1.DAT[1719..1720]",
        "$RCT2:OBJDATA/SCHT1.DAT[1717..1718]",
        "$RCT2:OBJDATA/SCHT1.DAT[1715..1716]",
        "$RCT2:OBJDATA/SCHT1.DAT[1729..1730]",
        "$RCT2:OBJDATA/SCHT1.DAT[1727..1728]",
        "$RCT2:OBJDATA/SCHT1.DAT[1725..1726]",
        "$RCT2:OBJDATA/SCHT1.DAT[1723..1724]",
        "$RCT2:OBJDATA/SCHT1.DAT[1737..1738]",
        "$RCT2:OBJDATA/SCHT1.DAT[1735..1736]",
        "$RCT2:OBJDATA/SCHT1.DAT[1733..1734]",
        "$RCT2:OBJDATA/SCHT1.DAT[1731..1732]",
        "$RCT2:OBJDATA/SCHT1.DAT[1741..1742]",
        "$RCT2:OBJDATA/SCHT1.DAT[1739..1740]",
        "$RCT2:OBJDATA/SCHT1.DAT[1749..1750]",
        "$RCT2:OBJDATA/SCHT1.DAT[1747..1748]",
        "$RCT2:OBJDATA/SCHT1.DAT[1745..1746]",
        "$RCT2:OBJDATA/SCHT1.DAT[1743..1744]",
        "$RCT2:OBJDATA/SCHT1.DAT[1757..1758]",
        "$RCT2:OBJDATA/SCHT1.DAT[1755..1756]",
        "$RCT2:OBJDATA/SCHT1.DAT[1753..1754]",
        "$RCT2:OBJDATA/SCHT1.DAT[1751..1752]",
        "$RCT2:OBJDATA/SCHT1.DAT[1765..1766]",
        "$RCT2:OBJDATA/SCHT1.DAT[1763..1764]",
        "$RCT2:OBJDATA/SCHT1.DAT[1761..1762]",
        "$RCT2:OBJDATA/SCHT1.DAT[1759..1760]",
        "$RCT2:OBJDATA/SCHT1.DAT[1779..1782]",
        "$RCT2:OBJDATA/SCHT1.DAT[1775..1778]",
        "$RCT2:OBJDATA/SCHT1.DAT[1771..1774]",
        "$RCT2:OBJDATA/SCHT1.DAT[1767..1770]",
        "$RCT2:OBJDATA/SCHT1.DAT[1831]",
        "$RCT2:OBJDATA/SCHT1.DAT[1833]",
        "$RCT2:OBJDATA/SCHT1.DAT[1835]",
        "$RCT2:OBJDATA/SCHT1.DAT[1837]",
        "$RCT2:OBJDATA/SCHT1.DAT[1839]",
        "$RCT2:OBJDATA/SCHT1.DAT[1841]",
        "$RCT2:OBJDATA/SCHT1.DAT[1843]",
        "$RCT2:OBJDATA/SCHT1.DAT[1845]",
        "$RCT2:OBJDATA/SCHT1.DAT[1815]",
        "$RCT2:OBJDATA/SCHT1.DAT[1817]",
        "$RCT2:OBJDATA/SCHT1.DAT[1819]",
        "$RCT2:OBJDATA/SCHT1.DAT[1821]",
        "$RCT2:OBJDATA/SCHT1.DAT[1823]",
        "$RCT2:OBJDATA/SCHT1.DAT[1825]",
        "$RCT2:OBJDATA/SCHT1.DAT[1827]",
        "$RCT2:OBJDATA/SCHT1.DAT[1829]",
        "$RCT2:OBJDATA/SCHT1.DAT[1799]",
        "$RCT2:OBJDATA/SCHT1.DAT[1801]",
        "$RCT2:OBJDATA/SCHT1.DAT[1803]",
        "$RCT2:OBJDATA/SCHT1.DAT[1805]",
        "$RCT2:OBJDATA/SCHT1.DAT[1807]",
        "$RCT2:OBJDATA/SCHT1.DAT[1809]",
        "$RCT2:OBJDATA/SCHT1.DAT[1811]",
        "$RCT2:OBJDATA/SCHT1.DAT[1813]",
        "$RCT2:OBJDATA/SCHT1.DAT[1783]",
        "$RCT2:OBJDATA/SCHT1.DAT[1785]",
        "$RCT2:OBJDATA/SCHT1.DAT[1787]",
        "$RCT2:OBJDATA/SCHT1.DAT[1789]",
        "$RCT2:OBJDATA/SCHT1.DAT[1791]",
        "$RCT2:OBJDATA/SCHT1.DAT[1793]",
        "$RCT2:OBJDATA/SCHT1.DAT[1795]",
        "$RCT2:OBJDATA/SCHT1.DAT[1797]",
        "$RCT2:OBJDATA/SCHT1.DAT[1959]",
        "$RCT2:OBJDATA/SCHT1.DAT[1967]",
        "$RCT2:OBJDATA/SCHT1.DAT[1943]",
        "$RCT2:OBJDATA/SCHT1.DAT[1951]",
        "$RCT2:OBJDATA/SCHT1.DAT[1927]",
        "$RCT2:OBJDATA/SCHT1.DAT[1935]",
        "$RCT2:OBJDATA/SCHT1.DAT[1911]",
        "$RCT2:OBJDATA/SCHT1.DAT[1919]",
        "$RCT2:OBJDATA/SCHT1.DAT[1895]",
        "$RCT2:OBJDATA/SCHT1.DAT[1903]",
        "$RCT2:OBJDATA/SCHT1.DAT[1879]",
        "$RCT2:OBJDATA/SCHT1.DAT[1887]",
        "$RCT2:OBJDATA/SCHT1.DAT[1863]",
        "$RCT2:OBJDATA/SCHT1.DAT[1871]",
        "$RCT2:OBJDATA/SCHT1.DAT[1847]",
        "$RCT2:OBJDATA/SCHT1.DAT[1855]",
        "$RCT2:OBJDATA/SCHT1.DAT[1989..1990]",
        "$RCT2:OBJDATA/SCHT1.DAT[1987..1988]",
        "$RCT2:OBJDATA/SCHT1.DAT[1985..1986]",
        "$RCT2:OBJDATA/SCHT1.DAT[1983..1984]",
        "$RCT2:OBJDATA/SCHT1.DAT[1981..1982]",
        "$RCT2:OBJDATA/SCHT1.DAT[1979..1980]",
        "$RCT2:OBJDATA/SCHT1.DAT[1977..1978]",
        "$RCT2:OBJDATA/SCHT1.DAT[1975..1976]",
        "$RCT2:OBJDATA/SCHT1.DAT[2153..2154]",
        "$RCT2:OBJDATA/SCHT1.DAT[2151..2152]",
        "$RCT2:OBJDATA/SCHT1.DAT[2157..2158]",
        "$RCT2:OBJDATA/SCHT1.DAT[2155..2156]",
        "$RCT2:OBJDATA/SCHT1.DAT[2161..2162]",
        "$RCT2:OBJDATA/SCHT1.DAT[2159..2160]",
        "$RCT2:OBJDATA/SCHT1.DAT[2179]",
        "$RCT2:OBJDATA/SCHT1.DAT[2181]",
        "$RCT2:OBJDATA/SCHT1.DAT[2183]",
        "$RCT2:OBJDATA/SCHT1.DAT[2185]",
        "$RCT2:OBJDATA/SCHT1.DAT[2187]",
        "$RCT2:OBJDATA/SCHT1.DAT[2189]",
        "$RCT2:OBJDATA/SCHT1.DAT[2191]",
        "$RCT2:OBJDATA/SCHT1.DAT[2193]",
        "$RCT2:OBJDATA/SCHT1.DAT[2163]",
        "$RCT2:OBJDATA/SCHT1.DAT[2165]",
        "$RCT2:OBJDATA/SCHT1.DAT[2167]",
        "$RCT2:OBJDATA/SCHT1.DAT[2169]",
        "$RCT2:OBJDATA/SCHT1.DAT[2171]",
        "$RCT2:OBJDATA/SCHT1.DAT[2173]",
        "$RCT2:OBJDATA/SCHT1.DAT[2175]",
        "$RCT2:OBJDATA/SCHT1.DAT[2177]",
        "$RCT2:OBJDATA/SCHT1.DAT[2201..2202]",
        "$RCT2:OBJDATA/SCHT1.DAT[2199..2200]",
        "$RCT2:OBJDATA/SCHT1.DAT[2197..2198]",
        "$RCT2:OBJDATA/SCHT1.DAT[2195..2196]",
        "$RCT2:OBJDATA/SCHT1.DAT[2251]",
        "$RCT2:OBJDATA/SCHT1.DAT[2253]",
        "$RCT2:OBJDATA/SCHT1.DAT[2255]",
        "$RCT2:OBJDATA/SCHT1.DAT[2257]",
        "$RCT2:OBJDATA/SCHT1.DAT[2259]",
        "$RCT2:OBJDATA/SCHT1.DAT[2261]",
        "$RCT2:OBJDATA/SCHT1.DAT[2263]",
        "$RCT2:OBJDATA/SCHT1.DAT[2265]",
        "$RCT2:OBJDATA/SCHT1.DAT[2235]",
        "$RCT2:OBJDATA/SCHT1.DAT[2237]",
        "$RCT2:OBJDATA/SCHT1.DAT[2239]",
        "$RCT2:OBJDATA/SCHT1.DAT[2241]",
        "$RCT2:OBJDATA/SCHT1.DAT[2243]",
        "$RCT2:OBJDATA/SCHT1.DAT[2245]",
        "$RCT2:OBJDATA/SCHT1.DAT[2247]",
        "$RCT2:OBJDATA/SCHT1.DAT[2249]",
        "$RCT2:OBJDATA/SCHT1.DAT[2219]",
        "$RCT2:OBJDATA/SCHT1.DAT[2221]",
        "$RCT2:OBJDATA/SCHT1.DAT[2223]",
        "$RCT2:OBJDATA/SCHT1.DAT[2225]",
        "$RCT2:OBJDATA/SCHT1.DAT[2227]",
        "$RCT2:OBJDATA/SCHT1.DAT[2229]",
        "$RCT2:OBJDATA/SCHT1.DAT[2231]",
        "$RCT2:OBJDATA/SCHT1.DAT[2233]",
        "$RCT2:OBJDATA/SCHT1.DAT[2203]",
        "$RCT2:OBJDATA/SCHT1.DAT[2205]",
        "$RCT2:OBJDATA/SCHT1.DAT[2207]",
        "$RCT2:OBJDATA/SCHT1.DAT[2209]",
        "$RCT2:OBJDATA/SCHT1.DAT[2211]",
        "$RCT2:OBJDATA/SCHT1.DAT[2213]",
        "$RCT2:OBJDATA/SCHT1.DAT[2215]",
        "$RCT2:OBJDATA/SCHT1.DAT[2217]",
        "$RCT2:OBJDATA/SCHT1.DAT[2279..2282]",
        "$RCT2:OBJDATA/SCHT1.DAT[2275..2278]",
        "$RCT2:OBJDATA/SCHT1.DAT[2271..2274]",
        "$RCT2:OBJDATA/SCHT1.DAT[2267..2270]",
        "$RCT2:OBJDATA/SCHT1.DAT[2331]",
        "$RCT2:OBJDATA/SCHT1.DAT[2333]",
        "$RCT2:OBJDATA/SCHT1.DAT[2335]",
        "$RCT2:OBJDATA/SCHT1.DAT[2337]",
        "$RCT2:OBJDATA/SCHT1.DAT[2339]",
        "$RCT2:OBJDATA/SCHT1.DAT[2341]",
        "$RCT2:OBJDATA/SCHT1.DAT[2343]",
        "$RCT2:OBJDATA/SCHT1.DAT[2345]",
        "$RCT2:OBJDATA/SCHT1.DAT[2315]",
        "$RCT2:OBJDATA/SCHT1.DAT[2317]",
        "$RCT2:OBJDATA/SCHT1.DAT[2319]",
        "$RCT2:OBJDATA/SCHT1.DAT[2321]",
        "$RCT2:OBJDATA/SCHT1.DAT[2323]",
        "$RCT2:OBJDATA/SCHT1.DAT[2325]",
        "$RCT2:OBJDATA/SCHT1.DAT[2327]",
        "$RCT2:OBJDATA/SCHT1.DAT[2329]",
        "$RCT2:OBJDATA/SCHT1.DAT[2299]",
        "$RCT2:OBJDATA/SCHT1.DAT[2301]",
        "$RCT2:OBJDATA/SCHT1.DAT[2303]",
        "$RCT2:OBJDATA/SCHT1.DAT[2305]",
        "$RCT2:OBJDATA/SCHT1.DAT[2307]",
        "$RCT2:OBJDATA/SCHT1.DAT[2309]",
        "$RCT2:OBJDATA/SCHT1.DAT[2311]",
        "$RCT2:OBJDATA/SCHT1.DAT[2313]",
        "$RCT2:OBJDATA/SCHT1.DAT[2283]",
        "$RCT2:OBJDATA/SCHT1.DAT[2285]",
        "$RCT2:OBJDATA/SCHT1.DAT[2287]",
        "$RCT2:OBJDATA/SCHT1.DAT[2289]",
        "$RCT2:OBJDATA/SCHT1.DAT[2291]",
        "$RCT2:OBJDATA/SCHT1.DAT[2293]",
        "$RCT2:OBJDATA/SCHT1.DAT[2295]",
        "$RCT2:OBJDATA/SCHT1.DAT[2297]",
        "$RCT2:OBJDATA/SCHT1.DAT[2353..2354]",
        "$RCT2:OBJDATA/SCHT1.DAT[2351..2352]",
        "$RCT2:OBJDATA/SCHT1.DAT[2349..2350]",
        "$RCT2:OBJDATA/SCHT1.DAT[2347..2348]",
        "$RCT2:OBJDATA/SCHT1.DAT[2403]",
        "$RCT2:OBJDATA/SCHT1.DAT[2411]",
        "$RCT2:OBJDATA/SCHT1.DAT[2387]",
        "$RCT2:OBJDATA/SCHT1.DAT[2395]",
        "$RCT2:OBJDATA/SCHT1.DAT[2371]",
        "$RCT2:OBJDATA/SCHT1.DAT[2379]",
        "$RCT2:OBJDATA/SCHT1.DAT[2355]",
        "$RCT2:OBJDATA/SCHT1.DAT[2363]",
        "$RCT2:OBJDATA/SCHT1.DAT[2425..2426]",
        "$RCT2:OBJDATA/SCHT1.DAT[2423..2424]",
        "$RCT2:OBJDATA/SCHT1.DAT[2421..2422]",
        "$RCT2:OBJDATA/SCHT1.DAT[2419..2420]",
        "$RCT2:OBJDATA/SCHT1.DAT[2433..2434]",
        "$RCT2:OBJDATA/SCHT1.DAT[2431..2432]",
        "$RCT2:OBJDATA/SCHT1.DAT[2429..2430]",
        "$RCT2:OBJDATA/SCHT1.DAT[2427..2428]",
        "$RCT2:OBJDATA/SCHT1.DAT[2441..2442]",
        "$RCT2:OBJDATA/SCHT1.DAT[2439..2440]",
        "$RCT2:OBJDATA/SCHT1.DAT[2437..2438]",
        "$RCT2:OBJDATA/SCHT1.DAT[2435..2436]",
        "$RCT2:OBJDATA/SCHT1.DAT[2449..2450]",
        "$RCT2:OBJDATA/SCHT1.DAT[2447..2448]",
        "$RCT2:OBJDATA/SCHT1.DAT[2445..2446]",
        "$RCT2:OBJDATA/SCHT1.DAT[2443..2444]",
        "$RCT2:OBJDATA/SCHT1.DAT[2457..2458]",
        "$RCT2:OBJDATA/SCHT1.DAT[2455..2456]",
        "$RCT2:OBJDATA/SCHT1.DAT[2453..2454]",
        "$RCT2:OBJDATA/SCHT1.DAT[2451..2452]",
        "$RCT2:OBJDATA/SCHT1.DAT[2461..2462]",
        "$RCT2:OBJDATA/SCHT1.DAT[2459..2460]",
        "$RCT2:OBJDATA/SCHT1.DAT[2469..2470]",
        "$RCT2:OBJDATA/SCHT1.DAT[2467..2468]",
        "$RCT2:OBJDATA/SCHT1.DAT[2465..2466]",
        "$RCT2:OBJDATA/SCHT1.DAT[2463..2464]",
        "$RCT2:OBJDATA/SCHT1.DAT[2477..2478]",
        "$RCT2:OBJDATA/SCHT1.DAT[2475..2476]",
        "$RCT2:OBJDATA/SCHT1.DAT[2473..2474]",
        "$RCT2:OBJDATA/SCHT1.DAT[2471..2472]",
        "$RCT2:OBJDATA/SCHT1.DAT[2485..2486]",
        "$RCT2:OBJDATA/SCHT1.DAT[2483..2484]",
        "$RCT2:OBJDATA/SCHT1.DAT[2481..2482]",
        "$RCT2:OBJDATA/SCHT1.DAT[2479..2480]",
        "$RCT2:OBJDATA/SCHT1.DAT[2499..2502]",
        "$RCT2:OBJDATA/SCHT1.DAT[2495..2498]",
        "$RCT2:OBJDATA/SCHT1.DAT[2491..2494]",
        "$RCT2:OBJDATA/SCHT1.DAT[2487..2490]",
        "$RCT2:OBJDATA/SCHT1.DAT[2551]",
        "$RCT2:OBJDATA/SCHT1.DAT[2553]",
        "$RCT2:OBJDATA/SCHT1.DAT[2555]",
        "$RCT2:OBJDATA/SCHT1.DAT[2557]",
        "$RCT2:OBJDATA/SCHT1.DAT[2559]",
        "$RCT2:OBJDATA/SCHT1.DAT[2561]",
        "$RCT2:OBJDATA/SCHT1.DAT[2563]",
        "$RCT2:OBJDATA/SCHT1.DAT[2565]",
        "$RCT2:OBJDATA/SCHT1.DAT[2535]",
        "$RCT2:OBJDATA/SCHT1.DAT[2537]",
        "$RCT2:OBJDATA/SCHT1.DAT[2539]",
        "$RCT2:OBJDATA/SCHT1.DAT[2541]",
        "$RCT2:OBJDATA/SCHT1.DAT[2543]",
        "$RCT2:OBJDATA/SCHT1.DAT[2545]",
        "$RCT2:OBJDATA/SCHT1.DAT[2547]",
        "$RCT2:OBJDATA/SCHT1.DAT[2549]",
        "$RCT2:OBJDATA/SCHT1.DAT[2519]",
        "$RCT2:OBJDATA/SCHT1.DAT[2521]",
        "$RCT2:OBJDATA/SCHT1.DAT[2523]",
        "$RCT2:OBJDATA/SCHT1.DAT[2525]",
        "$RCT2:OBJDATA/SCHT1.DAT[2527]",
        "$RCT2:OBJDATA/SCHT1.DAT[2529]",
        "$RCT2:OBJDATA/SCHT1.DAT[2531]",
        "$RCT2:OBJDATA/SCHT1.DAT[2533]",
        "$RCT2:OBJDATA/SCHT1.DAT[2503]",
        "$RCT2:OBJDATA/SCHT1.DAT[2505]",
        "$RCT2:OBJDATA/SCHT1.DAT[2507]",
        "$RCT2:OBJDATA/SCHT1.DAT[2509]",
        "$RCT2:OBJDATA/SCHT1.DAT[2511]",
        "$RCT2:OBJDATA/SCHT1.DAT[2513]",
        "$RCT2:OBJDATA/SCHT1.DAT[2515]",
        "$RCT2:OBJDATA/SCHT1.DAT[2517]",
        "$RCT2:OBJDATA/SCHT1.DAT[2679]",
        "$RCT2:OBJDATA/SCHT1.DAT[2687]",
        "$RCT2:OBJDATA/SCHT1.DAT[2663]",
        "$RCT2:OBJDATA/SCHT1.DAT[2671]",
        "$RCT2:OBJDATA/SCHT1.DAT[2647]",
        "$RCT2:OBJDATA/SCHT1.DAT[2655]",
        "$RCT2:OBJDATA/SCHT1.DAT[2631]",
        "$RCT2:OBJDATA/SCHT1.DAT[2639]",
        "$RCT2:OBJDATA/SCHT1.DAT[2615]",
        "$RCT2:OBJDATA/SCHT1.DAT[2623]",
        "$RCT2:OBJDATA/SCHT1.DAT[2599]",
        "$RCT2:OBJDATA/SCHT1.DAT[2607]",
        "$RCT2:OBJDATA/SCHT1.DAT[2583]",
        "$RCT2:OBJDATA/SCHT1.DAT[2591]",
        "$RCT2:OBJDATA/SCHT1.DAT[2567]",
        "$RCT2:OBJDATA/SCHT1.DAT[2575]",
        "$RCT2:OBJDATA/SCHT1.DAT[2709..2710]",
        "$RCT2:OBJDATA/SCHT1.DAT[2707..2708]",
        "$RCT2:OBJDATA/SCHT1.DAT[2705..2706]",
        "$RCT2:OBJDATA/SCHT1.DAT[2703..2704]",
        "$RCT2:OBJDATA/SCHT1.DAT[2701..2702]",
        "$RCT2:OBJDATA/SCHT1.DAT[2699..2700]",
        "$RCT2:OBJDATA/SCHT1.DAT[2697..2698]",
        "$RCT2:OBJDATA/SCHT1.DAT[2695..2696]",
        "$RCT2:OBJDATA/SCHT1.DAT[2873..2874]",
        "$RCT2:OBJDATA/SCHT1.DAT[2871..2872]",
        "$RCT2:OBJDATA/SCHT1.DAT[2877..2878]",
        "$RCT2:OBJDATA/SCHT1.DAT[2875..2876]",
        "$RCT2:OBJDATA/SCHT1.DAT[2881..2882]",
        "$RCT2:OBJDATA/SCHT1.DAT[2879..2880]",
        "$RCT2:OBJDATA/SCHT1.DAT[2899]",
        "$RCT2:OBJDATA/SCHT1.DAT[2901]",
        "$RCT2:OBJDATA/SCHT1.DAT[2903]",
        "$RCT2:OBJDATA/SCHT1.DAT[2905]",
        "$RCT2:OBJDATA/SCHT1.DAT[2907]",
        "$RCT2:OBJDATA/SCHT1.DAT[2909]",
        "$RCT2:OBJDATA/SCHT1.DAT[2911]",
        "$RCT2:OBJDATA/SCHT1.DAT[2913]",
        "$RCT2:OBJDATA/SCHT1.DAT[2883]",
        "$RCT2:OBJDATA/SCHT1.DAT[2885]",
        "$RCT2:OBJDATA/SCHT1.DAT[2887]",
        "$RCT2:OBJDATA/SCHT1.DAT[2889]",
        "$RCT2:OBJDATA/SCHT1.DAT[2891]",
        "$RCT2:OBJDATA/SCHT1.DAT[2893]",
        "$RCT2:OBJDATA/SCHT1.DAT[2895]",
        "$RCT2:OBJDATA/SCHT1.DAT[2897]",
        "$RCT2:OBJDATA/SCHT1.DAT[2921..2922]",
        "$RCT2:OBJDATA/SCHT1.DAT[2919..2920]",
        "$RCT2:OBJDATA/SCHT1.DAT[2917..2918]",
        "$RCT2:OBJDATA/SCHT1.DAT[2915..2916]",
        "$RCT2:OBJDATA/SCHT1.DAT[2971]",
        "$RCT2:OBJDATA/SCHT1.DAT[2973]",
        "$RCT2:OBJDATA/SCHT1.DAT[2975]",
        "$RCT2:OBJDATA/SCHT1.DAT[2977]",
        "$RCT2:OBJDATA/SCHT1.DAT[2979]",
        "$RCT2:OBJDATA/SCHT1.DAT[2981]",
        "$RCT2:OBJDATA/SCHT1.DAT[2983]",
        "$RCT2:OBJDATA/SCHT1.DAT[2985]",
        "$RCT2:OBJDATA/SCHT1.DAT[2955]",
        "$RCT2:OBJDATA/SCHT1.DAT[2957]",
        "$RCT2:OBJDATA/SCHT1.DAT[2959]",
        "$RCT2:OBJDATA/SCHT1.DAT[2961]",
        "$RCT2:OBJDATA/SCHT1.DAT[2963]",
        "$RCT2:OBJDATA/SCHT1.DAT[2965]",
        "$RCT2:OBJDATA/SCHT1.DAT[2967]",
        "$RCT2:OBJDATA/SCHT1.DAT[2969]",
        "$RCT2:OBJDATA/SCHT1.DAT[2939]",
        "$RCT2:OBJDATA/SCHT1.DAT[2941]",
        "$RCT2:OBJDATA/SCHT1.DAT[2943]",
        "$RCT2:OBJDATA/SCHT1.DAT[2945]",
        "$RCT2:OBJDATA/SCHT1.DAT[2947]",
        "$RCT2:OBJDATA/SCHT1.DAT[2949]",
        "$RCT2:OBJDATA/SCHT1.DAT[2951]",
        "$RCT2:OBJDATA/SCHT1.DAT[2953]",
        "$RCT2:OBJDATA/SCHT1.DAT[2923]",
        "$RCT2:OBJDATA/SCHT1.DAT[2925]",
        "$RCT2:OBJDATA/SCHT1.DAT[2927]",
        "$RCT2:OBJDATA/SCHT1.DAT[2929]",
        "$RCT2:OBJDATA/SCHT1.DAT[2931]",
        "$RCT2:OBJDATA/SCHT1.DAT[2933]",
        "$RCT2:OBJDATA/SCHT1.DAT[2935]",
        "$RCT2:OBJDATA/SCHT1.DAT[2937]",
        "$RCT2:OBJDATA/SCHT1.DAT[2999..3002]",
        "$RCT2:OBJDATA/SCHT1.DAT[2995..2998]",
        "$RCT2:OBJDATA/SCHT1.DAT[2991..2994]",
        "$RCT2:OBJDATA/SCHT1.DAT[2987..2990]",
        "$RCT2:OBJDATA/SCHT1.DAT[3051]",
        "$RCT2:OBJDATA/SCHT1.DAT[3053]",
        "$RCT2:OBJDATA/SCHT1.DAT[3055]",
        "$RCT2:OBJDATA/SCHT1.DAT[3057]",
        "$RCT2:OBJDATA/SCHT1.DAT[3059]",
        "$RCT2:OBJDATA/SCHT1.DAT[3061]",
        "$RCT2:OBJDATA/SCHT1.DAT[3063]",
        "$RCT2:OBJDATA/SCHT1.DAT[3065]",
        "$RCT2:OBJDATA/SCHT1.DAT[3035]",
        "$RCT2:OBJDATA/SCHT1.DAT[3037]",
        "$RCT2:OBJDATA/SCHT1.DAT[3039]",
        "$RCT2:OBJDATA/SCHT1.DAT[3041]",
        "$RCT2:OBJDATA/SCHT1.DAT[3043]",
        "$RCT2:OBJDATA/SCHT1.DAT[3045]",
        "$RCT2:OBJDATA/SCHT1.DAT[3047]",
        "$RCT2:OBJDATA/SCHT1.DAT[3049]",
        "$RCT2:OBJDATA/SCHT1.DAT[3019]",
        "$RCT2:OBJDATA/SCHT1.DAT[3021]",
        "$RCT2:OBJDATA/SCHT1.DAT[3023]",
        "$RCT2:OBJDATA/SCHT1.DAT[3025]",
        "$RCT2:OBJDATA/SCHT1.DAT[3027]",
        "$RCT2:OBJDATA/SCHT1.DAT[3029]",
        "$RCT2:OBJDATA/SCHT1.DAT[3031]",
        "$RCT2:OBJDATA/SCHT1.DAT[3033]",
        "$RCT2:OBJDATA/SCHT1.DAT[3003]",
        "$RCT2:OBJDATA/SCHT1.DAT[3005]",
        "$RCT2:OBJDATA/SCHT1.DAT[3007]",
        "$RCT2:OBJDATA/SCHT1.DAT[3009]",
        "$RCT2:OBJDATA/SCHT1.DAT[3011]",
        "$RCT2:OBJDATA/SCHT1.DAT[3013]",
        "$RCT2:OBJDATA/SCHT1.DAT[3015]",
        "$RCT2:OBJDATA/SCHT1.DAT[3017]",
        "$RCT2:OBJDATA/SCHT1.DAT[3073..3074]",
        "$RCT2:OBJDATA/SCHT1.DAT[3071..3072]",
        "$RCT2:OBJDATA/SCHT1.DAT[3069..3070]",
        "$RCT2:OBJDATA/SCHT1.DAT[3067..3068]",
        "$RCT2:OBJDATA/SCHT1.DAT[3123]",
        "$RCT2:OBJDATA/SCHT1.DAT[3131]",
        "$RCT2:OBJDATA/SCHT1.DAT[3107]",
        "$RCT2:OBJDATA/SCHT1.DAT[3115]",
        "$RCT2:OBJDATA/SCHT1.DAT[3091]",
        "$RCT2:OBJDATA/SCHT1.DAT[3099]",
        "$RCT2:OBJDATA/SCHT1.DAT[3075]",
        "$RCT2:OBJDATA/SCHT1.DAT[3083]",
        "$RCT2:OBJDATA/SCHT1.DAT[3145..3146]",
        "$RCT2:OBJDATA/SCHT1.DAT[3143..3144]",
        "$RCT2:OBJDATA/SCHT1.DAT[3141..3142]",
        "$RCT2:OBJDATA/SCHT1.DAT[3139..3140]",
        "$RCT2:OBJDATA/SCHT1.DAT[3153..3154]",
        "$RCT2:OBJDATA/SCHT1.DAT[3151..3152]",
        "$RCT2:OBJDATA/SCHT1.DAT[3149..3150]",
        "$RCT2:OBJDATA/SCHT1.DAT[3147..3148]",
        "$RCT2:OBJDATA/SCHT1.DAT[3161..3162]",
        "$RCT2:OBJDATA/SCHT1.DAT[3159..3160]",
        "$RCT2:OBJDATA/SCHT1.DAT[3157..3158]",
        "$RCT2:OBJDATA/SCHT1.DAT[3155..3156]",
        "$RCT2:OBJDATA/SCHT1.DAT[3169..3170]",
        "$RCT2:OBJDATA/SCHT1.DAT[3167..3168]",
        "$RCT2:OBJDATA/SCHT1.DAT[3165..3166]",
        "$RCT2:OBJDATA/SCHT1.DAT[3163..3164]",
        "$RCT2:OBJDATA/SCHT1.DAT[3177..3178]",
        "$RCT2:OBJDATA/SCHT1.DAT[3175..3176]",
        "$RCT2:OBJDATA/SCHT1.DAT[3173..3174]",
        "$RCT2:OBJDATA/SCHT1.DAT[3171..3172]",
        "$RCT2:OBJDATA/SCHT1.DAT[3181..3182]",
        "$RCT2:OBJDATA/SCHT1.DAT[3179..3180]",
        "$RCT2:OBJDATA/SCHT1.DAT[3189..3190]",
        "$RCT2:OBJDATA/SCHT1.DAT[3187..3188]",
        "$RCT2:OBJDATA/SCHT1.DAT[3185..3186]",
        "$RCT2:OBJDATA/SCHT1.DAT[3183..3184]",
        "$RCT2:OBJDATA/SCHT1.DAT[3197..3198]",
        "$RCT2:OBJDATA/SCHT1.DAT[3195..3196]",
        "$RCT2:OBJDATA/SCHT1.DAT[3193..3194]",
        "$RCT2:OBJDATA/SCHT1.DAT[3191..3192]",
        "$RCT2:OBJDATA/SCHT1.DAT[3205..3206]",
        "$RCT2:OBJDATA/SCHT1.DAT[3203..3204]",
        "$RCT2:OBJDATA/SCHT1.DAT[3201..3202]",
        "$RCT2:OBJDATA/SCHT1.DAT[3199..3200]",
        "$RCT2:OBJDATA/SCHT1.DAT[3219..3222]",
        "$RCT2:OBJDATA/SCHT1.DAT[3215..3218]",
        "$RCT2:OBJDATA/SCHT1.DAT[3211..3214]",
        "$RCT2:OBJDATA/SCHT1.DAT[3207..3210]",
        "$RCT2:OBJDATA/SCHT1.DAT[3271]",
        "$RCT2:OBJDATA/SCHT1.DAT[3273]",
        "$RCT2:OBJDATA/SCHT1.DAT[3275]",
        "$RCT2:OBJDATA/SCHT1.DAT[3277]",
        "$RCT2:OBJDATA/SCHT1.DAT[3279]",
        "$RCT2:OBJDATA/SCHT1.DAT[3281]",
        "$RCT2:OBJDATA/SCHT1.DAT[3283]",
        "$RCT2:OBJDATA/SCHT1.DAT[3285]",
        "$RCT2:OBJDATA/SCHT1.DAT[3255]",
        "$RCT2:OBJDATA/SCHT1.DAT[3257]",
        "$RCT2:OBJDATA/SCHT1.DAT[3259]",
        "$RCT2:OBJDATA/SCHT1.DAT[3261]",
        "$RCT2:OBJDATA/SCHT1.DAT[3263]",
        "$RCT2:OBJDATA/SCHT1.DAT[3265]",
        "$RCT2:OBJDATA/SCHT1.DAT[3267]",
        "$RCT2:OBJDATA/SCHT1.DAT[3269]",
        "$RCT2:OBJDATA/SCHT1.DAT[3239]",
        "$RCT2:OBJDATA/SCHT1.DAT[3241]",
        "$RCT2:OBJDATA/SCHT1.DAT[3243]",
        "$RCT2:OBJDATA/SCHT1.DAT[3245]",
        "$RCT2:OBJDATA/SCHT1.DAT[3247]",
        "$RCT2:OBJDATA/SCHT1.DAT[3249]",
        "$RCT2:OBJDATA/SCHT1.DAT[3251]",
        "$RCT2:OBJDATA/SCHT1.DAT[3253]",
        "$RCT2:OBJDATA/SCHT1.DAT[3223]",
        "$RCT2:OBJDATA/SCHT1.DAT[3225]",
        "$RCT2:OBJDATA/SCHT1.DAT[3227]",
        "$RCT2:OBJDATA/SCHT1.DAT[3229]",
        "$RCT2:OBJDATA/SCHT1.DAT[3231]",
        "$RCT2:OBJDATA/SCHT1.DAT[3233]",
        "$RCT2:OBJDATA/SCHT1.DAT[3235]",
        "$RCT2:OBJDATA/SCHT1.DAT[3237]",
        "$RCT2:OBJDATA/SCHT1.DAT[3399]",
        "$RCT2:OBJDATA/SCHT1.DAT[3407]",
        "$RCT2:OBJDATA/SCHT1.DAT[3383]",
        "$RCT2:OBJDATA/SCHT1.DAT[3391]",
        "$RCT2:OBJDATA/SCHT1.DAT[3367]",
        "$RCT2:OBJDATA/SCHT1.DAT[3375]",
        "$RCT2:OBJDATA/SCHT1.DAT[3351]",
        "$RCT2:OBJDATA/SCHT1.DAT[3359]",
        "$RCT2:OBJDATA/SCHT1.DAT[3335]",
        "$RCT2:OBJDATA/SCHT1.DAT[3343]",
        "$RCT2:OBJDATA/SCHT1.DAT[3319]",
        "$RCT2:OBJDATA/SCHT1.DAT[3327]",
        "$RCT2:OBJDATA/SCHT1.DAT[3303]",
        "$RCT2:OBJDATA/SCHT1.DAT[3311]",
        "$RCT2:OBJDATA/SCHT1.DAT[3287]",
        "$RCT2:OBJDATA/SCHT1.DAT[3295]",
        "$RCT2:OBJDATA/SCHT1.DAT[3429..3430]",
        "$RCT2:OBJDATA/SCHT1.DAT[3427..3428]",
        "$RCT2:OBJDATA/SCHT1.DAT[3425..3426]",
        "$RCT2:OBJDATA/SCHT1.DAT[3423..3424]",
        "$RCT2:OBJDATA/SCHT1.DAT[3421..3422]",
        "$RCT2:OBJDATA/SCHT1.DAT[3419..3420]",
        "$RCT2:OBJDATA/SCHT1.DAT[3417..3418]",
        "$RCT2:OBJDATA/SCHT1.DAT[3415..3416]",
        "$RCT2:OBJDATA/SCHT1.DAT[3593..3594]",
        "$RCT2:OBJDATA/SCHT1.DAT[3591..3592]",
        "$RCT2:OBJDATA/SCHT1.DAT[3597..3598]",
        "$RCT2:OBJDATA/SCHT1.DAT[3595..3596]",
        "$RCT2:OBJDATA/SCHT1.DAT[3601..3602]",
        "$RCT2:OBJDATA/SCHT1.DAT[3599..3600]",
        "$RCT2:OBJDATA/SCHT1.DAT[3619]",
        "$RCT2:OBJDATA/SCHT1.DAT[3621]",
        "$RCT2:OBJDATA/SCHT1.DAT[3623]",
        "$RCT2:OBJDATA/SCHT1.DAT[3625]",
        "$RCT2:OBJDATA/SCHT1.DAT[3627]",
        "$RCT2:OBJDATA/SCHT1.DAT[3629]",
        "$RCT2:OBJDATA/SCHT1.DAT[3631]",
        "$RCT2:OBJDATA/SCHT1.DAT[3633]",
        "$RCT2:OBJDATA/SCHT1.DAT[3603]",
        "$RCT2:OBJDATA/SCHT1.DAT[3605]",
        "$RCT2:OBJDATA/SCHT1.DAT[3607]",
        "$RCT2:OBJDATA/SCHT1.DAT[3609]",
        "$RCT2:OBJDATA/SCHT1.DAT[3611]",
        "$RCT2:OBJDATA/SCHT1.DAT[3613]",
        "$RCT2:OBJDATA/SCHT1.DAT[3615]",
        "$RCT2:OBJDATA/SCHT1.DAT[3617]",
        "$RCT2:OBJDATA/SCHT1.DAT[3641..3642]",
        "$RCT2:OBJDATA/SCHT1.DAT[3639..3640]",
        "$RCT2:OBJDATA/SCHT1.DAT[3637..3638]",
        "$RCT2:OBJDATA/SCHT1.DAT[3635..3636]",
        "$RCT2:OBJDATA/SCHT1.DAT[3691]",
        "$RCT2:OBJDATA/SCHT1.DAT[3693]",
        "$RCT2:OBJDATA/SCHT1.DAT[3695]",
        "$RCT2:OBJDATA/SCHT1.DAT[3697]",
        "$RCT2:OBJDATA/SCHT1.DAT[3699]",
        "$RCT2:OBJDATA/SCHT1.DAT[3701]",
        "$RCT2:OBJDATA/SCHT1.DAT[3703]",
        "$RCT2:OBJDATA/SCHT1.DAT[3705]",
        "$RCT2:OBJDATA/SCHT1.DAT[3675]",
        "$RCT2:OBJDATA/SCHT1.DAT[3677]",
        "$RCT2:OBJDATA/SCHT1.DAT[3679]",
        "$RCT2:OBJDATA/SCHT1.DAT[3681]",
        "$RCT2:OBJDATA/SCHT1.DAT[3683]",
        "$RCT2:OBJDATA/SCHT1.DAT[3685]",
        "$RCT2:OBJDATA/SCHT1.DAT[3687]",
        "$RCT2:OBJDATA/SCHT1.DAT[3689]",
        "$RCT2:OBJDATA/SCHT1.DAT[3659]",
        "$RCT2:OBJDATA/SCHT1.DAT[3661]",
        "$RCT2:OBJDATA/SCHT1.DAT[3663]",
        "$RCT2:OBJDATA/SCHT1.DAT[3665]",
        "$RCT2:OBJDATA/SCHT1.DAT[3667]",
        "$RCT2:OBJDATA/SCHT1.DAT[3669]",
        "$RCT2:OBJDATA/SCHT1.DAT[3671]",
        "$RCT2:OBJDATA/SCHT1.DAT[3673]",
        "$RCT2:OBJDATA/SCHT1.DAT[3643]",
        "$RCT2:OBJDATA/SCHT1.DAT[3645]",
        "$RCT2:OBJDATA/SCHT1.DAT[3647]",
        "$RCT2:OBJDATA/SCHT1.DAT[3649]",
        "$RCT2:OBJDATA/SCHT1.DAT[3651]",
        "$RCT2:OBJDATA/SCHT1.DAT[3653]",
        "$RCT2:OBJDATA/SCHT1.DAT[3655]",
        "$RCT2:OBJDATA/SCHT1.DAT[3657]",
        "$RCT2:OBJDATA/SCHT1.DAT[3719..3722]",
        "$RCT2:OBJDATA/SCHT1.DAT[3715..3718]",
        "$RCT2:OBJDATA/SCHT1.DAT[3711..3714]",
        "$RCT2:OBJDATA/SCHT1.DAT[3707..3710]",
        "$RCT2:OBJDATA/SCHT1.DAT[3771]",
        "$RCT2:OBJDATA/SCHT1.DAT[3773]",
        "$RCT2:OBJDATA/SCHT1.DAT[3775]",
        "$RCT2:OBJDATA/SCHT1.DAT[3777]",
        "$RCT2:OBJDATA/SCHT1.DAT[3779]",
        "$RCT2:OBJDATA/SCHT1.DAT[3781]",
        "$RCT2:OBJDATA/SCHT1.DAT[3783]",
        "$RCT2:OBJDATA/SCHT1.DAT[3785]",
        "$RCT2:OBJDATA/SCHT1.DAT[3755]",
        "$RCT2:OBJDATA/SCHT1.DAT[3757]",
        "$RCT2:OBJDATA/SCHT1.DAT[3759]",
        "$RCT2:OBJDATA/SCHT1.DAT[3761]",
        "$RCT2:OBJDATA/SCHT1.DAT[3763]",
        "$RCT2:OBJDATA/SCHT1.DAT[3765]",
        "$RCT2:OBJDATA/SCHT1.DAT[3767]",
        "$RCT2:OBJDATA/SCHT1.DAT[3769]",
        "$RCT2:OBJDATA/SCHT1.DAT[3739]",
        "$RCT2:OBJDATA/SCHT1.DAT[3741]",
        "$RCT2:OBJDATA/SCHT1.DAT[3743]",
        "$RCT2:OBJDATA/SCHT1.DAT[3745]",
        "$RCT2:OBJDATA/SCHT1.DAT[3747]",
        "$RCT2:OBJDATA/SCHT1.DAT[3749]",
        "$RCT2:OBJDATA/SCHT1.DAT[3751]",
        "$RCT2:OBJDATA/SCHT1.DAT[3753]",
        "$RCT2:OBJDATA/SCHT1.DAT[3723]",
        "$RCT2:OBJDATA/SCHT1.DAT[3725]",
        "$RCT2:OBJDATA/SCHT1.DAT[3727]",
        "$RCT2:OBJDATA/SCHT1.DAT[3729]",
        "$RCT2:OBJDATA/SCHT1.DAT[3731]",
        "$RCT2:OBJDATA/SCHT1.DAT[3733]",
        "$RCT2:OBJDATA/SCHT1.DAT[3735]",
        "$RCT2:OBJDATA/SCHT1.DAT[3737]",
        "$RCT2:OBJDATA/SCHT1.DAT[3793..3794]",
        "$RCT2:OBJDATA/SCHT1.DAT[3791..3792]",
        "$RCT2:OBJDATA/SCHT1.DAT[3789..3790]",
        "$RCT2:OBJDATA/SCHT1.DAT[3787..3788]",
        "$RCT2:OBJDATA/SCHT1.DAT[3843]",
        "$RCT2:OBJDATA/SCHT1.DAT[3851]",
        "$RCT2:OBJDATA/SCHT1.DAT[3827]",
        "$RCT2:OBJDATA/SCHT1.DAT[3835]",
        "$RCT2:OBJDATA/SCHT1.DAT[3811]",
        "$RCT2:OBJDATA/SCHT1.DAT[3819]",
        "$RCT2:OBJDATA/SCHT1.DAT[3795]",
        "$RCT2:OBJDATA/SCHT1.DAT[3803]",
        "$RCT2:OBJDATA/SCHT1.DAT[3865..3866]",
        "$RCT2:OBJDATA/SCHT1.DAT[3863..3864]",
        "$RCT2:OBJDATA/SCHT1.DAT[3861..3862]",
        "$RCT2:OBJDATA/SCHT1.DAT[3859..3860]",
        "$RCT2:OBJDATA/SCHT1.DAT[3873..3874]",
        "$RCT2:OBJDATA/SCHT1.DAT[3871..3872]",
        "$RCT2:OBJDATA/SCHT1.DAT[3869..3870]",
        "$RCT2:OBJDATA/SCHT1.DAT[3867..3868]",
        "$RCT2:OBJDATA/SCHT1.DAT[3881..3882]",
        "$RCT2:OBJDATA/SCHT1.DAT[3879..3880]",
        "$RCT2:OBJDATA/SCHT1.DAT[3877..3878]",
        "$RCT2:OBJDATA/SCHT1.DAT[3875..3876]",
        "$RCT2:OBJDATA/SCHT1.DAT[3889..3890]",
        "$RCT2:OBJDATA/SCHT1.DAT[3887..3888]",
        "$RCT2:OBJDATA/SCHT1.DAT[3885..3886]",
        "$RCT2:OBJDATA/SCHT1.DAT[3883..3884]",
        "$RCT2:OBJDATA/SCHT1.DAT[3897..3898]",
        "$RCT2:OBJDATA/SCHT1.DAT[3895..3896]",
        "$RCT2:OBJDATA/SCHT1.DAT[3893..3894]",
        "$RCT2:OBJDATA/SCHT1.DAT[3891..3892]",
        "$RCT2:OBJDATA/SCHT1.DAT[3901..3902]",
        "$RCT2:OBJDATA/SCHT1.DAT[3899..3900]",
        "$RCT2:OBJDATA/SCHT1.DAT[3909..3910]",
        "$RCT2:OBJDATA/SCHT1.DAT[3907..3908]",
        "$RCT2:OBJDATA/SCHT1.DAT[3905..3906]",
        "$RCT2:OBJDATA/SCHT1.DAT[3903..3904]",
        "$RCT2:OBJDATA/SCHT1.DAT[3917..3918]",
        "$RCT2:OBJDATA/SCHT1.DAT[3915..3916]",
        "$RCT2:OBJDATA/SCHT1.DAT[3913..3914]",
        "$RCT2:OBJDATA/SCHT1.DAT[3911..3912]",
        "$RCT2:OBJDATA/SCHT1.DAT[3925..3926]",
        "$RCT2:OBJDATA/SCHT1.DAT[3923..3924]",
        "$RCT2:OBJDATA/SCHT1.DAT[3921..3922]",
        "$RCT2:OBJDATA/SCHT1.DAT[3919..3920]",
        "$RCT2:OBJDATA/SCHT1.DAT[3939..3942]",
        "$RCT2:OBJDATA/SCHT1.DAT[3935..3938]",
        "$RCT2:OBJDATA/SCHT1.DAT[3931..3934]",
        "$RCT2:OBJDATA/SCHT1.DAT[3927..3930]",
        "$RCT2:OBJDATA/SCHT1.DAT[3991]",
        "$RCT2:OBJDATA/SCHT1.DAT[3993]",
        "$RCT2:OBJDATA/SCHT1.DAT[3995]",
        "$RCT2:OBJDATA/SCHT1.DAT[3997]",
        "$RCT2:OBJDATA/SCHT1.DAT[3999]",
        "$RCT2:OBJDATA/SCHT1.DAT[4001]",
        "$RCT2:OBJDATA/SCHT1.DAT[4003]",
        "$RCT2:OBJDATA/SCHT1.DAT[4005]",
        "$RCT2:OBJDATA/SCHT1.DAT[3975]",
        "$RCT2:OBJDATA/SCHT1.DAT[3977]",
        "$RCT2:OBJDATA/SCHT1.DAT[3979]",
        "$RCT2:OBJDATA/SCHT1.DAT[3981]",
        "$RCT2:OBJDATA/SCHT1.DAT[3983]",
        "$RCT2:OBJDATA/SCHT1.DAT[3985]",
        "$RCT2:OBJDATA/SCHT1.DAT[3987]",
        "$RCT2:OBJDATA/SCHT1.DAT[3989]",
        "$RCT2:OBJDATA/SCHT1.DAT[3959]",
        "$RCT2:OBJDATA/SCHT1.DAT[3961]",
        "$RCT2:OBJDATA/SCHT1.DAT[3963]",
        "$RCT2:OBJDATA/SCHT1.DAT[3965]",
        "$RCT2:OBJDATA/SCHT1.DAT[3967]",
        "$RCT2:OBJDATA/SCHT1.DAT[3969]",
        "$RCT2:OBJDATA/SCHT1.DAT[3971]",
        "$RCT2:OBJDATA/SCHT1.DAT[3973]",
        "$RCT2:OBJDATA/SCHT1.DAT[3943]",
        "$RCT2:OBJDATA/SCHT1.DAT[3945]",
        "$RCT2:OBJDATA/SCHT1.DAT[3947]",
        "$RCT2:OBJDATA/SCHT1.DAT[3949]",
        "$RCT2:OBJDATA/SCHT1.DAT[3951]",
        "$RCT2:OBJDATA/SCHT1.DAT[3953]",
        "$RCT2:OBJDATA/SCHT1.DAT[3955]",
        "$RCT2:OBJDATA/SCHT1.DAT[3957]",
        "$RCT2:OBJDATA/SCHT1.DAT[4119]",
        "$RCT2:OBJDATA/SCHT1.DAT[4127]",
        "$RCT2:OBJDATA/SCHT1.DAT[4103]",
        "$RCT2:OBJDATA/SCHT1.DAT[4111]",
        "$RCT2:OBJDATA/SCHT1.DAT[4087]",
        "$RCT2:OBJDATA/SCHT1.DAT[4095]",
        "$RCT2:OBJDATA/SCHT1.DAT[4071]",
        "$RCT2:OBJDATA/SCHT1.DAT[4079]",
        "$RCT2:OBJDATA/SCHT1.DAT[4055]",
        "$RCT2:OBJDATA/SCHT1.DAT[4063]",
        "$RCT2:OBJDATA/SCHT1.DAT[4039]",
        "$RCT2:OBJDATA/SCHT1.DAT[4047]",
        "$RCT2:OBJDATA/SCHT1.DAT[4023]",
        "$RCT2:OBJDATA/SCHT1.DAT[4031]",
        "$RCT2:OBJDATA/SCHT1.DAT[4007]",
        "$RCT2:OBJDATA/SCHT1.DAT[4015]",
        "$RCT2:OBJDATA/SCHT1.DAT[4149..4150]",
        "$RCT2:OBJDATA/SCHT1.DAT[4147..4148]",
        "$RCT2:OBJDATA/SCHT1.DAT[4145..4146]",
        "$RCT2:OBJDATA/SCHT1.DAT[4143..4144]",
        "$RCT2:OBJDATA/SCHT1.DAT[4141..4142]",
        "$RCT2:OBJDATA/SCHT1.DAT[4139..4140]",
        "$RCT2:OBJDATA/SCHT1.DAT[4137..4138]",
        "$RCT2:OBJDATA/SCHT1.DAT[4135..4136]",
        "$RCT2:OBJDATA/SCHT1.DAT[4313..4314]",
        "$RCT2:OBJDATA/SCHT1.DAT[4311..4312]",
        "$RCT2:OBJDATA/SCHT1.DAT[4317..4318]",
        "$RCT2:OBJDATA/SCHT1.DAT[4315..4316]",
        "$RCT2:OBJDATA/SCHT1.DAT[4321..4322]",
        "$RCT2:OBJDATA/SCHT1.DAT[4319..4320]"
    ],
    "strings": {
        "name": {
            "en-GB": "Roller Coaster Trains (Reversed)",
            "nl-NL": "Achtbaantrein (achteruit)"
        },
        "description": {
            "en-GB": "Roller coaster train running in reverse, so that the passengers face backwards.",
            "nl-NL": "Achtbaantrein waarvan het voorste karretje gestroomlijnd is."
        },
        "capacity": {
            "en-GB": "4 riders per car",
            "fr-FR": "4 passagers par voiture",
            "de-DE": "4 Fahrgäste pro Wagen",
            "es-ES": "4 pasajeros por vagón",
            "it-IT": "4 passeggeri a carrozza",
            "nl-NL": "4 passagiers per karretje",
            "sv-SE": "4 passagerare per vagn",
            "ko-KR": "차량당 4명의 승객",
            "zh-CN": "4位乘客/车",
            "zh-TW": "4 位乘客/每個車廂",
            "pt-BR": "4 passageiros por carro",
            "cs-CZ": "4 místa v každém voze",
            "ja-JP": "各車両4名",
            "pl-PL": "4 pasażerów na wagonik",
            "ru-RU": "4 пасс на вагон",
            "eo-ZZ": "Po 4 pasaĝeroj por ĉaro",
            "ca-ES": "4 passatgers per cotxe",
            "fi-FI": "4 matkustajaa per vaunu"
        }
    }
}
