{
    "id": "rct1beta.terrain_surface.wildflowers",
    "authors": ["Simon Foster", "spacek"],
    "version": "1.2",
    "sourceGame": "official",
    "objectType": "terrain_surface",
    "properties": {
        "price": 300,
        "mapColours": [75, 75],
	"smoothWithSelf": true,
	"smoothWithOther": true
    },
    "images": [
        { "path": "images/icon.png", "format": "raw", "x": 2, "y": 2 },
        { "path": "images/s1.png", "format": "raw", "x": 0, "y": 0 },
        { "path": "images/s2.png", "format": "raw", "x": 0, "y": 0 },
        { "path": "images/s3.png", "format": "raw", "x": 0, "y": 0 },
        { "path": "images/s4.png", "format": "raw", "x": 0, "y": 0 },
        { "path": "images/s5.png", "format": "raw", "x": 0, "y": 0 },
        { "path": "images/s6.png", "format": "raw", "x": 0, "y": 0 },
        
        { "path": "images/00.png", "x": -32, "y": 0 },
        { "path": "images/01.png", "x": -32, "y": -1 },
        { "path": "images/02.png", "x": -32, "y": 0 },
        { "path": "images/03.png", "x": -32, "y": -1 },
        { "path": "images/04.png", "x": -32, "y": -1 },
        { "path": "images/05.png", "x": -32, "y": -1 },
        { "path": "images/06.png", "x": -30, "y": -1 },
        { "path": "images/07.png", "x": -32, "y": -1 },
        { "path": "images/08.png", "x": -32, "y": -16 },
        { "path": "images/09.png", "x": -32, "y": -16 },
        { "path": "images/10.png", "x": -32, "y": -16 },
        { "path": "images/11.png", "x": -32, "y": -16 },
        { "path": "images/12.png", "x": -32, "y": -16 },
        { "path": "images/13.png", "x": -32, "y": -16 },
        { "path": "images/14.png", "x": -31, "y": -16 },
        { "path": "images/15.png", "x": -32, "y": -32 },
        "",
        { "path": "images/17.png", "x": -32, "y": -17 },
        { "path": "images/18.png", "x": -31, "y": -17 },
        
        { "path": "images/19.png", "x": -32, "y": 0 },
        { "path": "images/20.png", "x": -32, "y": -1 },
        { "path": "images/21.png", "x": -32, "y": 0 },
        { "path": "images/22.png", "x": -32, "y": -1 },
        { "path": "images/23.png", "x": -32, "y": -1 },
        { "path": "images/24.png", "x": -32, "y": -1 },
        { "path": "images/25.png", "x": -30, "y": -1 },
        { "path": "images/26.png", "x": -32, "y": -1 },
        { "path": "images/27.png", "x": -32, "y": -16 },
        { "path": "images/28.png", "x": -32, "y": -16 },
        { "path": "images/29.png", "x": -32, "y": -16 },
        { "path": "images/30.png", "x": -32, "y": -16 },
        { "path": "images/31.png", "x": -32, "y": -16 },
        { "path": "images/32.png", "x": -32, "y": -16 },
        { "path": "images/33.png", "x": -31, "y": -16 },
        { "path": "images/34.png", "x": -32, "y": -32 },
        "",
        { "path": "images/36.png", "x": -32, "y": -17 },
        { "path": "images/37.png", "x": -31, "y": -17 },
        
        { "path": "images/38.png", "x": -32, "y": 0 },
        { "path": "images/39.png", "x": -32, "y": -1 },
        { "path": "images/40.png", "x": -32, "y": 0 },
        { "path": "images/41.png", "x": -32, "y": -1 },
        { "path": "images/42.png", "x": -32, "y": -1 },
        { "path": "images/43.png", "x": -32, "y": -1 },
        { "path": "images/44.png", "x": -30, "y": -1 },
        { "path": "images/45.png", "x": -32, "y": -1 },
        { "path": "images/46.png", "x": -32, "y": -16 },
        { "path": "images/47.png", "x": -32, "y": -16 },
        { "path": "images/48.png", "x": -32, "y": -16 },
        { "path": "images/49.png", "x": -32, "y": -16 },
        { "path": "images/50.png", "x": -32, "y": -16 },
        { "path": "images/51.png", "x": -32, "y": -16 },
        { "path": "images/52.png", "x": -31, "y": -16 },
        { "path": "images/53.png", "x": -32, "y": -32 },
        "",
        { "path": "images/55.png", "x": -32, "y": -17 },
        { "path": "images/56.png", "x": -31, "y": -17 }
    ],
    "strings": {
        "name": {
            "en-GB": "Wildflowers"
        }
    }
}
