{
    "id": "rct2.scenery_group.scgsixfl",
    "authors": [
        "Chris Sawyer",
        "Simon Foster"
    ],
    "version": "1.0",
    "originalId": "0A188F87|SCGSIXFL|F822A559",
    "sourceGame": "rct2",
    "objectType": "scenery_group",
    "properties": {
        "entries": [
            "rct2.scenery_large.glthent",
            "rct2.scenery_large.mdsaent",
            "rct2.scenery_large.nitroent",
            "rct2.scenery_wall.walltxgt",
            "rct2.scenery_small.mment1",
            "rct2.scenery_small.mment2",
            "rct2.scenery_small.mment3"
        ],
        "priority": 255
    },
    "images": [
        "$RCT2:OBJDATA/SCGSIXFL.DAT[0..1]"
    ],
    "strings": {
        "name": {
            "en-GB": "Six Flags Theming",
            "fr-FR": "Thème Six Flags",
            "de-DE": "Six-Flags-Thema",
            "es-ES": "Temática six flags",
            "it-IT": "Tema Six Flags",
            "nl-NL": "Six Flags-thema",
            "sv-SE": "Six Flags-tema",
            "ko-KR": "식스 플래그 테마",
            "zh-CN": "六旗游乐园主题",
            "zh-TW": "六旗主題區",
            "pt-BR": "Temática Six Flags",
            "cs-CZ": "Six Flags kulisy",
            "ja-JP": "シックスフラッグスのテーマ",
            "pl-PL": "Wystrój Sześciu Flag",
            "ru-RU": "Шесть Флагов",
            "eo-ZZ": "Temo de Six Flags",
            "ca-ES": "Temàtica Six Flags",
            "fi-FI": "Six Flags -teemaus"
        }
    }
}
