{
    "id": "rct2.scenery_group.scgwalls",
    "authors": [
        "Chris Sawyer",
        "Simon Foster"
    ],
    "version": "1.0",
    "originalId": "0A188F87|SCGWALLS|D5927415",
    "sourceGame": "rct2",
    "objectType": "scenery_group",
    "properties": {
        "entries": [
            "rct2.scenery_wall.wbr1a",
            "rct2.scenery_wall.wbr2a",
            "rct2.scenery_wall.wallbb34",
            "rct2.scenery_wall.walltn32",
            "rct2.scenery_small.tntroof1",
            "rct2.scenery_wall.wallbb32",
            "rct2.scenery_wall.wallbb16",
            "rct2.scenery_wall.wallbb8",
            "rct2.scenery_wall.wallbb33",
            "toontowner.scenery_small.xxbbbr01_fix",
            "rct2.scenery_small.roof5",
            "rct2.scenery_small.roof7",
            "rct2.scenery_wall.wallrs32",
            "rct2.scenery_wall.wallrs16",
            "rct2.scenery_wall.wallrs8",
            "rct2.scenery_wall.wallbr32",
            "rct2.scenery_wall.wallbr16",
            "rct2.scenery_wall.wallbr8",
            "rct2.scenery_wall.wallbrdr",
            "rct2.scenery_wall.wallbrwn",
            "rct2.scenery_small.brbase",
            "rct2.scenery_small.roof1",
            "toontowner.scenery_small.ttrftl02",
            "toontowner.scenery_small.ttrftl03",
            "toontowner.scenery_small.ttrftl04",
            "rct2.scenery_small.roof3",
            "toontowner.scenery_small.ttrftl07",
            "toontowner.scenery_small.ttrftl08",
            "rct2.scenery_small.roof2",
            "rct2.scenery_small.roof4",
            "rct2.scenery_wall.wallcb32",
            "rct2.scenery_wall.wallcb16",
            "rct2.scenery_wall.wallcb8",
            "rct2.scenery_wall.wallcbdr",
            "rct2.scenery_wall.wallcbwn",
            "rct2.scenery_small.brbase2",
            "rct2.scenery_small.cwbcrv33",
            "rct2.scenery_small.cwbcrv32",
            "rct2.scenery_small.brcrrf1",
            "rct2.scenery_small.roof6",
            "rct2.scenery_small.roof8",
            "rct2.scenery_wall.wallcf32",
            "rct2.scenery_wall.wallcf16",
            "rct2.scenery_wall.wallcf8",
            "rct2.scenery_wall.wallcfdr",
            "rct2.scenery_wall.wallcfwn",
            "rct2.scenery_wall.wallcfar",
            "rct2.scenery_small.brbase3",
            "rct2.scenery_small.cwfcrv33",
            "rct2.scenery_small.cwfcrv32",
            "rct2.scenery_small.brcrrf2",
            "rct2.scenery_small.roof9",
            "rct2.scenery_small.roof11",
            "rct2.scenery_small.roof10",
            "rct2.scenery_small.roof12",
            "rct2.scenery_small.corroof2",
            "rct2.scenery_wall.wallco16",
            "rct2.scenery_small.corroof",
            "rct2.scenery_wall.walllt32",
            "rct2.scenery_wall.wallsk16",
            "rct2.scenery_wall.wallsk32",
            "rct2.scenery_small.sktdw2",
            "rct2.scenery_small.sktdw",
            "rct2.scenery_small.sktbase",
            "rct2.scenery_small.sktbaset",
            "rct2.scenery_small.suppw2",
            "rct2.scenery_small.suppw1",
            "rct2.scenery_small.suppw3",
            "rct2.scenery_small.suppleg1",
            "rct2.scenery_small.suppleg2",
            "rct2.scenery_small.sumrf",
            "rct2.scenery_wall.wallrh32"
        ],
        "priority": 5
    },
    "images": [
        "$RCT2:OBJDATA/SCGWALLS.DAT[0..1]"
    ],
    "strings": {
        "name": {
            "en-GB": "Walls and Roofs",
            "fr-FR": "Façades et toits",
            "de-DE": "Wände und Dächer",
            "es-ES": "Paredes y tejados",
            "it-IT": "Muri e tetti",
            "nl-NL": "Muren en daken",
            "sv-SE": "Väggar och tak",
            "ko-KR": "벽과 지붕",
            "zh-CN": "墙和 屋顶",
            "zh-TW": "牆和 屋頂",
            "pt-BR": "Paredes e Tetos",
            "cs-CZ": "Stěny a střechy",
            "ja-JP": "壁と屋根",
            "pl-PL": "Ściany i dachy",
            "ru-RU": "Стены и крыши",
            "eo-ZZ": "Muroj kaj Tegmentoj",
            "ca-ES": "Parets i teulades",
            "fi-FI": "Seinät ja katot"
        }
    }
}
