{
    "id": "rct2.footpath_railings.wood",
    "authors": [
        "Chris Sawyer",
        "Simon Foster"
    ],
    "version": "1.0",
    "sourceGame": [
        "rct2",
        "rct1"
    ],
    "objectType": "footpath_railings",
    "properties": {
        "hasElevatedPathImages": true,
        "supportType": "box",
        "scrollingMode": 0
    },
    "images": [
        { "path": "preview.png", "x": 1, "y": 1 },
        "$RCT2:OBJDATA/TARMAC.DAT[73..167]"
    ],
    "strings": {
        "name": {
            "en-GB": "Wooden Railings",
            "de-DE": "Holzgeländer",
            "nl-NL": "Houten ondersteuningen",
            "eo-ZZ": "Lignaj Balustradoj",
            "ca-ES": "Baranes de fusta"
        }
    }
}
