{
    "id": "rct1aa.ride.splash_boats",
    "authors": ["Chris Sawyer", "Simon Foster"],
    "version": "1.0",
    "originalId": "00000000|#RCT1SPB|00000000",
    "sourceGame": "rct1aa",
    "isCompatibilityObject": true,
    "objectType": "ride",
    "properties": {
        "type": "splash_boats",
        "category": [
            "water",
            "thrill"
        ],
        "tabScale": 0.5,
        "playSplashSound": true,
        "noCollisionCrashes": true,
        "minCarsPerTrain": 3,
        "maxCarsPerTrain": 3,
        "numEmptyCars": 2,
        "tabCar": 1,
        "headCars": 1,
        "tailCars": 1,
        "carColours": [
            [
                ["saturated_brown", "bordeaux_red", "black"]
            ],
            [
                ["grey", "dark_purple", "black"]
            ]
        ],
        "cars": [
            {
                "rotationFrameMask": 15,
                "spacing": 191488,
                "mass": 1250,
                "numSeats": 16,
                "numSeatRows": 8,
                "logFlumeReverserVehicleType": 1,
                "soundRange": 0,
                "poweredAcceleration": 255,
                "poweredMaxSpeed": 5,
                "effectVisual": 13,
                "drawOrder": 10,
                "spriteGroups": {
                    "slopeFlat":16,
                    "slopes12":4,
                    "slopes25":4,
                    "slopes42":4,
                    "slopes60":4
                },
                "hasAdditionalColour1": true,
                "isPowered": true,
                "hasScreamingRiders": true,
                "isWaterRide": true,
                "loadingPositions": [14, 12, 14, 12, 6, 4, 6, 4, -6, -4, -6, -4, -14, -12, -14, -12]
            },
            {
                "rotationFrameMask": 0,
                "spacing": 87040,
                "soundRange": 0,
                "poweredAcceleration": 255,
                "poweredMaxSpeed": 5,
                "carVisual": 8,
                "effectVisual": 13,
                "drawOrder": 8,
                "spriteGroups": {
                    "slopeFlat":1
                },
                "isPowered": true,
                "hasScreamingRiders": true,
                "isWaterRide": true
            }
        ],
        "buildMenuPriority": 1
    },
    "images": [
        {
            "path": "images/preview.png",
            "format": "raw"
        },
        "",
        "",
        "$CSG[33657..34088]",
		""
    ],
    "noCsgImages": [
        {
            "path": "images/preview.png",
            "format": "raw"
        },
        "",
        "",
        "$RCT2:OBJDATA/SPBOAT.DAT[3]",
        "$RCT2:OBJDATA/SPBOAT.DAT[5]",
        "$RCT2:OBJDATA/SPBOAT.DAT[7]",
        "$RCT2:OBJDATA/SPBOAT.DAT[9]",
        "$RCT2:OBJDATA/SPBOAT.DAT[11]",
        "$RCT2:OBJDATA/SPBOAT.DAT[13]",
        "$RCT2:OBJDATA/SPBOAT.DAT[15]",
        "$RCT2:OBJDATA/SPBOAT.DAT[17]",
        "$RCT2:OBJDATA/SPBOAT.DAT[19]",
        "$RCT2:OBJDATA/SPBOAT.DAT[21]",
        "$RCT2:OBJDATA/SPBOAT.DAT[23]",
        "$RCT2:OBJDATA/SPBOAT.DAT[25]",
        "$RCT2:OBJDATA/SPBOAT.DAT[27]",
        "$RCT2:OBJDATA/SPBOAT.DAT[29]",
        "$RCT2:OBJDATA/SPBOAT.DAT[31]",
        "$RCT2:OBJDATA/SPBOAT.DAT[33]",

        "$RCT2:OBJDATA/SPBOAT.DAT[35..42]",

        "$RCT2:OBJDATA/SPBOAT.DAT[43]",
        "$RCT2:OBJDATA/SPBOAT.DAT[51]",
        "$RCT2:OBJDATA/SPBOAT.DAT[59]",
        "$RCT2:OBJDATA/SPBOAT.DAT[67]",
        "$RCT2:OBJDATA/SPBOAT.DAT[75]",
        "$RCT2:OBJDATA/SPBOAT.DAT[83]",
        "$RCT2:OBJDATA/SPBOAT.DAT[91]",
        "$RCT2:OBJDATA/SPBOAT.DAT[99]",

        "$RCT2:OBJDATA/SPBOAT.DAT[107]",
        "$RCT2:OBJDATA/SPBOAT.DAT[109]",
        "$RCT2:OBJDATA/SPBOAT.DAT[111]",
        "$RCT2:OBJDATA/SPBOAT.DAT[113]",
        "$RCT2:OBJDATA/SPBOAT.DAT[115]",
        "$RCT2:OBJDATA/SPBOAT.DAT[117]",
        "$RCT2:OBJDATA/SPBOAT.DAT[119]",
        "$RCT2:OBJDATA/SPBOAT.DAT[121]",

        "$RCT2:OBJDATA/SPBOAT.DAT[123]",
        "$RCT2:OBJDATA/SPBOAT.DAT[131]",
        "$RCT2:OBJDATA/SPBOAT.DAT[139]",
        "$RCT2:OBJDATA/SPBOAT.DAT[147]",
        "$RCT2:OBJDATA/SPBOAT.DAT[155]",
        "$RCT2:OBJDATA/SPBOAT.DAT[163]",
        "$RCT2:OBJDATA/SPBOAT.DAT[171]",
        "$RCT2:OBJDATA/SPBOAT.DAT[179]",

        "$RCT2:OBJDATA/SPBOAT.DAT[187]",
        "$RCT2:OBJDATA/SPBOAT.DAT[189]",
        "$RCT2:OBJDATA/SPBOAT.DAT[191]",
        "$RCT2:OBJDATA/SPBOAT.DAT[193]",
        "$RCT2:OBJDATA/SPBOAT.DAT[195]",
        "$RCT2:OBJDATA/SPBOAT.DAT[197]",
        "$RCT2:OBJDATA/SPBOAT.DAT[199]",
        "$RCT2:OBJDATA/SPBOAT.DAT[201]",
        "$RCT2:OBJDATA/SPBOAT.DAT[203]",
        "$RCT2:OBJDATA/SPBOAT.DAT[205]",
        "$RCT2:OBJDATA/SPBOAT.DAT[207]",
        "$RCT2:OBJDATA/SPBOAT.DAT[209]",
        "$RCT2:OBJDATA/SPBOAT.DAT[211]",
        "$RCT2:OBJDATA/SPBOAT.DAT[213]",
        "$RCT2:OBJDATA/SPBOAT.DAT[215]",
        "$RCT2:OBJDATA/SPBOAT.DAT[217]",

        "$RCT2:OBJDATA/SPBOAT.DAT[219..226]",

        "$RCT2:OBJDATA/SPBOAT.DAT[227]",
        "$RCT2:OBJDATA/SPBOAT.DAT[235]",
        "$RCT2:OBJDATA/SPBOAT.DAT[243]",
        "$RCT2:OBJDATA/SPBOAT.DAT[251]",
        "$RCT2:OBJDATA/SPBOAT.DAT[259]",
        "$RCT2:OBJDATA/SPBOAT.DAT[267]",
        "$RCT2:OBJDATA/SPBOAT.DAT[275]",
        "$RCT2:OBJDATA/SPBOAT.DAT[283]",

        "$RCT2:OBJDATA/SPBOAT.DAT[291]",
        "$RCT2:OBJDATA/SPBOAT.DAT[293]",
        "$RCT2:OBJDATA/SPBOAT.DAT[295]",
        "$RCT2:OBJDATA/SPBOAT.DAT[297]",
        "$RCT2:OBJDATA/SPBOAT.DAT[299]",
        "$RCT2:OBJDATA/SPBOAT.DAT[301]",
        "$RCT2:OBJDATA/SPBOAT.DAT[303]",
        "$RCT2:OBJDATA/SPBOAT.DAT[305]",

        "$RCT2:OBJDATA/SPBOAT.DAT[307]",
        "$RCT2:OBJDATA/SPBOAT.DAT[315]",
        "$RCT2:OBJDATA/SPBOAT.DAT[323]",
        "$RCT2:OBJDATA/SPBOAT.DAT[331]",
        "$RCT2:OBJDATA/SPBOAT.DAT[339]",
        "$RCT2:OBJDATA/SPBOAT.DAT[347]",
        "$RCT2:OBJDATA/SPBOAT.DAT[355]",
        "$RCT2:OBJDATA/SPBOAT.DAT[363]",

        "$RCT2:OBJDATA/SPBOAT.DAT[371]",
        "$RCT2:OBJDATA/SPBOAT.DAT[373]",
        "$RCT2:OBJDATA/SPBOAT.DAT[375]",
        "$RCT2:OBJDATA/SPBOAT.DAT[377]",
        "$RCT2:OBJDATA/SPBOAT.DAT[379]",
        "$RCT2:OBJDATA/SPBOAT.DAT[381]",
        "$RCT2:OBJDATA/SPBOAT.DAT[383]",
        "$RCT2:OBJDATA/SPBOAT.DAT[385]",
        "$RCT2:OBJDATA/SPBOAT.DAT[387]",
        "$RCT2:OBJDATA/SPBOAT.DAT[389]",
        "$RCT2:OBJDATA/SPBOAT.DAT[391]",
        "$RCT2:OBJDATA/SPBOAT.DAT[393]",
        "$RCT2:OBJDATA/SPBOAT.DAT[395]",
        "$RCT2:OBJDATA/SPBOAT.DAT[397]",
        "$RCT2:OBJDATA/SPBOAT.DAT[399]",
        "$RCT2:OBJDATA/SPBOAT.DAT[401]",

        "$RCT2:OBJDATA/SPBOAT.DAT[403..410]",

        "$RCT2:OBJDATA/SPBOAT.DAT[411]",
        "$RCT2:OBJDATA/SPBOAT.DAT[419]",
        "$RCT2:OBJDATA/SPBOAT.DAT[427]",
        "$RCT2:OBJDATA/SPBOAT.DAT[435]",
        "$RCT2:OBJDATA/SPBOAT.DAT[443]",
        "$RCT2:OBJDATA/SPBOAT.DAT[451]",
        "$RCT2:OBJDATA/SPBOAT.DAT[459]",
        "$RCT2:OBJDATA/SPBOAT.DAT[467]",

        "$RCT2:OBJDATA/SPBOAT.DAT[475]",
        "$RCT2:OBJDATA/SPBOAT.DAT[477]",
        "$RCT2:OBJDATA/SPBOAT.DAT[479]",
        "$RCT2:OBJDATA/SPBOAT.DAT[481]",
        "$RCT2:OBJDATA/SPBOAT.DAT[483]",
        "$RCT2:OBJDATA/SPBOAT.DAT[485]",
        "$RCT2:OBJDATA/SPBOAT.DAT[487]",
        "$RCT2:OBJDATA/SPBOAT.DAT[489]",

        "$RCT2:OBJDATA/SPBOAT.DAT[491]",
        "$RCT2:OBJDATA/SPBOAT.DAT[499]",
        "$RCT2:OBJDATA/SPBOAT.DAT[507]",
        "$RCT2:OBJDATA/SPBOAT.DAT[515]",
        "$RCT2:OBJDATA/SPBOAT.DAT[523]",
        "$RCT2:OBJDATA/SPBOAT.DAT[531]",
        "$RCT2:OBJDATA/SPBOAT.DAT[539]",
        "$RCT2:OBJDATA/SPBOAT.DAT[547]",

        "$RCT2:OBJDATA/SPBOAT.DAT[555]",
        "$RCT2:OBJDATA/SPBOAT.DAT[557]",
        "$RCT2:OBJDATA/SPBOAT.DAT[559]",
        "$RCT2:OBJDATA/SPBOAT.DAT[561]",
        "$RCT2:OBJDATA/SPBOAT.DAT[563]",
        "$RCT2:OBJDATA/SPBOAT.DAT[565]",
        "$RCT2:OBJDATA/SPBOAT.DAT[567]",
        "$RCT2:OBJDATA/SPBOAT.DAT[569]",
        "$RCT2:OBJDATA/SPBOAT.DAT[571]",
        "$RCT2:OBJDATA/SPBOAT.DAT[573]",
        "$RCT2:OBJDATA/SPBOAT.DAT[575]",
        "$RCT2:OBJDATA/SPBOAT.DAT[577]",
        "$RCT2:OBJDATA/SPBOAT.DAT[579]",
        "$RCT2:OBJDATA/SPBOAT.DAT[581]",
        "$RCT2:OBJDATA/SPBOAT.DAT[583]",
        "$RCT2:OBJDATA/SPBOAT.DAT[585]",

        "$RCT2:OBJDATA/SPBOAT.DAT[587..594]",

        "$RCT2:OBJDATA/SPBOAT.DAT[595]",
        "$RCT2:OBJDATA/SPBOAT.DAT[603]",
        "$RCT2:OBJDATA/SPBOAT.DAT[611]",
        "$RCT2:OBJDATA/SPBOAT.DAT[619]",
        "$RCT2:OBJDATA/SPBOAT.DAT[627]",
        "$RCT2:OBJDATA/SPBOAT.DAT[635]",
        "$RCT2:OBJDATA/SPBOAT.DAT[643]",
        "$RCT2:OBJDATA/SPBOAT.DAT[651]",

        "$RCT2:OBJDATA/SPBOAT.DAT[659]",
        "$RCT2:OBJDATA/SPBOAT.DAT[661]",
        "$RCT2:OBJDATA/SPBOAT.DAT[663]",
        "$RCT2:OBJDATA/SPBOAT.DAT[665]",
        "$RCT2:OBJDATA/SPBOAT.DAT[667]",
        "$RCT2:OBJDATA/SPBOAT.DAT[669]",
        "$RCT2:OBJDATA/SPBOAT.DAT[671]",
        "$RCT2:OBJDATA/SPBOAT.DAT[673]",

        "$RCT2:OBJDATA/SPBOAT.DAT[675]",
        "$RCT2:OBJDATA/SPBOAT.DAT[683]",
        "$RCT2:OBJDATA/SPBOAT.DAT[691]",
        "$RCT2:OBJDATA/SPBOAT.DAT[699]",
        "$RCT2:OBJDATA/SPBOAT.DAT[707]",
        "$RCT2:OBJDATA/SPBOAT.DAT[715]",
        "$RCT2:OBJDATA/SPBOAT.DAT[723]",
        "$RCT2:OBJDATA/SPBOAT.DAT[731]",

        "$RCT2:OBJDATA/SPBOAT.DAT[739]",
        "$RCT2:OBJDATA/SPBOAT.DAT[741]",
        "$RCT2:OBJDATA/SPBOAT.DAT[743]",
        "$RCT2:OBJDATA/SPBOAT.DAT[745]",
        "$RCT2:OBJDATA/SPBOAT.DAT[747]",
        "$RCT2:OBJDATA/SPBOAT.DAT[749]",
        "$RCT2:OBJDATA/SPBOAT.DAT[751]",
        "$RCT2:OBJDATA/SPBOAT.DAT[753]",
        "$RCT2:OBJDATA/SPBOAT.DAT[755]",
        "$RCT2:OBJDATA/SPBOAT.DAT[757]",
        "$RCT2:OBJDATA/SPBOAT.DAT[759]",
        "$RCT2:OBJDATA/SPBOAT.DAT[761]",
        "$RCT2:OBJDATA/SPBOAT.DAT[763]",
        "$RCT2:OBJDATA/SPBOAT.DAT[765]",
        "$RCT2:OBJDATA/SPBOAT.DAT[767]",
        "$RCT2:OBJDATA/SPBOAT.DAT[769]",

        "$RCT2:OBJDATA/SPBOAT.DAT[771..778]",

        "$RCT2:OBJDATA/SPBOAT.DAT[779]",
        "$RCT2:OBJDATA/SPBOAT.DAT[787]",
        "$RCT2:OBJDATA/SPBOAT.DAT[795]",
        "$RCT2:OBJDATA/SPBOAT.DAT[803]",
        "$RCT2:OBJDATA/SPBOAT.DAT[811]",
        "$RCT2:OBJDATA/SPBOAT.DAT[819]",
        "$RCT2:OBJDATA/SPBOAT.DAT[827]",
        "$RCT2:OBJDATA/SPBOAT.DAT[835]",

        "$RCT2:OBJDATA/SPBOAT.DAT[843]",
        "$RCT2:OBJDATA/SPBOAT.DAT[845]",
        "$RCT2:OBJDATA/SPBOAT.DAT[847]",
        "$RCT2:OBJDATA/SPBOAT.DAT[849]",
        "$RCT2:OBJDATA/SPBOAT.DAT[851]",
        "$RCT2:OBJDATA/SPBOAT.DAT[853]",
        "$RCT2:OBJDATA/SPBOAT.DAT[855]",
        "$RCT2:OBJDATA/SPBOAT.DAT[857]",

        "$RCT2:OBJDATA/SPBOAT.DAT[859]",
        "$RCT2:OBJDATA/SPBOAT.DAT[867]",
        "$RCT2:OBJDATA/SPBOAT.DAT[875]",
        "$RCT2:OBJDATA/SPBOAT.DAT[883]",
        "$RCT2:OBJDATA/SPBOAT.DAT[891]",
        "$RCT2:OBJDATA/SPBOAT.DAT[899]",
        "$RCT2:OBJDATA/SPBOAT.DAT[907]",
        "$RCT2:OBJDATA/SPBOAT.DAT[915]",

        "$RCT2:OBJDATA/SPBOAT.DAT[923]",
        "$RCT2:OBJDATA/SPBOAT.DAT[925]",
        "$RCT2:OBJDATA/SPBOAT.DAT[927]",
        "$RCT2:OBJDATA/SPBOAT.DAT[929]",
        "$RCT2:OBJDATA/SPBOAT.DAT[931]",
        "$RCT2:OBJDATA/SPBOAT.DAT[933]",
        "$RCT2:OBJDATA/SPBOAT.DAT[935]",
        "$RCT2:OBJDATA/SPBOAT.DAT[937]",
        "$RCT2:OBJDATA/SPBOAT.DAT[939]",
        "$RCT2:OBJDATA/SPBOAT.DAT[941]",
        "$RCT2:OBJDATA/SPBOAT.DAT[943]",
        "$RCT2:OBJDATA/SPBOAT.DAT[945]",
        "$RCT2:OBJDATA/SPBOAT.DAT[947]",
        "$RCT2:OBJDATA/SPBOAT.DAT[949]",
        "$RCT2:OBJDATA/SPBOAT.DAT[951]",
        "$RCT2:OBJDATA/SPBOAT.DAT[953]",

        "$RCT2:OBJDATA/SPBOAT.DAT[955..962]",

        "$RCT2:OBJDATA/SPBOAT.DAT[963]",
        "$RCT2:OBJDATA/SPBOAT.DAT[971]",
        "$RCT2:OBJDATA/SPBOAT.DAT[979]",
        "$RCT2:OBJDATA/SPBOAT.DAT[987]",
        "$RCT2:OBJDATA/SPBOAT.DAT[995]",
        "$RCT2:OBJDATA/SPBOAT.DAT[1003]",
        "$RCT2:OBJDATA/SPBOAT.DAT[1011]",
        "$RCT2:OBJDATA/SPBOAT.DAT[1019]",

        "$RCT2:OBJDATA/SPBOAT.DAT[1027]",
        "$RCT2:OBJDATA/SPBOAT.DAT[1029]",
        "$RCT2:OBJDATA/SPBOAT.DAT[1031]",
        "$RCT2:OBJDATA/SPBOAT.DAT[1033]",
        "$RCT2:OBJDATA/SPBOAT.DAT[1035]",
        "$RCT2:OBJDATA/SPBOAT.DAT[1037]",
        "$RCT2:OBJDATA/SPBOAT.DAT[1039]",
        "$RCT2:OBJDATA/SPBOAT.DAT[1041]",

        "$RCT2:OBJDATA/SPBOAT.DAT[1043]",
        "$RCT2:OBJDATA/SPBOAT.DAT[1051]",
        "$RCT2:OBJDATA/SPBOAT.DAT[1059]",
        "$RCT2:OBJDATA/SPBOAT.DAT[1067]",
        "$RCT2:OBJDATA/SPBOAT.DAT[1075]",
        "$RCT2:OBJDATA/SPBOAT.DAT[1083]",
        "$RCT2:OBJDATA/SPBOAT.DAT[1091]",
        "$RCT2:OBJDATA/SPBOAT.DAT[1099]",

        "$RCT2:OBJDATA/SPBOAT.DAT[1107]",
        "$RCT2:OBJDATA/SPBOAT.DAT[1109]",
        "$RCT2:OBJDATA/SPBOAT.DAT[1111]",
        "$RCT2:OBJDATA/SPBOAT.DAT[1113]",
        "$RCT2:OBJDATA/SPBOAT.DAT[1115]",
        "$RCT2:OBJDATA/SPBOAT.DAT[1117]",
        "$RCT2:OBJDATA/SPBOAT.DAT[1119]",
        "$RCT2:OBJDATA/SPBOAT.DAT[1121]",
        "$RCT2:OBJDATA/SPBOAT.DAT[1123]",
        "$RCT2:OBJDATA/SPBOAT.DAT[1125]",
        "$RCT2:OBJDATA/SPBOAT.DAT[1127]",
        "$RCT2:OBJDATA/SPBOAT.DAT[1129]",
        "$RCT2:OBJDATA/SPBOAT.DAT[1131]",
        "$RCT2:OBJDATA/SPBOAT.DAT[1133]",
        "$RCT2:OBJDATA/SPBOAT.DAT[1135]",
        "$RCT2:OBJDATA/SPBOAT.DAT[1137]",

        "$RCT2:OBJDATA/SPBOAT.DAT[1139..1146]",

        "$RCT2:OBJDATA/SPBOAT.DAT[1147]",
        "$RCT2:OBJDATA/SPBOAT.DAT[1155]",
        "$RCT2:OBJDATA/SPBOAT.DAT[1163]",
        "$RCT2:OBJDATA/SPBOAT.DAT[1171]",
        "$RCT2:OBJDATA/SPBOAT.DAT[1179]",
        "$RCT2:OBJDATA/SPBOAT.DAT[1187]",
        "$RCT2:OBJDATA/SPBOAT.DAT[1195]",
        "$RCT2:OBJDATA/SPBOAT.DAT[1203]",

        "$RCT2:OBJDATA/SPBOAT.DAT[1211]",
        "$RCT2:OBJDATA/SPBOAT.DAT[1213]",
        "$RCT2:OBJDATA/SPBOAT.DAT[1215]",
        "$RCT2:OBJDATA/SPBOAT.DAT[1217]",
        "$RCT2:OBJDATA/SPBOAT.DAT[1219]",
        "$RCT2:OBJDATA/SPBOAT.DAT[1221]",
        "$RCT2:OBJDATA/SPBOAT.DAT[1223]",
        "$RCT2:OBJDATA/SPBOAT.DAT[1225]",

        "$RCT2:OBJDATA/SPBOAT.DAT[1227]",
        "$RCT2:OBJDATA/SPBOAT.DAT[1235]",
        "$RCT2:OBJDATA/SPBOAT.DAT[1243]",
        "$RCT2:OBJDATA/SPBOAT.DAT[1251]",
        "$RCT2:OBJDATA/SPBOAT.DAT[1259]",
        "$RCT2:OBJDATA/SPBOAT.DAT[1267]",
        "$RCT2:OBJDATA/SPBOAT.DAT[1275]",
        "$RCT2:OBJDATA/SPBOAT.DAT[1283]",

        "$RCT2:OBJDATA/SPBOAT.DAT[1291]",
        "$RCT2:OBJDATA/SPBOAT.DAT[1293]",
        "$RCT2:OBJDATA/SPBOAT.DAT[1295]",
        "$RCT2:OBJDATA/SPBOAT.DAT[1297]",
        "$RCT2:OBJDATA/SPBOAT.DAT[1299]",
        "$RCT2:OBJDATA/SPBOAT.DAT[1301]",
        "$RCT2:OBJDATA/SPBOAT.DAT[1303]",
        "$RCT2:OBJDATA/SPBOAT.DAT[1305]",
        "$RCT2:OBJDATA/SPBOAT.DAT[1307]",
        "$RCT2:OBJDATA/SPBOAT.DAT[1309]",
        "$RCT2:OBJDATA/SPBOAT.DAT[1311]",
        "$RCT2:OBJDATA/SPBOAT.DAT[1313]",
        "$RCT2:OBJDATA/SPBOAT.DAT[1315]",
        "$RCT2:OBJDATA/SPBOAT.DAT[1317]",
        "$RCT2:OBJDATA/SPBOAT.DAT[1319]",
        "$RCT2:OBJDATA/SPBOAT.DAT[1321]",

        "$RCT2:OBJDATA/SPBOAT.DAT[1323..1330]",

        "$RCT2:OBJDATA/SPBOAT.DAT[1331]",
        "$RCT2:OBJDATA/SPBOAT.DAT[1339]",
        "$RCT2:OBJDATA/SPBOAT.DAT[1347]",
        "$RCT2:OBJDATA/SPBOAT.DAT[1355]",
        "$RCT2:OBJDATA/SPBOAT.DAT[1363]",
        "$RCT2:OBJDATA/SPBOAT.DAT[1371]",
        "$RCT2:OBJDATA/SPBOAT.DAT[1379]",
        "$RCT2:OBJDATA/SPBOAT.DAT[1387]",

        "$RCT2:OBJDATA/SPBOAT.DAT[1395]",
        "$RCT2:OBJDATA/SPBOAT.DAT[1397]",
        "$RCT2:OBJDATA/SPBOAT.DAT[1399]",
        "$RCT2:OBJDATA/SPBOAT.DAT[1401]",
        "$RCT2:OBJDATA/SPBOAT.DAT[1403]",
        "$RCT2:OBJDATA/SPBOAT.DAT[1405]",
        "$RCT2:OBJDATA/SPBOAT.DAT[1407]",
        "$RCT2:OBJDATA/SPBOAT.DAT[1409]",

        "$RCT2:OBJDATA/SPBOAT.DAT[1411]",
        "$RCT2:OBJDATA/SPBOAT.DAT[1419]",
        "$RCT2:OBJDATA/SPBOAT.DAT[1427]",
        "$RCT2:OBJDATA/SPBOAT.DAT[1435]",
        "$RCT2:OBJDATA/SPBOAT.DAT[1443]",
        "$RCT2:OBJDATA/SPBOAT.DAT[1451]",
        "$RCT2:OBJDATA/SPBOAT.DAT[1459]",
        "$RCT2:OBJDATA/SPBOAT.DAT[1467]",

        "$RCT2:OBJDATA/SPBOAT.DAT[1475]",
        "$RCT2:OBJDATA/SPBOAT.DAT[1477]",
        "$RCT2:OBJDATA/SPBOAT.DAT[1479]",
        "$RCT2:OBJDATA/SPBOAT.DAT[1481]",
        "$RCT2:OBJDATA/SPBOAT.DAT[1483]",
        "$RCT2:OBJDATA/SPBOAT.DAT[1485]",
        "$RCT2:OBJDATA/SPBOAT.DAT[1487]",
        "$RCT2:OBJDATA/SPBOAT.DAT[1489]",
        "$RCT2:OBJDATA/SPBOAT.DAT[1491]",
        "$RCT2:OBJDATA/SPBOAT.DAT[1493]",
        "$RCT2:OBJDATA/SPBOAT.DAT[1495]",
        "$RCT2:OBJDATA/SPBOAT.DAT[1497]",
        "$RCT2:OBJDATA/SPBOAT.DAT[1499]",
        "$RCT2:OBJDATA/SPBOAT.DAT[1501]",
        "$RCT2:OBJDATA/SPBOAT.DAT[1503]",
        "$RCT2:OBJDATA/SPBOAT.DAT[1505]",

        "$RCT2:OBJDATA/SPBOAT.DAT[1507..1514]",

        "$RCT2:OBJDATA/SPBOAT.DAT[1515]",
        "$RCT2:OBJDATA/SPBOAT.DAT[1523]",
        "$RCT2:OBJDATA/SPBOAT.DAT[1531]",
        "$RCT2:OBJDATA/SPBOAT.DAT[1539]",
        "$RCT2:OBJDATA/SPBOAT.DAT[1547]",
        "$RCT2:OBJDATA/SPBOAT.DAT[1555]",
        "$RCT2:OBJDATA/SPBOAT.DAT[1563]",
        "$RCT2:OBJDATA/SPBOAT.DAT[1571]",

        "$RCT2:OBJDATA/SPBOAT.DAT[1579]",
        "$RCT2:OBJDATA/SPBOAT.DAT[1581]",
        "$RCT2:OBJDATA/SPBOAT.DAT[1583]",
        "$RCT2:OBJDATA/SPBOAT.DAT[1585]",
        "$RCT2:OBJDATA/SPBOAT.DAT[1587]",
        "$RCT2:OBJDATA/SPBOAT.DAT[1589]",
        "$RCT2:OBJDATA/SPBOAT.DAT[1591]",
        "$RCT2:OBJDATA/SPBOAT.DAT[1593]",

        "$RCT2:OBJDATA/SPBOAT.DAT[1595]",
        "$RCT2:OBJDATA/SPBOAT.DAT[1603]",
        "$RCT2:OBJDATA/SPBOAT.DAT[1611]",
        "$RCT2:OBJDATA/SPBOAT.DAT[1619]",
        "$RCT2:OBJDATA/SPBOAT.DAT[1627]",
        "$RCT2:OBJDATA/SPBOAT.DAT[1635]",
        "$RCT2:OBJDATA/SPBOAT.DAT[1643]",
        "$RCT2:OBJDATA/SPBOAT.DAT[1651]",

		""
    ],
    "strings": {
        "name": {
            "en-GB": "Splash Boats",
            "fr-FR": "Eclabousseur",
            "de-DE": "Splash-Boote",
            "es-ES": "Botes Locos",
            "it-IT": "Barche con lo schizzo",
            "nl-NL": "Plonsboten",
            "sv-SE": "Plaskbåtar",
            "ko-KR": "스플래시 보트",
            "zh-CN": "水花四溅",
            "zh-TW": "水花四濺",
            "pt-BR": "Barcos Splash",
            "cs-CZ": "Cákající lodě",
            "ja-JP": "スプラッシュ・ボート",
            "nb-NO": "Splashbåter",
            "pl-PL": "Pluskołódki",
            "ru-RU": "Лодки",
            "eo-ZZ": "Plaŭdantaj Boatoj"
        },
        "description": {
            "en-GB": "Large capacity boats, built for water tracks with very steep drops",
            "fr-FR": "Grand bateau qui serpente le long d'une large voie navigable, monte sur des pentes grâce à un tapis roulant, et descend à toute vitesse de l'autre côté, éclaboussant allègrement les passagers",
            "de-DE": "Boote mit hoher Kapazität, gebaut für Wasserstrecken mit sehr steilen Gefällen",
            "es-ES": "Botes de gran capacidad que viajan por un amplio canal impulsados por una cinta transportadora que producen grandes salpicaduras",
            "it-IT": "Barche molto capienti viaggiano per un largo canale d'acqua, trainate da nastri trasportatori, per poi prendere velocità lungo ripidi pendii bagnando i passeggeri con schizzi d'acqua giganti",
            "nl-NL": "Boten met een hoge capaciteit varen door een brede waterbak, worden naar boven vervoerd door een lopende band, en gaan met hoge snelheid steile heuvels af om met een grote plons de passagiers te doorweken.",
            "sv-SE": "Högkapacitetsbåtar för vattenrännor med riktigt branta stup",
            "ko-KR": "광폭형 수로를 따라 이동하며 컨베이어 벨트로 경사를 오른 다음, 급경사로 가속하여 탑승객을 커다란 물보라로 홀딱 젖게 만드는 대용량의 보트",
            "zh-CN": "大型容量的船体延着水道利用传输带送上斜坡,再加速向下滑落并溅起水花使乘客浸泡到水",
            "zh-TW": "大型容量的船體延著水道利用傳輸帶送上斜坡,再加速向下滑落並濺起水花使乘客浸泡到水",
            "pt-BR": "Barcos de grande capacidade, projetados para percursos com quedas íngremes",
            "cs-CZ": "Velkokapacitní lodě se plaví po vodním kanále, poháněny do pásem do strmých úseků, zrychlují sjížděním svahů a namočí návštěvníky pořádným šplouchnutím",
            "ja-JP": "大定員のボートが幅の広い水路を進んでいき、ベルトコンベヤーで傾斜を上がると加速して一気に急傾斜を下り、水に突っ込んで乗客がずぶ濡れになる乗物です",
            "pl-PL": "Pojemne łodzie płynące szerokim kanałem, wciągane po nachyleniu przez pasy napędowe, zjeżdżające ze wzniesień i w wielkim plusku moczące pasażerów",
            "ru-RU": "Вместительные лодки плывут по широкому каналу при помощи ременного привода.",
            "eo-ZZ": "Grandspacaj boatoj, konstruitaj por akvotrakoj kun tre krutaj faloj"
        },
        "capacity": {
            "en-GB": "16 passengers per boat",
            "fr-FR": "16 passagers par bateau",
            "de-DE": "16 Fahrgäste pro Boot",
            "es-ES": "16 pasajeros por bote",
            "it-IT": "16 passeggeri a barca",
            "nl-NL": "16 passagiers per boot",
            "sv-SE": "16 passagerare per båt",
            "ko-KR": "보트당 16명의 승객",
            "zh-CN": "16 位乘客 /每艘船",
            "zh-TW": "16 位乘客 /每艘船",
            "pt-BR": "16 passageiros por barco",
            "cs-CZ": "16 míst na každé lodi",
            "ja-JP": "定員16名",
            "pl-PL": "16 pasażerów na łódkę",
            "ru-RU": "16 пассажиров",
            "eo-ZZ": "16 pasaĝeroj por boato"
        }
    }
}
