{
    "id": "openrct2.terrain_surface.void",
    "authors": [
        "OpenRCT2 developers"
    ],
    "version": "1.0",
    "originalId": "0000008B|#ORCT2TV|00000000",
    "sourceGame": "official",
    "objectType": "terrain_surface",
    "properties": {
        "price": 100,
        "mapColours": [
            10,
            10
        ]
    },
    "images": [
        { "path": "images/icon.png", "format": "raw", "x": 2, "y": 2 },
        { "path": "images/00.png", "x": -32, "y": 0 },
        { "path": "images/01.png", "x": -32, "y": -1 },
        { "path": "images/02.png", "x": -32, "y": 0 },
        { "path": "images/03.png", "x": -32, "y": -1 },
        { "path": "images/04.png", "x": -32, "y": -1 },
        { "path": "images/05.png", "x": -32, "y": -1 },
        { "path": "images/06.png", "x": -30, "y": -1 },
        { "path": "images/07.png", "x": -32, "y": -1 },
        { "path": "images/08.png", "x": -32, "y": -16 },
        { "path": "images/09.png", "x": -32, "y": -16 },
        { "path": "images/10.png", "x": -32, "y": -16 },
        { "path": "images/11.png", "x": -32, "y": -16 },
        { "path": "images/12.png", "x": -32, "y": -16 },
        { "path": "images/13.png", "x": -32, "y": -16 },
        { "path": "images/14.png", "x": -31, "y": -16 },
        { "path": "images/15.png", "x": -32, "y": -32 },
        { "path": "images/16.png", "x": 0, "y": 0 },
        { "path": "images/17.png", "x": -32, "y": -17 },
        { "path": "images/18.png", "x": -31, "y": -17 },
        { "path": "images/19.png", "x": -32, "y": 0 },
        { "path": "images/20.png", "x": -32, "y": -1 },
        { "path": "images/21.png", "x": -32, "y": 0 },
        { "path": "images/22.png", "x": -32, "y": -1 },
        { "path": "images/23.png", "x": -32, "y": -1 },
        { "path": "images/24.png", "x": -32, "y": -1 },
        { "path": "images/25.png", "x": -30, "y": -1 },
        { "path": "images/26.png", "x": -32, "y": -1 },
        { "path": "images/27.png", "x": -32, "y": -16 },
        { "path": "images/28.png", "x": -32, "y": -16 },
        { "path": "images/29.png", "x": -32, "y": -16 },
        { "path": "images/30.png", "x": -32, "y": -16 },
        { "path": "images/31.png", "x": -32, "y": -16 },
        { "path": "images/32.png", "x": -32, "y": -16 },
        { "path": "images/33.png", "x": -31, "y": -16 },
        { "path": "images/34.png", "x": -32, "y": -32 },
        { "path": "images/35.png", "x": 0, "y": 0 },
        { "path": "images/36.png", "x": -32, "y": -17 },
        { "path": "images/37.png", "x": -31, "y": -17 },
        { "path": "images/38.png", "x": -32, "y": 0 },
        { "path": "images/39.png", "x": -32, "y": -1 },
        { "path": "images/40.png", "x": -32, "y": 0 },
        { "path": "images/41.png", "x": -32, "y": -1 },
        { "path": "images/42.png", "x": -32, "y": -1 },
        { "path": "images/43.png", "x": -32, "y": -1 },
        { "path": "images/44.png", "x": -30, "y": -1 },
        { "path": "images/45.png", "x": -32, "y": -1 },
        { "path": "images/46.png", "x": -32, "y": -16 },
        { "path": "images/47.png", "x": -32, "y": -16 },
        { "path": "images/48.png", "x": -32, "y": -16 },
        { "path": "images/49.png", "x": -32, "y": -16 },
        { "path": "images/50.png", "x": -32, "y": -16 },
        { "path": "images/51.png", "x": -32, "y": -16 },
        { "path": "images/52.png", "x": -31, "y": -16 },
        { "path": "images/53.png", "x": -32, "y": -32 },
        { "path": "images/54.png", "x": 0, "y": 0 },
        { "path": "images/55.png", "x": -32, "y": -17 },
        { "path": "images/56.png", "x": -31, "y": -17 }
    ],
    "strings": {
        "name": {
            "en-GB": "Void",
            "de-DE": "Leere",
            "nl-NL": "Leegte",
            "pt-BR": "Vazio",
            "fr-FR": "Vide",
            "ja-JP": "空々",
            "pl-PL": "Pustka",
            "ko-KR": "공허",
            "eo-ZZ": "Vaka",
            "it-IT": "Vuoto",
            "sv-SE": "Tomrum",
            "ar-EG": "فراغ",
            "ca-ES": "Buit"
        }
    }
}
