{
    "id": "rct1aa.ride.steel_wild_mouse_cars",
    "authors": ["Chris Sawyer", "Simon Foster"],
    "version": "1.0",
    "originalId": "00000000|#RCT1SMC|00000000",
    "sourceGame": "rct1aa",
    "isCompatibilityObject": true,
    "objectType": "ride",
    "properties": {
        "type": "steel_wild_mouse",
        "category": "rollercoaster",
        "minCarsPerTrain": 3,
        "maxCarsPerTrain": 3,
        "numEmptyCars": 2,
        "tabCar": 1,
        "headCars": 1,
        "tailCars": 1,
        "carColours": [
            [
                ["white", "bordeaux_red", "black"],
                ["dark_brown", "bordeaux_red", "black"],
                ["light_pink", "dark_green", "black"],
                ["grey", "saturated_brown", "black"],
                ["yellow", "bordeaux_red", "black"],
                ["bright_red", "yellow", "black"],
                ["light_blue", "yellow", "black"],
                ["dark_green", "bordeaux_red", "black"],
                ["bordeaux_red", "black", "black"],
                ["black", "bordeaux_red", "black"],
                ["light_brown", "black", "black"],
                ["light_orange", "bordeaux_red", "black"],
                ["dark_green", "saturated_brown", "black"],
                ["dark_brown", "saturated_brown", "black"],
                ["salmon_pink", "saturated_brown", "black"],
                ["white", "saturated_brown", "black"],
                ["light_brown", "saturated_brown", "black"],
                ["bordeaux_red", "saturated_brown", "black"],
                ["yellow", "saturated_brown", "black"],
                ["light_pink", "saturated_brown", "black"],
                ["light_blue", "saturated_brown", "black"],
                ["grey", "saturated_brown", "black"],
                ["light_purple", "saturated_brown", "black"],
                ["light_orange", "saturated_brown", "black"],
                ["bright_red", "saturated_brown", "black"],
                ["black", "saturated_brown", "black"],
                ["light_pink", "saturated_brown", "black"],
                ["aquamarine", "saturated_brown", "black"],
                ["dark_green", "saturated_brown", "black"],
                ["light_brown", "saturated_brown", "black"],
                ["salmon_pink", "saturated_brown", "black"],
                ["light_orange", "saturated_brown", "black"]
            ]
        ],
        "cars": [
            {
                "rotationFrameMask": 15,
                "spacing": 174320,
                "mass": 440,
                "numSeats": 4,
                "numSeatRows": 2,
                "frictionSoundId": 2,
                "soundRange": 2,
                "drawOrder": 6,
                "spriteGroups": {
                    "slopeFlat":16,
                    "slopes12":4,
                    "slopes25":16,
                    "slopes42":4,
                    "slopes60":4
                },
                "hasAdditionalColour1": true,
                "hasScreamingRiders": true,
                "loadingPositions": [7, 9, -3, -1]
            },
            {
                "rotationFrameMask": 0,
                "spacing": 34864,
                "frictionSoundId": 2,
                "soundRange": 2,
                "carVisual": 1,
                "drawOrder": 8,
                "spriteGroups": {
                    "slopeFlat":1
                },
                "hasScreamingRiders": true
            }
        ],
        "buildMenuPriority": 3
    },
    "images": [
        { "path": "images/preview.png", "format": "raw" },
        "",
        "",
        "$CSG[18550..18565]",

        "$CSG[18566]",
        "$CSG[18574]",
        "$CSG[18582]",
        "$CSG[18590]",

        "$CSG[18570]",
        "$CSG[18578]",
        "$CSG[18586]",
        "$CSG[18594]",
 
        "$CSG[18567]",
        "$CSG[18598..18600]",
        "$CSG[18575]",
        "$CSG[18601..18603]",
        "$CSG[18583]",
        "$CSG[18604..18606]",
        "$CSG[18591]",
        "$CSG[18607..18609]",

        "$CSG[18571]",
        "$CSG[18610..18612]",
        "$CSG[18579]",
        "$CSG[18613..18615]",
        "$CSG[18587]",
        "$CSG[18616..18618]",
        "$CSG[18595]",
        "$CSG[18619..18621]",

        "$CSG[18568]",
        "$CSG[18576]",
        "$CSG[18584]",
        "$CSG[18592]",
        "$CSG[18572]",
        "$CSG[18580]",
        "$CSG[18588]",
        "$CSG[18596]",
        "$CSG[18569]",
        "$CSG[18577]",
        "$CSG[18585]",
        "$CSG[18593]",
        "$CSG[18573]",
        "$CSG[18581]",
        "$CSG[18589]",
        "$CSG[18597]",

        "$CSG[18622..18637]",

        "$CSG[18638]",
        "$CSG[18646]",
        "$CSG[18654]",
        "$CSG[18662]",

        "$CSG[18642]",
        "$CSG[18650]",
        "$CSG[18658]",
        "$CSG[18666]",
 
        "$CSG[18639]",
        "$CSG[18670..18672]",
        "$CSG[18647]",
        "$CSG[18673..18675]",
        "$CSG[18655]",
        "$CSG[18676..18678]",
        "$CSG[18663]",
        "$CSG[18679..18681]",

        "$CSG[18643]",
        "$CSG[18682..18684]",
        "$CSG[18651]",
        "$CSG[18685..18687]",
        "$CSG[18659]",
        "$CSG[18688..18690]",
        "$CSG[18667]",
        "$CSG[18691..18693]",

        "$CSG[18640]",
        "$CSG[18648]",
        "$CSG[18656]",
        "$CSG[18664]",
        "$CSG[18644]",
        "$CSG[18652]",
        "$CSG[18660]",
        "$CSG[18668]",
        "$CSG[18641]",
        "$CSG[18649]",
        "$CSG[18657]",
        "$CSG[18665]",
        "$CSG[18645]",
        "$CSG[18653]",
        "$CSG[18661]",
        "$CSG[18669]",

        "$CSG[18694..18709]",

        "$CSG[18710]",
        "$CSG[18718]",
        "$CSG[18726]",
        "$CSG[18734]",

        "$CSG[18714]",
        "$CSG[18722]",
        "$CSG[18730]",
        "$CSG[18738]",
 
        "$CSG[18711]",
        "$CSG[18742..18744]",
        "$CSG[18719]",
        "$CSG[18745..18747]",
        "$CSG[18727]",
        "$CSG[18748..18750]",
        "$CSG[18735]",
        "$CSG[18751..18753]",

        "$CSG[18715]",
        "$CSG[18754..18756]",
        "$CSG[18723]",
        "$CSG[18757..18759]",
        "$CSG[18731]",
        "$CSG[18760..18762]",
        "$CSG[18739]",
        "$CSG[18763..18765]",

        "$CSG[18712]",
        "$CSG[18720]",
        "$CSG[18728]",
        "$CSG[18736]",
        "$CSG[18716]",
        "$CSG[18724]",
        "$CSG[18732]",
        "$CSG[18740]",
        "$CSG[18713]",
        "$CSG[18721]",
        "$CSG[18729]",
        "$CSG[18737]",
        "$CSG[18717]",
        "$CSG[18725]",
        "$CSG[18733]",
        "$CSG[18741]",

        ""
    ],
    "noCsgImages": [
        { "path": "images/preview.png", "format": "raw" },
        "",
        "",
        "$RCT2:OBJDATA/SMC1.DAT[3]",
        "$RCT2:OBJDATA/SMC1.DAT[5]",
        "$RCT2:OBJDATA/SMC1.DAT[7]",
        "$RCT2:OBJDATA/SMC1.DAT[9]",
        "$RCT2:OBJDATA/SMC1.DAT[11]",
        "$RCT2:OBJDATA/SMC1.DAT[13]",
        "$RCT2:OBJDATA/SMC1.DAT[15]",
        "$RCT2:OBJDATA/SMC1.DAT[17]",
        "$RCT2:OBJDATA/SMC1.DAT[19]",
        "$RCT2:OBJDATA/SMC1.DAT[21]",
        "$RCT2:OBJDATA/SMC1.DAT[23]",
        "$RCT2:OBJDATA/SMC1.DAT[25]",
        "$RCT2:OBJDATA/SMC1.DAT[27]",
        "$RCT2:OBJDATA/SMC1.DAT[29]",
        "$RCT2:OBJDATA/SMC1.DAT[31]",
        "$RCT2:OBJDATA/SMC1.DAT[33]",

        "$RCT2:OBJDATA/SMC1.DAT[35..42]",

        "$RCT2:OBJDATA/SMC1.DAT[43]",
        "$RCT2:OBJDATA/SMC1.DAT[45]",
        "$RCT2:OBJDATA/SMC1.DAT[47]",
        "$RCT2:OBJDATA/SMC1.DAT[49]",
        "$RCT2:OBJDATA/SMC1.DAT[51]",
        "$RCT2:OBJDATA/SMC1.DAT[53]",
        "$RCT2:OBJDATA/SMC1.DAT[55]",
        "$RCT2:OBJDATA/SMC1.DAT[57]",
        "$RCT2:OBJDATA/SMC1.DAT[59]",
        "$RCT2:OBJDATA/SMC1.DAT[61]",
        "$RCT2:OBJDATA/SMC1.DAT[63]",
        "$RCT2:OBJDATA/SMC1.DAT[65]",
        "$RCT2:OBJDATA/SMC1.DAT[67]",
        "$RCT2:OBJDATA/SMC1.DAT[69]",
        "$RCT2:OBJDATA/SMC1.DAT[71]",
        "$RCT2:OBJDATA/SMC1.DAT[73]",

        "$RCT2:OBJDATA/SMC1.DAT[75]",
        "$RCT2:OBJDATA/SMC1.DAT[77]",
        "$RCT2:OBJDATA/SMC1.DAT[79]",
        "$RCT2:OBJDATA/SMC1.DAT[81]",
        "$RCT2:OBJDATA/SMC1.DAT[83]",
        "$RCT2:OBJDATA/SMC1.DAT[85]",
        "$RCT2:OBJDATA/SMC1.DAT[87]",
        "$RCT2:OBJDATA/SMC1.DAT[89]",
        "$RCT2:OBJDATA/SMC1.DAT[91]",
        "$RCT2:OBJDATA/SMC1.DAT[93]",
        "$RCT2:OBJDATA/SMC1.DAT[95]",
        "$RCT2:OBJDATA/SMC1.DAT[97]",
        "$RCT2:OBJDATA/SMC1.DAT[99]",
        "$RCT2:OBJDATA/SMC1.DAT[101]",
        "$RCT2:OBJDATA/SMC1.DAT[103]",
        "$RCT2:OBJDATA/SMC1.DAT[105]",

        "$RCT2:OBJDATA/SMC1.DAT[107]",
        "$RCT2:OBJDATA/SMC1.DAT[109]",
        "$RCT2:OBJDATA/SMC1.DAT[111]",
        "$RCT2:OBJDATA/SMC1.DAT[113]",
        "$RCT2:OBJDATA/SMC1.DAT[115]",
        "$RCT2:OBJDATA/SMC1.DAT[117]",
        "$RCT2:OBJDATA/SMC1.DAT[119]",
        "$RCT2:OBJDATA/SMC1.DAT[121]",

        "$RCT2:OBJDATA/SMC1.DAT[123]",
        "$RCT2:OBJDATA/SMC1.DAT[131]",
        "$RCT2:OBJDATA/SMC1.DAT[139]",
        "$RCT2:OBJDATA/SMC1.DAT[147]",
        "$RCT2:OBJDATA/SMC1.DAT[155]",
        "$RCT2:OBJDATA/SMC1.DAT[163]",
        "$RCT2:OBJDATA/SMC1.DAT[171]",
        "$RCT2:OBJDATA/SMC1.DAT[179]",

        "$RCT2:OBJDATA/SMC1.DAT[199]",
        "$RCT2:OBJDATA/SMC1.DAT[201]",
        "$RCT2:OBJDATA/SMC1.DAT[203]",
        "$RCT2:OBJDATA/SMC1.DAT[205]",
        "$RCT2:OBJDATA/SMC1.DAT[207]",
        "$RCT2:OBJDATA/SMC1.DAT[209]",
        "$RCT2:OBJDATA/SMC1.DAT[211]",
        "$RCT2:OBJDATA/SMC1.DAT[213]",
        "$RCT2:OBJDATA/SMC1.DAT[215]",
        "$RCT2:OBJDATA/SMC1.DAT[217]",
        "$RCT2:OBJDATA/SMC1.DAT[219]",
        "$RCT2:OBJDATA/SMC1.DAT[221]",
        "$RCT2:OBJDATA/SMC1.DAT[223]",
        "$RCT2:OBJDATA/SMC1.DAT[225]",
        "$RCT2:OBJDATA/SMC1.DAT[227]",
        "$RCT2:OBJDATA/SMC1.DAT[229]",

        "$RCT2:OBJDATA/SMC1.DAT[231..238]",

        "$RCT2:OBJDATA/SMC1.DAT[239]",
        "$RCT2:OBJDATA/SMC1.DAT[241]",
        "$RCT2:OBJDATA/SMC1.DAT[243]",
        "$RCT2:OBJDATA/SMC1.DAT[245]",
        "$RCT2:OBJDATA/SMC1.DAT[247]",
        "$RCT2:OBJDATA/SMC1.DAT[249]",
        "$RCT2:OBJDATA/SMC1.DAT[251]",
        "$RCT2:OBJDATA/SMC1.DAT[253]",
        "$RCT2:OBJDATA/SMC1.DAT[255]",
        "$RCT2:OBJDATA/SMC1.DAT[257]",
        "$RCT2:OBJDATA/SMC1.DAT[259]",
        "$RCT2:OBJDATA/SMC1.DAT[261]",
        "$RCT2:OBJDATA/SMC1.DAT[263]",
        "$RCT2:OBJDATA/SMC1.DAT[265]",
        "$RCT2:OBJDATA/SMC1.DAT[267]",
        "$RCT2:OBJDATA/SMC1.DAT[269]",

        "$RCT2:OBJDATA/SMC1.DAT[271]",
        "$RCT2:OBJDATA/SMC1.DAT[273]",
        "$RCT2:OBJDATA/SMC1.DAT[275]",
        "$RCT2:OBJDATA/SMC1.DAT[277]",
        "$RCT2:OBJDATA/SMC1.DAT[279]",
        "$RCT2:OBJDATA/SMC1.DAT[281]",
        "$RCT2:OBJDATA/SMC1.DAT[283]",
        "$RCT2:OBJDATA/SMC1.DAT[285]",
        "$RCT2:OBJDATA/SMC1.DAT[287]",
        "$RCT2:OBJDATA/SMC1.DAT[289]",
        "$RCT2:OBJDATA/SMC1.DAT[291]",
        "$RCT2:OBJDATA/SMC1.DAT[293]",
        "$RCT2:OBJDATA/SMC1.DAT[295]",
        "$RCT2:OBJDATA/SMC1.DAT[297]",
        "$RCT2:OBJDATA/SMC1.DAT[299]",
        "$RCT2:OBJDATA/SMC1.DAT[301]",

        "$RCT2:OBJDATA/SMC1.DAT[303]",
        "$RCT2:OBJDATA/SMC1.DAT[305]",
        "$RCT2:OBJDATA/SMC1.DAT[307]",
        "$RCT2:OBJDATA/SMC1.DAT[309]",
        "$RCT2:OBJDATA/SMC1.DAT[311]",
        "$RCT2:OBJDATA/SMC1.DAT[313]",
        "$RCT2:OBJDATA/SMC1.DAT[315]",
        "$RCT2:OBJDATA/SMC1.DAT[317]",

        "$RCT2:OBJDATA/SMC1.DAT[319]",
        "$RCT2:OBJDATA/SMC1.DAT[327]",
        "$RCT2:OBJDATA/SMC1.DAT[335]",
        "$RCT2:OBJDATA/SMC1.DAT[343]",
        "$RCT2:OBJDATA/SMC1.DAT[351]",
        "$RCT2:OBJDATA/SMC1.DAT[359]",
        "$RCT2:OBJDATA/SMC1.DAT[367]",
        "$RCT2:OBJDATA/SMC1.DAT[375]",

        "$RCT2:OBJDATA/SMC1.DAT[395]",
        "$RCT2:OBJDATA/SMC1.DAT[397]",
        "$RCT2:OBJDATA/SMC1.DAT[399]",
        "$RCT2:OBJDATA/SMC1.DAT[401]",
        "$RCT2:OBJDATA/SMC1.DAT[403]",
        "$RCT2:OBJDATA/SMC1.DAT[405]",
        "$RCT2:OBJDATA/SMC1.DAT[407]",
        "$RCT2:OBJDATA/SMC1.DAT[409]",
        "$RCT2:OBJDATA/SMC1.DAT[411]",
        "$RCT2:OBJDATA/SMC1.DAT[413]",
        "$RCT2:OBJDATA/SMC1.DAT[415]",
        "$RCT2:OBJDATA/SMC1.DAT[417]",
        "$RCT2:OBJDATA/SMC1.DAT[419]",
        "$RCT2:OBJDATA/SMC1.DAT[421]",
        "$RCT2:OBJDATA/SMC1.DAT[423]",
        "$RCT2:OBJDATA/SMC1.DAT[425]",

        "$RCT2:OBJDATA/SMC1.DAT[427..434]",

        "$RCT2:OBJDATA/SMC1.DAT[435]",
        "$RCT2:OBJDATA/SMC1.DAT[437]",
        "$RCT2:OBJDATA/SMC1.DAT[439]",
        "$RCT2:OBJDATA/SMC1.DAT[441]",
        "$RCT2:OBJDATA/SMC1.DAT[443]",
        "$RCT2:OBJDATA/SMC1.DAT[445]",
        "$RCT2:OBJDATA/SMC1.DAT[447]",
        "$RCT2:OBJDATA/SMC1.DAT[449]",
        "$RCT2:OBJDATA/SMC1.DAT[451]",
        "$RCT2:OBJDATA/SMC1.DAT[453]",
        "$RCT2:OBJDATA/SMC1.DAT[455]",
        "$RCT2:OBJDATA/SMC1.DAT[457]",
        "$RCT2:OBJDATA/SMC1.DAT[459]",
        "$RCT2:OBJDATA/SMC1.DAT[461]",
        "$RCT2:OBJDATA/SMC1.DAT[463]",
        "$RCT2:OBJDATA/SMC1.DAT[465]",

        "$RCT2:OBJDATA/SMC1.DAT[467]",
        "$RCT2:OBJDATA/SMC1.DAT[469]",
        "$RCT2:OBJDATA/SMC1.DAT[471]",
        "$RCT2:OBJDATA/SMC1.DAT[473]",
        "$RCT2:OBJDATA/SMC1.DAT[475]",
        "$RCT2:OBJDATA/SMC1.DAT[477]",
        "$RCT2:OBJDATA/SMC1.DAT[479]",
        "$RCT2:OBJDATA/SMC1.DAT[481]",
        "$RCT2:OBJDATA/SMC1.DAT[483]",
        "$RCT2:OBJDATA/SMC1.DAT[485]",
        "$RCT2:OBJDATA/SMC1.DAT[487]",
        "$RCT2:OBJDATA/SMC1.DAT[489]",
        "$RCT2:OBJDATA/SMC1.DAT[491]",
        "$RCT2:OBJDATA/SMC1.DAT[493]",
        "$RCT2:OBJDATA/SMC1.DAT[495]",
        "$RCT2:OBJDATA/SMC1.DAT[497]",

        "$RCT2:OBJDATA/SMC1.DAT[499]",
        "$RCT2:OBJDATA/SMC1.DAT[501]",
        "$RCT2:OBJDATA/SMC1.DAT[503]",
        "$RCT2:OBJDATA/SMC1.DAT[505]",
        "$RCT2:OBJDATA/SMC1.DAT[507]",
        "$RCT2:OBJDATA/SMC1.DAT[509]",
        "$RCT2:OBJDATA/SMC1.DAT[511]",
        "$RCT2:OBJDATA/SMC1.DAT[513]",

        "$RCT2:OBJDATA/SMC1.DAT[515]",
        "$RCT2:OBJDATA/SMC1.DAT[523]",
        "$RCT2:OBJDATA/SMC1.DAT[531]",
        "$RCT2:OBJDATA/SMC1.DAT[539]",
        "$RCT2:OBJDATA/SMC1.DAT[547]",
        "$RCT2:OBJDATA/SMC1.DAT[555]",
        "$RCT2:OBJDATA/SMC1.DAT[563]",
        "$RCT2:OBJDATA/SMC1.DAT[571]",

        ""
    ],
    "strings": {
        "name": {
            "en-GB": "Mouse Cars",
            "fr-FR": "Souris",
            "de-DE": "Mauswagen",
            "es-ES": "Coches Ratón",
            "it-IT": "Topolini",
            "nl-NL": "Muiskarretjes",
            "sv-SE": "Musvagnar",
            "ko-KR": "쥐 차량",
            "zh-CN": "老鼠小车车",
            "zh-TW": "老鼠小車車",
            "pt-BR": "Carros de Rato",
            "cs-CZ": "Myší vozy",
            "ja-JP": "ネズミ車両",
            "pl-PL": "Myszochody",
            "ru-RU": "Мышки",
            "eo-ZZ": "Musoĉaroj"
        },
        "description": {
            "en-GB": "Individual cars shaped like mice",
            "fr-FR": "Voitures individuelles en forme de souris",
            "de-DE": "Einzelne Wagen in Form von Mäusen",
            "es-ES": "Coches individuales con forma de ratón",
            "it-IT": "Carrozze individuali a forma di topolini",
            "nl-NL": "Losse karretjes in de vorm van een muis.",
            "sv-SE": "Singelvagnar formade som möss",
            "ko-KR": "쥐처럼 생긴 개별 차량",
            "zh-CN": "像老鼠外形特色的车辆",
            "zh-TW": "像老鼠外形特色的車輛",
            "pt-BR": "Carros individuais na forma de ratos",
            "cs-CZ": "Vozy ve tvaru myší",
            "ja-JP": "各車両がネズミの形をした乗物です",
            "pl-PL": "Pojedyncze samochodziki w kształcie myszy",
            "ru-RU": "Машинки в виде мышек",
            "eo-ZZ": "Individualaj ĉaroj formitaj kiel musoj"
        },
        "capacity": {
            "en-GB": "4 passengers per car",
            "fr-FR": "4 passagers par voiture",
            "de-DE": "4 Fahrgäste pro Wagen",
            "es-ES": "4 pasajeros por vagón",
            "it-IT": "4 passeggeri a carrozza",
            "nl-NL": "4 passagiers per karretje",
            "sv-SE": "4 passagerare per vagn",
            "ko-KR": "차량당 4명의 승객",
            "zh-CN": "4 位乘客/每个车厢",
            "zh-TW": "4 位乘客/每個車廂",
            "pt-BR": "4 passageiros por carro",
            "cs-CZ": "4 místa v každém voze",
            "ja-JP": "各車両4名",
            "pl-PL": "4 pasażerów na wagonik",
            "ru-RU": "4 пассажира",
            "eo-ZZ": "Po 4 pasaĝeroj por ĉaro"
        }
    }
}
