{
    "id": "rct2.footpath_surface.queue_blue",
    "authors": [
        "Chris Sawyer",
        "Simon Foster"
    ],
    "version": "1.0",
    "sourceGame": "rct2",
    "objectType": "footpath_surface",
    "properties": {
        "isQueue": true
    },
    "images": [
        "$RCT2:OBJDATA/TARMAC.DAT[72]",
        "$RCT2:OBJDATA/TARMAC.DAT[51..70]"
    ],
    "strings": {
        "name": {
            "en-GB": "Blue Queue (Stairs)",
            "de-DE": "Blaue Warteschlange (Treppe)",
            "nl-NL": "Blauwe wachtrij (met trappen)",
            "eo-ZZ": "Blua Atendovico (Ŝtuparo)",
            "ca-ES": "Cua blava (amb escales)"
        }
    }
}
