{
    "id": "rct1aa.ride.virginia_reel_tubs",
    "authors": ["Chris Sawyer", "Simon Foster"],
    "version": "1.0",
    "originalId": "00000000|#RCT1REL|00000000",
    "sourceGame": "rct1aa",
    "isCompatibilityObject": true,
    "objectType": "ride",
    "properties": {
        "type": "virginia_reel",
        "category": "rollercoaster",
        "carColours": [
            [
                ["bright_red", "yellow", "black"]
            ],
            [
                ["light_blue", "yellow", "black"]
            ],
            [
                ["dark_green", "light_brown", "black"]
            ]
        ],
        "cars": {
            "rotationFrameMask": 7,
            "spacing": 208896,
            "mass": 600,
            "numSeats": 4,
            "seatsInPairs": false,
            "numSeatRows": 4,
            "spinningInertia": 7,
            "spinningFriction": 6,
            "frictionSoundId": 1,
            "soundRange": 1,
            "carVisual": 15,
            "drawOrder": 6,
            "frames": {
                "flat": true
            },
            "hasAdditionalColour1": true,
            "hasSpinning": true,
            "hasScreamingRiders": true,
            "loadingPositions": [4, -4, 4, -4]
        },
        "buildMenuPriority": 1
    },
    "images": [
        { "path": "images/preview.png", "format": "raw" },
        "",
        "",
            "$CSG[28050]",
        "$CSG[28050]",
        "$CSG[28051]",
        "$CSG[28051]",
        "$CSG[28052]",
        "$CSG[28052]",
        "$CSG[28053]",
        "$CSG[28053]",
        
        "$CSG[28054]",
        "$CSG[28054]",
        "$CSG[28055]",
        "$CSG[28055]",
        "$CSG[28056]",
        "$CSG[28056]",
        "$CSG[28057]",
        "$CSG[28057]",
        "$CSG[28058]",                                                                                                                                                                                                           
        "$CSG[28058]",                                                                                                                                                                                                           
        "$CSG[28059]",                                                                                                                                                                                                           
        "$CSG[28059]",                                                                                                                                                                                                           
        "$CSG[28060]",                                                                                                                                                                                                           
        "$CSG[28060]",                                                                                                                                                                                                           
        "$CSG[28061]",                                                                                                                                                                                                           
        "$CSG[28061]",
        "$CSG[28062]",                                                                                                                                                                                                           
        "$CSG[28062]",                                                                                                                                                                                                           
        "$CSG[28063]",                                                                                                                                                                                                           
        "$CSG[28063]",                                                                                                                                                                                                           
        "$CSG[28064]",                                                                                                                                                                                                           
        "$CSG[28064]",                                                                                                                                                                                                           
        "$CSG[28065]",
        "$CSG[28065]",
        "$CSG[28066]",                                                                                                                                                                                                           
        "$CSG[28066]",                                                                                                                                                                                                           
        "$CSG[28067]",                                                                                                                                                                                                           
        "$CSG[28067]",                                                                                                                                                                                                           
        "$CSG[28068]",                                                                                                                                                                                                           
        "$CSG[28068]",                                                                                                                                                                                                           
        "$CSG[28069]",                                                                                                                                                                                                           
        "$CSG[28069]",
        
        "$CSG[28070]",
        "$CSG[28070]",
        "$CSG[28071]",
        "$CSG[28071]",
        "$CSG[28072]",
        "$CSG[28072]",
        "$CSG[28073]",
        "$CSG[28073]",
        "$CSG[28074]",                                                                                                                                                                                                           
        "$CSG[28074]",                                                                                                                                                                                                           
        "$CSG[28075]",                                                                                                                                                                                                           
        "$CSG[28075]",                                                                                                                                                                                                           
        "$CSG[28076]",                                                                                                                                                                                                           
        "$CSG[28076]",                                                                                                                                                                                                           
        "$CSG[28077]",                                                                                                                                                                                                           
        "$CSG[28077]",
        "$CSG[28078]",                                                                                                                                                                                                           
        "$CSG[28078]",                                                                                                                                                                                                           
        "$CSG[28079]",                                                                                                                                                                                                           
        "$CSG[28079]",                                                                                                                                                                                                           
        "$CSG[28080]",                                                                                                                                                                                                           
        "$CSG[28080]",                                                                                                                                                                                                           
        "$CSG[28081]",
        "$CSG[28081]",
        "$CSG[28082]",                                                                                                                                                                                                           
        "$CSG[28082]",                                                                                                                                                                                                           
        "$CSG[28083]",                                                                                                                                                                                                           
        "$CSG[28083]",                                                                                                                                                                                                           
        "$CSG[28084]",                                                                                                                                                                                                           
        "$CSG[28084]",                                                                                                                                                                                                           
        "$CSG[28085]",                                                                                                                                                                                                           
        "$CSG[28085]",

            "$CSG[28122]",
        "$CSG[28122]",
        "$CSG[28123]",
        "$CSG[28123]",
        "$CSG[28124]",
        "$CSG[28124]",
        "$CSG[28125]",
        "$CSG[28125]",
        
        "$CSG[28126]",
        "$CSG[28126]",
        "$CSG[28127]",
        "$CSG[28127]",
        "$CSG[28128]",
        "$CSG[28128]",
        "$CSG[28129]",
        "$CSG[28129]",
        "$CSG[28130]",                                                                                                                                                                                                           
        "$CSG[28130]",                                                                                                                                                                                                           
        "$CSG[28131]",                                                                                                                                                                                                           
        "$CSG[28131]",                                                                                                                                                                                                           
        "$CSG[28132]",                                                                                                                                                                                                           
        "$CSG[28132]",                                                                                                                                                                                                           
        "$CSG[28133]",                                                                                                                                                                                                           
        "$CSG[28133]",
        "$CSG[28134]",                                                                                                                                                                                                           
        "$CSG[28134]",                                                                                                                                                                                                           
        "$CSG[28135]",                                                                                                                                                                                                           
        "$CSG[28135]",                                                                                                                                                                                                           
        "$CSG[28136]",                                                                                                                                                                                                           
        "$CSG[28136]",                                                                                                                                                                                                           
        "$CSG[28137]",
        "$CSG[28137]",
        "$CSG[28138]",                                                                                                                                                                                                           
        "$CSG[28138]",                                                                                                                                                                                                           
        "$CSG[28139]",                                                                                                                                                                                                           
        "$CSG[28139]",                                                                                                                                                                                                           
        "$CSG[28140]",                                                                                                                                                                                                           
        "$CSG[28140]",                                                                                                                                                                                                           
        "$CSG[28141]",                                                                                                                                                                                                           
        "$CSG[28141]",
        
        "$CSG[28142]",
        "$CSG[28142]",
        "$CSG[28143]",
        "$CSG[28143]",
        "$CSG[28144]",
        "$CSG[28144]",
        "$CSG[28145]",
        "$CSG[28145]",
        "$CSG[28146]",                                                                                                                                                                                                           
        "$CSG[28146]",                                                                                                                                                                                                           
        "$CSG[28147]",                                                                                                                                                                                                           
        "$CSG[28147]",                                                                                                                                                                                                           
        "$CSG[28148]",                                                                                                                                                                                                           
        "$CSG[28148]",                                                                                                                                                                                                           
        "$CSG[28149]",                                                                                                                                                                                                           
        "$CSG[28149]",
        "$CSG[28150]",                                                                                                                                                                                                           
        "$CSG[28150]",                                                                                                                                                                                                           
        "$CSG[28151]",                                                                                                                                                                                                           
        "$CSG[28151]",                                                                                                                                                                                                           
        "$CSG[28152]",                                                                                                                                                                                                           
        "$CSG[28152]",                                                                                                                                                                                                           
        "$CSG[28153]",
        "$CSG[28153]",
        "$CSG[28154]",                                                                                                                                                                                                           
        "$CSG[28154]",                                                                                                                                                                                                           
        "$CSG[28155]",                                                                                                                                                                                                           
        "$CSG[28155]",                                                                                                                                                                                                           
        "$CSG[28156]",                                                                                                                                                                                                           
        "$CSG[28156]",                                                                                                                                                                                                           
        "$CSG[28157]",                                                                                                                                                                                                           
        "$CSG[28157]",
        
            "$CSG[28158]",
        "$CSG[28158]",
        "$CSG[28159]",
        "$CSG[28159]",
        "$CSG[28160]",
        "$CSG[28160]",
        "$CSG[28161]",
        "$CSG[28161]",
        
        "$CSG[28162]",
        "$CSG[28162]",
        "$CSG[28163]",
        "$CSG[28163]",
        "$CSG[28164]",
        "$CSG[28164]",
        "$CSG[28165]",
        "$CSG[28165]",
        "$CSG[28166]",                                                                                                                                                                                                           
        "$CSG[28166]",                                                                                                                                                                                                           
        "$CSG[28167]",                                                                                                                                                                                                           
        "$CSG[28167]",                                                                                                                                                                                                           
        "$CSG[28168]",                                                                                                                                                                                                           
        "$CSG[28168]",                                                                                                                                                                                                           
        "$CSG[28169]",                                                                                                                                                                                                           
        "$CSG[28169]",
        "$CSG[28170]",                                                                                                                                                                                                           
        "$CSG[28170]",                                                                                                                                                                                                           
        "$CSG[28171]",                                                                                                                                                                                                           
        "$CSG[28171]",                                                                                                                                                                                                           
        "$CSG[28172]",                                                                                                                                                                                                           
        "$CSG[28172]",                                                                                                                                                                                                           
        "$CSG[28173]",
        "$CSG[28173]",
        "$CSG[28174]",                                                                                                                                                                                                           
        "$CSG[28174]",                                                                                                                                                                                                           
        "$CSG[28175]",                                                                                                                                                                                                           
        "$CSG[28175]",                                                                                                                                                                                                           
        "$CSG[28176]",                                                                                                                                                                                                           
        "$CSG[28176]",                                                                                                                                                                                                           
        "$CSG[28177]",                                                                                                                                                                                                           
        "$CSG[28177]",
        
        "$CSG[28178]",
        "$CSG[28178]",
        "$CSG[28179]",
        "$CSG[28179]",
        "$CSG[28180]",
        "$CSG[28180]",
        "$CSG[28181]",
        "$CSG[28181]",
        "$CSG[28182]",                                                                                                                                                                                                           
        "$CSG[28182]",                                                                                                                                                                                                           
        "$CSG[28183]",                                                                                                                                                                                                           
        "$CSG[28183]",                                                                                                                                                                                                           
        "$CSG[28184]",                                                                                                                                                                                                           
        "$CSG[28184]",                                                                                                                                                                                                           
        "$CSG[28185]",                                                                                                                                                                                                           
        "$CSG[28185]",
        "$CSG[28186]",                                                                                                                                                                                                           
        "$CSG[28186]",                                                                                                                                                                                                           
        "$CSG[28187]",                                                                                                                                                                                                           
        "$CSG[28187]",                                                                                                                                                                                                           
        "$CSG[28188]",                                                                                                                                                                                                           
        "$CSG[28188]",                                                                                                                                                                                                           
        "$CSG[28189]",
        "$CSG[28189]",
        "$CSG[28190]",                                                                                                                                                                                                           
        "$CSG[28190]",                                                                                                                                                                                                           
        "$CSG[28191]",                                                                                                                                                                                                           
        "$CSG[28191]",                                                                                                                                                                                                           
        "$CSG[28192]",                                                                                                                                                                                                           
        "$CSG[28192]",                                                                                                                                                                                                           
        "$CSG[28193]",                                                                                                                                                                                                           
        "$CSG[28193]",

            "$CSG[28194]",
        "$CSG[28194]",
        "$CSG[28195]",
        "$CSG[28195]",
        "$CSG[28196]",
        "$CSG[28196]",
        "$CSG[28197]",
        "$CSG[28197]",
        
        "$CSG[28198]",
        "$CSG[28198]",
        "$CSG[28199]",
        "$CSG[28199]",
        "$CSG[28200]",
        "$CSG[28200]",
        "$CSG[28201]",
        "$CSG[28201]",
        "$CSG[28202]",                                                                                                                                                                                                           
        "$CSG[28202]",                                                                                                                                                                                                           
        "$CSG[28203]",                                                                                                                                                                                                           
        "$CSG[28203]",                                                                                                                                                                                                           
        "$CSG[28204]",                                                                                                                                                                                                           
        "$CSG[28204]",                                                                                                                                                                                                           
        "$CSG[28205]",                                                                                                                                                                                                           
        "$CSG[28205]",
        "$CSG[28206]",                                                                                                                                                                                                           
        "$CSG[28206]",                                                                                                                                                                                                           
        "$CSG[28207]",                                                                                                                                                                                                           
        "$CSG[28207]",                                                                                                                                                                                                           
        "$CSG[28208]",                                                                                                                                                                                                           
        "$CSG[28208]",                                                                                                                                                                                                           
        "$CSG[28209]",
        "$CSG[28209]",
        "$CSG[28210]",                                                                                                                                                                                                           
        "$CSG[28210]",                                                                                                                                                                                                           
        "$CSG[28211]",                                                                                                                                                                                                           
        "$CSG[28211]",                                                                                                                                                                                                           
        "$CSG[28212]",                                                                                                                                                                                                           
        "$CSG[28212]",                                                                                                                                                                                                           
        "$CSG[28213]",                                                                                                                                                                                                           
        "$CSG[28213]",
        
        "$CSG[28214]",
        "$CSG[28214]",
        "$CSG[28215]",
        "$CSG[28215]",
        "$CSG[28216]",
        "$CSG[28216]",
        "$CSG[28217]",
        "$CSG[28217]",
        "$CSG[28218]",                                                                                                                                                                                                           
        "$CSG[28218]",                                                                                                                                                                                                           
        "$CSG[28219]",                                                                                                                                                                                                           
        "$CSG[28219]",                                                                                                                                                                                                           
        "$CSG[28220]",                                                                                                                                                                                                           
        "$CSG[28220]",                                                                                                                                                                                                           
        "$CSG[28221]",                                                                                                                                                                                                           
        "$CSG[28221]",
        "$CSG[28222]",                                                                                                                                                                                                           
        "$CSG[28222]",                                                                                                                                                                                                           
        "$CSG[28223]",                                                                                                                                                                                                           
        "$CSG[28223]",                                                                                                                                                                                                           
        "$CSG[28224]",                                                                                                                                                                                                           
        "$CSG[28224]",                                                                                                                                                                                                           
        "$CSG[28225]",
        "$CSG[28225]",
        "$CSG[28226]",                                                                                                                                                                                                           
        "$CSG[28226]",                                                                                                                                                                                                           
        "$CSG[28227]",                                                                                                                                                                                                           
        "$CSG[28227]",                                                                                                                                                                                                           
        "$CSG[28228]",                                                                                                                                                                                                           
        "$CSG[28228]",                                                                                                                                                                                                           
        "$CSG[28229]",                                                                                                                                                                                                           
        "$CSG[28229]",
        
            "$CSG[28086]",
        "$CSG[28086]",
        "$CSG[28087]",
        "$CSG[28087]",
        "$CSG[28088]",
        "$CSG[28088]",
        "$CSG[28089]",
        "$CSG[28089]",
        
        "$CSG[28090]",
        "$CSG[28090]",
        "$CSG[28091]",
        "$CSG[28091]",
        "$CSG[28092]",
        "$CSG[28092]",
        "$CSG[28093]",
        "$CSG[28093]",
        "$CSG[28094]",                                                                                                                                                                                                           
        "$CSG[28094]",                                                                                                                                                                                                           
        "$CSG[28095]",                                                                                                                                                                                                           
        "$CSG[28095]",                                                                                                                                                                                                           
        "$CSG[28096]",                                                                                                                                                                                                           
        "$CSG[28096]",                                                                                                                                                                                                           
        "$CSG[28097]",                                                                                                                                                                                                           
        "$CSG[28097]",
        "$CSG[28098]",                                                                                                                                                                                                           
        "$CSG[28098]",                                                                                                                                                                                                           
        "$CSG[28099]",                                                                                                                                                                                                           
        "$CSG[28099]",                                                                                                                                                                                                           
        "$CSG[28100]",                                                                                                                                                                                                           
        "$CSG[28100]",                                                                                                                                                                                                           
        "$CSG[28101]",
        "$CSG[28101]",
        "$CSG[28102]",                                                                                                                                                                                                           
        "$CSG[28102]",                                                                                                                                                                                                           
        "$CSG[28103]",                                                                                                                                                                                                           
        "$CSG[28103]",                                                                                                                                                                                                           
        "$CSG[28104]",                                                                                                                                                                                                           
        "$CSG[28104]",                                                                                                                                                                                                           
        "$CSG[28105]",                                                                                                                                                                                                           
        "$CSG[28105]",
        
        "$CSG[28106]",
        "$CSG[28106]",
        "$CSG[28107]",
        "$CSG[28107]",
        "$CSG[28108]",
        "$CSG[28108]",
        "$CSG[28109]",
        "$CSG[28109]",
        "$CSG[28110]",                                                                                                                                                                                                           
        "$CSG[28110]",                                                                                                                                                                                                           
        "$CSG[28111]",                                                                                                                                                                                                           
        "$CSG[28111]",                                                                                                                                                                                                           
        "$CSG[28112]",                                                                                                                                                                                                           
        "$CSG[28112]",                                                                                                                                                                                                           
        "$CSG[28113]",                                                                                                                                                                                                           
        "$CSG[28113]",
        "$CSG[28114]",                                                                                                                                                                                                           
        "$CSG[28114]",                                                                                                                                                                                                           
        "$CSG[28115]",                                                                                                                                                                                                           
        "$CSG[28115]",                                                                                                                                                                                                           
        "$CSG[28116]",                                                                                                                                                                                                           
        "$CSG[28116]",                                                                                                                                                                                                           
        "$CSG[28117]",
        "$CSG[28117]",
        "$CSG[28118]",                                                                                                                                                                                                           
        "$CSG[28118]",                                                                                                                                                                                                           
        "$CSG[28119]",                                                                                                                                                                                                           
        "$CSG[28119]",                                                                                                                                                                                                           
        "$CSG[28120]",                                                                                                                                                                                                           
        "$CSG[28120]",                                                                                                                                                                                                           
        "$CSG[28121]",                                                                                                                                                                                                           
        "$CSG[28121]"
    ],
    "noCsgImages": [
        { "path": "images/preview.png", "format": "raw" },
        "",
        "",
        "$RCT2:OBJDATA/VREEL.DAT[3..362]"
    ],
    "strings": {
        "name": {
            "en-GB": "Virginia Reel Tubs",
            "de-DE": "Virginia-Reel-Wagen",
            "es-ES": "Danza de Virginia",
            "it-IT": "Bobine della Virginia",
            "nl-NL": "Virginia Reel-wagentjes",
            "sv-SE": "Virginiavirvel-vagnar",
            "ko-KR": "버지니아 릴 차량",
            "zh-CN": "维吉尼亚式旋转",
            "zh-TW": "維吉尼亞式旋轉",
            "cs-CZ": "Virginský moták",
            "ja-JP": "バージニア・リール",
            "pl-PL": "W koło Macieju",
            "pt-BR": "Toneis Virginia Reel",
            "ru-RU": "Вирджиния",
            "eo-ZZ": "Kuvoj de Virginia Reel"
        },
        "description": {
            "en-GB": "Circular cars that spin around as they travel along the track",
            "fr-FR": "Voitures de forme circulaire tournant sur elles-même tout en parcourant une voie en bois faite de zigzags",
            "de-DE": "Runde Wagen, die sich bei der Fahrt drehen",
            "es-ES": "Vagones circulares que rebotan mientras corren sobre la pista de madera en zigzag",
            "it-IT": "Carrozze circolari ruotano per il tracciato di legno a zig-zag",
            "nl-NL": "Ronde karretjes gaan over een zigzaggende houten baan en draaien daarbij rond.",
            "sv-SE": "Runda vagnar som snurrar medan de åker längs banan",
            "ko-KR": "나무 트랙을 이리 저리 따라 이동함에 따라 빙글빙글 돌아가는 원형 차량",
            "zh-CN": "圆形车辆延着急弯的木架轨道自旋",
            "zh-TW": "圓形車輛延著急彎的木架軌道自旋",
            "pt-BR": "Carros circulares giram enquanto viajam pela pista",
            "cs-CZ": "Kulaté vozy se točí během jízdy po cik-cak dřevěné trati",
            "ja-JP": "円形の車両が木製のコース上を回転しながらジグザグに進んで行く乗物です",
            "pl-PL": "Okrągłe wagoniki wirują, jadąc po zygzakowatym drewnianym torze",
            "ru-RU": "Круглые вагончики едут по трассе и одновременно крутятся.",
            "eo-ZZ": "Rondaj ĉaroj, kiuj turniĝante veturas laŭ la trako"
        },
        "capacity": {
            "en-GB": "4 passengers per car",
            "fr-FR": "4 passagers par voiture",
            "de-DE": "4 Fahrgäste pro Wagen",
            "es-ES": "4 pasajeros por vagón",
            "it-IT": "4 passeggeri a carrozza",
            "nl-NL": "4 passagiers per karretje",
            "sv-SE": "4 passagerare per vagn",
            "ko-KR": "차량당 4명의 승객",
            "zh-CN": "4 位乘客/每个车厢",
            "zh-TW": "4 位乘客/每個車廂",
            "pt-BR": "4 passageiros por carro",
            "cs-CZ": "4 místa v každém voze",
            "ja-JP": "各車両4名",
            "pl-PL": "4 pasażerów na wagonik",
            "ru-RU": "4 пассажира",
            "eo-ZZ": "Po 4 pasaĝeroj por ĉaro"
        }
    }
}
