{
    "id": "rct1aa.terrain_surface.roof_red",
    "authors": [
        "Chris Sawyer",
        "Simon Foster"
    ],
    "version": "1.0",
    "originalId": "0000008B|#RCT1SRR|00000000",
    "sourceGame": "rct1aa",
    "objectType": "terrain_surface",
    "properties": {
        "price": 100,
        "mapColours": [
            113,
            113
        ]
    },
    "images": [
        { "path": "icon.png", "format": "raw", "x": 2, "y": 2 },
        "$CSG[42090..42146]"
    ],
    "noCsgImages": [
        { "path": "icon.png", "format": "raw", "x": 2, "y": 2 },
        "$G1[2029..2085]"
    ],
    "strings": {
        "name": {
            "en-GB": "Roof (Red)",
            "de-DE": "Dach (rot)",
            "nl-NL": "Rode dakpannen",
            "pt-BR": "Telhado (vermelho)",
            "fr-FR": "Toit (rouge)",
            "ja-JP": "屋根 (赤)",
            "pl-PL": "Dach (Czerwony)",
            "ko-KR": "천장 (빨간색)",
            "eo-ZZ": "Tegmento (Ruĝa)",
            "sv-SE": "Tak (rött)",
            "ca-ES": "Teulada (vermella)",
            "fi-FI": "Katto (punainen)",
            "zh-CN": "房顶(红色)",
            "ar-EG": "سقف (أحمر)"
        }
    }
}
