{
    "id": "rct2.audio.circus",
    "authors": [
        "Chris Sawyer",
        "Allister Brimble"
    ],
    "version": "1.0",
    "sourceGame": [
        "rct2"
    ],
    "objectType": "audio",
    "samples": [
        "$RCT2:DATA/CSS24.DAT"
    ],
    "strings": {
        "name": {
            "en-GB": "Ambient sound effects for the Circus attraction.",
            "de-DE": "Umgebungsgeräusche für die Zirkusattraktion.",
            "eo-ZZ": "Mediaj sonefikoj por la Cirko-atrakcio.",
            "nl-NL": "Achtergrondgeluid voor het circus.",
            "ca-ES": "Sons d’ambient per a l’atracció del circ."
        }
    }
}
