{
    "id": "rct1ll.terrain_edge.green",
    "authors": [
        "Chris Sawyer",
        "Simon Foster"
    ],
    "version": "1.0",
    "originalId": "0000008C|#RCT1EGR|00000000",
    "sourceGame": "rct1ll",
    "objectType": "terrain_edge",
    "properties": {
        "hasDoors": true,
        "doorSound": 1
    },
    "images": [
        { "path": "icon.png", "format": "raw", "x": 2, "y": 2 },
        "$CSG[41342..41445]"
    ],
    "noCsgImages": [
        { "path": "icon.png", "format": "raw", "x": 2, "y": 2 },
        "$G1[1579..1662]"
    ],
    "strings": {
        "name": {
            "en-GB": "Stucco (Green)",
            "de-DE": "Gipsputz (grün)",
            "nl-NL": "Groen stucwerk",
            "pt-BR": "Estuque (verde)",
            "fr-FR": "Stuc (vert)",
            "ja-JP": "スタッコ (緑)",
            "pl-PL": "Stiuk (Zielony)",
            "ko-KR": "흙벽 (녹색)",
            "eo-ZZ": "Stukaĵo (Verda)",
            "sv-SE": "Stuck (grön)",
            "ca-ES": "Estuc (verd)",
            "fi-FI": "Stukki (vihreä)",
            "zh-CN": "灰泥(绿色)"
        }
    }
}
