{
    "id": "rct2.footpath_surface.tarmac_green",
    "authors": [
        "Chris Sawyer",
        "Simon Foster"
    ],
    "version": "1.0",
    "sourceGame": "rct2",
    "objectType": "footpath_surface",
    "images": [
        { "path": "preview.png", "x": 1, "y": 1 },
        "$RCT2:OBJDATA/TARMACG.DAT[0..50]"
    ],
    "strings": {
        "name": {
            "en-GB": "Dark Green Tarmac Footpath",
            "fr-FR": "Allée en bitume vert",
            "de-DE": "Dunkelgrüner Makadam-Fußweg",
            "es-ES": "Sendero asfaltado verde",
            "it-IT": "Sentiero di catrame verde",
            "nl-NL": "Voetpad van groen asfalt",
            "sv-SE": "Grön asfaltgångväg",
            "ko-KR": "녹색 타맥 보도",
            "zh-CN": "绿色柏油碎石步道",
            "zh-TW": "綠色柏油碎石步道",
            "pt-BR": "Caminho de Asfalto Verde",
            "cs-CZ": "Zelená asfaltová cesta",
            "ja-JP": "緑色の舗装歩道",
            "pl-PL": "Zielona dróżka tłuczniowa",
            "ru-RU": "Зелёный асфальт",
            "ar-EG": "ممشي أخضر مُعبد",
            "eo-ZZ": "Malhela Verda Asfalta Trotuaro",
            "ca-ES": "Camí verd fosc asfaltat"
        }
    }
}
