{
    "id": "rct1aa.terrain_edge.yellow",
    "authors": [
        "Chris Sawyer",
        "Simon Foster"
    ],
    "version": "1.0",
    "originalId": "0000008C|#RCT1EYE|00000000",
    "sourceGame": "rct1aa",
    "objectType": "terrain_edge",
    "properties": {
        "hasDoors": true,
        "doorSound": 1
    },
    "images": [
        { "path": "icon.png", "format": "raw", "x": 2, "y": 2 },
        "$CSG[41030..41133]"
    ],
    "noCsgImages": [
        { "path": "icon.png", "format": "raw", "x": 2, "y": 2 },
        "$G1[1579..1662]"
    ],
    "strings": {
        "name": {
            "en-GB": "Stucco (Yellow)",
            "nl-NL": "Geel stucwerk",
            "pt-BR": "Estuque (amarelo)",
            "fr-FR": "Stuc (jaune)",
            "ja-JP": "スタッコ (黄)",
            "pl-PL": "Stiuk (Żółty)",
            "ko-KR": "흙벽 (노란색)",
            "eo-ZZ": "Stukaĵo (Flava)",
            "sv-SE": "Stuck (gul)",
            "ca-ES": "Estuc (groc)",
            "fi-FI": "Stukki (keltainen)",
            "zh-CN": "灰泥(黄色)"
        }
    }
}
