{
    "id": "rct1aa.ride.ski_lift_cars",
    "authors": ["Chris Sawyer", "Simon Foster"],
    "version": "1.0",
    "originalId": "00000000|#RCT1SFT|00000000",
    "sourceGame": "rct1aa",
    "isCompatibilityObject": true,
    "objectType": "ride",
    "properties": {
        "type": "chairlift",
        "category": "transport",
        "ratingMultipler": {
            "intensity": 3,
            "nausea": 4
        },
        "carColours": [
            [
                ["white", "bright_red", "black"]
            ],
            [
                ["white", "dark_green", "black"]
            ],
            [
                ["black", "white", "black"]
            ]
        ],
        "cars": {
            "rotationFrameMask": 15,
            "spacing": 147456,
            "mass": 270,
            "tabOffset": -22,
            "numSeats": 2,
            "numSeatRows": 1,
            "spriteGroups": {
                "slopeFlat":16,
                "restraintAnimation": 4
            },
            "hasAdditionalColour1": true,
            "isChairlift": true,
            "loadingPositions": [4, 0]
        },
        "buildMenuPriority": 1
    },
    "images": [
        { "path": "images/preview.png", "format": "raw" },
        "",
        "",
        "$CSG[36717..36732]",

        "$CSG[36733]",
        "$CSG[36736]",
        "$CSG[36739]",
        "$CSG[36742]",
        "$CSG[36734]",
        "$CSG[36737]",
        "$CSG[36740]",
        "$CSG[36743]",
        "$CSG[36735]",
        "$CSG[36738]",
        "$CSG[36741]",
        "$CSG[36744]",

        "$CSG[36745..36760]",

        "$CSG[36761]",
        "$CSG[36764]",
        "$CSG[36767]",
        "$CSG[36770]",
        "$CSG[36762]",
        "$CSG[36765]",
        "$CSG[36768]",
        "$CSG[36771]",
        "$CSG[36763]",
        "$CSG[36766]",
        "$CSG[36769]",
        "$CSG[36772]"
    ],
    "noCsgImages": [
        { "path": "images/preview.png", "format": "raw" },
        "",
        "",
        "$RCT2:OBJDATA/CLIFT2.DAT[3]",
        "$RCT2:OBJDATA/CLIFT2.DAT[5]",
        "$RCT2:OBJDATA/CLIFT2.DAT[7]",
        "$RCT2:OBJDATA/CLIFT2.DAT[9]",
        "$RCT2:OBJDATA/CLIFT2.DAT[11]",
        "$RCT2:OBJDATA/CLIFT2.DAT[13]",
        "$RCT2:OBJDATA/CLIFT2.DAT[15]",
        "$RCT2:OBJDATA/CLIFT2.DAT[17]",
        "$RCT2:OBJDATA/CLIFT2.DAT[19]",
        "$RCT2:OBJDATA/CLIFT2.DAT[21]",
        "$RCT2:OBJDATA/CLIFT2.DAT[23]",
        "$RCT2:OBJDATA/CLIFT2.DAT[25]",
        "$RCT2:OBJDATA/CLIFT2.DAT[27]",
        "$RCT2:OBJDATA/CLIFT2.DAT[29]",
        "$RCT2:OBJDATA/CLIFT2.DAT[31]",
        "$RCT2:OBJDATA/CLIFT2.DAT[33]",

        "$RCT2:OBJDATA/CLIFT2.DAT[35..46]",

        "$RCT2:OBJDATA/CLIFT2.DAT[47]",
        "$RCT2:OBJDATA/CLIFT2.DAT[49]",
        "$RCT2:OBJDATA/CLIFT2.DAT[51]",
        "$RCT2:OBJDATA/CLIFT2.DAT[53]",
        "$RCT2:OBJDATA/CLIFT2.DAT[55]",
        "$RCT2:OBJDATA/CLIFT2.DAT[57]",
        "$RCT2:OBJDATA/CLIFT2.DAT[59]",
        "$RCT2:OBJDATA/CLIFT2.DAT[61]",
        "$RCT2:OBJDATA/CLIFT2.DAT[63]",
        "$RCT2:OBJDATA/CLIFT2.DAT[65]",
        "$RCT2:OBJDATA/CLIFT2.DAT[67]",
        "$RCT2:OBJDATA/CLIFT2.DAT[69]",
        "$RCT2:OBJDATA/CLIFT2.DAT[71]",
        "$RCT2:OBJDATA/CLIFT2.DAT[73]",
        "$RCT2:OBJDATA/CLIFT2.DAT[75]",
        "$RCT2:OBJDATA/CLIFT2.DAT[77]",

        "$RCT2:OBJDATA/CLIFT2.DAT[79..90]"
    ],
    "strings": {
        "name": {
            "en-GB": "Ski-lift Chairs",
            "fr-FR": "Téléski",
            "de-DE": "Skilift-Stühle",
            "es-ES": "Sillas de telesilla",
            "it-IT": "Sedili di ski-lift",
            "nl-NL": "Skiliftkarretjes",
            "sv-SE": "Stolslift",
            "ko-KR": "스키 리프트 의자",
            "zh-CN": "升降滑雪椅",
            "zh-TW": "登頂滑雪纜車車椅",
            "pt-BR": "Teleférico",
            "cs-CZ": "Sedačkové lanovky",
            "ja-JP": "スキーリフト車両",
            "pl-PL": "Podniebne krzesełka",
            "ru-RU": "Лыжные кресла",
            "eo-ZZ": "Skilifto-Seĝoj"
        },
        "description": {
            "en-GB": "Open cars for chairlift",
            "fr-FR": "Voitures ouvertes pour télésiège",
            "de-DE": "Offene Wagen für Sessellift",
            "es-ES": "Vagones abiertos para el telesilla",
            "it-IT": "Carrozze aperte che vengono trainate",
            "nl-NL": "Open karretjes in skiliftstijl.",
            "sv-SE": "Stolslift för linbana",
            "ko-KR": "체어 리프트를 위한 개방형 차량",
            "zh-CN": "开放列车让游客上下山使用",
            "zh-TW": "供纜車使用的開放式車卡",
            "pt-BR": "Carros abertos para teleférico",
            "cs-CZ": "Lanovka se sedačkami",
            "ja-JP": "屋根のないリフトカーです",
            "pl-PL": "Kolejka krzesełkowa z otwartymi siedziskami",
            "ru-RU": "Открытые вагончики",
            "eo-ZZ": "Subĉielaj ĉaroj de seĝlifto"
        },
        "capacity": {
            "en-GB": "2 passengers per car",
            "fr-FR": "2 passagers par voiture",
            "de-DE": "2 Fahrgäste pro Wagen",
            "es-ES": "2 pasajeros por vagón",
            "it-IT": "2 passeggeri a carrozza",
            "nl-NL": "2 passagiers per karretje",
            "sv-SE": "2 passagerare per vagn",
            "ko-KR": "차량당 2명의 승객",
            "zh-CN": "2位乘客/每个车厢",
            "zh-TW": "每車卡2位乘客",
            "pt-BR": "2 passageiros por carro",
            "cs-CZ": "2 místa na jedné sedačce",
            "ja-JP": "各車両2名",
            "pl-PL": "2 pasażerów na wagonik",
            "ru-RU": "2 пассажира",
            "eo-ZZ": "Po 2 pasaĝeroj por ĉaro"
        }
    }
}
