{
    "id": "rct1.ride.dodgems",
    "authors": ["Chris Sawyer", "Simon Foster"],
    "version": "1.0",
    "originalId": "00000000|#RCT1DOD|00000000",
    "sourceGame": "rct1",
    "isCompatibilityObject": true,
    "objectType": "ride",
    "properties": {
        "type": "dodgems",
        "category": "gentle",
        "carsPerFlatRide": 12,
        "carColours": [
            [
                ["bright_red", "white", "black"]
            ],
            [
                ["light_blue", "white", "black"]
            ],
            [
                ["yellow", "bright_red", "black"]
            ],
            [
                ["bright_purple", "yellow", "black"]
            ]
        ],
        "cars": {
            "rotationFrameMask": 15,
            "spacing": 139264,
            "mass": 200,
            "numSeats": 1,
            "numSeatRows": 1,
            "poweredAcceleration": 7,
            "poweredMaxSpeed": 10,
            "drawOrder": 7,
            "spriteGroups": {
                "slopeFlat":16
            },
            "hasDodgemInUseLights": true,
            "hasAdditionalColour1": true,
            "isPowered": true,
            "useBoatHireCollisionDetection": true,
            "hasVehicleAnimation": true,
            "useDodgemCarPlacement": true,
            "loadingPositions": [0]
        }
    },
    "images": [
        { "path": "images/preview.png", "format": "raw" },
        "",
        "",
        "$CSG[34361..34424]"
    ],
    "noCsgImages": [
        { "path": "images/preview.png", "format": "raw" },
        "",
        "",
        "$RCT2:OBJDATA/DODG1.DAT[3..4]",
        "$RCT2:OBJDATA/DODG1.DAT[7..8]",
        "$RCT2:OBJDATA/DODG1.DAT[11..12]",
        "$RCT2:OBJDATA/DODG1.DAT[15..16]",
        "$RCT2:OBJDATA/DODG1.DAT[19..20]",
        "$RCT2:OBJDATA/DODG1.DAT[23..24]",
        "$RCT2:OBJDATA/DODG1.DAT[27..28]",
        "$RCT2:OBJDATA/DODG1.DAT[31..32]",
        "$RCT2:OBJDATA/DODG1.DAT[35..36]",
        "$RCT2:OBJDATA/DODG1.DAT[39..40]",
        "$RCT2:OBJDATA/DODG1.DAT[43..44]",
        "$RCT2:OBJDATA/DODG1.DAT[47..48]",
        "$RCT2:OBJDATA/DODG1.DAT[51..52]",
        "$RCT2:OBJDATA/DODG1.DAT[55..56]",
        "$RCT2:OBJDATA/DODG1.DAT[59..60]",
        "$RCT2:OBJDATA/DODG1.DAT[63..64]",

        "$RCT2:OBJDATA/DODG1.DAT[67..68]",
        "$RCT2:OBJDATA/DODG1.DAT[71..72]",
        "$RCT2:OBJDATA/DODG1.DAT[75..76]",
        "$RCT2:OBJDATA/DODG1.DAT[79..80]",
        "$RCT2:OBJDATA/DODG1.DAT[83..84]",
        "$RCT2:OBJDATA/DODG1.DAT[87..88]",
        "$RCT2:OBJDATA/DODG1.DAT[91..92]",
        "$RCT2:OBJDATA/DODG1.DAT[95..96]",
        "$RCT2:OBJDATA/DODG1.DAT[99..100]",
        "$RCT2:OBJDATA/DODG1.DAT[103..104]",
        "$RCT2:OBJDATA/DODG1.DAT[107..108]",
        "$RCT2:OBJDATA/DODG1.DAT[111..112]",
        "$RCT2:OBJDATA/DODG1.DAT[115..116]",
        "$RCT2:OBJDATA/DODG1.DAT[119..120]",
        "$RCT2:OBJDATA/DODG1.DAT[123..124]",
        "$RCT2:OBJDATA/DODG1.DAT[127..128]"
    ],
    "strings": {
        "name": {
            "en-GB": "Dodgems",
            "en-US": "Bumper Cars",
            "fr-FR": "Autos tamponneuses",
            "de-DE": "Autoscooter",
            "es-ES": "Coches de choque",
            "it-IT": "Auto-scontro",
            "nl-NL": "Botsauto’s",
            "sv-SE": "Radiobilar",
            "ko-KR": "범퍼카",
            "zh-CN": "电动碰碰车",
            "zh-TW": "碰碰車",
            "pt-BR": "Bate-bate",
            "cs-CZ": "Autodrom",
            "ja-JP": "ダージャムズ",
            "nb-NO": "Radiobiler",
            "pl-PL": "Unikajki",
            "ru-RU": "Кар",
            "eo-ZZ": "Doĝemoj"
        },
        "description": {
            "en-GB": "Riders bump into each other in self-drive electric dodgems",
            "en-US": "Riders bump into each other in self-driven electric bumper cars",
            "fr-FR": "Autos tamponneuses électriques",
            "de-DE": "Die Fahrer kollidieren miteinander in selbstgesteuerten elektrischen Wagen",
            "es-ES": "Coches de choque eléctricos autopropulsados",
            "it-IT": "Auto da scontro elettriche guidate dal visitatore",
            "nl-NL": "Elektrische wagentjes die de passagiers zelf besturen.",
            "sv-SE": "Passagerare kör omkring och krockar i varandra med eldrivna radiobilar",
            "ko-KR": "스스로 운전하는 전기 범퍼카 차량",
            "zh-CN": "每一位游客开一辆电动碰碰车",
            "zh-TW": "自助駕駛的電力碰碰車",
            "pt-BR": "Passageiros batem uns nos outros carros bate-bate elétricos pilotáveis",
            "cs-CZ": "Autodrom s elektrickými autíčky",
            "ja-JP": "乗客が運転する、電動のバンパーカーです",
            "pl-PL": "Samochodziki z napędem elektrycznym",
            "ru-RU": "Электромобильчики",
            "eo-ZZ": "Rajdantoj albatiĝas al unu la alian per elektraj doĝemoj"
        },
        "capacity": {
            "en-GB": "1 person per car",
            "fr-FR": "1 personne par voiture",
            "de-DE": "1 Person pro Wagen",
            "es-ES": "1 persona por vagón",
            "it-IT": "1 persona per auto",
            "nl-NL": "1 passagier per botsauto",
            "sv-SE": "1 person per bil",
            "ko-KR": "차량당 1명의 손님",
            "zh-CN": "1位乘客/每个车厢",
            "zh-TW": "每車輛1位乘客",
            "pt-BR": "1 pessoa por carro",
            "cs-CZ": "1 místo v každém voze",
            "ja-JP": "各車両1名",
            "pl-PL": "1 osoba na samochód",
            "ru-RU": "1 чел.",
            "eo-ZZ": "Po 1 ulo por ĉaro"
        }
    }
}
