{
    "id": "rct1ll.footpath_railings.space",
    "authors": [
        "Chris Sawyer",
        "Simon Foster"
    ],
    "version": "1.0",
    "sourceGame": "rct1ll",
    "objectType": "footpath_railings",
    "properties": {
        "hasElevatedPathImages": true,
        "supportType": "pole",
        "scrollingMode": 0,
        "colour": "grey"
    },
    "images": [
        { "path": "preview.png", "x": 1, "y": 1 },
        "$RCT2:OBJDATA/PATHSPCE.DAT[73..108]",
        "$G1[3425..3444]",
        "$G1[3124..3140]"
    ],
    "strings": {
        "name": {
            "en-GB": "Space Style Railings (Grey)",
            "en-US": "Space Style Railings (Gray)",
            "de-DE": "Weltraumstilgeländer (grau)",
            "nl-NL": "Ruimte-ondersteuningen (grijs)",
            "eo-ZZ": "Kosmo-Stilaj Balustradoj (Griza)",
            "ca-ES": "Baranes d’estil espacial (grises)"
        }
    }
}
