{
    "id": "rct1aa.ride.bicycles",
    "authors": [
        "Chris Sawyer",
        "Simon Foster"
    ],
    "version": "1.0",
    "originalId": "00000000|#RCT1BIK|00000000",
    "sourceGame": "rct1aa",
    "isCompatibilityObject": true,
    "objectType": "ride",
    "properties": {
        "type": "monorail_cycles",
        "category": [
            "gentle",
            "transport"
        ],
        "noCollisionCrashes": true,
        "carColours": [
            [
                [
                    "bordeaux_red",
                    "black",
                    "black"
                ]
            ],
            [
                [
                    "dark_green",
                    "black",
                    "black"
                ]
            ]
        ],
        "cars": {
            "rotationFrameMask": 15,
            "spacing": 199680,
            "mass": 150,
            "numSeats": 1,
            "animation": 8,
            "numSeatRows": 1,
            "poweredAcceleration": 40,
            "poweredMaxSpeed": 5,
            "drawOrder": 6,
            "spriteGroups": {
                "slopeFlat": 16
            },
            "isPowered": true,
            "hasRiderAnimation": true,
            "loadingPositions": [
                0
            ]
        },
        "buildMenuPriority": 1
    },
    "images": [
        { "path": "images/preview.png", "format": "raw" },
        "",
        "",
        "$CSG[32333..32412]"
    ],
    "strings": {
        "name": {
            "en-GB": "Bicycles",
            "fr-FR": "Vélos",
            "de-DE": "Fahrräder",
            "es-ES": "Bicis Monorrail",
            "it-IT": "Biciclette su monorotaia",
            "nl-NL": "Fietsen",
            "sv-SE": "Enspårs-cyklar",
            "ko-KR": "모노레일 자전거",
            "zh-CN": "空中脚踏车",
            "zh-TW": "空中腳踏車",
            "pt-BR": "Bicicletas",
            "cs-CZ": "Jízdní kola",
            "ja-JP": "モノレール自転車",
            "pl-PL": "Rowery jednotorowe",
            "ru-RU": "Моноциклы",
            "eo-ZZ": "Bicikloj"
        },
        "description": {
            "en-GB": "Special bicycles that run on a monorail track, propelled by the pedalling of the riders",
            "en-US": "Special bicycles that run on a monorail track, propelled by the pedaling of the riders",
            "fr-FR": "Des vélos spéciaux parcourent une voie monorail métallique",
            "de-DE": "Spezielle Fahrräder, die auf einer Einschienenstrecke fahren und von den Passagieren mit Pedalen angetrieben werden",
            "es-ES": "Bicicletas especiales que recorren sobre un monorraíl, impulsadas por pedaleo",
            "it-IT": "Speciali biciclette viaggiano lungo un tracciato monorotaia d'acciaio, spinti dalle pedalate dei passeggeri",
            "nl-NL": "Speciale fietsen rijden over een stalen monorail, voortbewogen door het trappen van de passagiers.",
            "sv-SE": "Speciella cyklar som passagerarna själva trampar fram längs en stålskensbana",
            "ko-KR": "탑승자가 직접 페달을 밟으면 강철 모노레일 트랙 위를 움직이는 특별한 자전거",
            "zh-CN": "特殊的脚踏车在单轨铁路轨道上运行,由乘客自行脚踏前进",
            "zh-TW": "特殊的腳踏車在單軌鐵路軌道上運行,由乘客自行腳踏前進",
            "pt-BR": "Bicicletas especiais que correm numa pista  de monotrilho, propulsionadas pelas pedaladas dos passageiros",
            "cs-CZ": "Po ocelové kolejnici jezdí speciální jízdní kola, ovládané šlapáním návštěvníků",
            "ja-JP": "乗客が特殊な自転車のペダルを漕ぎ、モノレールコースを走る乗物です",
            "pl-PL": "Specjalne rowery jadące po stalowej jednoszynowej trasie, napędzane przez pedałujących pasażerów",
            "ru-RU": "Особые велосипеды с педальной тягой едут по стальным рельсам.",
            "eo-ZZ": "Specialaj bicikloj, kiuj veturas sur monorela trako, povigitaj de la pedalo de la rajdantoj"
        },
        "capacity": {
            "en-GB": "1 rider per bicycle",
            "fr-FR": "1 personne par vélo",
            "de-DE": "1 Person pro Fahrrad",
            "es-ES": "1 ciclista por bicicleta",
            "it-IT": "1 passeggero a bicicletta",
            "nl-NL": "1 persoon per fiets",
            "sv-SE": "1 passagerare per cykel",
            "ko-KR": "자전거 당 1명의 탑승객",
            "zh-CN": "1 位乘客/每辆脚踏车",
            "zh-TW": "1 位乘客/每輛腳踏車",
            "pt-BR": "1 passageiro por bicicleta",
            "cs-CZ": "1 místo na každém kole",
            "ja-JP": "各車両1名",
            "pl-PL": "1 pasażer na rower",
            "ru-RU": "1 человек",
            "eo-ZZ": "Po 1 rajdanto por biciklo"
        }
    },
    "noCsgImages": [
        { "path": "images/preview.png", "format": "raw" },
        "",
        "",
        "$RCT2:OBJDATA/MONBK.DAT[3]",
        "$RCT2:OBJDATA/MONBK.DAT[11]",
        "$RCT2:OBJDATA/MONBK.DAT[19]",
        "$RCT2:OBJDATA/MONBK.DAT[27]",
        "$RCT2:OBJDATA/MONBK.DAT[35]",
        "$RCT2:OBJDATA/MONBK.DAT[43]",
        "$RCT2:OBJDATA/MONBK.DAT[51]",
        "$RCT2:OBJDATA/MONBK.DAT[59]",
        "$RCT2:OBJDATA/MONBK.DAT[67]",
        "$RCT2:OBJDATA/MONBK.DAT[75]",
        "$RCT2:OBJDATA/MONBK.DAT[83]",
        "$RCT2:OBJDATA/MONBK.DAT[91]",
        "$RCT2:OBJDATA/MONBK.DAT[99]",
        "$RCT2:OBJDATA/MONBK.DAT[107]",
        "$RCT2:OBJDATA/MONBK.DAT[115]",
        "$RCT2:OBJDATA/MONBK.DAT[123]",

        "$RCT2:OBJDATA/MONBK.DAT[131]",
        "$RCT2:OBJDATA/MONBK.DAT[139]",
        "$RCT2:OBJDATA/MONBK.DAT[147]",
        "$RCT2:OBJDATA/MONBK.DAT[155]",
        "$RCT2:OBJDATA/MONBK.DAT[163]",
        "$RCT2:OBJDATA/MONBK.DAT[171]",
        "$RCT2:OBJDATA/MONBK.DAT[179]",
        "$RCT2:OBJDATA/MONBK.DAT[187]",
        "$RCT2:OBJDATA/MONBK.DAT[195]",
        "$RCT2:OBJDATA/MONBK.DAT[203]",
        "$RCT2:OBJDATA/MONBK.DAT[211]",
        "$RCT2:OBJDATA/MONBK.DAT[219]",
        "$RCT2:OBJDATA/MONBK.DAT[227]",
        "$RCT2:OBJDATA/MONBK.DAT[235]",
        "$RCT2:OBJDATA/MONBK.DAT[243]",
        "$RCT2:OBJDATA/MONBK.DAT[251]",
        "$RCT2:OBJDATA/MONBK.DAT[132]",
        "$RCT2:OBJDATA/MONBK.DAT[140]",
        "$RCT2:OBJDATA/MONBK.DAT[148]",
        "$RCT2:OBJDATA/MONBK.DAT[156]",
        "$RCT2:OBJDATA/MONBK.DAT[164]",
        "$RCT2:OBJDATA/MONBK.DAT[172]",
        "$RCT2:OBJDATA/MONBK.DAT[180]",
        "$RCT2:OBJDATA/MONBK.DAT[188]",
        "$RCT2:OBJDATA/MONBK.DAT[196]",
        "$RCT2:OBJDATA/MONBK.DAT[204]",
        "$RCT2:OBJDATA/MONBK.DAT[212]",
        "$RCT2:OBJDATA/MONBK.DAT[220]",
        "$RCT2:OBJDATA/MONBK.DAT[228]",
        "$RCT2:OBJDATA/MONBK.DAT[236]",
        "$RCT2:OBJDATA/MONBK.DAT[244]",
        "$RCT2:OBJDATA/MONBK.DAT[252]",
        "$RCT2:OBJDATA/MONBK.DAT[133]",
        "$RCT2:OBJDATA/MONBK.DAT[141]",
        "$RCT2:OBJDATA/MONBK.DAT[149]",
        "$RCT2:OBJDATA/MONBK.DAT[157]",
        "$RCT2:OBJDATA/MONBK.DAT[165]",
        "$RCT2:OBJDATA/MONBK.DAT[173]",
        "$RCT2:OBJDATA/MONBK.DAT[181]",
        "$RCT2:OBJDATA/MONBK.DAT[189]",
        "$RCT2:OBJDATA/MONBK.DAT[197]",
        "$RCT2:OBJDATA/MONBK.DAT[205]",
        "$RCT2:OBJDATA/MONBK.DAT[213]",
        "$RCT2:OBJDATA/MONBK.DAT[221]",
        "$RCT2:OBJDATA/MONBK.DAT[229]",
        "$RCT2:OBJDATA/MONBK.DAT[237]",
        "$RCT2:OBJDATA/MONBK.DAT[245]",
        "$RCT2:OBJDATA/MONBK.DAT[253]",
        "$RCT2:OBJDATA/MONBK.DAT[134]",
        "$RCT2:OBJDATA/MONBK.DAT[142]",
        "$RCT2:OBJDATA/MONBK.DAT[150]",
        "$RCT2:OBJDATA/MONBK.DAT[158]",
        "$RCT2:OBJDATA/MONBK.DAT[166]",
        "$RCT2:OBJDATA/MONBK.DAT[174]",
        "$RCT2:OBJDATA/MONBK.DAT[182]",
        "$RCT2:OBJDATA/MONBK.DAT[190]",
        "$RCT2:OBJDATA/MONBK.DAT[198]",
        "$RCT2:OBJDATA/MONBK.DAT[206]",
        "$RCT2:OBJDATA/MONBK.DAT[214]",
        "$RCT2:OBJDATA/MONBK.DAT[222]",
        "$RCT2:OBJDATA/MONBK.DAT[230]",
        "$RCT2:OBJDATA/MONBK.DAT[238]",
        "$RCT2:OBJDATA/MONBK.DAT[246]",
        "$RCT2:OBJDATA/MONBK.DAT[254]"
    ]
}
