{
    "id": "rct1.ride.log_trains",
    "authors": [
        "Chris Sawyer",
        "Simon Foster"
    ],
    "version": "1.0",
    "originalId": "00000000|RCT1ZLOG|00000000",
    "sourceGame": "rct1",
    "objectType": "ride",
    "properties": {
        "type": "classic_mini_rc",
        "category": "rollercoaster",
        "noInversions": true,
        "minCarsPerTrain": 3,
        "maxCarsPerTrain": 10,
        "carColours": [
            [
                [
                    "dark_brown",
                    "dark_green"
                ]
            ],
            [
                [
                    "light_brown",
                    "bordeaux_red"
                ]
            ]
        ],
        "cars": {
            "rotationFrameMask": 15,
            "spacing": 139264,
            "mass": 300,
            "numSeats": 2,
            "numSeatRows": 1,
            "frictionSoundId": 2,
            "soundRange": 2,
            "drawOrder": 8,
            "spriteGroups": {
                "slopeFlat": 16,
                "slopes12": 4,
                "slopes25": 16,
                "slopes42": 8,
                "slopes60": 4,
                "slopes8": 4,
                "slopes16": 4,
                "slopes50": 4,
                "flatBanked22": 8,
                "flatBanked45": 16,
                "slopes12Banked22": 4,
                "slopes8Banked22": 4,
                "restraintAnimation": 4
            },
            "hasAdditionalColour1": true,
            "hasScreamingRiders": true,
            "loadingPositions": [
                2,
                4
            ]
        },
        "buildMenuPriority": 3
    },
    "images": [
        { "path": "images/preview.png", "format": "raw" },
        "",
        "",
        "$CSG[27658..27673]",
        "$CSG[27674]",
        "$CSG[27682]",
        "$CSG[27690]",
        "$CSG[27698]",
        "$CSG[27678]",
        "$CSG[27686]",
        "$CSG[27694]",
        "$CSG[27702]",
        "$CSG[27675]",
        "$CSG[27706..27708]",
        "$CSG[27683]",
        "$CSG[27709..27711]",
        "$CSG[27691]",
        "$CSG[27712..27714]",
        "$CSG[27699]",
        "$CSG[27715..27717]",
        "$CSG[27679]",
        "$CSG[27718..27720]",
        "$CSG[27687]",
        "$CSG[27721..27723]",
        "$CSG[27695]",
        "$CSG[27724..27726]",
        "$CSG[27703]",
        "$CSG[27727..27729]",
        "$CSG[27676]",
        "$CSG[27750]",
        "$CSG[27684]",
        "$CSG[27751]",
        "$CSG[27692]",
        "$CSG[27752]",
        "$CSG[27700]",
        "$CSG[27753]",
        "$CSG[27680]",
        "$CSG[27766]",
        "$CSG[27688]",
        "$CSG[27767]",
        "$CSG[27696]",
        "$CSG[27768]",
        "$CSG[27704]",
        "$CSG[27769]",
        "$CSG[27677]",
        "$CSG[27685]",
        "$CSG[27693]",
        "$CSG[27701]",
        "$CSG[27681]",
        "$CSG[27689]",
        "$CSG[27697]",
        "$CSG[27705]",
        "$CSG[27742..27745]",
        "$CSG[27758..27761]",
        "$CSG[27746..27749]",
        "$CSG[27762..27765]",
        "$CSG[27754..27757]",
        "$CSG[27770..27773]",
        "$CSG[27806]",
        "$CSG[27846]",
        "$CSG[27807]",
        "$CSG[27847]",
        "$CSG[27808]",
        "$CSG[27848]",
        "$CSG[27809]",
        "$CSG[27849]",
        "$CSG[27810]",
        "$CSG[27850]",
        "$CSG[27811]",
        "$CSG[27851]",
        "$CSG[27812]",
        "$CSG[27852]",
        "$CSG[27813]",
        "$CSG[27853]",
        "$CSG[27774..27805]",
        "$CSG[27814..27845]",
        "$CSG[27730]",
        "$CSG[27733]",
        "$CSG[27736]",
        "$CSG[27739]",
        "$CSG[27731]",
        "$CSG[27734]",
        "$CSG[27737]",
        "$CSG[27740]",
        "$CSG[27732]",
        "$CSG[27735]",
        "$CSG[27738]",
        "$CSG[27741]",
        "$CSG[27854..27869]",
        "$CSG[27870]",
        "$CSG[27878]",
        "$CSG[27886]",
        "$CSG[27894]",
        "$CSG[27874]",
        "$CSG[27882]",
        "$CSG[27890]",
        "$CSG[27898]",
        "$CSG[27871]",
        "$CSG[27902..27904]",
        "$CSG[27879]",
        "$CSG[27905..27907]",
        "$CSG[27887]",
        "$CSG[27908..27910]",
        "$CSG[27895]",
        "$CSG[27911..27913]",
        "$CSG[27875]",
        "$CSG[27914..27916]",
        "$CSG[27883]",
        "$CSG[27917..27919]",
        "$CSG[27891]",
        "$CSG[27920..27922]",
        "$CSG[27899]",
        "$CSG[27923..27925]",
        "$CSG[27872]",
        "$CSG[27946]",
        "$CSG[27880]",
        "$CSG[27947]",
        "$CSG[27888]",
        "$CSG[27948]",
        "$CSG[27896]",
        "$CSG[27949]",
        "$CSG[27876]",
        "$CSG[27962]",
        "$CSG[27884]",
        "$CSG[27963]",
        "$CSG[27892]",
        "$CSG[27964]",
        "$CSG[27900]",
        "$CSG[27965]",
        "$CSG[27873]",
        "$CSG[27881]",
        "$CSG[27889]",
        "$CSG[27897]",
        "$CSG[27877]",
        "$CSG[27885]",
        "$CSG[27893]",
        "$CSG[27901]",
        "$CSG[27938..27941]",
        "$CSG[27954..27957]",
        "$CSG[27942..27945]",
        "$CSG[27958..27961]",
        "$CSG[27950..27953]",
        "$CSG[27966..27969]",
        "$CSG[28002]",
        "$CSG[28042]",
        "$CSG[28003]",
        "$CSG[28043]",
        "$CSG[28004]",
        "$CSG[28044]",
        "$CSG[28005]",
        "$CSG[28045]",
        "$CSG[28006]",
        "$CSG[28046]",
        "$CSG[28007]",
        "$CSG[28047]",
        "$CSG[28008]",
        "$CSG[28048]",
        "$CSG[28009]",
        "$CSG[28049]",
        "$CSG[27970..28001]",
        "$CSG[28010..28041]",
        "$CSG[27926]",
        "$CSG[27929]",
        "$CSG[27932]",
        "$CSG[27935]",
        "$CSG[27927]",
        "$CSG[27930]",
        "$CSG[27933]",
        "$CSG[27936]",
        "$CSG[27928]",
        "$CSG[27931]",
        "$CSG[27934]",
        "$CSG[27937]"
    ],
    "noCsgImages": [
        { "path": "images/preview.png", "format": "raw" },
        "",
        "",
        "$RCT2:OBJDATA/ZLOG.DAT[3]",
        "$RCT2:OBJDATA/ZLOG.DAT[5]",
        "$RCT2:OBJDATA/ZLOG.DAT[7]",
        "$RCT2:OBJDATA/ZLOG.DAT[9]",
        "$RCT2:OBJDATA/ZLOG.DAT[11]",
        "$RCT2:OBJDATA/ZLOG.DAT[13]",
        "$RCT2:OBJDATA/ZLOG.DAT[15]",
        "$RCT2:OBJDATA/ZLOG.DAT[17]",
        "$RCT2:OBJDATA/ZLOG.DAT[19]",
        "$RCT2:OBJDATA/ZLOG.DAT[21]",
        "$RCT2:OBJDATA/ZLOG.DAT[23]",
        "$RCT2:OBJDATA/ZLOG.DAT[25]",
        "$RCT2:OBJDATA/ZLOG.DAT[27]",
        "$RCT2:OBJDATA/ZLOG.DAT[29]",
        "$RCT2:OBJDATA/ZLOG.DAT[31]",
        "$RCT2:OBJDATA/ZLOG.DAT[33]",
        "$RCT2:OBJDATA/ZLOG.DAT[35..42]",
        "$RCT2:OBJDATA/ZLOG.DAT[43]",
        "$RCT2:OBJDATA/ZLOG.DAT[45]",
        "$RCT2:OBJDATA/ZLOG.DAT[47]",
        "$RCT2:OBJDATA/ZLOG.DAT[49]",
        "$RCT2:OBJDATA/ZLOG.DAT[51]",
        "$RCT2:OBJDATA/ZLOG.DAT[53]",
        "$RCT2:OBJDATA/ZLOG.DAT[55]",
        "$RCT2:OBJDATA/ZLOG.DAT[57]",
        "$RCT2:OBJDATA/ZLOG.DAT[59]",
        "$RCT2:OBJDATA/ZLOG.DAT[61]",
        "$RCT2:OBJDATA/ZLOG.DAT[63]",
        "$RCT2:OBJDATA/ZLOG.DAT[65]",
        "$RCT2:OBJDATA/ZLOG.DAT[67]",
        "$RCT2:OBJDATA/ZLOG.DAT[69]",
        "$RCT2:OBJDATA/ZLOG.DAT[71]",
        "$RCT2:OBJDATA/ZLOG.DAT[73]",
        "$RCT2:OBJDATA/ZLOG.DAT[75]",
        "$RCT2:OBJDATA/ZLOG.DAT[77]",
        "$RCT2:OBJDATA/ZLOG.DAT[79]",
        "$RCT2:OBJDATA/ZLOG.DAT[81]",
        "$RCT2:OBJDATA/ZLOG.DAT[83]",
        "$RCT2:OBJDATA/ZLOG.DAT[85]",
        "$RCT2:OBJDATA/ZLOG.DAT[87]",
        "$RCT2:OBJDATA/ZLOG.DAT[89]",
        "$RCT2:OBJDATA/ZLOG.DAT[91]",
        "$RCT2:OBJDATA/ZLOG.DAT[93]",
        "$RCT2:OBJDATA/ZLOG.DAT[95]",
        "$RCT2:OBJDATA/ZLOG.DAT[97]",
        "$RCT2:OBJDATA/ZLOG.DAT[99]",
        "$RCT2:OBJDATA/ZLOG.DAT[101]",
        "$RCT2:OBJDATA/ZLOG.DAT[103]",
        "$RCT2:OBJDATA/ZLOG.DAT[105]",
        "$RCT2:OBJDATA/ZLOG.DAT[43]",
        "$RCT2:OBJDATA/ZLOG.DAT[47]",
        "$RCT2:OBJDATA/ZLOG.DAT[51]",
        "$RCT2:OBJDATA/ZLOG.DAT[55]",
        "$RCT2:OBJDATA/ZLOG.DAT[59]",
        "$RCT2:OBJDATA/ZLOG.DAT[63]",
        "$RCT2:OBJDATA/ZLOG.DAT[67]",
        "$RCT2:OBJDATA/ZLOG.DAT[71]",
        "$RCT2:OBJDATA/ZLOG.DAT[75]",
        "$RCT2:OBJDATA/ZLOG.DAT[79]",
        "$RCT2:OBJDATA/ZLOG.DAT[83]",
        "$RCT2:OBJDATA/ZLOG.DAT[87]",
        "$RCT2:OBJDATA/ZLOG.DAT[91]",
        "$RCT2:OBJDATA/ZLOG.DAT[95]",
        "$RCT2:OBJDATA/ZLOG.DAT[99]",
        "$RCT2:OBJDATA/ZLOG.DAT[103]",
        "$RCT2:OBJDATA/ZLOG.DAT[43]",
        "$RCT2:OBJDATA/ZLOG.DAT[51]",
        "$RCT2:OBJDATA/ZLOG.DAT[59]",
        "$RCT2:OBJDATA/ZLOG.DAT[67]",
        "$RCT2:OBJDATA/ZLOG.DAT[75]",
        "$RCT2:OBJDATA/ZLOG.DAT[83]",
        "$RCT2:OBJDATA/ZLOG.DAT[91]",
        "$RCT2:OBJDATA/ZLOG.DAT[99]",
        "$RCT2:OBJDATA/ZLOG.DAT[107..146]",
        "$RCT2:OBJDATA/ZLOG.DAT[147]",
        "$RCT2:OBJDATA/ZLOG.DAT[149]",
        "$RCT2:OBJDATA/ZLOG.DAT[151]",
        "$RCT2:OBJDATA/ZLOG.DAT[153]",
        "$RCT2:OBJDATA/ZLOG.DAT[155]",
        "$RCT2:OBJDATA/ZLOG.DAT[157]",
        "$RCT2:OBJDATA/ZLOG.DAT[159]",
        "$RCT2:OBJDATA/ZLOG.DAT[161]",
        "$RCT2:OBJDATA/ZLOG.DAT[163]",
        "$RCT2:OBJDATA/ZLOG.DAT[165]",
        "$RCT2:OBJDATA/ZLOG.DAT[167]",
        "$RCT2:OBJDATA/ZLOG.DAT[169]",
        "$RCT2:OBJDATA/ZLOG.DAT[171]",
        "$RCT2:OBJDATA/ZLOG.DAT[173]",
        "$RCT2:OBJDATA/ZLOG.DAT[175]",
        "$RCT2:OBJDATA/ZLOG.DAT[177]",
        "$RCT2:OBJDATA/ZLOG.DAT[179]",
        "$RCT2:OBJDATA/ZLOG.DAT[181]",
        "$RCT2:OBJDATA/ZLOG.DAT[183]",
        "$RCT2:OBJDATA/ZLOG.DAT[185]",
        "$RCT2:OBJDATA/ZLOG.DAT[187]",
        "$RCT2:OBJDATA/ZLOG.DAT[189]",
        "$RCT2:OBJDATA/ZLOG.DAT[191]",
        "$RCT2:OBJDATA/ZLOG.DAT[193]",
        "$RCT2:OBJDATA/ZLOG.DAT[195]",
        "$RCT2:OBJDATA/ZLOG.DAT[197]",
        "$RCT2:OBJDATA/ZLOG.DAT[199]",
        "$RCT2:OBJDATA/ZLOG.DAT[201]",
        "$RCT2:OBJDATA/ZLOG.DAT[203]",
        "$RCT2:OBJDATA/ZLOG.DAT[205]",
        "$RCT2:OBJDATA/ZLOG.DAT[207]",
        "$RCT2:OBJDATA/ZLOG.DAT[209]",
        "$RCT2:OBJDATA/ZLOG.DAT[211]",
        "$RCT2:OBJDATA/ZLOG.DAT[219]",
        "$RCT2:OBJDATA/ZLOG.DAT[227]",
        "$RCT2:OBJDATA/ZLOG.DAT[235]",
        "$RCT2:OBJDATA/ZLOG.DAT[243]",
        "$RCT2:OBJDATA/ZLOG.DAT[251]",
        "$RCT2:OBJDATA/ZLOG.DAT[259]",
        "$RCT2:OBJDATA/ZLOG.DAT[267]",
        "$RCT2:OBJDATA/ZLOG.DAT[275]",
        "$RCT2:OBJDATA/ZLOG.DAT[283]",
        "$RCT2:OBJDATA/ZLOG.DAT[291]",
        "$RCT2:OBJDATA/ZLOG.DAT[299]",
        "$RCT2:OBJDATA/ZLOG.DAT[307]",
        "$RCT2:OBJDATA/ZLOG.DAT[315]",
        "$RCT2:OBJDATA/ZLOG.DAT[323]",
        "$RCT2:OBJDATA/ZLOG.DAT[331]",
        "$RCT2:OBJDATA/ZLOG.DAT[339..366]",
        "$RCT2:OBJDATA/ZLOG.DAT[367]",
        "$RCT2:OBJDATA/ZLOG.DAT[369]",
        "$RCT2:OBJDATA/ZLOG.DAT[371]",
        "$RCT2:OBJDATA/ZLOG.DAT[373]",
        "$RCT2:OBJDATA/ZLOG.DAT[375]",
        "$RCT2:OBJDATA/ZLOG.DAT[377]",
        "$RCT2:OBJDATA/ZLOG.DAT[379]",
        "$RCT2:OBJDATA/ZLOG.DAT[381]",
        "$RCT2:OBJDATA/ZLOG.DAT[383]",
        "$RCT2:OBJDATA/ZLOG.DAT[385]",
        "$RCT2:OBJDATA/ZLOG.DAT[387]",
        "$RCT2:OBJDATA/ZLOG.DAT[389]",
        "$RCT2:OBJDATA/ZLOG.DAT[391]",
        "$RCT2:OBJDATA/ZLOG.DAT[393]",
        "$RCT2:OBJDATA/ZLOG.DAT[395]",
        "$RCT2:OBJDATA/ZLOG.DAT[397]",
        "$RCT2:OBJDATA/ZLOG.DAT[399..406]",
        "$RCT2:OBJDATA/ZLOG.DAT[407]",
        "$RCT2:OBJDATA/ZLOG.DAT[409]",
        "$RCT2:OBJDATA/ZLOG.DAT[411]",
        "$RCT2:OBJDATA/ZLOG.DAT[413]",
        "$RCT2:OBJDATA/ZLOG.DAT[415]",
        "$RCT2:OBJDATA/ZLOG.DAT[417]",
        "$RCT2:OBJDATA/ZLOG.DAT[419]",
        "$RCT2:OBJDATA/ZLOG.DAT[421]",
        "$RCT2:OBJDATA/ZLOG.DAT[423]",
        "$RCT2:OBJDATA/ZLOG.DAT[425]",
        "$RCT2:OBJDATA/ZLOG.DAT[427]",
        "$RCT2:OBJDATA/ZLOG.DAT[429]",
        "$RCT2:OBJDATA/ZLOG.DAT[431]",
        "$RCT2:OBJDATA/ZLOG.DAT[433]",
        "$RCT2:OBJDATA/ZLOG.DAT[435]",
        "$RCT2:OBJDATA/ZLOG.DAT[437]",
        "$RCT2:OBJDATA/ZLOG.DAT[439]",
        "$RCT2:OBJDATA/ZLOG.DAT[441]",
        "$RCT2:OBJDATA/ZLOG.DAT[443]",
        "$RCT2:OBJDATA/ZLOG.DAT[445]",
        "$RCT2:OBJDATA/ZLOG.DAT[447]",
        "$RCT2:OBJDATA/ZLOG.DAT[449]",
        "$RCT2:OBJDATA/ZLOG.DAT[451]",
        "$RCT2:OBJDATA/ZLOG.DAT[453]",
        "$RCT2:OBJDATA/ZLOG.DAT[455]",
        "$RCT2:OBJDATA/ZLOG.DAT[457]",
        "$RCT2:OBJDATA/ZLOG.DAT[459]",
        "$RCT2:OBJDATA/ZLOG.DAT[461]",
        "$RCT2:OBJDATA/ZLOG.DAT[463]",
        "$RCT2:OBJDATA/ZLOG.DAT[465]",
        "$RCT2:OBJDATA/ZLOG.DAT[467]",
        "$RCT2:OBJDATA/ZLOG.DAT[469]",
        "$RCT2:OBJDATA/ZLOG.DAT[407]",
        "$RCT2:OBJDATA/ZLOG.DAT[411]",
        "$RCT2:OBJDATA/ZLOG.DAT[415]",
        "$RCT2:OBJDATA/ZLOG.DAT[419]",
        "$RCT2:OBJDATA/ZLOG.DAT[423]",
        "$RCT2:OBJDATA/ZLOG.DAT[427]",
        "$RCT2:OBJDATA/ZLOG.DAT[431]",
        "$RCT2:OBJDATA/ZLOG.DAT[435]",
        "$RCT2:OBJDATA/ZLOG.DAT[439]",
        "$RCT2:OBJDATA/ZLOG.DAT[443]",
        "$RCT2:OBJDATA/ZLOG.DAT[447]",
        "$RCT2:OBJDATA/ZLOG.DAT[451]",
        "$RCT2:OBJDATA/ZLOG.DAT[455]",
        "$RCT2:OBJDATA/ZLOG.DAT[459]",
        "$RCT2:OBJDATA/ZLOG.DAT[463]",
        "$RCT2:OBJDATA/ZLOG.DAT[467]",
        "$RCT2:OBJDATA/ZLOG.DAT[407]",
        "$RCT2:OBJDATA/ZLOG.DAT[415]",
        "$RCT2:OBJDATA/ZLOG.DAT[423]",
        "$RCT2:OBJDATA/ZLOG.DAT[431]",
        "$RCT2:OBJDATA/ZLOG.DAT[439]",
        "$RCT2:OBJDATA/ZLOG.DAT[447]",
        "$RCT2:OBJDATA/ZLOG.DAT[455]",
        "$RCT2:OBJDATA/ZLOG.DAT[463]",
        "$RCT2:OBJDATA/ZLOG.DAT[471..510]",
        "$RCT2:OBJDATA/ZLOG.DAT[511]",
        "$RCT2:OBJDATA/ZLOG.DAT[513]",
        "$RCT2:OBJDATA/ZLOG.DAT[515]",
        "$RCT2:OBJDATA/ZLOG.DAT[517]",
        "$RCT2:OBJDATA/ZLOG.DAT[519]",
        "$RCT2:OBJDATA/ZLOG.DAT[521]",
        "$RCT2:OBJDATA/ZLOG.DAT[523]",
        "$RCT2:OBJDATA/ZLOG.DAT[525]",
        "$RCT2:OBJDATA/ZLOG.DAT[527]",
        "$RCT2:OBJDATA/ZLOG.DAT[529]",
        "$RCT2:OBJDATA/ZLOG.DAT[531]",
        "$RCT2:OBJDATA/ZLOG.DAT[533]",
        "$RCT2:OBJDATA/ZLOG.DAT[535]",
        "$RCT2:OBJDATA/ZLOG.DAT[537]",
        "$RCT2:OBJDATA/ZLOG.DAT[539]",
        "$RCT2:OBJDATA/ZLOG.DAT[541]",
        "$RCT2:OBJDATA/ZLOG.DAT[543]",
        "$RCT2:OBJDATA/ZLOG.DAT[545]",
        "$RCT2:OBJDATA/ZLOG.DAT[547]",
        "$RCT2:OBJDATA/ZLOG.DAT[549]",
        "$RCT2:OBJDATA/ZLOG.DAT[551]",
        "$RCT2:OBJDATA/ZLOG.DAT[553]",
        "$RCT2:OBJDATA/ZLOG.DAT[555]",
        "$RCT2:OBJDATA/ZLOG.DAT[557]",
        "$RCT2:OBJDATA/ZLOG.DAT[559]",
        "$RCT2:OBJDATA/ZLOG.DAT[561]",
        "$RCT2:OBJDATA/ZLOG.DAT[563]",
        "$RCT2:OBJDATA/ZLOG.DAT[565]",
        "$RCT2:OBJDATA/ZLOG.DAT[567]",
        "$RCT2:OBJDATA/ZLOG.DAT[569]",
        "$RCT2:OBJDATA/ZLOG.DAT[571]",
        "$RCT2:OBJDATA/ZLOG.DAT[573]",
        "$RCT2:OBJDATA/ZLOG.DAT[575]",
        "$RCT2:OBJDATA/ZLOG.DAT[583]",
        "$RCT2:OBJDATA/ZLOG.DAT[591]",
        "$RCT2:OBJDATA/ZLOG.DAT[599]",
        "$RCT2:OBJDATA/ZLOG.DAT[607]",
        "$RCT2:OBJDATA/ZLOG.DAT[615]",
        "$RCT2:OBJDATA/ZLOG.DAT[623]",
        "$RCT2:OBJDATA/ZLOG.DAT[631]",
        "$RCT2:OBJDATA/ZLOG.DAT[639]",
        "$RCT2:OBJDATA/ZLOG.DAT[647]",
        "$RCT2:OBJDATA/ZLOG.DAT[655]",
        "$RCT2:OBJDATA/ZLOG.DAT[663]",
        "$RCT2:OBJDATA/ZLOG.DAT[671]",
        "$RCT2:OBJDATA/ZLOG.DAT[679]",
        "$RCT2:OBJDATA/ZLOG.DAT[687]",
        "$RCT2:OBJDATA/ZLOG.DAT[695]",
        "$RCT2:OBJDATA/ZLOG.DAT[703..730]"
    ],
    "strings": {
        "name": {
            "en-GB": "Log Trains",
            "fr-FR": "Train-bûche",
            "de-DE": "Baumstammzüge",
            "es-ES": "Trenes Tronco",
            "it-IT": "Tronchi",
            "nl-NL": "Boomstronktreinen",
            "sv-SE": "Stocktåg",
            "ko-KR": "통나무 차량",
            "zh-CN": "原木列车",
            "zh-TW": "原木列車",
            "pt-BR": "Trens de Tronco",
            "cs-CZ": "Kládové vozy",
            "ja-JP": "ログ車両",
            "pl-PL": "Pociąg drwali",
            "ru-RU": "Бревна",
            "eo-ZZ": "Ŝtipo-Trajnoj",
            "ca-ES": "Trens troncs"
        },
        "description": {
            "en-GB": "Roller coaster trains with small log-shaped cars",
            "fr-FR": "Train de montagnes russes composé de petites voitures en forme de bûche",
            "de-DE": "Achterbahnzüge mit kleinen baumstammförmigen Wagen",
            "es-ES": "Montaña rusa con vagones en forma de tronco",
            "it-IT": "Treni da ottovolante con carrozze a forma di tronchi",
            "nl-NL": "Achtbaantrein met kleine karretjes in de vorm van een boomstronk.",
            "sv-SE": "Små stockformade berg- och dalbanevagnar",
            "ko-KR": "작은 통나무 모양의 롤러코스터 차량",
            "zh-CN": "过山车列车是以小型原木外形的",
            "zh-TW": "雲霄飛車列車是以小型原木外形的",
            "pt-BR": "Trens de montanha-russa com pequenos vagões em forma de tronco",
            "cs-CZ": "Horská dráha s vozy ve tvaru klád",
            "ja-JP": "丸太の形をした車両のローラーコースターです",
            "pl-PL": "Kolejka górska z wagonikami w kształcie pni drzew",
            "ru-RU": "Поезда с небольшими вагончиками.",
            "eo-ZZ": "Trajnoj de onda fervojo kun malgrandaj ŝtipoformaj ĉaroj",
            "ca-ES": "Muntanya russa amb trens que semblen troncs."
        },
        "capacity": {
            "en-GB": "2 passengers per car",
            "fr-FR": "2 passagers par voiture",
            "de-DE": "2 Fahrgäste pro Wagen",
            "es-ES": "2 pasajeros por vagón",
            "it-IT": "2 passeggeri a carrozza",
            "nl-NL": "2 passagiers per karretje",
            "sv-SE": "2 passagerare per vagn",
            "ko-KR": "차량당 2명의 승객",
            "zh-CN": "2 位乘客/每个车厢",
            "zh-TW": "2 位乘客/每個車廂",
            "pt-BR": "2 passageiros por vagão",
            "cs-CZ": "2 místa v každém vozu",
            "ja-JP": "各車両2名",
            "pl-PL": "2 pasażerów na wagonik",
            "ru-RU": "2 пассажира",
            "eo-ZZ": "Po 2 pasaĝeroj por ĉaro",
            "ar-EG": "2 راكب لكل عربة",
            "ca-ES": "2 passatgers per cotxe"
        }
    }
}
