{
    "id": "rct1aa.ride.hyper_twister_trains",
    "authors": [
        "Chris Sawyer",
        "Simon Foster"
    ],
    "version": "1.0",
    "originalId": "00000000|#RCT1BMR|00000000",
    "sourceGame": "rct1aa",
    "isCompatibilityObject": true,
    "objectType": "ride",
    "properties": {
        "type": "hyper_twister",
        "category": "rollercoaster",
        "noInversions": true,
        "minCarsPerTrain": 3,
        "maxCarsPerTrain": 10,
        "numEmptyCars": 1,
        "tabCar": 1,
        "headCars": 1,
        "ratingMultipler": {
            "excitement": 15,
            "intensity": 3
        },
        "carColours": [
            [
                [
                    "yellow",
                    "bright_red",
                    "black"
                ]
            ],
            [
                [
                    "black",
                    "bright_pink",
                    "black"
                ]
            ],
            [
                [
                    "light_blue",
                    "white",
                    "black"
                ]
            ],
            [
                [
                    "bright_red",
                    "dark_green",
                    "black"
                ]
            ]
        ],
        "cars": [
            {
                "rotationFrameMask": 15,
                "spacing": 130048,
                "mass": 680,
                "numSeats": 4,
                "numSeatRows": 2,
                "frictionSoundId": 2,
                "soundRange": 0,
                "drawOrder": 8,
                "spriteGroups": {
                    "slopeFlat": 16,
                    "slopes12": 4,
                    "slopes25": 16,
                    "slopes42": 8,
                    "slopes60": 16,
                    "slopes8": 4,
                    "slopes16": 4,
                    "slopes50": 4,
                    "flatBanked22": 8,
                    "flatBanked45": 16,
                    "slopes12Banked22": 16,
                    "slopes8Banked22": 4,
                    "restraintAnimation": 4
                },
                "hasAdditionalColour1": true,
                "hasScreamingRiders": true,
                "loadingPositions": [
                    -2,
                    -4,
                    -2,
                    -4
                ]
            },
            {
                "rotationFrameMask": 15,
                "spacing": 130048,
                "mass": 450,
                "frictionSoundId": 2,
                "soundRange": 0,
                "drawOrder": 8,
                "spriteGroups": {
                    "slopeFlat": 16,
                    "slopes12": 4,
                    "slopes25": 16,
                    "slopes42": 8,
                    "slopes60": 16,
                    "slopes8": 4,
                    "slopes16": 4,
                    "slopes50": 4,
                    "flatBanked22": 8,
                    "flatBanked45": 16,
                    "slopes12Banked22": 16,
                    "slopes8Banked22": 4
                },
                "hasAdditionalColour1": true,
                "hasScreamingRiders": true
            }
        ],
        "buildMenuPriority": 2
    },
    "images": [
        {
            "path": "images/preview.png",
            "format": "raw"
        },
        "",
        "",
        "$CSG[9614..9629]",
        "$CSG[9630]",
        "$CSG[9638]",
        "$CSG[9646]",
        "$CSG[9654]",
        "$CSG[9634]",
        "$CSG[9642]",
        "$CSG[9650]",
        "$CSG[9658]",
        "$CSG[9631]",
        "$CSG[9718..9720]",
        "$CSG[9639]",
        "$CSG[9721..9723]",
        "$CSG[9647]",
        "$CSG[9724..9726]",
        "$CSG[9655]",
        "$CSG[9727..9729]",
        "$CSG[9635]",
        "$CSG[9730..9732]",
        "$CSG[9643]",
        "$CSG[9733..9735]",
        "$CSG[9651]",
        "$CSG[9736..9738]",
        "$CSG[9659]",
        "$CSG[9739..9741]",
        "$CSG[9632]",
        "$CSG[9834]",
        "$CSG[9640]",
        "$CSG[9835]",
        "$CSG[9648]",
        "$CSG[9836]",
        "$CSG[9656]",
        "$CSG[9837]",
        "$CSG[9636]",
        "$CSG[9850]",
        "$CSG[9644]",
        "$CSG[9851]",
        "$CSG[9652]",
        "$CSG[9852]",
        "$CSG[9660]",
        "$CSG[9853]",
        "$CSG[9633]",
        "$CSG[9742..9744]",
        "$CSG[9641]",
        "$CSG[9745..9747]",
        "$CSG[9649]",
        "$CSG[9748..9750]",
        "$CSG[9657]",
        "$CSG[9751..9753]",
        "$CSG[9637]",
        "$CSG[9754..9756]",
        "$CSG[9645]",
        "$CSG[9757..9759]",
        "$CSG[9653]",
        "$CSG[9760..9762]",
        "$CSG[9661]",
        "$CSG[9763..9765]",
        "$CSG[9826..9829]",
        "$CSG[9842..9845]",
        "$CSG[9830..9833]",
        "$CSG[9846..9849]",
        "$CSG[9838..9841]",
        "$CSG[9854..9857]",
        "$CSG[9694]",
        "$CSG[9874]",
        "$CSG[9695]",
        "$CSG[9875]",
        "$CSG[9696]",
        "$CSG[9876]",
        "$CSG[9697]",
        "$CSG[9877]",
        "$CSG[9698]",
        "$CSG[9878]",
        "$CSG[9699]",
        "$CSG[9879]",
        "$CSG[9700]",
        "$CSG[9880]",
        "$CSG[9701]",
        "$CSG[9881]",
        "$CSG[9662..9693]",
        "$CSG[9702]",
        "$CSG[9766..9768]",
        "$CSG[9703]",
        "$CSG[9769..9771]",
        "$CSG[9704]",
        "$CSG[9772..9774]",
        "$CSG[9705]",
        "$CSG[9775..9777]",
        "$CSG[9706]",
        "$CSG[9778..9780]",
        "$CSG[9707]",
        "$CSG[9781..9783]",
        "$CSG[9708]",
        "$CSG[9784..9786]",
        "$CSG[9709]",
        "$CSG[9787..9789]",
        "$CSG[9710]",
        "$CSG[9790..9792]",
        "$CSG[9711]",
        "$CSG[9793..9795]",
        "$CSG[9712]",
        "$CSG[9796..9798]",
        "$CSG[9713]",
        "$CSG[9799..9801]",
        "$CSG[9714]",
        "$CSG[9802..9804]",
        "$CSG[9715]",
        "$CSG[9805..9807]",
        "$CSG[9716]",
        "$CSG[9808..9810]",
        "$CSG[9717]",
        "$CSG[9811..9813]",
        "$CSG[9858..9873]",
        "$CSG[9814]",
        "$CSG[9817]",
        "$CSG[9820]",
        "$CSG[9823]",
        "$CSG[9815]",
        "$CSG[9818]",
        "$CSG[9821]",
        "$CSG[9824]",
        "$CSG[9816]",
        "$CSG[9819]",
        "$CSG[9822]",
        "$CSG[9825]",
        "$CSG[9882..9897]",
        "$CSG[9898]",
        "$CSG[9906]",
        "$CSG[9914]",
        "$CSG[9922]",
        "$CSG[9902]",
        "$CSG[9910]",
        "$CSG[9918]",
        "$CSG[9926]",
        "$CSG[9899]",
        "$CSG[9986..9988]",
        "$CSG[9907]",
        "$CSG[9989..9991]",
        "$CSG[9915]",
        "$CSG[9992..9994]",
        "$CSG[9923]",
        "$CSG[9995..9997]",
        "$CSG[9903]",
        "$CSG[9998..10000]",
        "$CSG[9911]",
        "$CSG[10001..10003]",
        "$CSG[9919]",
        "$CSG[10004..10006]",
        "$CSG[9927]",
        "$CSG[10007..10009]",
        "$CSG[9900]",
        "$CSG[10102]",
        "$CSG[9908]",
        "$CSG[10103]",
        "$CSG[9916]",
        "$CSG[10104]",
        "$CSG[9924]",
        "$CSG[10105]",
        "$CSG[9904]",
        "$CSG[10118]",
        "$CSG[9912]",
        "$CSG[10119]",
        "$CSG[9920]",
        "$CSG[10120]",
        "$CSG[9928]",
        "$CSG[10121]",
        "$CSG[9901]",
        "$CSG[10010..10012]",
        "$CSG[9909]",
        "$CSG[10013..10015]",
        "$CSG[9917]",
        "$CSG[10016..10018]",
        "$CSG[9925]",
        "$CSG[10019..10021]",
        "$CSG[9905]",
        "$CSG[10022..10024]",
        "$CSG[9913]",
        "$CSG[10025..10027]",
        "$CSG[9921]",
        "$CSG[10028..10030]",
        "$CSG[9929]",
        "$CSG[10031..10033]",
        "$CSG[10094..10097]",
        "$CSG[10110..10113]",
        "$CSG[10098..10101]",
        "$CSG[10114..10117]",
        "$CSG[10106..10109]",
        "$CSG[10122..10125]",
        "$CSG[9962]",
        "$CSG[10142]",
        "$CSG[9963]",
        "$CSG[10143]",
        "$CSG[9964]",
        "$CSG[10144]",
        "$CSG[9965]",
        "$CSG[10145]",
        "$CSG[9966]",
        "$CSG[10146]",
        "$CSG[9967]",
        "$CSG[10147]",
        "$CSG[9968]",
        "$CSG[10148]",
        "$CSG[9969]",
        "$CSG[10149]",
        "$CSG[9930..9961]",
        "$CSG[9970]",
        "$CSG[10034..10036]",
        "$CSG[9971]",
        "$CSG[10037..10039]",
        "$CSG[9972]",
        "$CSG[10040..10042]",
        "$CSG[9973]",
        "$CSG[10043..10045]",
        "$CSG[9974]",
        "$CSG[10046..10048]",
        "$CSG[9975]",
        "$CSG[10049..10051]",
        "$CSG[9976]",
        "$CSG[10052..10054]",
        "$CSG[9977]",
        "$CSG[10055..10057]",
        "$CSG[9978]",
        "$CSG[10058..10060]",
        "$CSG[9979]",
        "$CSG[10061..10063]",
        "$CSG[9980]",
        "$CSG[10064..10066]",
        "$CSG[9981]",
        "$CSG[10067..10069]",
        "$CSG[9982]",
        "$CSG[10070..10072]",
        "$CSG[9983]",
        "$CSG[10073..10075]",
        "$CSG[9984]",
        "$CSG[10076..10078]",
        "$CSG[9985]",
        "$CSG[10079..10081]",
        "$CSG[10126..10141]",
        "$CSG[10082]",
        "$CSG[10085]",
        "$CSG[10088]",
        "$CSG[10091]",
        "$CSG[10083]",
        "$CSG[10086]",
        "$CSG[10089]",
        "$CSG[10092]",
        "$CSG[10084]",
        "$CSG[10087]",
        "$CSG[10090]",
        "$CSG[10093]",
        "$CSG[10150..10165]",
        "$CSG[10166]",
        "$CSG[10174]",
        "$CSG[10182]",
        "$CSG[10190]",
        "$CSG[10170]",
        "$CSG[10178]",
        "$CSG[10186]",
        "$CSG[10194]",
        "$CSG[10167]",
        "$CSG[10254..10256]",
        "$CSG[10175]",
        "$CSG[10257..10259]",
        "$CSG[10183]",
        "$CSG[10260..10262]",
        "$CSG[10191]",
        "$CSG[10263..10265]",
        "$CSG[10171]",
        "$CSG[10266..10268]",
        "$CSG[10179]",
        "$CSG[10269..10271]",
        "$CSG[10187]",
        "$CSG[10272..10274]",
        "$CSG[10195]",
        "$CSG[10275..10277]",
        "$CSG[10168]",
        "$CSG[10370]",
        "$CSG[10176]",
        "$CSG[10371]",
        "$CSG[10184]",
        "$CSG[10372]",
        "$CSG[10192]",
        "$CSG[10373]",
        "$CSG[10172]",
        "$CSG[10386]",
        "$CSG[10180]",
        "$CSG[10387]",
        "$CSG[10188]",
        "$CSG[10388]",
        "$CSG[10196]",
        "$CSG[10389]",
        "$CSG[10169]",
        "$CSG[10278..10280]",
        "$CSG[10177]",
        "$CSG[10281..10283]",
        "$CSG[10185]",
        "$CSG[10284..10286]",
        "$CSG[10193]",
        "$CSG[10287..10289]",
        "$CSG[10173]",
        "$CSG[10290..10292]",
        "$CSG[10181]",
        "$CSG[10293..10295]",
        "$CSG[10189]",
        "$CSG[10296..10298]",
        "$CSG[10197]",
        "$CSG[10299..10301]",
        "$CSG[10362..10365]",
        "$CSG[10378..10381]",
        "$CSG[10366..10369]",
        "$CSG[10382..10385]",
        "$CSG[10374..10377]",
        "$CSG[10390..10393]",
        "$CSG[10230]",
        "$CSG[10410]",
        "$CSG[10231]",
        "$CSG[10411]",
        "$CSG[10232]",
        "$CSG[10412]",
        "$CSG[10233]",
        "$CSG[10413]",
        "$CSG[10234]",
        "$CSG[10414]",
        "$CSG[10235]",
        "$CSG[10415]",
        "$CSG[10236]",
        "$CSG[10416]",
        "$CSG[10237]",
        "$CSG[10417]",
        "$CSG[10198..10229]",
        "$CSG[10238]",
        "$CSG[10302..10304]",
        "$CSG[10239]",
        "$CSG[10305..10307]",
        "$CSG[10240]",
        "$CSG[10308..10310]",
        "$CSG[10241]",
        "$CSG[10311..10313]",
        "$CSG[10242]",
        "$CSG[10314..10316]",
        "$CSG[10243]",
        "$CSG[10317..10319]",
        "$CSG[10244]",
        "$CSG[10320..10322]",
        "$CSG[10245]",
        "$CSG[10323..10325]",
        "$CSG[10246]",
        "$CSG[10326..10328]",
        "$CSG[10247]",
        "$CSG[10329..10331]",
        "$CSG[10248]",
        "$CSG[10332..10334]",
        "$CSG[10249]",
        "$CSG[10335..10337]",
        "$CSG[10250]",
        "$CSG[10338..10340]",
        "$CSG[10251]",
        "$CSG[10341..10343]",
        "$CSG[10252]",
        "$CSG[10344..10346]",
        "$CSG[10253]",
        "$CSG[10347..10349]",
        "$CSG[10394..10409]",
        "$CSG[10350]",
        "$CSG[10353]",
        "$CSG[10356]",
        "$CSG[10359]",
        "$CSG[10351]",
        "$CSG[10354]",
        "$CSG[10357]",
        "$CSG[10360]",
        "$CSG[10352]",
        "$CSG[10355]",
        "$CSG[10358]",
        "$CSG[10361]",
        "$CSG[13106..13121]",
        "$CSG[13122]",
        "$CSG[13130]",
        "$CSG[13138]",
        "$CSG[13146]",
        "$CSG[13126]",
        "$CSG[13134]",
        "$CSG[13142]",
        "$CSG[13150]",
        "$CSG[13123]",
        "$CSG[13210..13212]",
        "$CSG[13131]",
        "$CSG[13213..13215]",
        "$CSG[13139]",
        "$CSG[13216..13218]",
        "$CSG[13147]",
        "$CSG[13219..13221]",
        "$CSG[13127]",
        "$CSG[13222..13224]",
        "$CSG[13135]",
        "$CSG[13225..13227]",
        "$CSG[13143]",
        "$CSG[13228..13230]",
        "$CSG[13151]",
        "$CSG[13231..13233]",
        "$CSG[13124]",
        "$CSG[13498]",
        "$CSG[13132]",
        "$CSG[13499]",
        "$CSG[13140]",
        "$CSG[13500]",
        "$CSG[13148]",
        "$CSG[13501]",
        "$CSG[13128]",
        "$CSG[13510]",
        "$CSG[13136]",
        "$CSG[13511]",
        "$CSG[13144]",
        "$CSG[13512]",
        "$CSG[13152]",
        "$CSG[13513]",
        "$CSG[13125]",
        "$CSG[13374..13376]",
        "$CSG[13133]",
        "$CSG[13377..13379]",
        "$CSG[13141]",
        "$CSG[13380..13382]",
        "$CSG[13149]",
        "$CSG[13383..13385]",
        "$CSG[13129]",
        "$CSG[13386..13388]",
        "$CSG[13137]",
        "$CSG[13389..13391]",
        "$CSG[13145]",
        "$CSG[13392..13394]",
        "$CSG[13153]",
        "$CSG[13395..13397]",
        "$CSG[13486..13489]",
        "$CSG[13502..13505]",
        "$CSG[13490..13493]",
        "$CSG[13506..13509]",
        "$CSG[13498..13501]",
        "$CSG[13514..13517]",
        "$CSG[13186]",
        "$CSG[13534]",
        "$CSG[13187]",
        "$CSG[13535]",
        "$CSG[13188]",
        "$CSG[13536]",
        "$CSG[13189]",
        "$CSG[13537]",
        "$CSG[13190]",
        "$CSG[13538]",
        "$CSG[13191]",
        "$CSG[13539]",
        "$CSG[13192]",
        "$CSG[13540]",
        "$CSG[13193]",
        "$CSG[13541]",
        "$CSG[13154..13185]",
        "$CSG[13194]",
        "$CSG[13438..13440]",
        "$CSG[13195]",
        "$CSG[13441..13443]",
        "$CSG[13196]",
        "$CSG[13444..13446]",
        "$CSG[13197]",
        "$CSG[13447..13449]",
        "$CSG[13198]",
        "$CSG[13450..13452]",
        "$CSG[13199]",
        "$CSG[13453..13455]",
        "$CSG[13200]",
        "$CSG[13456..13458]",
        "$CSG[13201]",
        "$CSG[13459..13461]",
        "$CSG[13202]",
        "$CSG[13462..13464]",
        "$CSG[13203]",
        "$CSG[13465..13467]",
        "$CSG[13204]",
        "$CSG[13468..13470]",
        "$CSG[13205]",
        "$CSG[13471..13473]",
        "$CSG[13206]",
        "$CSG[13474..13476]",
        "$CSG[13207]",
        "$CSG[13477..13479]",
        "$CSG[13208]",
        "$CSG[13480..13482]",
        "$CSG[13209]",
        "$CSG[13483..13485]",
        "$CSG[13518..13533]"
    ],
    "strings": {
        "name": {
            "en-GB": "Hyper-Twister Trains (wide cars)",
            "fr-FR": "Train sup.-torn. (grdes voit)",
            "de-DE": "Hyper-Twister-Züge (breite Wagen)",
            "es-ES": "Trenes Hiper-Tornado (anchos)",
            "it-IT": "Super-serpentina (treni grandi)",
            "nl-NL": "Hyper-twistertreinen (brede karretjes)",
            "sv-SE": "Breda hypertwister-vagnar",
            "ko-KR": "하이퍼 트위스터 차량 (광폭형)",
            "zh-CN": "极速旋转列车",
            "zh-TW": "極速旋轉列車",
            "pt-BR": "Trens de Hiper-Tornado (carros largos)",
            "cs-CZ": "Hyperzakroucená dráha (široké vozy)",
            "ja-JP": "ハイパー・ツイスター・トレイン (広い車両)",
            "pl-PL": "Hiperzwijka (szerokie wagoniki)",
            "ru-RU": "Гипер-твистер (широкий)",
            "eo-ZZ": "Trajnoj de Hiper-Tvisto (larĝaj ĉaroj)",
            "ca-ES": "Hiper-Twister (amples)",
            "fi-FI": "Hyper-Twister-vaunut (leveä)"
        },
        "description": {
            "en-GB": "Wide 4-across cars with raised seating and simple lap restraints",
            "fr-FR": "4 voitures disposées de chaque côté avec des sièges relevés et des barres de protection simples",
            "de-DE": "Breite Wagen mit einfachen Beckenhalterungen und erhöhten Sitzen, in denen 4 Personen nebeneinander sitzen",
            "es-ES": "Vagones amplios con asientos elevados",
            "it-IT": "Grandi carrozze da quattro posti a fila con sedili rialzati e semplici protezioni al petto",
            "nl-NL": "Brede karretjes met vier verhoogde stoelen naast elkaar en eenvoudige schootbeugels.",
            "sv-SE": "4-i-bredd-vagnar med upphöjda säten och enkla byglar",
            "ko-KR": "향상된 탑승감과 간단한 무릎 안전바를 갖고 있는 넓은 4인승 차량",
            "zh-CN": "宽阔的4 人座的浮雕式车辆及简单式的安全装置",
            "zh-TW": "寬闊的4 人座的浮雕式車輛及簡單式的安全裝置",
            "pt-BR": "4 grandes carros com assentos erguidos e proteções de colo simples",
            "cs-CZ": "Široké 4-místné vozy s vystouplým sezením a jednoduchou opěrkou v klíně",
            "ja-JP": "型で高い座席のある幅広のコースターで、簡単な膝の安全バーを備えています",
            "pl-PL": "Szerokie na 4 miejsca wagoniki z podniesionymi fotelami i prostymi zabezpieczeniami obejmującymi pasażerów w pasie",
            "ru-RU": "Wide 4-across cars with raised seating and simple lap restraints",
            "eo-ZZ": "Larĝaj ĉaroj kun po 4 seĝoj por vico, pli altaj seĝoj, kaj simplaj sinobridoj",
            "ca-ES": "Vagons amples amb 4 seients alts per fila i subjecció simple.",
            "fi-FI": "Leveät nelipaikkaiset vaunut, joissa on yksinkertaiset turvakaiteet"
        },
        "capacity": {
            "en-GB": "4 passengers per car",
            "fr-FR": "4 passagers par voiture",
            "de-DE": "4 Fahrgäste pro Wagen",
            "es-ES": "4 pasajeros por vagón",
            "it-IT": "4 passeggeri a carrozza",
            "nl-NL": "4 passagiers per karretje",
            "sv-SE": "4 passagerare per vagn",
            "ko-KR": "차량당 4명의 승객",
            "zh-CN": "4位乘客/车",
            "zh-TW": "4 位乘客/每個車廂",
            "pt-BR": "4 passageiros por vagão",
            "cs-CZ": "4 místa v každém voze",
            "ja-JP": "各車両4名",
            "pl-PL": "4 pasażerów na wagonik",
            "ru-RU": "4 пассажира",
            "eo-ZZ": "Po 4 pasaĝeroj por ĉaro",
            "ca-ES": "4 passatgers per cotxe",
            "fi-FI": "4 matkustajaa per vaunu"
        }
    },
    "noCsgImages": [
        {
            "path": "images/preview.png",
            "format": "raw"
        },
        "",
        "",
        "$RCT2:OBJDATA/BMRB.DAT[3]",
        "$RCT2:OBJDATA/BMRB.DAT[5]",
        "$RCT2:OBJDATA/BMRB.DAT[7]",
        "$RCT2:OBJDATA/BMRB.DAT[9]",
        "$RCT2:OBJDATA/BMRB.DAT[11]",
        "$RCT2:OBJDATA/BMRB.DAT[13]",
        "$RCT2:OBJDATA/BMRB.DAT[15]",
        "$RCT2:OBJDATA/BMRB.DAT[17]",
        "$RCT2:OBJDATA/BMRB.DAT[19]",
        "$RCT2:OBJDATA/BMRB.DAT[21]",
        "$RCT2:OBJDATA/BMRB.DAT[23]",
        "$RCT2:OBJDATA/BMRB.DAT[25]",
        "$RCT2:OBJDATA/BMRB.DAT[27]",
        "$RCT2:OBJDATA/BMRB.DAT[29]",
        "$RCT2:OBJDATA/BMRB.DAT[31]",
        "$RCT2:OBJDATA/BMRB.DAT[33]",
        "$RCT2:OBJDATA/BMRB.DAT[35..43]",
        "$RCT2:OBJDATA/BMRB.DAT[45]",
        "$RCT2:OBJDATA/BMRB.DAT[47]",
        "$RCT2:OBJDATA/BMRB.DAT[49]",
        "$RCT2:OBJDATA/BMRB.DAT[51]",
        "$RCT2:OBJDATA/BMRB.DAT[53]",
        "$RCT2:OBJDATA/BMRB.DAT[55]",
        "$RCT2:OBJDATA/BMRB.DAT[57]",
        "$RCT2:OBJDATA/BMRB.DAT[59]",
        "$RCT2:OBJDATA/BMRB.DAT[61]",
        "$RCT2:OBJDATA/BMRB.DAT[63]",
        "$RCT2:OBJDATA/BMRB.DAT[65]",
        "$RCT2:OBJDATA/BMRB.DAT[67]",
        "$RCT2:OBJDATA/BMRB.DAT[69]",
        "$RCT2:OBJDATA/BMRB.DAT[71]",
        "$RCT2:OBJDATA/BMRB.DAT[73]",
        "$RCT2:OBJDATA/BMRB.DAT[75]",
        "$RCT2:OBJDATA/BMRB.DAT[77]",
        "$RCT2:OBJDATA/BMRB.DAT[79]",
        "$RCT2:OBJDATA/BMRB.DAT[81]",
        "$RCT2:OBJDATA/BMRB.DAT[83]",
        "$RCT2:OBJDATA/BMRB.DAT[85]",
        "$RCT2:OBJDATA/BMRB.DAT[87]",
        "$RCT2:OBJDATA/BMRB.DAT[89]",
        "$RCT2:OBJDATA/BMRB.DAT[91]",
        "$RCT2:OBJDATA/BMRB.DAT[93]",
        "$RCT2:OBJDATA/BMRB.DAT[95]",
        "$RCT2:OBJDATA/BMRB.DAT[97]",
        "$RCT2:OBJDATA/BMRB.DAT[99]",
        "$RCT2:OBJDATA/BMRB.DAT[101]",
        "$RCT2:OBJDATA/BMRB.DAT[103]",
        "$RCT2:OBJDATA/BMRB.DAT[105]",
        "$RCT2:OBJDATA/BMRB.DAT[107..123]",
        "$RCT2:OBJDATA/BMRB.DAT[125]",
        "$RCT2:OBJDATA/BMRB.DAT[127]",
        "$RCT2:OBJDATA/BMRB.DAT[129]",
        "$RCT2:OBJDATA/BMRB.DAT[131]",
        "$RCT2:OBJDATA/BMRB.DAT[133]",
        "$RCT2:OBJDATA/BMRB.DAT[135]",
        "$RCT2:OBJDATA/BMRB.DAT[137]",
        "$RCT2:OBJDATA/BMRB.DAT[139]",
        "$RCT2:OBJDATA/BMRB.DAT[141]",
        "$RCT2:OBJDATA/BMRB.DAT[143]",
        "$RCT2:OBJDATA/BMRB.DAT[145]",
        "$RCT2:OBJDATA/BMRB.DAT[147]",
        "$RCT2:OBJDATA/BMRB.DAT[149]",
        "$RCT2:OBJDATA/BMRB.DAT[151]",
        "$RCT2:OBJDATA/BMRB.DAT[153]",
        "$RCT2:OBJDATA/BMRB.DAT[155]",
        "$RCT2:OBJDATA/BMRB.DAT[157]",
        "$RCT2:OBJDATA/BMRB.DAT[159]",
        "$RCT2:OBJDATA/BMRB.DAT[161]",
        "$RCT2:OBJDATA/BMRB.DAT[163]",
        "$RCT2:OBJDATA/BMRB.DAT[165]",
        "$RCT2:OBJDATA/BMRB.DAT[167]",
        "$RCT2:OBJDATA/BMRB.DAT[169]",
        "$RCT2:OBJDATA/BMRB.DAT[171]",
        "$RCT2:OBJDATA/BMRB.DAT[173]",
        "$RCT2:OBJDATA/BMRB.DAT[175]",
        "$RCT2:OBJDATA/BMRB.DAT[177]",
        "$RCT2:OBJDATA/BMRB.DAT[179]",
        "$RCT2:OBJDATA/BMRB.DAT[181]",
        "$RCT2:OBJDATA/BMRB.DAT[183]",
        "$RCT2:OBJDATA/BMRB.DAT[185]",
        "$RCT2:OBJDATA/BMRB.DAT[303..343]",
        "$RCT2:OBJDATA/BMRB.DAT[345]",
        "$RCT2:OBJDATA/BMRB.DAT[347]",
        "$RCT2:OBJDATA/BMRB.DAT[349]",
        "$RCT2:OBJDATA/BMRB.DAT[351]",
        "$RCT2:OBJDATA/BMRB.DAT[353]",
        "$RCT2:OBJDATA/BMRB.DAT[355]",
        "$RCT2:OBJDATA/BMRB.DAT[357]",
        "$RCT2:OBJDATA/BMRB.DAT[359]",
        "$RCT2:OBJDATA/BMRB.DAT[361]",
        "$RCT2:OBJDATA/BMRB.DAT[363]",
        "$RCT2:OBJDATA/BMRB.DAT[365]",
        "$RCT2:OBJDATA/BMRB.DAT[367]",
        "$RCT2:OBJDATA/BMRB.DAT[369]",
        "$RCT2:OBJDATA/BMRB.DAT[371]",
        "$RCT2:OBJDATA/BMRB.DAT[373]",
        "$RCT2:OBJDATA/BMRB.DAT[375]",
        "$RCT2:OBJDATA/BMRB.DAT[377]",
        "$RCT2:OBJDATA/BMRB.DAT[379]",
        "$RCT2:OBJDATA/BMRB.DAT[381]",
        "$RCT2:OBJDATA/BMRB.DAT[383]",
        "$RCT2:OBJDATA/BMRB.DAT[385]",
        "$RCT2:OBJDATA/BMRB.DAT[387]",
        "$RCT2:OBJDATA/BMRB.DAT[389]",
        "$RCT2:OBJDATA/BMRB.DAT[391]",
        "$RCT2:OBJDATA/BMRB.DAT[393]",
        "$RCT2:OBJDATA/BMRB.DAT[395]",
        "$RCT2:OBJDATA/BMRB.DAT[397]",
        "$RCT2:OBJDATA/BMRB.DAT[399]",
        "$RCT2:OBJDATA/BMRB.DAT[401]",
        "$RCT2:OBJDATA/BMRB.DAT[403]",
        "$RCT2:OBJDATA/BMRB.DAT[405]",
        "$RCT2:OBJDATA/BMRB.DAT[407]",
        "$RCT2:OBJDATA/BMRB.DAT[409]",
        "$RCT2:OBJDATA/BMRB.DAT[411]",
        "$RCT2:OBJDATA/BMRB.DAT[413]",
        "$RCT2:OBJDATA/BMRB.DAT[415]",
        "$RCT2:OBJDATA/BMRB.DAT[417]",
        "$RCT2:OBJDATA/BMRB.DAT[419]",
        "$RCT2:OBJDATA/BMRB.DAT[421]",
        "$RCT2:OBJDATA/BMRB.DAT[423]",
        "$RCT2:OBJDATA/BMRB.DAT[425]",
        "$RCT2:OBJDATA/BMRB.DAT[427]",
        "$RCT2:OBJDATA/BMRB.DAT[429]",
        "$RCT2:OBJDATA/BMRB.DAT[431]",
        "$RCT2:OBJDATA/BMRB.DAT[433]",
        "$RCT2:OBJDATA/BMRB.DAT[435]",
        "$RCT2:OBJDATA/BMRB.DAT[437]",
        "$RCT2:OBJDATA/BMRB.DAT[439]",
        "$RCT2:OBJDATA/BMRB.DAT[441]",
        "$RCT2:OBJDATA/BMRB.DAT[443]",
        "$RCT2:OBJDATA/BMRB.DAT[445]",
        "$RCT2:OBJDATA/BMRB.DAT[447]",
        "$RCT2:OBJDATA/BMRB.DAT[449]",
        "$RCT2:OBJDATA/BMRB.DAT[451]",
        "$RCT2:OBJDATA/BMRB.DAT[453]",
        "$RCT2:OBJDATA/BMRB.DAT[455]",
        "$RCT2:OBJDATA/BMRB.DAT[457]",
        "$RCT2:OBJDATA/BMRB.DAT[459]",
        "$RCT2:OBJDATA/BMRB.DAT[461]",
        "$RCT2:OBJDATA/BMRB.DAT[463]",
        "$RCT2:OBJDATA/BMRB.DAT[465]",
        "$RCT2:OBJDATA/BMRB.DAT[467]",
        "$RCT2:OBJDATA/BMRB.DAT[469]",
        "$RCT2:OBJDATA/BMRB.DAT[471]",
        "$RCT2:OBJDATA/BMRB.DAT[473]",
        "$RCT2:OBJDATA/BMRB.DAT[475]",
        "$RCT2:OBJDATA/BMRB.DAT[477]",
        "$RCT2:OBJDATA/BMRB.DAT[479]",
        "$RCT2:OBJDATA/BMRB.DAT[481]",
        "$RCT2:OBJDATA/BMRB.DAT[483]",
        "$RCT2:OBJDATA/BMRB.DAT[485]",
        "$RCT2:OBJDATA/BMRB.DAT[487]",
        "$RCT2:OBJDATA/BMRB.DAT[489]",
        "$RCT2:OBJDATA/BMRB.DAT[491]",
        "$RCT2:OBJDATA/BMRB.DAT[493]",
        "$RCT2:OBJDATA/BMRB.DAT[495]",
        "$RCT2:OBJDATA/BMRB.DAT[497]",
        "$RCT2:OBJDATA/BMRB.DAT[499]",
        "$RCT2:OBJDATA/BMRB.DAT[501]",
        "$RCT2:OBJDATA/BMRB.DAT[503]",
        "$RCT2:OBJDATA/BMRB.DAT[505]",
        "$RCT2:OBJDATA/BMRB.DAT[507]",
        "$RCT2:OBJDATA/BMRB.DAT[509]",
        "$RCT2:OBJDATA/BMRB.DAT[511]",
        "$RCT2:OBJDATA/BMRB.DAT[513]",
        "$RCT2:OBJDATA/BMRB.DAT[515]",
        "$RCT2:OBJDATA/BMRB.DAT[517]",
        "$RCT2:OBJDATA/BMRB.DAT[519]",
        "$RCT2:OBJDATA/BMRB.DAT[521]",
        "$RCT2:OBJDATA/BMRB.DAT[523]",
        "$RCT2:OBJDATA/BMRB.DAT[525]",
        "$RCT2:OBJDATA/BMRB.DAT[527]",
        "$RCT2:OBJDATA/BMRB.DAT[529]",
        "$RCT2:OBJDATA/BMRB.DAT[531]",
        "$RCT2:OBJDATA/BMRB.DAT[533]",
        "$RCT2:OBJDATA/BMRB.DAT[535..550]",
        "$RCT2:OBJDATA/BMRB.DAT[711..723]",
        "$RCT2:OBJDATA/BMRB.DAT[725]",
        "$RCT2:OBJDATA/BMRB.DAT[727]",
        "$RCT2:OBJDATA/BMRB.DAT[729]",
        "$RCT2:OBJDATA/BMRB.DAT[731]",
        "$RCT2:OBJDATA/BMRB.DAT[733]",
        "$RCT2:OBJDATA/BMRB.DAT[735]",
        "$RCT2:OBJDATA/BMRB.DAT[737]",
        "$RCT2:OBJDATA/BMRB.DAT[739]",
        "$RCT2:OBJDATA/BMRB.DAT[741]",
        "$RCT2:OBJDATA/BMRB.DAT[743]",
        "$RCT2:OBJDATA/BMRB.DAT[745]",
        "$RCT2:OBJDATA/BMRB.DAT[747]",
        "$RCT2:OBJDATA/BMRB.DAT[749]",
        "$RCT2:OBJDATA/BMRB.DAT[751]",
        "$RCT2:OBJDATA/BMRB.DAT[753]",
        "$RCT2:OBJDATA/BMRB.DAT[755..763]",
        "$RCT2:OBJDATA/BMRB.DAT[765]",
        "$RCT2:OBJDATA/BMRB.DAT[767]",
        "$RCT2:OBJDATA/BMRB.DAT[769]",
        "$RCT2:OBJDATA/BMRB.DAT[771]",
        "$RCT2:OBJDATA/BMRB.DAT[773]",
        "$RCT2:OBJDATA/BMRB.DAT[775]",
        "$RCT2:OBJDATA/BMRB.DAT[777]",
        "$RCT2:OBJDATA/BMRB.DAT[779]",
        "$RCT2:OBJDATA/BMRB.DAT[781]",
        "$RCT2:OBJDATA/BMRB.DAT[783]",
        "$RCT2:OBJDATA/BMRB.DAT[785]",
        "$RCT2:OBJDATA/BMRB.DAT[787]",
        "$RCT2:OBJDATA/BMRB.DAT[789]",
        "$RCT2:OBJDATA/BMRB.DAT[791]",
        "$RCT2:OBJDATA/BMRB.DAT[793]",
        "$RCT2:OBJDATA/BMRB.DAT[795]",
        "$RCT2:OBJDATA/BMRB.DAT[797]",
        "$RCT2:OBJDATA/BMRB.DAT[799]",
        "$RCT2:OBJDATA/BMRB.DAT[801]",
        "$RCT2:OBJDATA/BMRB.DAT[803]",
        "$RCT2:OBJDATA/BMRB.DAT[805]",
        "$RCT2:OBJDATA/BMRB.DAT[807]",
        "$RCT2:OBJDATA/BMRB.DAT[809]",
        "$RCT2:OBJDATA/BMRB.DAT[811]",
        "$RCT2:OBJDATA/BMRB.DAT[813]",
        "$RCT2:OBJDATA/BMRB.DAT[815]",
        "$RCT2:OBJDATA/BMRB.DAT[817]",
        "$RCT2:OBJDATA/BMRB.DAT[819]",
        "$RCT2:OBJDATA/BMRB.DAT[821]",
        "$RCT2:OBJDATA/BMRB.DAT[823]",
        "$RCT2:OBJDATA/BMRB.DAT[825]",
        "$RCT2:OBJDATA/BMRB.DAT[827..843]",
        "$RCT2:OBJDATA/BMRB.DAT[845]",
        "$RCT2:OBJDATA/BMRB.DAT[847]",
        "$RCT2:OBJDATA/BMRB.DAT[849]",
        "$RCT2:OBJDATA/BMRB.DAT[851]",
        "$RCT2:OBJDATA/BMRB.DAT[853]",
        "$RCT2:OBJDATA/BMRB.DAT[855]",
        "$RCT2:OBJDATA/BMRB.DAT[857]",
        "$RCT2:OBJDATA/BMRB.DAT[859]",
        "$RCT2:OBJDATA/BMRB.DAT[861]",
        "$RCT2:OBJDATA/BMRB.DAT[863]",
        "$RCT2:OBJDATA/BMRB.DAT[865]",
        "$RCT2:OBJDATA/BMRB.DAT[867]",
        "$RCT2:OBJDATA/BMRB.DAT[869]",
        "$RCT2:OBJDATA/BMRB.DAT[871]",
        "$RCT2:OBJDATA/BMRB.DAT[873]",
        "$RCT2:OBJDATA/BMRB.DAT[875]",
        "$RCT2:OBJDATA/BMRB.DAT[877]",
        "$RCT2:OBJDATA/BMRB.DAT[879]",
        "$RCT2:OBJDATA/BMRB.DAT[881]",
        "$RCT2:OBJDATA/BMRB.DAT[883]",
        "$RCT2:OBJDATA/BMRB.DAT[885]",
        "$RCT2:OBJDATA/BMRB.DAT[887]",
        "$RCT2:OBJDATA/BMRB.DAT[889]",
        "$RCT2:OBJDATA/BMRB.DAT[891]",
        "$RCT2:OBJDATA/BMRB.DAT[893]",
        "$RCT2:OBJDATA/BMRB.DAT[895]",
        "$RCT2:OBJDATA/BMRB.DAT[897]",
        "$RCT2:OBJDATA/BMRB.DAT[899]",
        "$RCT2:OBJDATA/BMRB.DAT[901]",
        "$RCT2:OBJDATA/BMRB.DAT[903]",
        "$RCT2:OBJDATA/BMRB.DAT[905]",
        "$RCT2:OBJDATA/BMRB.DAT[1023..1063]",
        "$RCT2:OBJDATA/BMRB.DAT[1065]",
        "$RCT2:OBJDATA/BMRB.DAT[1067]",
        "$RCT2:OBJDATA/BMRB.DAT[1069]",
        "$RCT2:OBJDATA/BMRB.DAT[1071]",
        "$RCT2:OBJDATA/BMRB.DAT[1073]",
        "$RCT2:OBJDATA/BMRB.DAT[1075]",
        "$RCT2:OBJDATA/BMRB.DAT[1077]",
        "$RCT2:OBJDATA/BMRB.DAT[1079]",
        "$RCT2:OBJDATA/BMRB.DAT[1081]",
        "$RCT2:OBJDATA/BMRB.DAT[1083]",
        "$RCT2:OBJDATA/BMRB.DAT[1085]",
        "$RCT2:OBJDATA/BMRB.DAT[1087]",
        "$RCT2:OBJDATA/BMRB.DAT[1089]",
        "$RCT2:OBJDATA/BMRB.DAT[1091]",
        "$RCT2:OBJDATA/BMRB.DAT[1093]",
        "$RCT2:OBJDATA/BMRB.DAT[1095]",
        "$RCT2:OBJDATA/BMRB.DAT[1097]",
        "$RCT2:OBJDATA/BMRB.DAT[1099]",
        "$RCT2:OBJDATA/BMRB.DAT[1101]",
        "$RCT2:OBJDATA/BMRB.DAT[1103]",
        "$RCT2:OBJDATA/BMRB.DAT[1105]",
        "$RCT2:OBJDATA/BMRB.DAT[1107]",
        "$RCT2:OBJDATA/BMRB.DAT[1109]",
        "$RCT2:OBJDATA/BMRB.DAT[1111]",
        "$RCT2:OBJDATA/BMRB.DAT[1113]",
        "$RCT2:OBJDATA/BMRB.DAT[1115]",
        "$RCT2:OBJDATA/BMRB.DAT[1117]",
        "$RCT2:OBJDATA/BMRB.DAT[1119]",
        "$RCT2:OBJDATA/BMRB.DAT[1121]",
        "$RCT2:OBJDATA/BMRB.DAT[1123]",
        "$RCT2:OBJDATA/BMRB.DAT[1125]",
        "$RCT2:OBJDATA/BMRB.DAT[1127]",
        "$RCT2:OBJDATA/BMRB.DAT[1129]",
        "$RCT2:OBJDATA/BMRB.DAT[1131]",
        "$RCT2:OBJDATA/BMRB.DAT[1133]",
        "$RCT2:OBJDATA/BMRB.DAT[1135]",
        "$RCT2:OBJDATA/BMRB.DAT[1137]",
        "$RCT2:OBJDATA/BMRB.DAT[1139]",
        "$RCT2:OBJDATA/BMRB.DAT[1141]",
        "$RCT2:OBJDATA/BMRB.DAT[1143]",
        "$RCT2:OBJDATA/BMRB.DAT[1145]",
        "$RCT2:OBJDATA/BMRB.DAT[1147]",
        "$RCT2:OBJDATA/BMRB.DAT[1149]",
        "$RCT2:OBJDATA/BMRB.DAT[1151]",
        "$RCT2:OBJDATA/BMRB.DAT[1153]",
        "$RCT2:OBJDATA/BMRB.DAT[1155]",
        "$RCT2:OBJDATA/BMRB.DAT[1157]",
        "$RCT2:OBJDATA/BMRB.DAT[1159]",
        "$RCT2:OBJDATA/BMRB.DAT[1161]",
        "$RCT2:OBJDATA/BMRB.DAT[1163]",
        "$RCT2:OBJDATA/BMRB.DAT[1165]",
        "$RCT2:OBJDATA/BMRB.DAT[1167]",
        "$RCT2:OBJDATA/BMRB.DAT[1169]",
        "$RCT2:OBJDATA/BMRB.DAT[1171]",
        "$RCT2:OBJDATA/BMRB.DAT[1173]",
        "$RCT2:OBJDATA/BMRB.DAT[1175]",
        "$RCT2:OBJDATA/BMRB.DAT[1177]",
        "$RCT2:OBJDATA/BMRB.DAT[1179]",
        "$RCT2:OBJDATA/BMRB.DAT[1181]",
        "$RCT2:OBJDATA/BMRB.DAT[1183]",
        "$RCT2:OBJDATA/BMRB.DAT[1185]",
        "$RCT2:OBJDATA/BMRB.DAT[1187]",
        "$RCT2:OBJDATA/BMRB.DAT[1189]",
        "$RCT2:OBJDATA/BMRB.DAT[1191]",
        "$RCT2:OBJDATA/BMRB.DAT[1193]",
        "$RCT2:OBJDATA/BMRB.DAT[1195]",
        "$RCT2:OBJDATA/BMRB.DAT[1197]",
        "$RCT2:OBJDATA/BMRB.DAT[1199]",
        "$RCT2:OBJDATA/BMRB.DAT[1201]",
        "$RCT2:OBJDATA/BMRB.DAT[1203]",
        "$RCT2:OBJDATA/BMRB.DAT[1205]",
        "$RCT2:OBJDATA/BMRB.DAT[1207]",
        "$RCT2:OBJDATA/BMRB.DAT[1209]",
        "$RCT2:OBJDATA/BMRB.DAT[1211]",
        "$RCT2:OBJDATA/BMRB.DAT[1213]",
        "$RCT2:OBJDATA/BMRB.DAT[1215]",
        "$RCT2:OBJDATA/BMRB.DAT[1217]",
        "$RCT2:OBJDATA/BMRB.DAT[1219]",
        "$RCT2:OBJDATA/BMRB.DAT[1221]",
        "$RCT2:OBJDATA/BMRB.DAT[1223]",
        "$RCT2:OBJDATA/BMRB.DAT[1225]",
        "$RCT2:OBJDATA/BMRB.DAT[1227]",
        "$RCT2:OBJDATA/BMRB.DAT[1229]",
        "$RCT2:OBJDATA/BMRB.DAT[1231]",
        "$RCT2:OBJDATA/BMRB.DAT[1233]",
        "$RCT2:OBJDATA/BMRB.DAT[1235]",
        "$RCT2:OBJDATA/BMRB.DAT[1237]",
        "$RCT2:OBJDATA/BMRB.DAT[1239]",
        "$RCT2:OBJDATA/BMRB.DAT[1241]",
        "$RCT2:OBJDATA/BMRB.DAT[1243]",
        "$RCT2:OBJDATA/BMRB.DAT[1245]",
        "$RCT2:OBJDATA/BMRB.DAT[1247]",
        "$RCT2:OBJDATA/BMRB.DAT[1249]",
        "$RCT2:OBJDATA/BMRB.DAT[1251]",
        "$RCT2:OBJDATA/BMRB.DAT[1253]",
        "$RCT2:OBJDATA/BMRB.DAT[1255..1270]",
        "$RCT2:OBJDATA/BMRB.DAT[1431..1443]",
        "$RCT2:OBJDATA/BMRB.DAT[1445]",
        "$RCT2:OBJDATA/BMRB.DAT[1447]",
        "$RCT2:OBJDATA/BMRB.DAT[1449]",
        "$RCT2:OBJDATA/BMRB.DAT[1451]",
        "$RCT2:OBJDATA/BMRB.DAT[1453]",
        "$RCT2:OBJDATA/BMRB.DAT[1455]",
        "$RCT2:OBJDATA/BMRB.DAT[1457]",
        "$RCT2:OBJDATA/BMRB.DAT[1459]",
        "$RCT2:OBJDATA/BMRB.DAT[1461]",
        "$RCT2:OBJDATA/BMRB.DAT[1463]",
        "$RCT2:OBJDATA/BMRB.DAT[1465]",
        "$RCT2:OBJDATA/BMRB.DAT[1467]",
        "$RCT2:OBJDATA/BMRB.DAT[1469]",
        "$RCT2:OBJDATA/BMRB.DAT[1471]",
        "$RCT2:OBJDATA/BMRB.DAT[1473]",
        "$RCT2:OBJDATA/BMRB.DAT[1475..1483]",
        "$RCT2:OBJDATA/BMRB.DAT[1485]",
        "$RCT2:OBJDATA/BMRB.DAT[1487]",
        "$RCT2:OBJDATA/BMRB.DAT[1489]",
        "$RCT2:OBJDATA/BMRB.DAT[1491]",
        "$RCT2:OBJDATA/BMRB.DAT[1493]",
        "$RCT2:OBJDATA/BMRB.DAT[1495]",
        "$RCT2:OBJDATA/BMRB.DAT[1497]",
        "$RCT2:OBJDATA/BMRB.DAT[1499]",
        "$RCT2:OBJDATA/BMRB.DAT[1501]",
        "$RCT2:OBJDATA/BMRB.DAT[1503]",
        "$RCT2:OBJDATA/BMRB.DAT[1505]",
        "$RCT2:OBJDATA/BMRB.DAT[1507]",
        "$RCT2:OBJDATA/BMRB.DAT[1509]",
        "$RCT2:OBJDATA/BMRB.DAT[1511]",
        "$RCT2:OBJDATA/BMRB.DAT[1513]",
        "$RCT2:OBJDATA/BMRB.DAT[1515]",
        "$RCT2:OBJDATA/BMRB.DAT[1517]",
        "$RCT2:OBJDATA/BMRB.DAT[1519]",
        "$RCT2:OBJDATA/BMRB.DAT[1521]",
        "$RCT2:OBJDATA/BMRB.DAT[1523]",
        "$RCT2:OBJDATA/BMRB.DAT[1525]",
        "$RCT2:OBJDATA/BMRB.DAT[1527]",
        "$RCT2:OBJDATA/BMRB.DAT[1529]",
        "$RCT2:OBJDATA/BMRB.DAT[1531]",
        "$RCT2:OBJDATA/BMRB.DAT[1533]",
        "$RCT2:OBJDATA/BMRB.DAT[1535]",
        "$RCT2:OBJDATA/BMRB.DAT[1537]",
        "$RCT2:OBJDATA/BMRB.DAT[1539]",
        "$RCT2:OBJDATA/BMRB.DAT[1541]",
        "$RCT2:OBJDATA/BMRB.DAT[1543]",
        "$RCT2:OBJDATA/BMRB.DAT[1545]",
        "$RCT2:OBJDATA/BMRB.DAT[1547..1563]",
        "$RCT2:OBJDATA/BMRB.DAT[1565]",
        "$RCT2:OBJDATA/BMRB.DAT[1567]",
        "$RCT2:OBJDATA/BMRB.DAT[1569]",
        "$RCT2:OBJDATA/BMRB.DAT[1571]",
        "$RCT2:OBJDATA/BMRB.DAT[1573]",
        "$RCT2:OBJDATA/BMRB.DAT[1575]",
        "$RCT2:OBJDATA/BMRB.DAT[1577]",
        "$RCT2:OBJDATA/BMRB.DAT[1579]",
        "$RCT2:OBJDATA/BMRB.DAT[1581]",
        "$RCT2:OBJDATA/BMRB.DAT[1583]",
        "$RCT2:OBJDATA/BMRB.DAT[1585]",
        "$RCT2:OBJDATA/BMRB.DAT[1587]",
        "$RCT2:OBJDATA/BMRB.DAT[1589]",
        "$RCT2:OBJDATA/BMRB.DAT[1591]",
        "$RCT2:OBJDATA/BMRB.DAT[1593]",
        "$RCT2:OBJDATA/BMRB.DAT[1595]",
        "$RCT2:OBJDATA/BMRB.DAT[1597]",
        "$RCT2:OBJDATA/BMRB.DAT[1599]",
        "$RCT2:OBJDATA/BMRB.DAT[1601]",
        "$RCT2:OBJDATA/BMRB.DAT[1603]",
        "$RCT2:OBJDATA/BMRB.DAT[1605]",
        "$RCT2:OBJDATA/BMRB.DAT[1607]",
        "$RCT2:OBJDATA/BMRB.DAT[1609]",
        "$RCT2:OBJDATA/BMRB.DAT[1611]",
        "$RCT2:OBJDATA/BMRB.DAT[1613]",
        "$RCT2:OBJDATA/BMRB.DAT[1615]",
        "$RCT2:OBJDATA/BMRB.DAT[1617]",
        "$RCT2:OBJDATA/BMRB.DAT[1619]",
        "$RCT2:OBJDATA/BMRB.DAT[1621]",
        "$RCT2:OBJDATA/BMRB.DAT[1623]",
        "$RCT2:OBJDATA/BMRB.DAT[1625]",
        "$RCT2:OBJDATA/BMRB.DAT[1743..1783]",
        "$RCT2:OBJDATA/BMRB.DAT[1785]",
        "$RCT2:OBJDATA/BMRB.DAT[1787]",
        "$RCT2:OBJDATA/BMRB.DAT[1789]",
        "$RCT2:OBJDATA/BMRB.DAT[1791]",
        "$RCT2:OBJDATA/BMRB.DAT[1793]",
        "$RCT2:OBJDATA/BMRB.DAT[1795]",
        "$RCT2:OBJDATA/BMRB.DAT[1797]",
        "$RCT2:OBJDATA/BMRB.DAT[1799]",
        "$RCT2:OBJDATA/BMRB.DAT[1801]",
        "$RCT2:OBJDATA/BMRB.DAT[1803]",
        "$RCT2:OBJDATA/BMRB.DAT[1805]",
        "$RCT2:OBJDATA/BMRB.DAT[1807]",
        "$RCT2:OBJDATA/BMRB.DAT[1809]",
        "$RCT2:OBJDATA/BMRB.DAT[1811]",
        "$RCT2:OBJDATA/BMRB.DAT[1813]",
        "$RCT2:OBJDATA/BMRB.DAT[1815]",
        "$RCT2:OBJDATA/BMRB.DAT[1817]",
        "$RCT2:OBJDATA/BMRB.DAT[1819]",
        "$RCT2:OBJDATA/BMRB.DAT[1821]",
        "$RCT2:OBJDATA/BMRB.DAT[1823]",
        "$RCT2:OBJDATA/BMRB.DAT[1825]",
        "$RCT2:OBJDATA/BMRB.DAT[1827]",
        "$RCT2:OBJDATA/BMRB.DAT[1829]",
        "$RCT2:OBJDATA/BMRB.DAT[1831]",
        "$RCT2:OBJDATA/BMRB.DAT[1833]",
        "$RCT2:OBJDATA/BMRB.DAT[1835]",
        "$RCT2:OBJDATA/BMRB.DAT[1837]",
        "$RCT2:OBJDATA/BMRB.DAT[1839]",
        "$RCT2:OBJDATA/BMRB.DAT[1841]",
        "$RCT2:OBJDATA/BMRB.DAT[1843]",
        "$RCT2:OBJDATA/BMRB.DAT[1845]",
        "$RCT2:OBJDATA/BMRB.DAT[1847]",
        "$RCT2:OBJDATA/BMRB.DAT[1849]",
        "$RCT2:OBJDATA/BMRB.DAT[1851]",
        "$RCT2:OBJDATA/BMRB.DAT[1853]",
        "$RCT2:OBJDATA/BMRB.DAT[1855]",
        "$RCT2:OBJDATA/BMRB.DAT[1857]",
        "$RCT2:OBJDATA/BMRB.DAT[1859]",
        "$RCT2:OBJDATA/BMRB.DAT[1861]",
        "$RCT2:OBJDATA/BMRB.DAT[1863]",
        "$RCT2:OBJDATA/BMRB.DAT[1865]",
        "$RCT2:OBJDATA/BMRB.DAT[1867]",
        "$RCT2:OBJDATA/BMRB.DAT[1869]",
        "$RCT2:OBJDATA/BMRB.DAT[1871]",
        "$RCT2:OBJDATA/BMRB.DAT[1873]",
        "$RCT2:OBJDATA/BMRB.DAT[1875]",
        "$RCT2:OBJDATA/BMRB.DAT[1877]",
        "$RCT2:OBJDATA/BMRB.DAT[1879]",
        "$RCT2:OBJDATA/BMRB.DAT[1881]",
        "$RCT2:OBJDATA/BMRB.DAT[1883]",
        "$RCT2:OBJDATA/BMRB.DAT[1885]",
        "$RCT2:OBJDATA/BMRB.DAT[1887]",
        "$RCT2:OBJDATA/BMRB.DAT[1889]",
        "$RCT2:OBJDATA/BMRB.DAT[1891]",
        "$RCT2:OBJDATA/BMRB.DAT[1893]",
        "$RCT2:OBJDATA/BMRB.DAT[1895]",
        "$RCT2:OBJDATA/BMRB.DAT[1897]",
        "$RCT2:OBJDATA/BMRB.DAT[1899]",
        "$RCT2:OBJDATA/BMRB.DAT[1901]",
        "$RCT2:OBJDATA/BMRB.DAT[1903]",
        "$RCT2:OBJDATA/BMRB.DAT[1905]",
        "$RCT2:OBJDATA/BMRB.DAT[1907]",
        "$RCT2:OBJDATA/BMRB.DAT[1909]",
        "$RCT2:OBJDATA/BMRB.DAT[1911]",
        "$RCT2:OBJDATA/BMRB.DAT[1913]",
        "$RCT2:OBJDATA/BMRB.DAT[1915]",
        "$RCT2:OBJDATA/BMRB.DAT[1917]",
        "$RCT2:OBJDATA/BMRB.DAT[1919]",
        "$RCT2:OBJDATA/BMRB.DAT[1921]",
        "$RCT2:OBJDATA/BMRB.DAT[1923]",
        "$RCT2:OBJDATA/BMRB.DAT[1925]",
        "$RCT2:OBJDATA/BMRB.DAT[1927]",
        "$RCT2:OBJDATA/BMRB.DAT[1929]",
        "$RCT2:OBJDATA/BMRB.DAT[1931]",
        "$RCT2:OBJDATA/BMRB.DAT[1933]",
        "$RCT2:OBJDATA/BMRB.DAT[1935]",
        "$RCT2:OBJDATA/BMRB.DAT[1937]",
        "$RCT2:OBJDATA/BMRB.DAT[1939]",
        "$RCT2:OBJDATA/BMRB.DAT[1941]",
        "$RCT2:OBJDATA/BMRB.DAT[1943]",
        "$RCT2:OBJDATA/BMRB.DAT[1945]",
        "$RCT2:OBJDATA/BMRB.DAT[1947]",
        "$RCT2:OBJDATA/BMRB.DAT[1949]",
        "$RCT2:OBJDATA/BMRB.DAT[1951]",
        "$RCT2:OBJDATA/BMRB.DAT[1953]",
        "$RCT2:OBJDATA/BMRB.DAT[1955]",
        "$RCT2:OBJDATA/BMRB.DAT[1957]",
        "$RCT2:OBJDATA/BMRB.DAT[1959]",
        "$RCT2:OBJDATA/BMRB.DAT[1961]",
        "$RCT2:OBJDATA/BMRB.DAT[1963]",
        "$RCT2:OBJDATA/BMRB.DAT[1965]",
        "$RCT2:OBJDATA/BMRB.DAT[1967]",
        "$RCT2:OBJDATA/BMRB.DAT[1969]",
        "$RCT2:OBJDATA/BMRB.DAT[1971]",
        "$RCT2:OBJDATA/BMRB.DAT[1973]",
        "$RCT2:OBJDATA/BMRB.DAT[1975..1990]",
        "$RCT2:OBJDATA/BMRB.DAT[2151..2163]",
        "$RCT2:OBJDATA/BMRB.DAT[2165]",
        "$RCT2:OBJDATA/BMRB.DAT[2167]",
        "$RCT2:OBJDATA/BMRB.DAT[2169]",
        "$RCT2:OBJDATA/BMRB.DAT[2171]",
        "$RCT2:OBJDATA/BMRB.DAT[2173]",
        "$RCT2:OBJDATA/BMRB.DAT[2175]",
        "$RCT2:OBJDATA/BMRB.DAT[2177]",
        "$RCT2:OBJDATA/BMRB.DAT[2179]",
        "$RCT2:OBJDATA/BMRB.DAT[2181]",
        "$RCT2:OBJDATA/BMRB.DAT[2183]",
        "$RCT2:OBJDATA/BMRB.DAT[2185]",
        "$RCT2:OBJDATA/BMRB.DAT[2187]",
        "$RCT2:OBJDATA/BMRB.DAT[2189]",
        "$RCT2:OBJDATA/BMRB.DAT[2191]",
        "$RCT2:OBJDATA/BMRB.DAT[2193]",
        "$RCT2:OBJDATA/BMRB.DAT[2195..2203]",
        "$RCT2:OBJDATA/BMRB.DAT[2205]",
        "$RCT2:OBJDATA/BMRB.DAT[2207]",
        "$RCT2:OBJDATA/BMRB.DAT[2209]",
        "$RCT2:OBJDATA/BMRB.DAT[2211]",
        "$RCT2:OBJDATA/BMRB.DAT[2213]",
        "$RCT2:OBJDATA/BMRB.DAT[2215]",
        "$RCT2:OBJDATA/BMRB.DAT[2217]",
        "$RCT2:OBJDATA/BMRB.DAT[2219]",
        "$RCT2:OBJDATA/BMRB.DAT[2221]",
        "$RCT2:OBJDATA/BMRB.DAT[2223]",
        "$RCT2:OBJDATA/BMRB.DAT[2225]",
        "$RCT2:OBJDATA/BMRB.DAT[2227]",
        "$RCT2:OBJDATA/BMRB.DAT[2229]",
        "$RCT2:OBJDATA/BMRB.DAT[2231]",
        "$RCT2:OBJDATA/BMRB.DAT[2233]",
        "$RCT2:OBJDATA/BMRB.DAT[2235]",
        "$RCT2:OBJDATA/BMRB.DAT[2237]",
        "$RCT2:OBJDATA/BMRB.DAT[2239]",
        "$RCT2:OBJDATA/BMRB.DAT[2241]",
        "$RCT2:OBJDATA/BMRB.DAT[2243]",
        "$RCT2:OBJDATA/BMRB.DAT[2245]",
        "$RCT2:OBJDATA/BMRB.DAT[2247]",
        "$RCT2:OBJDATA/BMRB.DAT[2249]",
        "$RCT2:OBJDATA/BMRB.DAT[2251]",
        "$RCT2:OBJDATA/BMRB.DAT[2253]",
        "$RCT2:OBJDATA/BMRB.DAT[2255]",
        "$RCT2:OBJDATA/BMRB.DAT[2257]",
        "$RCT2:OBJDATA/BMRB.DAT[2259]",
        "$RCT2:OBJDATA/BMRB.DAT[2261]",
        "$RCT2:OBJDATA/BMRB.DAT[2263]",
        "$RCT2:OBJDATA/BMRB.DAT[2265]",
        "$RCT2:OBJDATA/BMRB.DAT[2267..2283]",
        "$RCT2:OBJDATA/BMRB.DAT[2285]",
        "$RCT2:OBJDATA/BMRB.DAT[2287]",
        "$RCT2:OBJDATA/BMRB.DAT[2289]",
        "$RCT2:OBJDATA/BMRB.DAT[2291]",
        "$RCT2:OBJDATA/BMRB.DAT[2293]",
        "$RCT2:OBJDATA/BMRB.DAT[2295]",
        "$RCT2:OBJDATA/BMRB.DAT[2297]",
        "$RCT2:OBJDATA/BMRB.DAT[2299]",
        "$RCT2:OBJDATA/BMRB.DAT[2301]",
        "$RCT2:OBJDATA/BMRB.DAT[2303]",
        "$RCT2:OBJDATA/BMRB.DAT[2305]",
        "$RCT2:OBJDATA/BMRB.DAT[2307]",
        "$RCT2:OBJDATA/BMRB.DAT[2309]",
        "$RCT2:OBJDATA/BMRB.DAT[2311]",
        "$RCT2:OBJDATA/BMRB.DAT[2313]",
        "$RCT2:OBJDATA/BMRB.DAT[2315]",
        "$RCT2:OBJDATA/BMRB.DAT[2317]",
        "$RCT2:OBJDATA/BMRB.DAT[2319]",
        "$RCT2:OBJDATA/BMRB.DAT[2321]",
        "$RCT2:OBJDATA/BMRB.DAT[2323]",
        "$RCT2:OBJDATA/BMRB.DAT[2325]",
        "$RCT2:OBJDATA/BMRB.DAT[2327]",
        "$RCT2:OBJDATA/BMRB.DAT[2329]",
        "$RCT2:OBJDATA/BMRB.DAT[2331]",
        "$RCT2:OBJDATA/BMRB.DAT[2333]",
        "$RCT2:OBJDATA/BMRB.DAT[2335]",
        "$RCT2:OBJDATA/BMRB.DAT[2337]",
        "$RCT2:OBJDATA/BMRB.DAT[2339]",
        "$RCT2:OBJDATA/BMRB.DAT[2341]",
        "$RCT2:OBJDATA/BMRB.DAT[2343]",
        "$RCT2:OBJDATA/BMRB.DAT[2345]",
        "$RCT2:OBJDATA/BMRB.DAT[2463..2503]",
        "$RCT2:OBJDATA/BMRB.DAT[2505]",
        "$RCT2:OBJDATA/BMRB.DAT[2507]",
        "$RCT2:OBJDATA/BMRB.DAT[2509]",
        "$RCT2:OBJDATA/BMRB.DAT[2511]",
        "$RCT2:OBJDATA/BMRB.DAT[2513]",
        "$RCT2:OBJDATA/BMRB.DAT[2515]",
        "$RCT2:OBJDATA/BMRB.DAT[2517]",
        "$RCT2:OBJDATA/BMRB.DAT[2519]",
        "$RCT2:OBJDATA/BMRB.DAT[2521]",
        "$RCT2:OBJDATA/BMRB.DAT[2523]",
        "$RCT2:OBJDATA/BMRB.DAT[2525]",
        "$RCT2:OBJDATA/BMRB.DAT[2527]",
        "$RCT2:OBJDATA/BMRB.DAT[2529]",
        "$RCT2:OBJDATA/BMRB.DAT[2531]",
        "$RCT2:OBJDATA/BMRB.DAT[2533]",
        "$RCT2:OBJDATA/BMRB.DAT[2535]",
        "$RCT2:OBJDATA/BMRB.DAT[2537]",
        "$RCT2:OBJDATA/BMRB.DAT[2539]",
        "$RCT2:OBJDATA/BMRB.DAT[2541]",
        "$RCT2:OBJDATA/BMRB.DAT[2543]",
        "$RCT2:OBJDATA/BMRB.DAT[2545]",
        "$RCT2:OBJDATA/BMRB.DAT[2547]",
        "$RCT2:OBJDATA/BMRB.DAT[2549]",
        "$RCT2:OBJDATA/BMRB.DAT[2551]",
        "$RCT2:OBJDATA/BMRB.DAT[2553]",
        "$RCT2:OBJDATA/BMRB.DAT[2555]",
        "$RCT2:OBJDATA/BMRB.DAT[2557]",
        "$RCT2:OBJDATA/BMRB.DAT[2559]",
        "$RCT2:OBJDATA/BMRB.DAT[2561]",
        "$RCT2:OBJDATA/BMRB.DAT[2563]",
        "$RCT2:OBJDATA/BMRB.DAT[2565]",
        "$RCT2:OBJDATA/BMRB.DAT[2567]",
        "$RCT2:OBJDATA/BMRB.DAT[2569]",
        "$RCT2:OBJDATA/BMRB.DAT[2571]",
        "$RCT2:OBJDATA/BMRB.DAT[2573]",
        "$RCT2:OBJDATA/BMRB.DAT[2575]",
        "$RCT2:OBJDATA/BMRB.DAT[2577]",
        "$RCT2:OBJDATA/BMRB.DAT[2579]",
        "$RCT2:OBJDATA/BMRB.DAT[2581]",
        "$RCT2:OBJDATA/BMRB.DAT[2583]",
        "$RCT2:OBJDATA/BMRB.DAT[2585]",
        "$RCT2:OBJDATA/BMRB.DAT[2587]",
        "$RCT2:OBJDATA/BMRB.DAT[2589]",
        "$RCT2:OBJDATA/BMRB.DAT[2591]",
        "$RCT2:OBJDATA/BMRB.DAT[2593]",
        "$RCT2:OBJDATA/BMRB.DAT[2595]",
        "$RCT2:OBJDATA/BMRB.DAT[2597]",
        "$RCT2:OBJDATA/BMRB.DAT[2599]",
        "$RCT2:OBJDATA/BMRB.DAT[2601]",
        "$RCT2:OBJDATA/BMRB.DAT[2603]",
        "$RCT2:OBJDATA/BMRB.DAT[2605]",
        "$RCT2:OBJDATA/BMRB.DAT[2607]",
        "$RCT2:OBJDATA/BMRB.DAT[2609]",
        "$RCT2:OBJDATA/BMRB.DAT[2611]",
        "$RCT2:OBJDATA/BMRB.DAT[2613]",
        "$RCT2:OBJDATA/BMRB.DAT[2615]",
        "$RCT2:OBJDATA/BMRB.DAT[2617]",
        "$RCT2:OBJDATA/BMRB.DAT[2619]",
        "$RCT2:OBJDATA/BMRB.DAT[2621]",
        "$RCT2:OBJDATA/BMRB.DAT[2623]",
        "$RCT2:OBJDATA/BMRB.DAT[2625]",
        "$RCT2:OBJDATA/BMRB.DAT[2627]",
        "$RCT2:OBJDATA/BMRB.DAT[2629]",
        "$RCT2:OBJDATA/BMRB.DAT[2631]",
        "$RCT2:OBJDATA/BMRB.DAT[2633]",
        "$RCT2:OBJDATA/BMRB.DAT[2635]",
        "$RCT2:OBJDATA/BMRB.DAT[2637]",
        "$RCT2:OBJDATA/BMRB.DAT[2639]",
        "$RCT2:OBJDATA/BMRB.DAT[2641]",
        "$RCT2:OBJDATA/BMRB.DAT[2643]",
        "$RCT2:OBJDATA/BMRB.DAT[2645]",
        "$RCT2:OBJDATA/BMRB.DAT[2647]",
        "$RCT2:OBJDATA/BMRB.DAT[2649]",
        "$RCT2:OBJDATA/BMRB.DAT[2651]",
        "$RCT2:OBJDATA/BMRB.DAT[2653]",
        "$RCT2:OBJDATA/BMRB.DAT[2655]",
        "$RCT2:OBJDATA/BMRB.DAT[2657]",
        "$RCT2:OBJDATA/BMRB.DAT[2659]",
        "$RCT2:OBJDATA/BMRB.DAT[2661]",
        "$RCT2:OBJDATA/BMRB.DAT[2663]",
        "$RCT2:OBJDATA/BMRB.DAT[2665]",
        "$RCT2:OBJDATA/BMRB.DAT[2667]",
        "$RCT2:OBJDATA/BMRB.DAT[2669]",
        "$RCT2:OBJDATA/BMRB.DAT[2671]",
        "$RCT2:OBJDATA/BMRB.DAT[2673]",
        "$RCT2:OBJDATA/BMRB.DAT[2675]",
        "$RCT2:OBJDATA/BMRB.DAT[2677]",
        "$RCT2:OBJDATA/BMRB.DAT[2679]",
        "$RCT2:OBJDATA/BMRB.DAT[2681]",
        "$RCT2:OBJDATA/BMRB.DAT[2683]",
        "$RCT2:OBJDATA/BMRB.DAT[2685]",
        "$RCT2:OBJDATA/BMRB.DAT[2687]",
        "$RCT2:OBJDATA/BMRB.DAT[2689]",
        "$RCT2:OBJDATA/BMRB.DAT[2691]",
        "$RCT2:OBJDATA/BMRB.DAT[2693]",
        "$RCT2:OBJDATA/BMRB.DAT[2695..2710]"
    ]
}
