{
    "id": "rct2.park_entrance.pkent1",
    "authors": [
        "Chris Sawyer",
        "Simon Foster"
    ],
    "version": "1.0",
    "originalId": "0A188088|PKENT1  |E3FB2B4B",
    "sourceGame": [
        "rct2",
        "rct1"
    ],
    "objectType": "park_entrance",
    "properties": {
        "scrollingMode": 3,
        "textHeight": 81
    },
    "images": [
        "$RCT2:OBJDATA/PKENT1.DAT[0..11]"
    ],
    "strings": {
        "name": {
            "en-GB": "Traditional Park Entrance",
            "fr-FR": "Entrée de parc traditionnelle",
            "de-DE": "Traditioneller Parkeingang",
            "es-ES": "Entrada al parque tradicional",
            "it-IT": "Entrata del parco tradizionale",
            "nl-NL": "Traditionele parkingang",
            "sv-SE": "Vanlig parkentré",
            "ko-KR": "기본 공원 입구",
            "zh-CN": "传统风格游乐园入口",
            "zh-TW": "傳統遊樂園入口",
            "pt-BR": "Entrada de Parque Tradicional",
            "cs-CZ": "Tradiční brána pro vstup do parku",
            "ja-JP": "昔ながらの遊園地の入口",
            "pl-PL": "Tradycyjne wejście do parku",
            "ru-RU": "Традиционный вход",
            "ar-EG": "مدخل حديقة تقليدي",
            "eo-ZZ": "Tradicia Parkenirejo",
            "ca-ES": "Entrada de parc tradicional",
            "fi-FI": "Perinteinen sisäänkäynti"
        }
    }
}
