{
    "id": "rct1aa.footpath_surface.tiles_grey",
    "authors": [
        "Chris Sawyer",
        "Simon Foster"
    ],
    "version": "1.0",
    "sourceGame": "rct1aa",
    "objectType": "footpath_surface",
    "properties": {
        "noSlopeRailings": true
    },
    "images": [
        { "path": "preview.png", "x": 1, "y": 1 },
        "$CSG[43881..43931]"
    ],
    "noCsgImages": [
        { "path": "preview.png", "x": 1, "y": 1 },
        "$RCT2:OBJDATA/TARMAC.DAT[0..15]",
        "$RCT2:OBJDATA/ROAD.DAT[16..19]",
        "$RCT2:OBJDATA/TARMAC.DAT[20..50]"
    ],
    "strings": {
        "name": {
            "en-GB": "Grey Tiled Footpath",
            "de-DE": "Grauer Mosaikfußweg",
            "nl-NL": "Grijze klinkers",
            "ar-EG": "قرميد ممشي رمادي",
            "pt-BR": "Calçada de Azulejo Cinza",
            "fr-FR": "Allée pavée grise",
            "ja-JP": "グレーのタイルの歩道",
            "pl-PL": "Szara Mozaikowa Ścieżka",
            "ko-KR": "회색 타일 보도",
            "eo-ZZ": "Griza Kahelita Trotuaro",
            "sv-SE": "Grå stenlagd gångväg",
            "ca-ES": "Camí enrajolat gris",
            "en-US": "Gray Tiled Footpath"
        }
    }
}
