{
    "id": "rct1ll.ride.coaster_boats",
    "authors": ["Chris Sawyer", "Simon Foster"],
    "version": "1.0",
    "originalId": "00000000|#RCT1CSB|00000000",
    "sourceGame": "rct1ll",
    "isCompatibilityObject": true,
    "objectType": "ride",
    "properties": {
        "type": "water_coaster",
        "category": [
            "water",
            "rollercoaster"
        ],
        "playSplashSoundSlide": true,
        "minCarsPerTrain": 3,
        "maxCarsPerTrain": 3,
        "numEmptyCars": 2,
        "tabCar": 1,
        "headCars": 1,
        "tailCars": 1,
        "carColours": [
            [
                ["dark_brown", "bright_red", "black"]
            ],
            [
                ["grey", "dark_brown", "black"]
            ],
            [
                ["saturated_brown", "dark_green", "black"]
            ]
        ],
        "cars": [
            {
                "rotationFrameMask": 15,
                "spacing": 191488,
                "mass": 950,
                "numSeats": 6,
                "numSeatRows": 3,
                "frictionSoundId": 2,
                "soundRange": 2,
                "effectVisual": 14,
                "drawOrder": 10,
                "spriteGroups": {
                    "slopeFlat":16,
                    "slopes12":4,
                    "slopes25":16,
                    "slopes42":8,
                    "slopes60":4,
                    "slopes8":4,
                    "slopes16":4,
                    "slopes50":4,
                    "flatBanked22":8,
                    "flatBanked45":16,
                    "slopes12Banked22":4,
                    "slopes8Banked22":4
                },
                "hasAdditionalColour1": true,
                "hasScreamingRiders": true,
                "loadingPositions": [7, 9, 2, 4, -3, -1]
            },
            {
                "rotationFrameMask": 0,
                "spacing": 87040,
                "frictionSoundId": 2,
                "soundRange": 2,
                "carVisual": 8,
                "drawOrder": 8,
                "spriteGroups": {
                    "slopeFlat":1
                },
                "hasScreamingRiders": true
            }
        ]
    },
    "images": [
    { "path": "images/preview.png", "format": "raw"},
        "",
        "",
        "$CSG[31061..31076]",

        "$CSG[31077]",
        "$CSG[31085]",
        "$CSG[31093]",
        "$CSG[31101]",

        "$CSG[31081]",
        "$CSG[31089]",
        "$CSG[31097]",
        "$CSG[31105]",

        "$CSG[31078]",
        "$CSG[31109..31111]",
        "$CSG[31086]",
        "$CSG[31112..31114]",
        "$CSG[31094]",
        "$CSG[31115..31117]",
        "$CSG[31102]",
        "$CSG[31118..31120]",

        "$CSG[31082]",
        "$CSG[31121..31123]",
        "$CSG[31090]",
        "$CSG[31124..31126]",
        "$CSG[31098]",
        "$CSG[31127..31129]",
        "$CSG[31106]",
        "$CSG[31130..31132]",

        "$CSG[31079]",
        "$CSG[31141]",
        "$CSG[31087]",
        "$CSG[31142]",
        "$CSG[31095]",
        "$CSG[31143]",
        "$CSG[31103]",
        "$CSG[31144]",
        "$CSG[31083]",
        "$CSG[31157]",
        "$CSG[31091]",
        "$CSG[31158]",
        "$CSG[31099]",
        "$CSG[31159]",
        "$CSG[31107]",
        "$CSG[31160]",
        "$CSG[31080]",
        "$CSG[31088]",
        "$CSG[31096]",
        "$CSG[31104]",
        "$CSG[31084]",
        "$CSG[31092]",
        "$CSG[31100]",
        "$CSG[31108]",

        "$CSG[31133..31136]",
        "$CSG[31149..31152]",
        "$CSG[31137..31140]",
        "$CSG[31153..31156]",
        "$CSG[31145..31148]",
        "$CSG[31161..31164]",

        "$CSG[31197]",
        "$CSG[31237]",
        "$CSG[31198]",
        "$CSG[31238]",
        "$CSG[31199]",
        "$CSG[31239]",
        "$CSG[31200]",
        "$CSG[31240]",
        "$CSG[31201]",
        "$CSG[31241]",
        "$CSG[31202]",
        "$CSG[31242]",
        "$CSG[31203]",
        "$CSG[31243]",
        "$CSG[31204]",
        "$CSG[31244]",

        "$CSG[31165..31196]",

        "$CSG[31205..31220]",

        "$CSG[31221..31236]",

        "$CSG[31245..31260]",

        "$CSG[31261]",
        "$CSG[31269]",
        "$CSG[31277]",
        "$CSG[31285]",

        "$CSG[31265]",
        "$CSG[31273]",
        "$CSG[31281]",
        "$CSG[31289]",

        "$CSG[31262]",
        "$CSG[31293..31295]",
        "$CSG[31270]",
        "$CSG[31296..31298]",
        "$CSG[31278]",
        "$CSG[31299..31301]",
        "$CSG[31286]",
        "$CSG[31302..31304]",

        "$CSG[31266]",
        "$CSG[31305..31307]",
        "$CSG[31274]",
        "$CSG[31308..31310]",
        "$CSG[31282]",
        "$CSG[31311..31313]",
        "$CSG[31290]",
        "$CSG[31314..31316]",

        "$CSG[31263]",
        "$CSG[31325]",
        "$CSG[31271]",
        "$CSG[31326]",
        "$CSG[31279]",
        "$CSG[31327]",
        "$CSG[31287]",
        "$CSG[31328]",
        "$CSG[31267]",
        "$CSG[31341]",
        "$CSG[31275]",
        "$CSG[31342]",
        "$CSG[31283]",
        "$CSG[31343]",
        "$CSG[31291]",
        "$CSG[31344]",
        "$CSG[31264]",
        "$CSG[31272]",
        "$CSG[31280]",
        "$CSG[31288]",
        "$CSG[31268]",
        "$CSG[31276]",
        "$CSG[31284]",
        "$CSG[31292]",

        "$CSG[31317..31320]",
        "$CSG[31333..31336]",
        "$CSG[31321..31324]",
        "$CSG[31337..31340]",
        "$CSG[31329..31332]",
        "$CSG[31345..31348]",

        "$CSG[31381]",
        "$CSG[31421]",
        "$CSG[31382]",
        "$CSG[31422]",
        "$CSG[31383]",
        "$CSG[31423]",
        "$CSG[31384]",
        "$CSG[31424]",
        "$CSG[31385]",
        "$CSG[31425]",
        "$CSG[31386]",
        "$CSG[31426]",
        "$CSG[31387]",
        "$CSG[31427]",
        "$CSG[31388]",
        "$CSG[31428]",

        "$CSG[31349..31380]",

        "$CSG[31389..31404]",

        "$CSG[31405..31420]",

        "$CSG[31429..31444]",

        "$CSG[31445]",
        "$CSG[31453]",
        "$CSG[31461]",
        "$CSG[31469]",

        "$CSG[31449]",
        "$CSG[31457]",
        "$CSG[31465]",
        "$CSG[31473]",

        "$CSG[31446]",
        "$CSG[31477..31479]",
        "$CSG[31454]",
        "$CSG[31480..31482]",
        "$CSG[31462]",
        "$CSG[31483..31485]",
        "$CSG[31470]",
        "$CSG[31486..31488]",

        "$CSG[31450]",
        "$CSG[31489..31491]",
        "$CSG[31458]",
        "$CSG[31492..31494]",
        "$CSG[31466]",
        "$CSG[31495..31497]",
        "$CSG[31474]",
        "$CSG[31498..31500]",

        "$CSG[31447]",
        "$CSG[31509]",
        "$CSG[31455]",
        "$CSG[31510]",
        "$CSG[31463]",
        "$CSG[31511]",
        "$CSG[31471]",
        "$CSG[31512]",
        "$CSG[31451]",
        "$CSG[31525]",
        "$CSG[31459]",
        "$CSG[31526]",
        "$CSG[31467]",
        "$CSG[31527]",
        "$CSG[31475]",
        "$CSG[31528]",
        "$CSG[31448]",
        "$CSG[31456]",
        "$CSG[31464]",
        "$CSG[31472]",
        "$CSG[31452]",
        "$CSG[31460]",
        "$CSG[31468]",
        "$CSG[31476]",

        "$CSG[31501..31504]",
        "$CSG[31517..31520]",
        "$CSG[31505..31508]",
        "$CSG[31521..31524]",
        "$CSG[31513..31516]",
        "$CSG[31529..31532]",

        "$CSG[31565]",
        "$CSG[31605]",
        "$CSG[31566]",
        "$CSG[31606]",
        "$CSG[31567]",
        "$CSG[31607]",
        "$CSG[31568]",
        "$CSG[31608]",
        "$CSG[31569]",
        "$CSG[31609]",
        "$CSG[31570]",
        "$CSG[31610]",
        "$CSG[31571]",
        "$CSG[31611]",
        "$CSG[31572]",
        "$CSG[31612]",

        "$CSG[31533..31564]",

        "$CSG[31573..31588]",

        "$CSG[31589..31604]",

        "$CSG[31613..31628]",

        "$CSG[31629]",
        "$CSG[31637]",
        "$CSG[31645]",
        "$CSG[31653]",

        "$CSG[31633]",
        "$CSG[31641]",
        "$CSG[31649]",
        "$CSG[31657]",

        "$CSG[31630]",
        "$CSG[31661..31663]",
        "$CSG[31638]",
        "$CSG[31664..31666]",
        "$CSG[31646]",
        "$CSG[31667..31669]",
        "$CSG[31654]",
        "$CSG[31670..31672]",

        "$CSG[31634]",
        "$CSG[31673..31675]",
        "$CSG[31642]",
        "$CSG[31676..31678]",
        "$CSG[31650]",
        "$CSG[31679..31681]",
        "$CSG[31658]",
        "$CSG[31682..31684]",

        "$CSG[31631]",
        "$CSG[31693]",
        "$CSG[31639]",
        "$CSG[31694]",
        "$CSG[31647]",
        "$CSG[31695]",
        "$CSG[31655]",
        "$CSG[31696]",
        "$CSG[31635]",
        "$CSG[31709]",
        "$CSG[31643]",
        "$CSG[31710]",
        "$CSG[31651]",
        "$CSG[31711]",
        "$CSG[31659]",
        "$CSG[31712]",
        "$CSG[31632]",
        "$CSG[31640]",
        "$CSG[31648]",
        "$CSG[31656]",
        "$CSG[31636]",
        "$CSG[31644]",
        "$CSG[31652]",
        "$CSG[31660]",

        "$CSG[31685..31688]",
        "$CSG[31701..31704]",
        "$CSG[31689..31692]",
        "$CSG[31705..31708]",
        "$CSG[31697..31700]",
        "$CSG[31713..31716]",

        "$CSG[31749]",
        "$CSG[31789]",
        "$CSG[31750]",
        "$CSG[31790]",
        "$CSG[31751]",
        "$CSG[31791]",
        "$CSG[31752]",
        "$CSG[31792]",
        "$CSG[31753]",
        "$CSG[31793]",
        "$CSG[31754]",
        "$CSG[31794]",
        "$CSG[31755]",
        "$CSG[31795]",
        "$CSG[31756]",
        "$CSG[31796]",

        "$CSG[31717..31748]",

        "$CSG[31757..31772]",

        "$CSG[31773..31788]",

		""
    ],
    "noCsgImages": [
    { "path": "images/preview.png", "format": "raw"},
        "",
        "",
        "$RCT2:OBJDATA/CSTBOAT.DAT[3]",
        "$RCT2:OBJDATA/CSTBOAT.DAT[5]",
        "$RCT2:OBJDATA/CSTBOAT.DAT[7]",
        "$RCT2:OBJDATA/CSTBOAT.DAT[9]",
        "$RCT2:OBJDATA/CSTBOAT.DAT[11]",
        "$RCT2:OBJDATA/CSTBOAT.DAT[13]",
        "$RCT2:OBJDATA/CSTBOAT.DAT[15]",
        "$RCT2:OBJDATA/CSTBOAT.DAT[17]",
        "$RCT2:OBJDATA/CSTBOAT.DAT[19]",
        "$RCT2:OBJDATA/CSTBOAT.DAT[21]",
        "$RCT2:OBJDATA/CSTBOAT.DAT[23]",
        "$RCT2:OBJDATA/CSTBOAT.DAT[25]",
        "$RCT2:OBJDATA/CSTBOAT.DAT[27]",
        "$RCT2:OBJDATA/CSTBOAT.DAT[29]",
        "$RCT2:OBJDATA/CSTBOAT.DAT[31]",
        "$RCT2:OBJDATA/CSTBOAT.DAT[33]",

        "$RCT2:OBJDATA/CSTBOAT.DAT[35..42]",

        "$RCT2:OBJDATA/CSTBOAT.DAT[43]",
        "$RCT2:OBJDATA/CSTBOAT.DAT[45]",
        "$RCT2:OBJDATA/CSTBOAT.DAT[47]",
        "$RCT2:OBJDATA/CSTBOAT.DAT[49]",
        "$RCT2:OBJDATA/CSTBOAT.DAT[51]",
        "$RCT2:OBJDATA/CSTBOAT.DAT[53]",
        "$RCT2:OBJDATA/CSTBOAT.DAT[55]",
        "$RCT2:OBJDATA/CSTBOAT.DAT[57]",
        "$RCT2:OBJDATA/CSTBOAT.DAT[59]",
        "$RCT2:OBJDATA/CSTBOAT.DAT[61]",
        "$RCT2:OBJDATA/CSTBOAT.DAT[63]",
        "$RCT2:OBJDATA/CSTBOAT.DAT[65]",
        "$RCT2:OBJDATA/CSTBOAT.DAT[67]",
        "$RCT2:OBJDATA/CSTBOAT.DAT[69]",
        "$RCT2:OBJDATA/CSTBOAT.DAT[71]",
        "$RCT2:OBJDATA/CSTBOAT.DAT[73]",

        "$RCT2:OBJDATA/CSTBOAT.DAT[75]",
        "$RCT2:OBJDATA/CSTBOAT.DAT[77]",
        "$RCT2:OBJDATA/CSTBOAT.DAT[79]",
        "$RCT2:OBJDATA/CSTBOAT.DAT[81]",
        "$RCT2:OBJDATA/CSTBOAT.DAT[83]",
        "$RCT2:OBJDATA/CSTBOAT.DAT[85]",
        "$RCT2:OBJDATA/CSTBOAT.DAT[87]",
        "$RCT2:OBJDATA/CSTBOAT.DAT[89]",
        "$RCT2:OBJDATA/CSTBOAT.DAT[91]",
        "$RCT2:OBJDATA/CSTBOAT.DAT[93]",
        "$RCT2:OBJDATA/CSTBOAT.DAT[95]",
        "$RCT2:OBJDATA/CSTBOAT.DAT[97]",
        "$RCT2:OBJDATA/CSTBOAT.DAT[99]",
        "$RCT2:OBJDATA/CSTBOAT.DAT[101]",
        "$RCT2:OBJDATA/CSTBOAT.DAT[103]",
        "$RCT2:OBJDATA/CSTBOAT.DAT[105]",

        "$RCT2:OBJDATA/CSTBOAT.DAT[107..122]",

        "$RCT2:OBJDATA/CSTBOAT.DAT[123]",
        "$RCT2:OBJDATA/CSTBOAT.DAT[131]",
        "$RCT2:OBJDATA/CSTBOAT.DAT[139]",
        "$RCT2:OBJDATA/CSTBOAT.DAT[147]",
        "$RCT2:OBJDATA/CSTBOAT.DAT[155]",
        "$RCT2:OBJDATA/CSTBOAT.DAT[163]",
        "$RCT2:OBJDATA/CSTBOAT.DAT[171]",
        "$RCT2:OBJDATA/CSTBOAT.DAT[179]",

        "$RCT2:OBJDATA/CSTBOAT.DAT[187..226]",

        "$RCT2:OBJDATA/CSTBOAT.DAT[227]",
        "$RCT2:OBJDATA/CSTBOAT.DAT[229]",
        "$RCT2:OBJDATA/CSTBOAT.DAT[231]",
        "$RCT2:OBJDATA/CSTBOAT.DAT[233]",
        "$RCT2:OBJDATA/CSTBOAT.DAT[235]",
        "$RCT2:OBJDATA/CSTBOAT.DAT[237]",
        "$RCT2:OBJDATA/CSTBOAT.DAT[239]",
        "$RCT2:OBJDATA/CSTBOAT.DAT[241]",
        "$RCT2:OBJDATA/CSTBOAT.DAT[243]",
        "$RCT2:OBJDATA/CSTBOAT.DAT[245]",
        "$RCT2:OBJDATA/CSTBOAT.DAT[247]",
        "$RCT2:OBJDATA/CSTBOAT.DAT[249]",
        "$RCT2:OBJDATA/CSTBOAT.DAT[251]",
        "$RCT2:OBJDATA/CSTBOAT.DAT[253]",
        "$RCT2:OBJDATA/CSTBOAT.DAT[255]",
        "$RCT2:OBJDATA/CSTBOAT.DAT[257]",

        "$RCT2:OBJDATA/CSTBOAT.DAT[259]",
        "$RCT2:OBJDATA/CSTBOAT.DAT[261]",
        "$RCT2:OBJDATA/CSTBOAT.DAT[263]",
        "$RCT2:OBJDATA/CSTBOAT.DAT[265]",
        "$RCT2:OBJDATA/CSTBOAT.DAT[267]",
        "$RCT2:OBJDATA/CSTBOAT.DAT[269]",
        "$RCT2:OBJDATA/CSTBOAT.DAT[271]",
        "$RCT2:OBJDATA/CSTBOAT.DAT[273]",
        "$RCT2:OBJDATA/CSTBOAT.DAT[275]",
        "$RCT2:OBJDATA/CSTBOAT.DAT[277]",
        "$RCT2:OBJDATA/CSTBOAT.DAT[279]",
        "$RCT2:OBJDATA/CSTBOAT.DAT[281]",
        "$RCT2:OBJDATA/CSTBOAT.DAT[283]",
        "$RCT2:OBJDATA/CSTBOAT.DAT[285]",
        "$RCT2:OBJDATA/CSTBOAT.DAT[287]",
        "$RCT2:OBJDATA/CSTBOAT.DAT[289]",

        "$RCT2:OBJDATA/CSTBOAT.DAT[291]",
        "$RCT2:OBJDATA/CSTBOAT.DAT[299]",
        "$RCT2:OBJDATA/CSTBOAT.DAT[307]",
        "$RCT2:OBJDATA/CSTBOAT.DAT[315]",
        "$RCT2:OBJDATA/CSTBOAT.DAT[323]",
        "$RCT2:OBJDATA/CSTBOAT.DAT[331]",
        "$RCT2:OBJDATA/CSTBOAT.DAT[339]",
        "$RCT2:OBJDATA/CSTBOAT.DAT[347]",

        "$RCT2:OBJDATA/CSTBOAT.DAT[355]",
        "$RCT2:OBJDATA/CSTBOAT.DAT[363]",
        "$RCT2:OBJDATA/CSTBOAT.DAT[371]",
        "$RCT2:OBJDATA/CSTBOAT.DAT[379]",
        "$RCT2:OBJDATA/CSTBOAT.DAT[387]",
        "$RCT2:OBJDATA/CSTBOAT.DAT[395]",
        "$RCT2:OBJDATA/CSTBOAT.DAT[403]",
        "$RCT2:OBJDATA/CSTBOAT.DAT[411]",

        "$RCT2:OBJDATA/CSTBOAT.DAT[419..434]",

        "$RCT2:OBJDATA/CSTBOAT.DAT[435]",
        "$RCT2:OBJDATA/CSTBOAT.DAT[437]",
        "$RCT2:OBJDATA/CSTBOAT.DAT[439]",
        "$RCT2:OBJDATA/CSTBOAT.DAT[441]",
        "$RCT2:OBJDATA/CSTBOAT.DAT[443]",
        "$RCT2:OBJDATA/CSTBOAT.DAT[445]",
        "$RCT2:OBJDATA/CSTBOAT.DAT[447]",
        "$RCT2:OBJDATA/CSTBOAT.DAT[449]",
        "$RCT2:OBJDATA/CSTBOAT.DAT[451]",
        "$RCT2:OBJDATA/CSTBOAT.DAT[453]",
        "$RCT2:OBJDATA/CSTBOAT.DAT[455]",
        "$RCT2:OBJDATA/CSTBOAT.DAT[457]",
        "$RCT2:OBJDATA/CSTBOAT.DAT[459]",
        "$RCT2:OBJDATA/CSTBOAT.DAT[461]",
        "$RCT2:OBJDATA/CSTBOAT.DAT[463]",
        "$RCT2:OBJDATA/CSTBOAT.DAT[465]",

        "$RCT2:OBJDATA/CSTBOAT.DAT[467..474]",

        "$RCT2:OBJDATA/CSTBOAT.DAT[475]",
        "$RCT2:OBJDATA/CSTBOAT.DAT[477]",
        "$RCT2:OBJDATA/CSTBOAT.DAT[479]",
        "$RCT2:OBJDATA/CSTBOAT.DAT[481]",
        "$RCT2:OBJDATA/CSTBOAT.DAT[483]",
        "$RCT2:OBJDATA/CSTBOAT.DAT[485]",
        "$RCT2:OBJDATA/CSTBOAT.DAT[487]",
        "$RCT2:OBJDATA/CSTBOAT.DAT[489]",
        "$RCT2:OBJDATA/CSTBOAT.DAT[491]",
        "$RCT2:OBJDATA/CSTBOAT.DAT[493]",
        "$RCT2:OBJDATA/CSTBOAT.DAT[495]",
        "$RCT2:OBJDATA/CSTBOAT.DAT[497]",
        "$RCT2:OBJDATA/CSTBOAT.DAT[499]",
        "$RCT2:OBJDATA/CSTBOAT.DAT[501]",
        "$RCT2:OBJDATA/CSTBOAT.DAT[503]",
        "$RCT2:OBJDATA/CSTBOAT.DAT[505]",

        "$RCT2:OBJDATA/CSTBOAT.DAT[507]",
        "$RCT2:OBJDATA/CSTBOAT.DAT[509]",
        "$RCT2:OBJDATA/CSTBOAT.DAT[511]",
        "$RCT2:OBJDATA/CSTBOAT.DAT[513]",
        "$RCT2:OBJDATA/CSTBOAT.DAT[515]",
        "$RCT2:OBJDATA/CSTBOAT.DAT[517]",
        "$RCT2:OBJDATA/CSTBOAT.DAT[519]",
        "$RCT2:OBJDATA/CSTBOAT.DAT[521]",
        "$RCT2:OBJDATA/CSTBOAT.DAT[523]",
        "$RCT2:OBJDATA/CSTBOAT.DAT[525]",
        "$RCT2:OBJDATA/CSTBOAT.DAT[527]",
        "$RCT2:OBJDATA/CSTBOAT.DAT[529]",
        "$RCT2:OBJDATA/CSTBOAT.DAT[531]",
        "$RCT2:OBJDATA/CSTBOAT.DAT[533]",
        "$RCT2:OBJDATA/CSTBOAT.DAT[535]",
        "$RCT2:OBJDATA/CSTBOAT.DAT[537]",

        "$RCT2:OBJDATA/CSTBOAT.DAT[539..554]",

        "$RCT2:OBJDATA/CSTBOAT.DAT[555]",
        "$RCT2:OBJDATA/CSTBOAT.DAT[563]",
        "$RCT2:OBJDATA/CSTBOAT.DAT[571]",
        "$RCT2:OBJDATA/CSTBOAT.DAT[579]",
        "$RCT2:OBJDATA/CSTBOAT.DAT[587]",
        "$RCT2:OBJDATA/CSTBOAT.DAT[595]",
        "$RCT2:OBJDATA/CSTBOAT.DAT[603]",
        "$RCT2:OBJDATA/CSTBOAT.DAT[611]",

        "$RCT2:OBJDATA/CSTBOAT.DAT[619..658]",

        "$RCT2:OBJDATA/CSTBOAT.DAT[659]",
        "$RCT2:OBJDATA/CSTBOAT.DAT[661]",
        "$RCT2:OBJDATA/CSTBOAT.DAT[663]",
        "$RCT2:OBJDATA/CSTBOAT.DAT[665]",
        "$RCT2:OBJDATA/CSTBOAT.DAT[667]",
        "$RCT2:OBJDATA/CSTBOAT.DAT[669]",
        "$RCT2:OBJDATA/CSTBOAT.DAT[671]",
        "$RCT2:OBJDATA/CSTBOAT.DAT[673]",
        "$RCT2:OBJDATA/CSTBOAT.DAT[675]",
        "$RCT2:OBJDATA/CSTBOAT.DAT[677]",
        "$RCT2:OBJDATA/CSTBOAT.DAT[679]",
        "$RCT2:OBJDATA/CSTBOAT.DAT[681]",
        "$RCT2:OBJDATA/CSTBOAT.DAT[683]",
        "$RCT2:OBJDATA/CSTBOAT.DAT[685]",
        "$RCT2:OBJDATA/CSTBOAT.DAT[687]",
        "$RCT2:OBJDATA/CSTBOAT.DAT[689]",

        "$RCT2:OBJDATA/CSTBOAT.DAT[691]",
        "$RCT2:OBJDATA/CSTBOAT.DAT[693]",
        "$RCT2:OBJDATA/CSTBOAT.DAT[695]",
        "$RCT2:OBJDATA/CSTBOAT.DAT[697]",
        "$RCT2:OBJDATA/CSTBOAT.DAT[699]",
        "$RCT2:OBJDATA/CSTBOAT.DAT[701]",
        "$RCT2:OBJDATA/CSTBOAT.DAT[703]",
        "$RCT2:OBJDATA/CSTBOAT.DAT[705]",
        "$RCT2:OBJDATA/CSTBOAT.DAT[707]",
        "$RCT2:OBJDATA/CSTBOAT.DAT[709]",
        "$RCT2:OBJDATA/CSTBOAT.DAT[711]",
        "$RCT2:OBJDATA/CSTBOAT.DAT[713]",
        "$RCT2:OBJDATA/CSTBOAT.DAT[715]",
        "$RCT2:OBJDATA/CSTBOAT.DAT[717]",
        "$RCT2:OBJDATA/CSTBOAT.DAT[719]",
        "$RCT2:OBJDATA/CSTBOAT.DAT[721]",

        "$RCT2:OBJDATA/CSTBOAT.DAT[723]",
        "$RCT2:OBJDATA/CSTBOAT.DAT[731]",
        "$RCT2:OBJDATA/CSTBOAT.DAT[739]",
        "$RCT2:OBJDATA/CSTBOAT.DAT[747]",
        "$RCT2:OBJDATA/CSTBOAT.DAT[755]",
        "$RCT2:OBJDATA/CSTBOAT.DAT[763]",
        "$RCT2:OBJDATA/CSTBOAT.DAT[771]",
        "$RCT2:OBJDATA/CSTBOAT.DAT[779]",

        "$RCT2:OBJDATA/CSTBOAT.DAT[787]",
        "$RCT2:OBJDATA/CSTBOAT.DAT[795]",
        "$RCT2:OBJDATA/CSTBOAT.DAT[803]",
        "$RCT2:OBJDATA/CSTBOAT.DAT[811]",
        "$RCT2:OBJDATA/CSTBOAT.DAT[819]",
        "$RCT2:OBJDATA/CSTBOAT.DAT[827]",
        "$RCT2:OBJDATA/CSTBOAT.DAT[835]",
        "$RCT2:OBJDATA/CSTBOAT.DAT[843]",

        "$RCT2:OBJDATA/CSTBOAT.DAT[851..866]",

        "$RCT2:OBJDATA/CSTBOAT.DAT[867]",
        "$RCT2:OBJDATA/CSTBOAT.DAT[869]",
        "$RCT2:OBJDATA/CSTBOAT.DAT[871]",
        "$RCT2:OBJDATA/CSTBOAT.DAT[873]",
        "$RCT2:OBJDATA/CSTBOAT.DAT[875]",
        "$RCT2:OBJDATA/CSTBOAT.DAT[877]",
        "$RCT2:OBJDATA/CSTBOAT.DAT[879]",
        "$RCT2:OBJDATA/CSTBOAT.DAT[881]",
        "$RCT2:OBJDATA/CSTBOAT.DAT[883]",
        "$RCT2:OBJDATA/CSTBOAT.DAT[885]",
        "$RCT2:OBJDATA/CSTBOAT.DAT[887]",
        "$RCT2:OBJDATA/CSTBOAT.DAT[889]",
        "$RCT2:OBJDATA/CSTBOAT.DAT[891]",
        "$RCT2:OBJDATA/CSTBOAT.DAT[893]",
        "$RCT2:OBJDATA/CSTBOAT.DAT[895]",
        "$RCT2:OBJDATA/CSTBOAT.DAT[897]",

        "$RCT2:OBJDATA/CSTBOAT.DAT[899..906]",

        "$RCT2:OBJDATA/CSTBOAT.DAT[907]",
        "$RCT2:OBJDATA/CSTBOAT.DAT[909]",
        "$RCT2:OBJDATA/CSTBOAT.DAT[911]",
        "$RCT2:OBJDATA/CSTBOAT.DAT[913]",
        "$RCT2:OBJDATA/CSTBOAT.DAT[915]",
        "$RCT2:OBJDATA/CSTBOAT.DAT[917]",
        "$RCT2:OBJDATA/CSTBOAT.DAT[919]",
        "$RCT2:OBJDATA/CSTBOAT.DAT[921]",
        "$RCT2:OBJDATA/CSTBOAT.DAT[923]",
        "$RCT2:OBJDATA/CSTBOAT.DAT[925]",
        "$RCT2:OBJDATA/CSTBOAT.DAT[927]",
        "$RCT2:OBJDATA/CSTBOAT.DAT[929]",
        "$RCT2:OBJDATA/CSTBOAT.DAT[931]",
        "$RCT2:OBJDATA/CSTBOAT.DAT[933]",
        "$RCT2:OBJDATA/CSTBOAT.DAT[935]",
        "$RCT2:OBJDATA/CSTBOAT.DAT[937]",

        "$RCT2:OBJDATA/CSTBOAT.DAT[939]",
        "$RCT2:OBJDATA/CSTBOAT.DAT[941]",
        "$RCT2:OBJDATA/CSTBOAT.DAT[943]",
        "$RCT2:OBJDATA/CSTBOAT.DAT[945]",
        "$RCT2:OBJDATA/CSTBOAT.DAT[947]",
        "$RCT2:OBJDATA/CSTBOAT.DAT[949]",
        "$RCT2:OBJDATA/CSTBOAT.DAT[951]",
        "$RCT2:OBJDATA/CSTBOAT.DAT[953]",
        "$RCT2:OBJDATA/CSTBOAT.DAT[955]",
        "$RCT2:OBJDATA/CSTBOAT.DAT[957]",
        "$RCT2:OBJDATA/CSTBOAT.DAT[959]",
        "$RCT2:OBJDATA/CSTBOAT.DAT[961]",
        "$RCT2:OBJDATA/CSTBOAT.DAT[963]",
        "$RCT2:OBJDATA/CSTBOAT.DAT[965]",
        "$RCT2:OBJDATA/CSTBOAT.DAT[967]",
        "$RCT2:OBJDATA/CSTBOAT.DAT[969]",

        "$RCT2:OBJDATA/CSTBOAT.DAT[971..986]",

        "$RCT2:OBJDATA/CSTBOAT.DAT[987]",
        "$RCT2:OBJDATA/CSTBOAT.DAT[995]",
        "$RCT2:OBJDATA/CSTBOAT.DAT[1003]",
        "$RCT2:OBJDATA/CSTBOAT.DAT[1011]",
        "$RCT2:OBJDATA/CSTBOAT.DAT[1019]",
        "$RCT2:OBJDATA/CSTBOAT.DAT[1027]",
        "$RCT2:OBJDATA/CSTBOAT.DAT[1035]",
        "$RCT2:OBJDATA/CSTBOAT.DAT[1043]",

        "$RCT2:OBJDATA/CSTBOAT.DAT[1051..1090]",

        "$RCT2:OBJDATA/CSTBOAT.DAT[1091]",
        "$RCT2:OBJDATA/CSTBOAT.DAT[1093]",
        "$RCT2:OBJDATA/CSTBOAT.DAT[1095]",
        "$RCT2:OBJDATA/CSTBOAT.DAT[1097]",
        "$RCT2:OBJDATA/CSTBOAT.DAT[1099]",
        "$RCT2:OBJDATA/CSTBOAT.DAT[1101]",
        "$RCT2:OBJDATA/CSTBOAT.DAT[1103]",
        "$RCT2:OBJDATA/CSTBOAT.DAT[1105]",
        "$RCT2:OBJDATA/CSTBOAT.DAT[1107]",
        "$RCT2:OBJDATA/CSTBOAT.DAT[1109]",
        "$RCT2:OBJDATA/CSTBOAT.DAT[1111]",
        "$RCT2:OBJDATA/CSTBOAT.DAT[1113]",
        "$RCT2:OBJDATA/CSTBOAT.DAT[1115]",
        "$RCT2:OBJDATA/CSTBOAT.DAT[1117]",
        "$RCT2:OBJDATA/CSTBOAT.DAT[1119]",
        "$RCT2:OBJDATA/CSTBOAT.DAT[1121]",

        "$RCT2:OBJDATA/CSTBOAT.DAT[1123]",
        "$RCT2:OBJDATA/CSTBOAT.DAT[1125]",
        "$RCT2:OBJDATA/CSTBOAT.DAT[1127]",
        "$RCT2:OBJDATA/CSTBOAT.DAT[1129]",
        "$RCT2:OBJDATA/CSTBOAT.DAT[1131]",
        "$RCT2:OBJDATA/CSTBOAT.DAT[1133]",
        "$RCT2:OBJDATA/CSTBOAT.DAT[1135]",
        "$RCT2:OBJDATA/CSTBOAT.DAT[1137]",
        "$RCT2:OBJDATA/CSTBOAT.DAT[1139]",
        "$RCT2:OBJDATA/CSTBOAT.DAT[1141]",
        "$RCT2:OBJDATA/CSTBOAT.DAT[1143]",
        "$RCT2:OBJDATA/CSTBOAT.DAT[1145]",
        "$RCT2:OBJDATA/CSTBOAT.DAT[1147]",
        "$RCT2:OBJDATA/CSTBOAT.DAT[1149]",
        "$RCT2:OBJDATA/CSTBOAT.DAT[1151]",
        "$RCT2:OBJDATA/CSTBOAT.DAT[1153]",

        "$RCT2:OBJDATA/CSTBOAT.DAT[1155]",
        "$RCT2:OBJDATA/CSTBOAT.DAT[1163]",
        "$RCT2:OBJDATA/CSTBOAT.DAT[1171]",
        "$RCT2:OBJDATA/CSTBOAT.DAT[1179]",
        "$RCT2:OBJDATA/CSTBOAT.DAT[1187]",
        "$RCT2:OBJDATA/CSTBOAT.DAT[1195]",
        "$RCT2:OBJDATA/CSTBOAT.DAT[1203]",
        "$RCT2:OBJDATA/CSTBOAT.DAT[1211]",

        "$RCT2:OBJDATA/CSTBOAT.DAT[1219]",
        "$RCT2:OBJDATA/CSTBOAT.DAT[1227]",
        "$RCT2:OBJDATA/CSTBOAT.DAT[1235]",
        "$RCT2:OBJDATA/CSTBOAT.DAT[1243]",
        "$RCT2:OBJDATA/CSTBOAT.DAT[1251]",
        "$RCT2:OBJDATA/CSTBOAT.DAT[1259]",
        "$RCT2:OBJDATA/CSTBOAT.DAT[1267]",
        "$RCT2:OBJDATA/CSTBOAT.DAT[1275]",

        "$RCT2:OBJDATA/CSTBOAT.DAT[1283..1298]",

        "$RCT2:OBJDATA/CSTBOAT.DAT[1299]",
        "$RCT2:OBJDATA/CSTBOAT.DAT[1301]",
        "$RCT2:OBJDATA/CSTBOAT.DAT[1303]",
        "$RCT2:OBJDATA/CSTBOAT.DAT[1305]",
        "$RCT2:OBJDATA/CSTBOAT.DAT[1307]",
        "$RCT2:OBJDATA/CSTBOAT.DAT[1309]",
        "$RCT2:OBJDATA/CSTBOAT.DAT[1311]",
        "$RCT2:OBJDATA/CSTBOAT.DAT[1313]",
        "$RCT2:OBJDATA/CSTBOAT.DAT[1315]",
        "$RCT2:OBJDATA/CSTBOAT.DAT[1317]",
        "$RCT2:OBJDATA/CSTBOAT.DAT[1319]",
        "$RCT2:OBJDATA/CSTBOAT.DAT[1321]",
        "$RCT2:OBJDATA/CSTBOAT.DAT[1323]",
        "$RCT2:OBJDATA/CSTBOAT.DAT[1325]",
        "$RCT2:OBJDATA/CSTBOAT.DAT[1327]",
        "$RCT2:OBJDATA/CSTBOAT.DAT[1329]",

        "$RCT2:OBJDATA/CSTBOAT.DAT[1331..1338]",

        "$RCT2:OBJDATA/CSTBOAT.DAT[1339]",
        "$RCT2:OBJDATA/CSTBOAT.DAT[1341]",
        "$RCT2:OBJDATA/CSTBOAT.DAT[1343]",
        "$RCT2:OBJDATA/CSTBOAT.DAT[1345]",
        "$RCT2:OBJDATA/CSTBOAT.DAT[1347]",
        "$RCT2:OBJDATA/CSTBOAT.DAT[1349]",
        "$RCT2:OBJDATA/CSTBOAT.DAT[1351]",
        "$RCT2:OBJDATA/CSTBOAT.DAT[1353]",
        "$RCT2:OBJDATA/CSTBOAT.DAT[1355]",
        "$RCT2:OBJDATA/CSTBOAT.DAT[1357]",
        "$RCT2:OBJDATA/CSTBOAT.DAT[1359]",
        "$RCT2:OBJDATA/CSTBOAT.DAT[1361]",
        "$RCT2:OBJDATA/CSTBOAT.DAT[1363]",
        "$RCT2:OBJDATA/CSTBOAT.DAT[1365]",
        "$RCT2:OBJDATA/CSTBOAT.DAT[1367]",
        "$RCT2:OBJDATA/CSTBOAT.DAT[1369]",

        "$RCT2:OBJDATA/CSTBOAT.DAT[1371]",
        "$RCT2:OBJDATA/CSTBOAT.DAT[1373]",
        "$RCT2:OBJDATA/CSTBOAT.DAT[1375]",
        "$RCT2:OBJDATA/CSTBOAT.DAT[1377]",
        "$RCT2:OBJDATA/CSTBOAT.DAT[1379]",
        "$RCT2:OBJDATA/CSTBOAT.DAT[1381]",
        "$RCT2:OBJDATA/CSTBOAT.DAT[1383]",
        "$RCT2:OBJDATA/CSTBOAT.DAT[1385]",
        "$RCT2:OBJDATA/CSTBOAT.DAT[1387]",
        "$RCT2:OBJDATA/CSTBOAT.DAT[1389]",
        "$RCT2:OBJDATA/CSTBOAT.DAT[1391]",
        "$RCT2:OBJDATA/CSTBOAT.DAT[1393]",
        "$RCT2:OBJDATA/CSTBOAT.DAT[1395]",
        "$RCT2:OBJDATA/CSTBOAT.DAT[1397]",
        "$RCT2:OBJDATA/CSTBOAT.DAT[1399]",
        "$RCT2:OBJDATA/CSTBOAT.DAT[1401]",

        "$RCT2:OBJDATA/CSTBOAT.DAT[1403..1418]",

        "$RCT2:OBJDATA/CSTBOAT.DAT[1419]",
        "$RCT2:OBJDATA/CSTBOAT.DAT[1427]",
        "$RCT2:OBJDATA/CSTBOAT.DAT[1435]",
        "$RCT2:OBJDATA/CSTBOAT.DAT[1443]",
        "$RCT2:OBJDATA/CSTBOAT.DAT[1451]",
        "$RCT2:OBJDATA/CSTBOAT.DAT[1459]",
        "$RCT2:OBJDATA/CSTBOAT.DAT[1467]",
        "$RCT2:OBJDATA/CSTBOAT.DAT[1475]",

        "$RCT2:OBJDATA/CSTBOAT.DAT[1483..1522]",

        "$RCT2:OBJDATA/CSTBOAT.DAT[1523]",
        "$RCT2:OBJDATA/CSTBOAT.DAT[1525]",
        "$RCT2:OBJDATA/CSTBOAT.DAT[1527]",
        "$RCT2:OBJDATA/CSTBOAT.DAT[1529]",
        "$RCT2:OBJDATA/CSTBOAT.DAT[1531]",
        "$RCT2:OBJDATA/CSTBOAT.DAT[1533]",
        "$RCT2:OBJDATA/CSTBOAT.DAT[1535]",
        "$RCT2:OBJDATA/CSTBOAT.DAT[1537]",
        "$RCT2:OBJDATA/CSTBOAT.DAT[1539]",
        "$RCT2:OBJDATA/CSTBOAT.DAT[1541]",
        "$RCT2:OBJDATA/CSTBOAT.DAT[1543]",
        "$RCT2:OBJDATA/CSTBOAT.DAT[1545]",
        "$RCT2:OBJDATA/CSTBOAT.DAT[1547]",
        "$RCT2:OBJDATA/CSTBOAT.DAT[1549]",
        "$RCT2:OBJDATA/CSTBOAT.DAT[1551]",
        "$RCT2:OBJDATA/CSTBOAT.DAT[1553]",

        "$RCT2:OBJDATA/CSTBOAT.DAT[1555]",
        "$RCT2:OBJDATA/CSTBOAT.DAT[1557]",
        "$RCT2:OBJDATA/CSTBOAT.DAT[1559]",
        "$RCT2:OBJDATA/CSTBOAT.DAT[1561]",
        "$RCT2:OBJDATA/CSTBOAT.DAT[1563]",
        "$RCT2:OBJDATA/CSTBOAT.DAT[1565]",
        "$RCT2:OBJDATA/CSTBOAT.DAT[1567]",
        "$RCT2:OBJDATA/CSTBOAT.DAT[1569]",
        "$RCT2:OBJDATA/CSTBOAT.DAT[1571]",
        "$RCT2:OBJDATA/CSTBOAT.DAT[1573]",
        "$RCT2:OBJDATA/CSTBOAT.DAT[1575]",
        "$RCT2:OBJDATA/CSTBOAT.DAT[1577]",
        "$RCT2:OBJDATA/CSTBOAT.DAT[1579]",
        "$RCT2:OBJDATA/CSTBOAT.DAT[1581]",
        "$RCT2:OBJDATA/CSTBOAT.DAT[1583]",
        "$RCT2:OBJDATA/CSTBOAT.DAT[1585]",

        "$RCT2:OBJDATA/CSTBOAT.DAT[1587]",
        "$RCT2:OBJDATA/CSTBOAT.DAT[1595]",
        "$RCT2:OBJDATA/CSTBOAT.DAT[1603]",
        "$RCT2:OBJDATA/CSTBOAT.DAT[1611]",
        "$RCT2:OBJDATA/CSTBOAT.DAT[1619]",
        "$RCT2:OBJDATA/CSTBOAT.DAT[1627]",
        "$RCT2:OBJDATA/CSTBOAT.DAT[1635]",
        "$RCT2:OBJDATA/CSTBOAT.DAT[1643]",

        "$RCT2:OBJDATA/CSTBOAT.DAT[1651]",
        "$RCT2:OBJDATA/CSTBOAT.DAT[1659]",
        "$RCT2:OBJDATA/CSTBOAT.DAT[1667]",
        "$RCT2:OBJDATA/CSTBOAT.DAT[1675]",
        "$RCT2:OBJDATA/CSTBOAT.DAT[1683]",
        "$RCT2:OBJDATA/CSTBOAT.DAT[1691]",
        "$RCT2:OBJDATA/CSTBOAT.DAT[1699]",
        "$RCT2:OBJDATA/CSTBOAT.DAT[1707]",

        "$RCT2:OBJDATA/CSTBOAT.DAT[1715..1730]",

		""
    ],
    "strings": {
        "name": {
            "en-GB": "Coaster Boats",
            "fr-FR": "Bateau-montagne",
            "de-DE": "Achterbahnboote",
            "es-ES": "Buques Costeros",
            "it-IT": "Barche",
            "nl-NL": "Boten",
            "sv-SE": "Berg- och dalbanebåtar",
            "ko-KR": "코스터 보트",
            "zh-CN": "飞船",
            "zh-TW": "飛船",
            "pt-BR": "Barcos Costeiros",
            "cs-CZ": "Lodě horské dráhy",
            "ja-JP": "コースター・ボート",
            "pl-PL": "Kolejka łódkowa",
            "ru-RU": "Лодки-горки",
            "eo-ZZ": "Boato-Ĉaroj"
        },
        "description": {
            "en-GB": "Boat-shaped roller coaster cars",
            "fr-FR": "Voitures de montagnes russes en forme de bateau",
            "de-DE": "Bootsförmige Achterbahnwagen",
            "es-ES": "Vagones con forma de bote",
            "it-IT": "Carrozze da ottovolante a forma di barche",
            "nl-NL": "Achtbaankarretjes in de vorm van een boot.",
            "sv-SE": "Båtformade berg- och dalbanevagnar",
            "ko-KR": "보트 모양의 롤러코스터 차량",
            "zh-CN": "船形式的过山车车辆",
            "zh-TW": "船形式的雲霄飛車車輛",
            "pt-BR": "Vagões de montanha-russa em forma de barcos",
            "cs-CZ": "Lodě ve tvaru vozů horské dráhy",
            "ja-JP": "ボート型の車両を持つローラーコースターです",
            "pl-PL": "Wagoniki w kształcie łódek",
            "ru-RU": "Вагончки в виде лодок",
            "eo-ZZ": "Boatoformaj ĉaroj de onda fervojo"
        },
        "capacity": {
            "en-GB": "6 passengers per boat",
            "fr-FR": "6 passagers par bateau",
            "de-DE": "6 Fahrgäste pro Boot",
            "es-ES": "6 pasajeros por vagón",
            "it-IT": "6 passeggeri a barca",
            "nl-NL": "6 passagiers per boot",
            "sv-SE": "6 passagerare per båt",
            "ko-KR": "보트당 6명의 승객",
            "zh-CN": "6 位乘客/每辆船",
            "zh-TW": "6 位乘客/每輛船",
            "pt-BR": "6 passageiros por barco",
            "cs-CZ": "6 míst v každé lodi",
            "ja-JP": "各車両6名",
            "pl-PL": "6 pasażerów na łódkę",
            "ru-RU": "6 пассажиров",
            "eo-ZZ": "Po 6 pasaĝeroj por boato"
        }
    }
}
