{
    "id": "rct1aa.ride.side_friction_cars",
    "authors": [
        "Chris Sawyer",
        "Simon Foster"
    ],
    "version": "1.0",
    "originalId": "00000000|#RCT1SFR|00000000",
    "sourceGame": "rct1aa",
    "isCompatibilityObject": true,
    "objectType": "ride",
    "properties": {
        "type": "side_friction_rc",
        "category": "rollercoaster",
        "maxCarsPerTrain": 3,
        "carColours": [
            [
                [
                    "bright_red",
                    "light_brown",
                    "black"
                ]
            ],
            [
                [
                    "dark_green",
                    "bordeaux_red",
                    "black"
                ]
            ],
            [
                [
                    "yellow",
                    "saturated_brown",
                    "black"
                ]
            ],
            [
                [
                    "light_blue",
                    "grey",
                    "black"
                ]
            ]
        ],
        "cars": {
            "rotationFrameMask": 15,
            "spacing": 208896,
            "mass": 500,
            "numSeats": 4,
            "numSeatRows": 2,
            "frictionSoundId": 1,
            "soundRange": 1,
            "drawOrder": 6,
            "spriteGroups": {
                "slopeFlat": 16,
                "slopes12": 4,
                "slopes25": 8,
                "slopes42": 8,
                "slopes60": 4,
                "slopes8": 4,
                "slopes16": 4,
                "slopes50": 4
            },
            "hasNoUpstopWheelsBobsleigh": true,
            "hasAdditionalColour1": true,
            "hasScreamingRiders": true,
            "loadingPositions": [
                5,
                3,
                -7,
                -9
            ]
        },
        "buildMenuPriority": 1
    },
    "images": [
        { "path": "images/preview.png", "format": "raw" },
        "",
        "",
        "$CSG[18766..18781]",
        "$CSG[18782]",
        "$CSG[18790]",
        "$CSG[18798]",
        "$CSG[18806]",
        "$CSG[18786]",
        "$CSG[18794]",
        "$CSG[18802]",
        "$CSG[18810]",
        "$CSG[18783]",
        "$CSG[18846]",
        "$CSG[18791]",
        "$CSG[18847]",
        "$CSG[18799]",
        "$CSG[18848]",
        "$CSG[18807]",
        "$CSG[18849]",
        "$CSG[18787]",
        "$CSG[18850]",
        "$CSG[18795]",
        "$CSG[18851]",
        "$CSG[18803]",
        "$CSG[18852]",
        "$CSG[18811]",
        "$CSG[18853]",
        "$CSG[18784]",
        "$CSG[18822]",
        "$CSG[18792]",
        "$CSG[18823]",
        "$CSG[18800]",
        "$CSG[18824]",
        "$CSG[18808]",
        "$CSG[18825]",
        "$CSG[18788]",
        "$CSG[18838]",
        "$CSG[18796]",
        "$CSG[18839]",
        "$CSG[18804]",
        "$CSG[18840]",
        "$CSG[18812]",
        "$CSG[18841]",
        "$CSG[18785]",
        "$CSG[18793]",
        "$CSG[18801]",
        "$CSG[18809]",
        "$CSG[18789]",
        "$CSG[18797]",
        "$CSG[18805]",
        "$CSG[18813]",
        "$CSG[18814..18817]",
        "$CSG[18830..18833]",
        "$CSG[18818..18821]",
        "$CSG[18834..18837]",
        "$CSG[18826..18829]",
        "$CSG[18842..18845]",
        "$CSG[18854..18869]",
        "$CSG[18870]",
        "$CSG[18878]",
        "$CSG[18886]",
        "$CSG[18894]",
        "$CSG[18874]",
        "$CSG[18882]",
        "$CSG[18890]",
        "$CSG[18898]",
        "$CSG[18871]",
        "$CSG[18934]",
        "$CSG[18879]",
        "$CSG[18935]",
        "$CSG[18887]",
        "$CSG[18936]",
        "$CSG[18895]",
        "$CSG[18937]",
        "$CSG[18875]",
        "$CSG[18938]",
        "$CSG[18883]",
        "$CSG[18939]",
        "$CSG[18891]",
        "$CSG[18940]",
        "$CSG[18899]",
        "$CSG[18941]",
        "$CSG[18872]",
        "$CSG[18910]",
        "$CSG[18880]",
        "$CSG[18911]",
        "$CSG[18888]",
        "$CSG[18912]",
        "$CSG[18896]",
        "$CSG[18913]",
        "$CSG[18876]",
        "$CSG[18926]",
        "$CSG[18884]",
        "$CSG[18927]",
        "$CSG[18892]",
        "$CSG[18928]",
        "$CSG[18900]",
        "$CSG[18929]",
        "$CSG[18873]",
        "$CSG[18881]",
        "$CSG[18889]",
        "$CSG[18897]",
        "$CSG[18877]",
        "$CSG[18885]",
        "$CSG[18893]",
        "$CSG[18901]",
        "$CSG[18902..18905]",
        "$CSG[18918..18921]",
        "$CSG[18906..18909]",
        "$CSG[18922..18925]",
        "$CSG[18914..18917]",
        "$CSG[18930..18933]",
        "$CSG[18942..18957]",
        "$CSG[18958]",
        "$CSG[18966]",
        "$CSG[18974]",
        "$CSG[18982]",
        "$CSG[18962]",
        "$CSG[18970]",
        "$CSG[18978]",
        "$CSG[18986]",
        "$CSG[18959]",
        "$CSG[19022]",
        "$CSG[18967]",
        "$CSG[19023]",
        "$CSG[18975]",
        "$CSG[19024]",
        "$CSG[18983]",
        "$CSG[19025]",
        "$CSG[18963]",
        "$CSG[19026]",
        "$CSG[18971]",
        "$CSG[19027]",
        "$CSG[18979]",
        "$CSG[19028]",
        "$CSG[18987]",
        "$CSG[19029]",
        "$CSG[18960]",
        "$CSG[18998]",
        "$CSG[18968]",
        "$CSG[18999]",
        "$CSG[18976]",
        "$CSG[19000]",
        "$CSG[18984]",
        "$CSG[19001]",
        "$CSG[18964]",
        "$CSG[19014]",
        "$CSG[18972]",
        "$CSG[19015]",
        "$CSG[18980]",
        "$CSG[19016]",
        "$CSG[18988]",
        "$CSG[19017]",
        "$CSG[18961]",
        "$CSG[18969]",
        "$CSG[18977]",
        "$CSG[18985]",
        "$CSG[18965]",
        "$CSG[18973]",
        "$CSG[18981]",
        "$CSG[18989]",
        "$CSG[18990..18993]",
        "$CSG[19006..19009]",
        "$CSG[18994..18997]",
        "$CSG[19010..19013]",
        "$CSG[19002..19005]",
        "$CSG[19018..19021]"
    ],
    "strings": {
        "name": {
            "en-GB": "Wooden Side-Friction Cars",
            "fr-FR": "Voitu. à frottemt. laté.",
            "de-DE": "Seitlich geführte Holzwagen",
            "es-ES": "Coches Madera Fricción Lat.",
            "it-IT": "Carrozze di legno a frizione lat.",
            "nl-NL": "Houten zijfrictiekarretjes",
            "sv-SE": "Sidofriktionsvagnar av trä",
            "ko-KR": "우든 사이드 프릭션 차량",
            "zh-CN": "木架的摩擦侧边列车",
            "zh-TW": "木架的摩擦側邊列車",
            "pt-BR": "Carros de Madeira de Fricção Lateral",
            "cs-CZ": "Horská dráha s bočním uchycením",
            "ja-JP": "木造のサイドフリクション車両",
            "pl-PL": "Drewniane wagoniki \"Tarcie Boczne\"",
            "ru-RU": "Дерев. вагончики",
            "eo-ZZ": "Ĉaroj de Ligna Onda Fervojo kun Flanka Froto"
        },
        "description": {
            "en-GB": "Basic cars for the Side-Friction Roller Coaster",
            "fr-FR": "Voitures destinées aux montagnes à frottement latéral",
            "de-DE": "Basiswagen für die Achterbahn mit seitlicher Führung",
            "es-ES": "Vagones básicos para la montaña rusa de fricción lateral",
            "it-IT": "Carrozze di base per l'ottovolante a frizione laterale",
            "nl-NL": "Eenvoudige karretjes voor de zijfrictieachtbaan.",
            "sv-SE": "Enkla trävagnar till sidofriktionsberg- och dalbanan",
            "ko-KR": "사이드 프릭션 롤러코스터를 위한 기본 차량",
            "zh-CN": "摩擦侧边的过山车的基本车辆",
            "zh-TW": "摩擦側邊的雲霄飛車的基本車輛",
            "pt-BR": "Carros básicos para a Montanha-russa de Fricção Lateral",
            "cs-CZ": "Po dráze jezdí vozy, které mají kola horizontálně uložená pod podlahou a opírají se jimi o stěny dráhy",
            "ja-JP": "ベーシックな車両の、サイドフリクションローラーコースターです",
            "pl-PL": "Podstawowe wagoniki dla kolejki \"Tarcie Boczne\"",
            "ru-RU": "Вагончики для боковых горок.",
            "eo-ZZ": "Bazaj ĉaroj por la Ligna Onda Fervojo kun Flanka Froto"
        },
        "capacity": {
            "en-GB": "4 passengers per car",
            "fr-FR": "4 passagers par voiture",
            "de-DE": "4 Fahrgäste pro Wagen",
            "es-ES": "4 pasajeros por vagón",
            "it-IT": "4 passeggeri a carrozza",
            "nl-NL": "4 passagiers per karretjes",
            "sv-SE": "4 passagerare per vagn",
            "ko-KR": "차량당 4명의 승객",
            "zh-CN": "4 位乘客/每个车厢",
            "zh-TW": "4 位乘客/每個車廂",
            "pt-BR": "4 passageiros por carro",
            "cs-CZ": "4 místa v každém voze",
            "ja-JP": "各車両4名",
            "pl-PL": "4 pasażerów na wagonik",
            "ru-RU": "4 пассажира",
            "eo-ZZ": "Po 4 pasaĝeroj por ĉaro"
        }
    },
    "noCsgImages": [
        { "path": "images/preview.png", "format": "raw" },
        "",
        "",
        "$RCT2:OBJDATA/SFRIC1.DAT[3]",
        "$RCT2:OBJDATA/SFRIC1.DAT[5]",
        "$RCT2:OBJDATA/SFRIC1.DAT[7]",
        "$RCT2:OBJDATA/SFRIC1.DAT[9]",
        "$RCT2:OBJDATA/SFRIC1.DAT[11]",
        "$RCT2:OBJDATA/SFRIC1.DAT[13]",
        "$RCT2:OBJDATA/SFRIC1.DAT[15]",
        "$RCT2:OBJDATA/SFRIC1.DAT[17]",
        "$RCT2:OBJDATA/SFRIC1.DAT[19]",
        "$RCT2:OBJDATA/SFRIC1.DAT[21]",
        "$RCT2:OBJDATA/SFRIC1.DAT[23]",
        "$RCT2:OBJDATA/SFRIC1.DAT[25]",
        "$RCT2:OBJDATA/SFRIC1.DAT[27]",
        "$RCT2:OBJDATA/SFRIC1.DAT[29]",
        "$RCT2:OBJDATA/SFRIC1.DAT[31]",
        "$RCT2:OBJDATA/SFRIC1.DAT[33]",
        "$RCT2:OBJDATA/SFRIC1.DAT[35..43]",
        "$RCT2:OBJDATA/SFRIC1.DAT[47]",
        "$RCT2:OBJDATA/SFRIC1.DAT[51]",
        "$RCT2:OBJDATA/SFRIC1.DAT[55]",
        "$RCT2:OBJDATA/SFRIC1.DAT[59]",
        "$RCT2:OBJDATA/SFRIC1.DAT[63]",
        "$RCT2:OBJDATA/SFRIC1.DAT[67]",
        "$RCT2:OBJDATA/SFRIC1.DAT[71]",
        "$RCT2:OBJDATA/SFRIC1.DAT[75]",
        "$RCT2:OBJDATA/SFRIC1.DAT[79]",
        "$RCT2:OBJDATA/SFRIC1.DAT[83]",
        "$RCT2:OBJDATA/SFRIC1.DAT[87]",
        "$RCT2:OBJDATA/SFRIC1.DAT[91]",
        "$RCT2:OBJDATA/SFRIC1.DAT[95]",
        "$RCT2:OBJDATA/SFRIC1.DAT[99]",
        "$RCT2:OBJDATA/SFRIC1.DAT[103]",
        "$RCT2:OBJDATA/SFRIC1.DAT[107..123]",
        "$RCT2:OBJDATA/SFRIC1.DAT[131]",
        "$RCT2:OBJDATA/SFRIC1.DAT[139]",
        "$RCT2:OBJDATA/SFRIC1.DAT[147]",
        "$RCT2:OBJDATA/SFRIC1.DAT[155]",
        "$RCT2:OBJDATA/SFRIC1.DAT[163]",
        "$RCT2:OBJDATA/SFRIC1.DAT[171]",
        "$RCT2:OBJDATA/SFRIC1.DAT[179]",
        "$RCT2:OBJDATA/SFRIC1.DAT[187..211]",
        "$RCT2:OBJDATA/SFRIC1.DAT[213]",
        "$RCT2:OBJDATA/SFRIC1.DAT[215]",
        "$RCT2:OBJDATA/SFRIC1.DAT[217]",
        "$RCT2:OBJDATA/SFRIC1.DAT[219]",
        "$RCT2:OBJDATA/SFRIC1.DAT[221]",
        "$RCT2:OBJDATA/SFRIC1.DAT[223]",
        "$RCT2:OBJDATA/SFRIC1.DAT[225]",
        "$RCT2:OBJDATA/SFRIC1.DAT[227]",
        "$RCT2:OBJDATA/SFRIC1.DAT[229]",
        "$RCT2:OBJDATA/SFRIC1.DAT[231]",
        "$RCT2:OBJDATA/SFRIC1.DAT[233]",
        "$RCT2:OBJDATA/SFRIC1.DAT[235]",
        "$RCT2:OBJDATA/SFRIC1.DAT[237]",
        "$RCT2:OBJDATA/SFRIC1.DAT[239]",
        "$RCT2:OBJDATA/SFRIC1.DAT[241]",
        "$RCT2:OBJDATA/SFRIC1.DAT[243..251]",
        "$RCT2:OBJDATA/SFRIC1.DAT[255]",
        "$RCT2:OBJDATA/SFRIC1.DAT[259]",
        "$RCT2:OBJDATA/SFRIC1.DAT[263]",
        "$RCT2:OBJDATA/SFRIC1.DAT[267]",
        "$RCT2:OBJDATA/SFRIC1.DAT[271]",
        "$RCT2:OBJDATA/SFRIC1.DAT[275]",
        "$RCT2:OBJDATA/SFRIC1.DAT[279]",
        "$RCT2:OBJDATA/SFRIC1.DAT[283]",
        "$RCT2:OBJDATA/SFRIC1.DAT[287]",
        "$RCT2:OBJDATA/SFRIC1.DAT[291]",
        "$RCT2:OBJDATA/SFRIC1.DAT[295]",
        "$RCT2:OBJDATA/SFRIC1.DAT[299]",
        "$RCT2:OBJDATA/SFRIC1.DAT[303]",
        "$RCT2:OBJDATA/SFRIC1.DAT[307]",
        "$RCT2:OBJDATA/SFRIC1.DAT[311]",
        "$RCT2:OBJDATA/SFRIC1.DAT[315..331]",
        "$RCT2:OBJDATA/SFRIC1.DAT[339]",
        "$RCT2:OBJDATA/SFRIC1.DAT[347]",
        "$RCT2:OBJDATA/SFRIC1.DAT[355]",
        "$RCT2:OBJDATA/SFRIC1.DAT[363]",
        "$RCT2:OBJDATA/SFRIC1.DAT[371]",
        "$RCT2:OBJDATA/SFRIC1.DAT[379]",
        "$RCT2:OBJDATA/SFRIC1.DAT[387]",
        "$RCT2:OBJDATA/SFRIC1.DAT[395..419]",
        "$RCT2:OBJDATA/SFRIC1.DAT[421]",
        "$RCT2:OBJDATA/SFRIC1.DAT[423]",
        "$RCT2:OBJDATA/SFRIC1.DAT[425]",
        "$RCT2:OBJDATA/SFRIC1.DAT[427]",
        "$RCT2:OBJDATA/SFRIC1.DAT[429]",
        "$RCT2:OBJDATA/SFRIC1.DAT[431]",
        "$RCT2:OBJDATA/SFRIC1.DAT[433]",
        "$RCT2:OBJDATA/SFRIC1.DAT[435]",
        "$RCT2:OBJDATA/SFRIC1.DAT[437]",
        "$RCT2:OBJDATA/SFRIC1.DAT[439]",
        "$RCT2:OBJDATA/SFRIC1.DAT[441]",
        "$RCT2:OBJDATA/SFRIC1.DAT[443]",
        "$RCT2:OBJDATA/SFRIC1.DAT[445]",
        "$RCT2:OBJDATA/SFRIC1.DAT[447]",
        "$RCT2:OBJDATA/SFRIC1.DAT[449]",
        "$RCT2:OBJDATA/SFRIC1.DAT[451..459]",
        "$RCT2:OBJDATA/SFRIC1.DAT[463]",
        "$RCT2:OBJDATA/SFRIC1.DAT[467]",
        "$RCT2:OBJDATA/SFRIC1.DAT[471]",
        "$RCT2:OBJDATA/SFRIC1.DAT[475]",
        "$RCT2:OBJDATA/SFRIC1.DAT[479]",
        "$RCT2:OBJDATA/SFRIC1.DAT[483]",
        "$RCT2:OBJDATA/SFRIC1.DAT[487]",
        "$RCT2:OBJDATA/SFRIC1.DAT[491]",
        "$RCT2:OBJDATA/SFRIC1.DAT[495]",
        "$RCT2:OBJDATA/SFRIC1.DAT[499]",
        "$RCT2:OBJDATA/SFRIC1.DAT[503]",
        "$RCT2:OBJDATA/SFRIC1.DAT[507]",
        "$RCT2:OBJDATA/SFRIC1.DAT[511]",
        "$RCT2:OBJDATA/SFRIC1.DAT[515]",
        "$RCT2:OBJDATA/SFRIC1.DAT[519]",
        "$RCT2:OBJDATA/SFRIC1.DAT[523..539]",
        "$RCT2:OBJDATA/SFRIC1.DAT[547]",
        "$RCT2:OBJDATA/SFRIC1.DAT[555]",
        "$RCT2:OBJDATA/SFRIC1.DAT[563]",
        "$RCT2:OBJDATA/SFRIC1.DAT[571]",
        "$RCT2:OBJDATA/SFRIC1.DAT[579]",
        "$RCT2:OBJDATA/SFRIC1.DAT[587]",
        "$RCT2:OBJDATA/SFRIC1.DAT[595]",
        "$RCT2:OBJDATA/SFRIC1.DAT[603..626]"
    ]
}
