{
    "id": "rct1ll.terrain_surface.roof_grey",
    "authors": [
        "Chris Sawyer",
        "Simon Foster"
    ],
    "version": "1.0",
    "originalId": "0000008B|#RCT1SRG|00000000",
    "sourceGame": "rct1ll",
    "objectType": "terrain_surface",
    "properties": {
        "price": 100,
        "mapColours": [
            10,
            16
        ]
    },
    "images": [
        { "path": "icon.png", "format": "raw", "x": 2, "y": 2 },
        "$CSG[42147..42203]"
    ],
    "noCsgImages": [
        { "path": "icon.png", "format": "raw", "x": 2, "y": 2 },
        "$G1[2542..2598]"
    ],
    "strings": {
        "name": {
            "en-GB": "Roof (Grey)",
            "de-DE": "Dach (grau)",
            "nl-NL": "Grijze dakpannen",
            "pt-BR": "Telhado (cinza)",
            "fr-FR": "Toit (gris)",
            "ja-JP": "屋根 (灰色)",
            "pl-PL": "Dach (Szary)",
            "ko-KR": "천장 (회색)",
            "eo-ZZ": "Tegmento (Griza)",
            "sv-SE": "Tak (grått)",
            "ca-ES": "Teulada (grisa)",
            "fi-FI": "Katto (harmaa)",
            "zh-CN": "房顶(灰色)",
            "ar-EG": "سقف (رمادي)",
            "en-US": "Roof (Gray)"
        }
    }
}
