{
    "id": "rct1.ride.racing_cars",
    "authors": ["Chris Sawyer", "Simon Foster"],
    "version": "1.0",
    "originalId": "00000000|#RCT1RCR|00000000",
    "sourceGame": "rct1",
    "isCompatibilityObject": true,
    "objectType": "ride",
    "properties": {
        "type": "car_ride",
        "category": "gentle",
        "noCollisionCrashes": true,
        "minCarsPerTrain": 3,
        "maxCarsPerTrain": 3,
        "numEmptyCars": 2,
        "tabCar": 1,
        "headCars": 1,
        "tailCars": 1,
        "carColours": [
            [
                ["bright_green", "yellow", "black"]
            ],
            [
                ["bright_red", "yellow", "black"]
            ],
            [
                ["light_blue", "light_orange", "black"]
            ]
        ],
        "cars": [
            {
                "rotationFrameMask": 15,
                "spacing": 139456,
                "mass": 270,
                "numSeats": 1,
                "numSeatRows": 1,
                "poweredAcceleration": 110,
                "poweredMaxSpeed": 9,
                "drawOrder": 7,
                "spriteGroups": {
                    "slopeFlat":16,
                    "slopes12":4,
                    "slopes25":4
                },
                "hasAdditionalColour1": true,
                "isPowered": true,
                "loadingPositions": [0]
            },
            {
                "rotationFrameMask": 0,
                "spacing": 34864,
                "poweredAcceleration": 110,
                "poweredMaxSpeed": 9,
                "carVisual": 1,
                "drawOrder": 8,
                "spriteGroups": {
                    "slopeFlat":1
                },
                "isPowered": true
            }
        ],
        "buildMenuPriority": 4
    },
    "images": [
        { "path": "images/preview.png", "format": "raw" },
        "",
        "",
        "$CSG[33293..33308]",

        "$CSG[33309]",
        "$CSG[33313]",
        "$CSG[33317]",
        "$CSG[33321]",

        "$CSG[33311]",
        "$CSG[33315]",
        "$CSG[33319]",
        "$CSG[33323]", 

        "$CSG[33310]",
        "$CSG[33314]",
        "$CSG[33318]",
        "$CSG[33322]",

        "$CSG[33312]",
        "$CSG[33316]",
        "$CSG[33320]",
        "$CSG[33324]",

        "$CSG[33325..33340]",

        "$CSG[33341]",
        "$CSG[33345]",
        "$CSG[33349]",
        "$CSG[33353]",

        "$CSG[33343]",
        "$CSG[33347]",
        "$CSG[33351]",
        "$CSG[33355]", 

        "$CSG[33342]",
        "$CSG[33346]",
        "$CSG[33350]",
        "$CSG[33354]",

        "$CSG[33344]",
        "$CSG[33348]",
        "$CSG[33352]",
        "$CSG[33356]",

		""
    ],
    "noCsgImages": [
        { "path": "images/preview.png", "format": "raw" },
        "",
        "",
        "$RCT2:OBJDATA/RCR.DAT[3]",
        "$RCT2:OBJDATA/RCR.DAT[5]",
        "$RCT2:OBJDATA/RCR.DAT[7]",
        "$RCT2:OBJDATA/RCR.DAT[9]",
        "$RCT2:OBJDATA/RCR.DAT[11]",
        "$RCT2:OBJDATA/RCR.DAT[13]",
        "$RCT2:OBJDATA/RCR.DAT[15]",
        "$RCT2:OBJDATA/RCR.DAT[17]",
        "$RCT2:OBJDATA/RCR.DAT[19]",
        "$RCT2:OBJDATA/RCR.DAT[21]",
        "$RCT2:OBJDATA/RCR.DAT[23]",
        "$RCT2:OBJDATA/RCR.DAT[25]",
        "$RCT2:OBJDATA/RCR.DAT[27]",
        "$RCT2:OBJDATA/RCR.DAT[29]",
        "$RCT2:OBJDATA/RCR.DAT[31]",
        "$RCT2:OBJDATA/RCR.DAT[33]",

        "$RCT2:OBJDATA/RCR.DAT[35..42]",

        "$RCT2:OBJDATA/RCR.DAT[43]",
        "$RCT2:OBJDATA/RCR.DAT[51]",
        "$RCT2:OBJDATA/RCR.DAT[59]",
        "$RCT2:OBJDATA/RCR.DAT[67]",
        "$RCT2:OBJDATA/RCR.DAT[75]",
        "$RCT2:OBJDATA/RCR.DAT[83]",
        "$RCT2:OBJDATA/RCR.DAT[91]",
        "$RCT2:OBJDATA/RCR.DAT[99]",

        "$RCT2:OBJDATA/RCR.DAT[107]",
        "$RCT2:OBJDATA/RCR.DAT[109]",
        "$RCT2:OBJDATA/RCR.DAT[111]",
        "$RCT2:OBJDATA/RCR.DAT[113]",
        "$RCT2:OBJDATA/RCR.DAT[115]",
        "$RCT2:OBJDATA/RCR.DAT[117]",
        "$RCT2:OBJDATA/RCR.DAT[119]",
        "$RCT2:OBJDATA/RCR.DAT[121]",
        "$RCT2:OBJDATA/RCR.DAT[123]",
        "$RCT2:OBJDATA/RCR.DAT[125]",
        "$RCT2:OBJDATA/RCR.DAT[127]",
        "$RCT2:OBJDATA/RCR.DAT[129]",
        "$RCT2:OBJDATA/RCR.DAT[131]",
        "$RCT2:OBJDATA/RCR.DAT[133]",
        "$RCT2:OBJDATA/RCR.DAT[135]",
        "$RCT2:OBJDATA/RCR.DAT[137]",

        "$RCT2:OBJDATA/RCR.DAT[139..146]",

        "$RCT2:OBJDATA/RCR.DAT[147]",
        "$RCT2:OBJDATA/RCR.DAT[155]",
        "$RCT2:OBJDATA/RCR.DAT[163]",
        "$RCT2:OBJDATA/RCR.DAT[171]",
        "$RCT2:OBJDATA/RCR.DAT[179]",
        "$RCT2:OBJDATA/RCR.DAT[187]",
        "$RCT2:OBJDATA/RCR.DAT[195]",
        "$RCT2:OBJDATA/RCR.DAT[203]",

		""
    ],
    "strings": {
        "name": {
            "en-GB": "Racing Cars",
            "fr-FR": "Voitures de course",
            "de-DE": "Rennwagen",
            "es-ES": "Coches de Carreras",
            "it-IT": "Auto da corsa",
            "nl-NL": "Raceauto’s",
            "sv-SE": "Racerbilar",
            "ko-KR": "레이싱 카",
            "zh-CN": "赛车",
            "zh-TW": "賽車",
            "pt-BR": "Carros de Corrida",
            "cs-CZ": "Závodní auta",
            "ja-JP": "レーシングカー",
            "pl-PL": "Wyścigówki",
            "ru-RU": "Машинки",
            "eo-ZZ": "Vetkuraŭtoj"
        },
        "description": {
            "en-GB": "Powered vehicles in the shape of racing cars",
            "fr-FR": "Véhicules à propulsion en forme de voitures de course",
            "de-DE": "Angetriebene Fahrzeuge in Form von Rennwagen",
            "es-ES": "Vehículos autopropulsados con forma de coches de carreras",
            "it-IT": "Veicoli a motore che ricordano le auto da corsa",
            "nl-NL": "Elektrische voertuigen in de vorm van een raceauto.",
            "sv-SE": "Motordrivna fordon utformade som racerbilar",
            "ko-KR": "레이싱 카 모양의 차량",
            "zh-CN": "赛车外形具动力机械的车辆",
            "zh-TW": "賽車外形具動力機械的車輛",
            "pt-BR": "Veículos motorizados na forma de carros de corrida",
            "cs-CZ": "Vozy ve tvaru závodních aut",
            "ja-JP": "レーシングカーの形をした、動力付きの車両です",
            "pl-PL": "Pojazdy z napędem mające kształt samochodów wyścigowych",
            "ru-RU": "Гоночные Машинки",
            "eo-ZZ": "Ŝaltitaj veturiloj formitaj kiel vetkuraŭtoj"
        },
        "capacity": {
            "en-GB": "1 passenger per car",
            "fr-FR": "1 passager par voiture",
            "de-DE": "1 Passagier pro Wagen",
            "es-ES": "1 pasajero por vehículo",
            "it-IT": "1 passeggero a carrozza",
            "nl-NL": "1 passagier per karretje",
            "sv-SE": "1 passagerare per bil",
            "ko-KR": "차량당 승객 1명",
            "zh-CN": "1 位乘客/每个车厢",
            "zh-TW": "1 位乘客/每個車廂",
            "pt-BR": "1 passageiro por carro",
            "cs-CZ": "1 místo v každém voze",
            "ja-JP": "各車両1名",
            "pl-PL": "1 pasażer na wagonik",
            "ru-RU": "1 пассажир",
            "eo-ZZ": "Po 1 pasaĝero por ĉaro"
        }
    }
}
