{
    "id": "rct1.ride.small_monorail_cars",
    "authors": [
        "Chris Sawyer",
        "Simon Foster"
    ],
    "version": "1.0",
    "originalId": "00000000|#RCT1MO1|00000000",
    "sourceGame": "rct1",
    "isCompatibilityObject": true,
    "objectType": "ride",
    "properties": {
        "type": "monorail",
        "category": "transport",
        "hasShelter": true,
        "noCollisionCrashes": true,
        "tabScale": 0.5,
        "maxCarsPerTrain": 6,
        "ratingMultipler": {
            "excitement": 3
        },
        "carColours": [
            [
                [
                    "bright_red",
                    "white",
                    "black"
                ]
            ],
            [
                [
                    "white",
                    "light_brown",
                    "black"
                ]
            ],
            [
                [
                    "light_purple",
                    "bordeaux_red",
                    "black"
                ]
            ],
            [
                [
                    "yellow",
                    "grey",
                    "black"
                ]
            ]
        ],
        "cars": {
            "rotationFrameMask": 15,
            "spacing": 199680,
            "mass": 900,
            "tabOffset": 2,
            "numSeats": 4,
            "numSeatRows": 2,
            "frictionSoundId": 2,
            "poweredAcceleration": 170,
            "poweredMaxSpeed": 27,
            "drawOrder": 7,
            "spriteGroups": {
                "slopeFlat": 16,
                "slopes12": 4,
                "slopes25": 4,
                "slopes8": 4,
                "slopes16": 4,
                "restraintAnimation": 4
            },
            "hasAdditionalColour1": true,
            "isPowered": true,
            "loadingPositions": [
                3,
                -3,
                3,
                -3
            ]
        },
        "buildMenuPriority": 2
    },
    "images": [
        { "path": "images/preview.png", "format": "raw" },
        "",
        "",
        "$CSG[29169..29184]",
        "$CSG[29185]",
        "$CSG[29189]",
        "$CSG[29193]",
        "$CSG[29197]",
        "$CSG[29187]",
        "$CSG[29191]",
        "$CSG[29195]",
        "$CSG[29199]",
        "$CSG[29186]",
        "$CSG[29190]",
        "$CSG[29194]",
        "$CSG[29198]",
        "$CSG[29188]",
        "$CSG[29192]",
        "$CSG[29196]",
        "$CSG[29200]",
        "$CSG[29213..29216]",
        "$CSG[29221..29224]",
        "$CSG[29217..29220]",
        "$CSG[29225..29228]",
        "$CSG[29201]",
        "$CSG[29204]",
        "$CSG[29207]",
        "$CSG[29210]",
        "$CSG[29202]",
        "$CSG[29205]",
        "$CSG[29208]",
        "$CSG[29211]",
        "$CSG[29203]",
        "$CSG[29206]",
        "$CSG[29209]",
        "$CSG[29212]",
        "$CSG[29229..29244]",
        "$CSG[29245]",
        "$CSG[29249]",
        "$CSG[29253]",
        "$CSG[29257]",
        "$CSG[29247]",
        "$CSG[29251]",
        "$CSG[29255]",
        "$CSG[29259]",
        "$CSG[29246]",
        "$CSG[29250]",
        "$CSG[29254]",
        "$CSG[29258]",
        "$CSG[29248]",
        "$CSG[29252]",
        "$CSG[29256]",
        "$CSG[29260]",
        "$CSG[29273..29276]",
        "$CSG[29281..29284]",
        "$CSG[29277..29280]",
        "$CSG[29285..29288]",
        "$CSG[29261]",
        "$CSG[29264]",
        "$CSG[29267]",
        "$CSG[29270]",
        "$CSG[29262]",
        "$CSG[29265]",
        "$CSG[29268]",
        "$CSG[29271]",
        "$CSG[29263]",
        "$CSG[29266]",
        "$CSG[29269]",
        "$CSG[29272]",
        "$CSG[29289..29304]",
        "$CSG[29305]",
        "$CSG[29309]",
        "$CSG[29313]",
        "$CSG[29317]",
        "$CSG[29307]",
        "$CSG[29311]",
        "$CSG[29315]",
        "$CSG[29319]",
        "$CSG[29306]",
        "$CSG[29310]",
        "$CSG[29314]",
        "$CSG[29318]",
        "$CSG[29308]",
        "$CSG[29312]",
        "$CSG[29316]",
        "$CSG[29320]",
        "$CSG[29333..29336]",
        "$CSG[29341..29344]",
        "$CSG[29337..29340]",
        "$CSG[29345..29348]",
        "$CSG[29321]",
        "$CSG[29324]",
        "$CSG[29327]",
        "$CSG[29330]",
        "$CSG[29322]",
        "$CSG[29325]",
        "$CSG[29328]",
        "$CSG[29331]",
        "$CSG[29323]",
        "$CSG[29326]",
        "$CSG[29329]",
        "$CSG[29332]"
    ],
    "strings": {
        "name": {
            "en-GB": "Small Monorail Cars",
            "fr-FR": "Petites voitures monorail",
            "de-DE": "Kleine Einschienenwagen",
            "es-ES": "Coche Pequeño Monorrail",
            "it-IT": "Piccole carrozze monorotaie",
            "nl-NL": "Kleine monorailkarretjes",
            "sv-SE": "Små balkbanevagnar",
            "ko-KR": "소형 모노레일 차량",
            "zh-CN": "小型单轨列车",
            "zh-TW": "小型單軌電車",
            "pt-BR": "Carros de Monotrilho Pequenos",
            "cs-CZ": "Malé jednokolejné vozy",
            "ja-JP": "小さなモノレール車両",
            "pl-PL": "Wagoniki jednoszynowe",
            "ru-RU": "Моно-вагончики",
            "eo-ZZ": "Malgrandaj Monorelaj Ĉaroj"
        },
        "description": {
            "en-GB": "Small monorail cars with open sides",
            "fr-FR": "Petites voitures monorail ouvertes sur les côtés",
            "de-DE": "Kleine Einschienenwagen mit offenen Seiten",
            "es-ES": "Pequeños vagones de monoraíl",
            "it-IT": "Piccole carrozze monorotaie aperte ai lati",
            "nl-NL": "Kleine monorailkarretjes met open zijkanten.",
            "sv-SE": "Små balkbanevagnar med öppna sidor",
            "ko-KR": "측면이 개방되어 있는 소형 모노레일 차량",
            "zh-CN": "二侧车门开放式的小型单轨列车",
            "zh-TW": "附有開放式側邊的小型單軌電車",
            "pt-BR": "Pequenos carros de monotrilho com lados abertos",
            "cs-CZ": "Malé jednokolejné vozy bez dveří",
            "ja-JP": "横の空いた小さなモノレールです",
            "pl-PL": "Wagoniki jednoszynowe z otwartymi bokami",
            "ru-RU": "Мал. монорельсовые вагончики",
            "eo-ZZ": "Malgrandaj monorelaj ĉaroj kun subĉielaj flankoj"
        },
        "capacity": {
            "en-GB": "4 passengers per car",
            "fr-FR": "4 passagers par voiture",
            "de-DE": "4 Fahrgäste pro Wagen",
            "es-ES": "4 pasajeros por vagón",
            "it-IT": "4 passeggeri a carrozza",
            "nl-NL": "4 passagiers per karretje",
            "sv-SE": "4 passagerare per vagn",
            "ko-KR": "차량당 4명의 승객",
            "zh-CN": "4位乘客/每个车厢",
            "zh-TW": "每車卡4位乘客",
            "pt-BR": "4 passageiros por carro",
            "cs-CZ": "4 místa v každém voze",
            "ja-JP": "各車両4名",
            "pl-PL": "4 pasażerów na wagonik",
            "ru-RU": "4 пассажира",
            "eo-ZZ": "Po 4 pasaĝeroj por ĉaro"
        }
    },
    "noCsgImages": [
        { "path": "images/preview.png", "format": "raw" },
        "",
        "",
        "$RCT2:OBJDATA/MONO2.DAT[3]",
        "$RCT2:OBJDATA/MONO2.DAT[5]",
        "$RCT2:OBJDATA/MONO2.DAT[7]",
        "$RCT2:OBJDATA/MONO2.DAT[9]",
        "$RCT2:OBJDATA/MONO2.DAT[11]",
        "$RCT2:OBJDATA/MONO2.DAT[13]",
        "$RCT2:OBJDATA/MONO2.DAT[15]",
        "$RCT2:OBJDATA/MONO2.DAT[17]",
        "$RCT2:OBJDATA/MONO2.DAT[19]",
        "$RCT2:OBJDATA/MONO2.DAT[21]",
        "$RCT2:OBJDATA/MONO2.DAT[23]",
        "$RCT2:OBJDATA/MONO2.DAT[25]",
        "$RCT2:OBJDATA/MONO2.DAT[27]",
        "$RCT2:OBJDATA/MONO2.DAT[29]",
        "$RCT2:OBJDATA/MONO2.DAT[31]",
        "$RCT2:OBJDATA/MONO2.DAT[33]",
        "$RCT2:OBJDATA/MONO2.DAT[35..42]",
        "$RCT2:OBJDATA/MONO2.DAT[43]",
        "$RCT2:OBJDATA/MONO2.DAT[51]",
        "$RCT2:OBJDATA/MONO2.DAT[59]",
        "$RCT2:OBJDATA/MONO2.DAT[67]",
        "$RCT2:OBJDATA/MONO2.DAT[75]",
        "$RCT2:OBJDATA/MONO2.DAT[3]",
        "$RCT2:OBJDATA/MONO2.DAT[91]",
        "$RCT2:OBJDATA/MONO2.DAT[99]",
        "$RCT2:OBJDATA/MONO2.DAT[107..122]",
        "$RCT2:OBJDATA/MONO2.DAT[131..142]",
        "$RCT2:OBJDATA/MONO2.DAT[143]",
        "$RCT2:OBJDATA/MONO2.DAT[145]",
        "$RCT2:OBJDATA/MONO2.DAT[147]",
        "$RCT2:OBJDATA/MONO2.DAT[149]",
        "$RCT2:OBJDATA/MONO2.DAT[151]",
        "$RCT2:OBJDATA/MONO2.DAT[153]",
        "$RCT2:OBJDATA/MONO2.DAT[155]",
        "$RCT2:OBJDATA/MONO2.DAT[157]",
        "$RCT2:OBJDATA/MONO2.DAT[159]",
        "$RCT2:OBJDATA/MONO2.DAT[161]",
        "$RCT2:OBJDATA/MONO2.DAT[163]",
        "$RCT2:OBJDATA/MONO2.DAT[165]",
        "$RCT2:OBJDATA/MONO2.DAT[167]",
        "$RCT2:OBJDATA/MONO2.DAT[169]",
        "$RCT2:OBJDATA/MONO2.DAT[171]",
        "$RCT2:OBJDATA/MONO2.DAT[173]",
        "$RCT2:OBJDATA/MONO2.DAT[175..182]",
        "$RCT2:OBJDATA/MONO2.DAT[183]",
        "$RCT2:OBJDATA/MONO2.DAT[191]",
        "$RCT2:OBJDATA/MONO2.DAT[199]",
        "$RCT2:OBJDATA/MONO2.DAT[207]",
        "$RCT2:OBJDATA/MONO2.DAT[215]",
        "$RCT2:OBJDATA/MONO2.DAT[143]",
        "$RCT2:OBJDATA/MONO2.DAT[231]",
        "$RCT2:OBJDATA/MONO2.DAT[239]",
        "$RCT2:OBJDATA/MONO2.DAT[247..262]",
        "$RCT2:OBJDATA/MONO2.DAT[271..282]",
        "$RCT2:OBJDATA/MONO2.DAT[283]",
        "$RCT2:OBJDATA/MONO2.DAT[285]",
        "$RCT2:OBJDATA/MONO2.DAT[287]",
        "$RCT2:OBJDATA/MONO2.DAT[289]",
        "$RCT2:OBJDATA/MONO2.DAT[291]",
        "$RCT2:OBJDATA/MONO2.DAT[293]",
        "$RCT2:OBJDATA/MONO2.DAT[295]",
        "$RCT2:OBJDATA/MONO2.DAT[297]",
        "$RCT2:OBJDATA/MONO2.DAT[299]",
        "$RCT2:OBJDATA/MONO2.DAT[301]",
        "$RCT2:OBJDATA/MONO2.DAT[303]",
        "$RCT2:OBJDATA/MONO2.DAT[305]",
        "$RCT2:OBJDATA/MONO2.DAT[307]",
        "$RCT2:OBJDATA/MONO2.DAT[309]",
        "$RCT2:OBJDATA/MONO2.DAT[311]",
        "$RCT2:OBJDATA/MONO2.DAT[313]",
        "$RCT2:OBJDATA/MONO2.DAT[315..322]",
        "$RCT2:OBJDATA/MONO2.DAT[323]",
        "$RCT2:OBJDATA/MONO2.DAT[331]",
        "$RCT2:OBJDATA/MONO2.DAT[339]",
        "$RCT2:OBJDATA/MONO2.DAT[347]",
        "$RCT2:OBJDATA/MONO2.DAT[355]",
        "$RCT2:OBJDATA/MONO2.DAT[283]",
        "$RCT2:OBJDATA/MONO2.DAT[371]",
        "$RCT2:OBJDATA/MONO2.DAT[379]",
        "$RCT2:OBJDATA/MONO2.DAT[387..402]",
        "$RCT2:OBJDATA/MONO2.DAT[411..422]"
    ]
}
