{
    "id": "rct1.ride.mine_trains",
    "authors": [
        "Chris Sawyer",
        "Simon Foster"
    ],
    "version": "1.0",
    "originalId": "00000000|#RCT1MIN|00000000",
    "sourceGame": "rct1",
    "isCompatibilityObject": true,
    "objectType": "ride",
    "properties": {
        "type": "mine_train_rc",
        "category": "rollercoaster",
        "maxCarsPerTrain": 9,
        "defaultCar": 1,
        "headCars": 0,
        "carColours": [
            [
                [
                    "dark_green",
                    "grey",
                    "black"
                ]
            ],
            [
                [
                    "saturated_green",
                    "black",
                    "black"
                ]
            ],
            [
                [
                    "saturated_brown",
                    "light_brown",
                    "black"
                ]
            ]
        ],
        "cars": [
            {
                "rotationFrameMask": 15,
                "spacing": 208896,
                "mass": 500,
                "numSeats": 2,
                "numSeatRows": 1,
                "frictionSoundId": 2,
                "soundRange": 2,
                "drawOrder": 6,
                "spriteGroups": {
                    "slopeFlat": 16,
                    "slopes12": 4,
                    "slopes25": 16,
                    "slopes42": 8,
                    "slopes60": 4,
                    "slopes8": 4,
                    "slopes16": 4,
                    "slopes50": 4,
                    "flatBanked22": 8,
                    "flatBanked45": 16,
                    "slopes12Banked22": 4,
                    "slopes8Banked22": 4,
                    "restraintAnimation": 4
                },
                "hasAdditionalColour1": true,
                "hasScreamingRiders": true,
                "loadingPositions": [
                    3,
                    -1
                ]
            },
            {
                "rotationFrameMask": 15,
                "spacing": 208896,
                "mass": 500,
                "numSeats": 4,
                "numSeatRows": 2,
                "frictionSoundId": 2,
                "soundRange": 2,
                "drawOrder": 6,
                "spriteGroups": {
                    "slopeFlat": 16,
                    "slopes12": 4,
                    "slopes25": 16,
                    "slopes42": 8,
                    "slopes60": 4,
                    "slopes8": 4,
                    "slopes16": 4,
                    "slopes50": 4,
                    "flatBanked22": 8,
                    "flatBanked45": 16,
                    "slopes12Banked22": 4,
                    "slopes8Banked22": 4,
                    "restraintAnimation": 4
                },
                "hasAdditionalColour1": true,
                "hasScreamingRiders": true,
                "loadingPositions": [
                    7,
                    9,
                    -3,
                    -1
                ]
            }
        ],
        "buildMenuPriority": 1
    },
    "images": [
        { "path": "images/preview.png", "format": "raw" },
        "",
        "",
        "$CSG[35737..35752]",
        "$CSG[35753]",
        "$CSG[35761]",
        "$CSG[35769]",
        "$CSG[35777]",
        "$CSG[35757]",
        "$CSG[35765]",
        "$CSG[35773]",
        "$CSG[35781]",
        "$CSG[35754]",
        "$CSG[35841..35843]",
        "$CSG[35762]",
        "$CSG[35844..35846]",
        "$CSG[35770]",
        "$CSG[35847..35849]",
        "$CSG[35778]",
        "$CSG[35850..35852]",
        "$CSG[35758]",
        "$CSG[35853..35855]",
        "$CSG[35766]",
        "$CSG[35856..35858]",
        "$CSG[35774]",
        "$CSG[35859..35861]",
        "$CSG[35782]",
        "$CSG[35862..35864]",
        "$CSG[35755]",
        "$CSG[35885]",
        "$CSG[35763]",
        "$CSG[35886]",
        "$CSG[35771]",
        "$CSG[35887]",
        "$CSG[35779]",
        "$CSG[35888]",
        "$CSG[35759]",
        "$CSG[35901]",
        "$CSG[35767]",
        "$CSG[35902]",
        "$CSG[35775]",
        "$CSG[35903]",
        "$CSG[35783]",
        "$CSG[35904]",
        "$CSG[35756]",
        "$CSG[35764]",
        "$CSG[35772]",
        "$CSG[35780]",
        "$CSG[35760]",
        "$CSG[35768]",
        "$CSG[35776]",
        "$CSG[35784]",
        "$CSG[35877..35880]",
        "$CSG[35893..35896]",
        "$CSG[35881..35884]",
        "$CSG[35897..35900]",
        "$CSG[35889..35892]",
        "$CSG[35905..35908]",
        "$CSG[35817]",
        "$CSG[35925]",
        "$CSG[35818]",
        "$CSG[35926]",
        "$CSG[35819]",
        "$CSG[35927]",
        "$CSG[35820]",
        "$CSG[35928]",
        "$CSG[35821]",
        "$CSG[35929]",
        "$CSG[35822]",
        "$CSG[35930]",
        "$CSG[35823]",
        "$CSG[35931]",
        "$CSG[35824]",
        "$CSG[35932]",
        "$CSG[35785..35816]",
        "$CSG[35825..35840]",
        "$CSG[35909..35924]",
        "$CSG[35865]",
        "$CSG[35868]",
        "$CSG[35871]",
        "$CSG[35874]",
        "$CSG[35866]",
        "$CSG[35869]",
        "$CSG[35872]",
        "$CSG[35875]",
        "$CSG[35867]",
        "$CSG[35870]",
        "$CSG[35873]",
        "$CSG[35876]",
        "$CSG[35933..35948]",
        "$CSG[35949]",
        "$CSG[35957]",
        "$CSG[35965]",
        "$CSG[35973]",
        "$CSG[35953]",
        "$CSG[35961]",
        "$CSG[35969]",
        "$CSG[35977]",
        "$CSG[35950]",
        "$CSG[36037..36039]",
        "$CSG[35958]",
        "$CSG[36040..36042]",
        "$CSG[35966]",
        "$CSG[36043..36045]",
        "$CSG[35974]",
        "$CSG[36046..36048]",
        "$CSG[35954]",
        "$CSG[36049..36051]",
        "$CSG[35962]",
        "$CSG[36052..36054]",
        "$CSG[35970]",
        "$CSG[36055..36057]",
        "$CSG[35978]",
        "$CSG[36058..36060]",
        "$CSG[35951]",
        "$CSG[36081]",
        "$CSG[35959]",
        "$CSG[36082]",
        "$CSG[35967]",
        "$CSG[36083]",
        "$CSG[35975]",
        "$CSG[36084]",
        "$CSG[35955]",
        "$CSG[36097]",
        "$CSG[35963]",
        "$CSG[36098]",
        "$CSG[35971]",
        "$CSG[36099]",
        "$CSG[35979]",
        "$CSG[36100]",
        "$CSG[35952]",
        "$CSG[35960]",
        "$CSG[35968]",
        "$CSG[35976]",
        "$CSG[35956]",
        "$CSG[35964]",
        "$CSG[35972]",
        "$CSG[35980]",
        "$CSG[36073..36076]",
        "$CSG[36089..36092]",
        "$CSG[36077..36080]",
        "$CSG[36093..36096]",
        "$CSG[36085..36088]",
        "$CSG[36101..36104]",
        "$CSG[36013]",
        "$CSG[36121]",
        "$CSG[36014]",
        "$CSG[36122]",
        "$CSG[36015]",
        "$CSG[36123]",
        "$CSG[36016]",
        "$CSG[36124]",
        "$CSG[36017]",
        "$CSG[36125]",
        "$CSG[36018]",
        "$CSG[36126]",
        "$CSG[36019]",
        "$CSG[36127]",
        "$CSG[36020]",
        "$CSG[36128]",
        "$CSG[35981..36012]",
        "$CSG[36021..36036]",
        "$CSG[36105..36120]",
        "$CSG[36061]",
        "$CSG[36064]",
        "$CSG[36067]",
        "$CSG[36070]",
        "$CSG[36062]",
        "$CSG[36065]",
        "$CSG[36068]",
        "$CSG[36071]",
        "$CSG[36063]",
        "$CSG[36066]",
        "$CSG[36069]",
        "$CSG[36072]",
        "$CSG[36129..36144]",
        "$CSG[36145]",
        "$CSG[36153]",
        "$CSG[36161]",
        "$CSG[36169]",
        "$CSG[36149]",
        "$CSG[36157]",
        "$CSG[36165]",
        "$CSG[36173]",
        "$CSG[36146]",
        "$CSG[36233..36235]",
        "$CSG[36154]",
        "$CSG[36236..36238]",
        "$CSG[36162]",
        "$CSG[36239..36241]",
        "$CSG[36170]",
        "$CSG[36242..36244]",
        "$CSG[36150]",
        "$CSG[36245..36247]",
        "$CSG[36158]",
        "$CSG[36248..36250]",
        "$CSG[36166]",
        "$CSG[36251..36253]",
        "$CSG[36174]",
        "$CSG[36254..36256]",
        "$CSG[36147]",
        "$CSG[36277]",
        "$CSG[36155]",
        "$CSG[36278]",
        "$CSG[36163]",
        "$CSG[36279]",
        "$CSG[36171]",
        "$CSG[36280]",
        "$CSG[36151]",
        "$CSG[36293]",
        "$CSG[36159]",
        "$CSG[36294]",
        "$CSG[36167]",
        "$CSG[36295]",
        "$CSG[36175]",
        "$CSG[36296]",
        "$CSG[36148]",
        "$CSG[36156]",
        "$CSG[36164]",
        "$CSG[36172]",
        "$CSG[36152]",
        "$CSG[36160]",
        "$CSG[36168]",
        "$CSG[36176]",
        "$CSG[36269..36272]",
        "$CSG[36285..36288]",
        "$CSG[36273..36276]",
        "$CSG[36289..36292]",
        "$CSG[36281..36284]",
        "$CSG[36297..36300]",
        "$CSG[36209]",
        "$CSG[36317]",
        "$CSG[36210]",
        "$CSG[36318]",
        "$CSG[36211]",
        "$CSG[36319]",
        "$CSG[36212]",
        "$CSG[36320]",
        "$CSG[36213]",
        "$CSG[36321]",
        "$CSG[36214]",
        "$CSG[36322]",
        "$CSG[36215]",
        "$CSG[36323]",
        "$CSG[36216]",
        "$CSG[36324]",
        "$CSG[36177..36208]",
        "$CSG[36217..36232]",
        "$CSG[36301..36316]",
        "$CSG[36257]",
        "$CSG[36260]",
        "$CSG[36263]",
        "$CSG[36266]",
        "$CSG[36258]",
        "$CSG[36261]",
        "$CSG[36264]",
        "$CSG[36267]",
        "$CSG[36259]",
        "$CSG[36262]",
        "$CSG[36265]",
        "$CSG[36268]",
        "$CSG[36325..36340]",
        "$CSG[36341]",
        "$CSG[36349]",
        "$CSG[36357]",
        "$CSG[36365]",
        "$CSG[36345]",
        "$CSG[36353]",
        "$CSG[36361]",
        "$CSG[36369]",
        "$CSG[36342]",
        "$CSG[36429..36431]",
        "$CSG[36350]",
        "$CSG[36432..36434]",
        "$CSG[36358]",
        "$CSG[36435..36437]",
        "$CSG[36366]",
        "$CSG[36438..36440]",
        "$CSG[36346]",
        "$CSG[36441..36443]",
        "$CSG[36354]",
        "$CSG[36444..36446]",
        "$CSG[36362]",
        "$CSG[36447..36449]",
        "$CSG[36370]",
        "$CSG[36450..36452]",
        "$CSG[36343]",
        "$CSG[36473]",
        "$CSG[36351]",
        "$CSG[36474]",
        "$CSG[36359]",
        "$CSG[36475]",
        "$CSG[36367]",
        "$CSG[36476]",
        "$CSG[36347]",
        "$CSG[36489]",
        "$CSG[36355]",
        "$CSG[36490]",
        "$CSG[36363]",
        "$CSG[36491]",
        "$CSG[36371]",
        "$CSG[36492]",
        "$CSG[36344]",
        "$CSG[36352]",
        "$CSG[36360]",
        "$CSG[36368]",
        "$CSG[36348]",
        "$CSG[36356]",
        "$CSG[36364]",
        "$CSG[36372]",
        "$CSG[36465..36468]",
        "$CSG[36481..36484]",
        "$CSG[36469..36472]",
        "$CSG[36485..36488]",
        "$CSG[36477..36480]",
        "$CSG[36493..36496]",
        "$CSG[36405]",
        "$CSG[36513]",
        "$CSG[36406]",
        "$CSG[36514]",
        "$CSG[36407]",
        "$CSG[36515]",
        "$CSG[36408]",
        "$CSG[36516]",
        "$CSG[36409]",
        "$CSG[36517]",
        "$CSG[36410]",
        "$CSG[36518]",
        "$CSG[36411]",
        "$CSG[36519]",
        "$CSG[36412]",
        "$CSG[36520]",
        "$CSG[36373..36404]",
        "$CSG[36413..36428]",
        "$CSG[36497..36512]",
        "$CSG[36453]",
        "$CSG[36456]",
        "$CSG[36459]",
        "$CSG[36462]",
        "$CSG[36454]",
        "$CSG[36457]",
        "$CSG[36460]",
        "$CSG[36463]",
        "$CSG[36455]",
        "$CSG[36458]",
        "$CSG[36461]",
        "$CSG[36464]",
        "$CSG[36521..36536]",
        "$CSG[36537]",
        "$CSG[36545]",
        "$CSG[36553]",
        "$CSG[36561]",
        "$CSG[36541]",
        "$CSG[36549]",
        "$CSG[36557]",
        "$CSG[36565]",
        "$CSG[36538]",
        "$CSG[36625..36627]",
        "$CSG[36546]",
        "$CSG[36628..36630]",
        "$CSG[36554]",
        "$CSG[36631..36633]",
        "$CSG[36562]",
        "$CSG[36634..36636]",
        "$CSG[36542]",
        "$CSG[36637..36639]",
        "$CSG[36550]",
        "$CSG[36640..36642]",
        "$CSG[36558]",
        "$CSG[36643..36645]",
        "$CSG[36566]",
        "$CSG[36646..36648]",
        "$CSG[36539]",
        "$CSG[36669]",
        "$CSG[36547]",
        "$CSG[36670]",
        "$CSG[36555]",
        "$CSG[36671]",
        "$CSG[36563]",
        "$CSG[36672]",
        "$CSG[36543]",
        "$CSG[36685]",
        "$CSG[36551]",
        "$CSG[36686]",
        "$CSG[36559]",
        "$CSG[36687]",
        "$CSG[36567]",
        "$CSG[36688]",
        "$CSG[36540]",
        "$CSG[36548]",
        "$CSG[36556]",
        "$CSG[36564]",
        "$CSG[36544]",
        "$CSG[36552]",
        "$CSG[36560]",
        "$CSG[36568]",
        "$CSG[36661..36664]",
        "$CSG[36677..36680]",
        "$CSG[36665..36668]",
        "$CSG[36681..36684]",
        "$CSG[36673..36676]",
        "$CSG[36689..36692]",
        "$CSG[36601]",
        "$CSG[36709]",
        "$CSG[36602]",
        "$CSG[36710]",
        "$CSG[36603]",
        "$CSG[36711]",
        "$CSG[36604]",
        "$CSG[36712]",
        "$CSG[36605]",
        "$CSG[36713]",
        "$CSG[36606]",
        "$CSG[36714]",
        "$CSG[36607]",
        "$CSG[36715]",
        "$CSG[36608]",
        "$CSG[36716]",
        "$CSG[36569..36600]",
        "$CSG[36609..36624]",
        "$CSG[36693..36708]",
        "$CSG[36649]",
        "$CSG[36652]",
        "$CSG[36655]",
        "$CSG[36658]",
        "$CSG[36650]",
        "$CSG[36653]",
        "$CSG[36656]",
        "$CSG[36659]",
        "$CSG[36651]",
        "$CSG[36654]",
        "$CSG[36657]",
        "$CSG[36660]"
    ],
    "strings": {
        "name": {
            "en-GB": "Mine Trains",
            "fr-FR": "Train de mine",
            "de-DE": "Minenzüge",
            "es-ES": "Montaña Rusa Minitrén",
            "it-IT": "Treno delle miniere",
            "nl-NL": "Mijntrein",
            "sv-SE": "Gruvtåg",
            "ko-KR": "탄광 차량",
            "zh-CN": "坑道冲锋车",
            "zh-TW": "坑道衝鋒車",
            "pt-BR": "Trens de Mina",
            "cs-CZ": "Důlní horská dráha",
            "ja-JP": "マイン・トレイン",
            "pl-PL": "Kolejka kopalniana",
            "ru-RU": "Шахтёрские горки",
            "eo-ZZ": "Mintrajnoj"
        },
        "description": {
            "en-GB": "Mine train-themed roller coaster trains",
            "fr-FR": "Trains emmenant les passagers sur des montagnes russes  dont les voies rappellent les vieilles voies ferrées",
            "de-DE": "Achterbahnzüge im Minenzugstil",
            "es-ES": "El tren de la mina corre por una vía de acero que recuerda las viejas vías del tren",
            "it-IT": "I treni degli ottovolanti con il tema della miniera si fanno strada lungo un tracciato d'acciaio costruito a somiglianza delle vecchie strade ferrate",
            "nl-NL": "Achtbaantreinen in de vorm van een mijntrein razen over stalen achtbaanrails die er uitziet als een oude spoorbaan.",
            "sv-SE": "Berg- och dalbanevagnar i form av gruvtåg",
            "ko-KR": "오래된 선로 트랙처럼 보이지만 튼튼한 강철로 만든 롤러코스터 트랙을 따라 달리는, 광산 차량을 테마로 한 롤러코스터 차량",
            "zh-CN": "坑道冲锋车是以过山车列车延着看起来像老旧铁路轨道的钢制过山车轨道全速前进",
            "zh-TW": "坑道衝鋒車是以雲霄飛車列車延著看起來像老舊鐵路軌道的鋼製雲霄飛車軌道全速前進",
            "pt-BR": "Montanha-russa com trens de mina",
            "cs-CZ": "Horská dráha ve stylu důlních vlaků jezdí po ocelové horské dráze maskované jako staré koleje",
            "ja-JP": "昔の線路のようなスチールのコースを走る、鉱山列車をイメージしたコースターです",
            "pl-PL": "Kolejka górska w stylu górniczym, poruszająca się po stalowych szynach stylizowanych na stary tor kolejowy",
            "ru-RU": "Горный поезд несется по стальным рельсам, похожим на старинную железную дорогу.",
            "eo-ZZ": "Trajnoj de onda fervojo kun temo de mintrajno"
        },
        "capacity": {
            "en-GB": "2 or 4 passengers per car",
            "fr-FR": "2 ou 4 passagers par voiture",
            "de-DE": "2 oder 4 Fahrgäste pro Wagen",
            "es-ES": "2 ó 4 pasajeros por vagón",
            "it-IT": "2 o 4 passeggeri a carrozza",
            "nl-NL": "4 passagiers per karretje (voorste karretje 2)",
            "sv-SE": "2 eller 4 passagerare per vagn",
            "ko-KR": "차량당 2명 또는 4명의 승객",
            "zh-CN": "2 or 4 位乘客/每个车厢",
            "zh-TW": "2 或 4 位乘客/每個車廂",
            "pt-BR": "2 ou 4 passageiros por carro",
            "cs-CZ": "2 nebo 4 místa v každém voze",
            "ja-JP": "各車両2名または4名",
            "pl-PL": "2 lub 4 pasażerów na wagonik",
            "ru-RU": "2 или 4 пассажира",
            "eo-ZZ": "Po 2 aŭ 4 pasaĝeroj por ĉaro"
        }
    },
    "noCsgImages": [
        { "path": "images/preview.png", "format": "raw" },
        "",
        "",
        "$RCT2:OBJDATA/AMT1.DAT[3]",
        "$RCT2:OBJDATA/AMT1.DAT[5]",
        "$RCT2:OBJDATA/AMT1.DAT[7]",
        "$RCT2:OBJDATA/AMT1.DAT[9]",
        "$RCT2:OBJDATA/AMT1.DAT[11]",
        "$RCT2:OBJDATA/AMT1.DAT[13]",
        "$RCT2:OBJDATA/AMT1.DAT[15]",
        "$RCT2:OBJDATA/AMT1.DAT[17]",
        "$RCT2:OBJDATA/AMT1.DAT[19]",
        "$RCT2:OBJDATA/AMT1.DAT[21]",
        "$RCT2:OBJDATA/AMT1.DAT[23]",
        "$RCT2:OBJDATA/AMT1.DAT[25]",
        "$RCT2:OBJDATA/AMT1.DAT[27]",
        "$RCT2:OBJDATA/AMT1.DAT[29]",
        "$RCT2:OBJDATA/AMT1.DAT[31]",
        "$RCT2:OBJDATA/AMT1.DAT[33]",
        "$RCT2:OBJDATA/AMT1.DAT[35..43]",
        "$RCT2:OBJDATA/AMT1.DAT[45]",
        "$RCT2:OBJDATA/AMT1.DAT[47]",
        "$RCT2:OBJDATA/AMT1.DAT[49]",
        "$RCT2:OBJDATA/AMT1.DAT[51]",
        "$RCT2:OBJDATA/AMT1.DAT[53]",
        "$RCT2:OBJDATA/AMT1.DAT[55]",
        "$RCT2:OBJDATA/AMT1.DAT[57]",
        "$RCT2:OBJDATA/AMT1.DAT[59]",
        "$RCT2:OBJDATA/AMT1.DAT[61]",
        "$RCT2:OBJDATA/AMT1.DAT[63]",
        "$RCT2:OBJDATA/AMT1.DAT[65]",
        "$RCT2:OBJDATA/AMT1.DAT[67]",
        "$RCT2:OBJDATA/AMT1.DAT[69]",
        "$RCT2:OBJDATA/AMT1.DAT[71]",
        "$RCT2:OBJDATA/AMT1.DAT[73]",
        "$RCT2:OBJDATA/AMT1.DAT[75]",
        "$RCT2:OBJDATA/AMT1.DAT[77]",
        "$RCT2:OBJDATA/AMT1.DAT[79]",
        "$RCT2:OBJDATA/AMT1.DAT[81]",
        "$RCT2:OBJDATA/AMT1.DAT[83]",
        "$RCT2:OBJDATA/AMT1.DAT[85]",
        "$RCT2:OBJDATA/AMT1.DAT[87]",
        "$RCT2:OBJDATA/AMT1.DAT[89]",
        "$RCT2:OBJDATA/AMT1.DAT[91]",
        "$RCT2:OBJDATA/AMT1.DAT[93]",
        "$RCT2:OBJDATA/AMT1.DAT[95]",
        "$RCT2:OBJDATA/AMT1.DAT[97]",
        "$RCT2:OBJDATA/AMT1.DAT[99]",
        "$RCT2:OBJDATA/AMT1.DAT[101]",
        "$RCT2:OBJDATA/AMT1.DAT[103]",
        "$RCT2:OBJDATA/AMT1.DAT[105]",
        "$RCT2:OBJDATA/AMT1.DAT[107..123]",
        "$RCT2:OBJDATA/AMT1.DAT[131]",
        "$RCT2:OBJDATA/AMT1.DAT[139]",
        "$RCT2:OBJDATA/AMT1.DAT[147]",
        "$RCT2:OBJDATA/AMT1.DAT[155]",
        "$RCT2:OBJDATA/AMT1.DAT[163]",
        "$RCT2:OBJDATA/AMT1.DAT[171]",
        "$RCT2:OBJDATA/AMT1.DAT[179]",
        "$RCT2:OBJDATA/AMT1.DAT[187..227]",
        "$RCT2:OBJDATA/AMT1.DAT[229]",
        "$RCT2:OBJDATA/AMT1.DAT[231]",
        "$RCT2:OBJDATA/AMT1.DAT[233]",
        "$RCT2:OBJDATA/AMT1.DAT[235]",
        "$RCT2:OBJDATA/AMT1.DAT[237]",
        "$RCT2:OBJDATA/AMT1.DAT[239]",
        "$RCT2:OBJDATA/AMT1.DAT[241]",
        "$RCT2:OBJDATA/AMT1.DAT[243]",
        "$RCT2:OBJDATA/AMT1.DAT[245]",
        "$RCT2:OBJDATA/AMT1.DAT[247]",
        "$RCT2:OBJDATA/AMT1.DAT[249]",
        "$RCT2:OBJDATA/AMT1.DAT[251]",
        "$RCT2:OBJDATA/AMT1.DAT[253]",
        "$RCT2:OBJDATA/AMT1.DAT[255]",
        "$RCT2:OBJDATA/AMT1.DAT[257]",
        "$RCT2:OBJDATA/AMT1.DAT[259]",
        "$RCT2:OBJDATA/AMT1.DAT[261]",
        "$RCT2:OBJDATA/AMT1.DAT[263]",
        "$RCT2:OBJDATA/AMT1.DAT[265]",
        "$RCT2:OBJDATA/AMT1.DAT[267]",
        "$RCT2:OBJDATA/AMT1.DAT[269]",
        "$RCT2:OBJDATA/AMT1.DAT[271]",
        "$RCT2:OBJDATA/AMT1.DAT[273]",
        "$RCT2:OBJDATA/AMT1.DAT[275]",
        "$RCT2:OBJDATA/AMT1.DAT[277]",
        "$RCT2:OBJDATA/AMT1.DAT[279]",
        "$RCT2:OBJDATA/AMT1.DAT[281]",
        "$RCT2:OBJDATA/AMT1.DAT[283]",
        "$RCT2:OBJDATA/AMT1.DAT[285]",
        "$RCT2:OBJDATA/AMT1.DAT[287]",
        "$RCT2:OBJDATA/AMT1.DAT[289]",
        "$RCT2:OBJDATA/AMT1.DAT[291]",
        "$RCT2:OBJDATA/AMT1.DAT[299]",
        "$RCT2:OBJDATA/AMT1.DAT[307]",
        "$RCT2:OBJDATA/AMT1.DAT[315]",
        "$RCT2:OBJDATA/AMT1.DAT[323]",
        "$RCT2:OBJDATA/AMT1.DAT[331]",
        "$RCT2:OBJDATA/AMT1.DAT[339]",
        "$RCT2:OBJDATA/AMT1.DAT[347]",
        "$RCT2:OBJDATA/AMT1.DAT[355]",
        "$RCT2:OBJDATA/AMT1.DAT[363]",
        "$RCT2:OBJDATA/AMT1.DAT[371]",
        "$RCT2:OBJDATA/AMT1.DAT[379]",
        "$RCT2:OBJDATA/AMT1.DAT[387]",
        "$RCT2:OBJDATA/AMT1.DAT[395]",
        "$RCT2:OBJDATA/AMT1.DAT[403]",
        "$RCT2:OBJDATA/AMT1.DAT[411]",
        "$RCT2:OBJDATA/AMT1.DAT[419..447]",
        "$RCT2:OBJDATA/AMT1.DAT[449]",
        "$RCT2:OBJDATA/AMT1.DAT[451]",
        "$RCT2:OBJDATA/AMT1.DAT[453]",
        "$RCT2:OBJDATA/AMT1.DAT[455]",
        "$RCT2:OBJDATA/AMT1.DAT[457]",
        "$RCT2:OBJDATA/AMT1.DAT[459]",
        "$RCT2:OBJDATA/AMT1.DAT[461]",
        "$RCT2:OBJDATA/AMT1.DAT[463]",
        "$RCT2:OBJDATA/AMT1.DAT[465]",
        "$RCT2:OBJDATA/AMT1.DAT[467]",
        "$RCT2:OBJDATA/AMT1.DAT[469]",
        "$RCT2:OBJDATA/AMT1.DAT[471]",
        "$RCT2:OBJDATA/AMT1.DAT[473]",
        "$RCT2:OBJDATA/AMT1.DAT[475]",
        "$RCT2:OBJDATA/AMT1.DAT[477]",
        "$RCT2:OBJDATA/AMT1.DAT[479..487]",
        "$RCT2:OBJDATA/AMT1.DAT[489]",
        "$RCT2:OBJDATA/AMT1.DAT[491]",
        "$RCT2:OBJDATA/AMT1.DAT[493]",
        "$RCT2:OBJDATA/AMT1.DAT[495]",
        "$RCT2:OBJDATA/AMT1.DAT[497]",
        "$RCT2:OBJDATA/AMT1.DAT[499]",
        "$RCT2:OBJDATA/AMT1.DAT[501]",
        "$RCT2:OBJDATA/AMT1.DAT[503]",
        "$RCT2:OBJDATA/AMT1.DAT[505]",
        "$RCT2:OBJDATA/AMT1.DAT[507]",
        "$RCT2:OBJDATA/AMT1.DAT[509]",
        "$RCT2:OBJDATA/AMT1.DAT[511]",
        "$RCT2:OBJDATA/AMT1.DAT[513]",
        "$RCT2:OBJDATA/AMT1.DAT[515]",
        "$RCT2:OBJDATA/AMT1.DAT[517]",
        "$RCT2:OBJDATA/AMT1.DAT[519]",
        "$RCT2:OBJDATA/AMT1.DAT[521]",
        "$RCT2:OBJDATA/AMT1.DAT[523]",
        "$RCT2:OBJDATA/AMT1.DAT[525]",
        "$RCT2:OBJDATA/AMT1.DAT[527]",
        "$RCT2:OBJDATA/AMT1.DAT[529]",
        "$RCT2:OBJDATA/AMT1.DAT[531]",
        "$RCT2:OBJDATA/AMT1.DAT[533]",
        "$RCT2:OBJDATA/AMT1.DAT[535]",
        "$RCT2:OBJDATA/AMT1.DAT[537]",
        "$RCT2:OBJDATA/AMT1.DAT[539]",
        "$RCT2:OBJDATA/AMT1.DAT[541]",
        "$RCT2:OBJDATA/AMT1.DAT[543]",
        "$RCT2:OBJDATA/AMT1.DAT[545]",
        "$RCT2:OBJDATA/AMT1.DAT[547]",
        "$RCT2:OBJDATA/AMT1.DAT[549]",
        "$RCT2:OBJDATA/AMT1.DAT[551..567]",
        "$RCT2:OBJDATA/AMT1.DAT[575]",
        "$RCT2:OBJDATA/AMT1.DAT[583]",
        "$RCT2:OBJDATA/AMT1.DAT[591]",
        "$RCT2:OBJDATA/AMT1.DAT[599]",
        "$RCT2:OBJDATA/AMT1.DAT[607]",
        "$RCT2:OBJDATA/AMT1.DAT[615]",
        "$RCT2:OBJDATA/AMT1.DAT[623]",
        "$RCT2:OBJDATA/AMT1.DAT[631..671]",
        "$RCT2:OBJDATA/AMT1.DAT[673]",
        "$RCT2:OBJDATA/AMT1.DAT[675]",
        "$RCT2:OBJDATA/AMT1.DAT[677]",
        "$RCT2:OBJDATA/AMT1.DAT[679]",
        "$RCT2:OBJDATA/AMT1.DAT[681]",
        "$RCT2:OBJDATA/AMT1.DAT[683]",
        "$RCT2:OBJDATA/AMT1.DAT[685]",
        "$RCT2:OBJDATA/AMT1.DAT[687]",
        "$RCT2:OBJDATA/AMT1.DAT[689]",
        "$RCT2:OBJDATA/AMT1.DAT[691]",
        "$RCT2:OBJDATA/AMT1.DAT[693]",
        "$RCT2:OBJDATA/AMT1.DAT[695]",
        "$RCT2:OBJDATA/AMT1.DAT[697]",
        "$RCT2:OBJDATA/AMT1.DAT[699]",
        "$RCT2:OBJDATA/AMT1.DAT[701]",
        "$RCT2:OBJDATA/AMT1.DAT[703]",
        "$RCT2:OBJDATA/AMT1.DAT[705]",
        "$RCT2:OBJDATA/AMT1.DAT[707]",
        "$RCT2:OBJDATA/AMT1.DAT[709]",
        "$RCT2:OBJDATA/AMT1.DAT[711]",
        "$RCT2:OBJDATA/AMT1.DAT[713]",
        "$RCT2:OBJDATA/AMT1.DAT[715]",
        "$RCT2:OBJDATA/AMT1.DAT[717]",
        "$RCT2:OBJDATA/AMT1.DAT[719]",
        "$RCT2:OBJDATA/AMT1.DAT[721]",
        "$RCT2:OBJDATA/AMT1.DAT[723]",
        "$RCT2:OBJDATA/AMT1.DAT[725]",
        "$RCT2:OBJDATA/AMT1.DAT[727]",
        "$RCT2:OBJDATA/AMT1.DAT[729]",
        "$RCT2:OBJDATA/AMT1.DAT[731]",
        "$RCT2:OBJDATA/AMT1.DAT[733]",
        "$RCT2:OBJDATA/AMT1.DAT[735]",
        "$RCT2:OBJDATA/AMT1.DAT[743]",
        "$RCT2:OBJDATA/AMT1.DAT[751]",
        "$RCT2:OBJDATA/AMT1.DAT[759]",
        "$RCT2:OBJDATA/AMT1.DAT[767]",
        "$RCT2:OBJDATA/AMT1.DAT[775]",
        "$RCT2:OBJDATA/AMT1.DAT[783]",
        "$RCT2:OBJDATA/AMT1.DAT[791]",
        "$RCT2:OBJDATA/AMT1.DAT[799]",
        "$RCT2:OBJDATA/AMT1.DAT[807]",
        "$RCT2:OBJDATA/AMT1.DAT[815]",
        "$RCT2:OBJDATA/AMT1.DAT[823]",
        "$RCT2:OBJDATA/AMT1.DAT[831]",
        "$RCT2:OBJDATA/AMT1.DAT[839]",
        "$RCT2:OBJDATA/AMT1.DAT[847]",
        "$RCT2:OBJDATA/AMT1.DAT[855]",
        "$RCT2:OBJDATA/AMT1.DAT[863..891]",
        "$RCT2:OBJDATA/AMT1.DAT[893]",
        "$RCT2:OBJDATA/AMT1.DAT[895]",
        "$RCT2:OBJDATA/AMT1.DAT[897]",
        "$RCT2:OBJDATA/AMT1.DAT[899]",
        "$RCT2:OBJDATA/AMT1.DAT[901]",
        "$RCT2:OBJDATA/AMT1.DAT[903]",
        "$RCT2:OBJDATA/AMT1.DAT[905]",
        "$RCT2:OBJDATA/AMT1.DAT[907]",
        "$RCT2:OBJDATA/AMT1.DAT[909]",
        "$RCT2:OBJDATA/AMT1.DAT[911]",
        "$RCT2:OBJDATA/AMT1.DAT[913]",
        "$RCT2:OBJDATA/AMT1.DAT[915]",
        "$RCT2:OBJDATA/AMT1.DAT[917]",
        "$RCT2:OBJDATA/AMT1.DAT[919]",
        "$RCT2:OBJDATA/AMT1.DAT[921]",
        "$RCT2:OBJDATA/AMT1.DAT[923..931]",
        "$RCT2:OBJDATA/AMT1.DAT[933]",
        "$RCT2:OBJDATA/AMT1.DAT[935]",
        "$RCT2:OBJDATA/AMT1.DAT[937]",
        "$RCT2:OBJDATA/AMT1.DAT[939]",
        "$RCT2:OBJDATA/AMT1.DAT[941]",
        "$RCT2:OBJDATA/AMT1.DAT[943]",
        "$RCT2:OBJDATA/AMT1.DAT[945]",
        "$RCT2:OBJDATA/AMT1.DAT[947]",
        "$RCT2:OBJDATA/AMT1.DAT[949]",
        "$RCT2:OBJDATA/AMT1.DAT[951]",
        "$RCT2:OBJDATA/AMT1.DAT[953]",
        "$RCT2:OBJDATA/AMT1.DAT[955]",
        "$RCT2:OBJDATA/AMT1.DAT[957]",
        "$RCT2:OBJDATA/AMT1.DAT[959]",
        "$RCT2:OBJDATA/AMT1.DAT[961]",
        "$RCT2:OBJDATA/AMT1.DAT[963]",
        "$RCT2:OBJDATA/AMT1.DAT[965]",
        "$RCT2:OBJDATA/AMT1.DAT[967]",
        "$RCT2:OBJDATA/AMT1.DAT[969]",
        "$RCT2:OBJDATA/AMT1.DAT[971]",
        "$RCT2:OBJDATA/AMT1.DAT[973]",
        "$RCT2:OBJDATA/AMT1.DAT[975]",
        "$RCT2:OBJDATA/AMT1.DAT[977]",
        "$RCT2:OBJDATA/AMT1.DAT[979]",
        "$RCT2:OBJDATA/AMT1.DAT[981]",
        "$RCT2:OBJDATA/AMT1.DAT[983]",
        "$RCT2:OBJDATA/AMT1.DAT[985]",
        "$RCT2:OBJDATA/AMT1.DAT[987]",
        "$RCT2:OBJDATA/AMT1.DAT[989]",
        "$RCT2:OBJDATA/AMT1.DAT[991]",
        "$RCT2:OBJDATA/AMT1.DAT[993]",
        "$RCT2:OBJDATA/AMT1.DAT[995..1011]",
        "$RCT2:OBJDATA/AMT1.DAT[1019]",
        "$RCT2:OBJDATA/AMT1.DAT[1027]",
        "$RCT2:OBJDATA/AMT1.DAT[1035]",
        "$RCT2:OBJDATA/AMT1.DAT[1043]",
        "$RCT2:OBJDATA/AMT1.DAT[1051]",
        "$RCT2:OBJDATA/AMT1.DAT[1059]",
        "$RCT2:OBJDATA/AMT1.DAT[1067]",
        "$RCT2:OBJDATA/AMT1.DAT[1075..1115]",
        "$RCT2:OBJDATA/AMT1.DAT[1117]",
        "$RCT2:OBJDATA/AMT1.DAT[1119]",
        "$RCT2:OBJDATA/AMT1.DAT[1121]",
        "$RCT2:OBJDATA/AMT1.DAT[1123]",
        "$RCT2:OBJDATA/AMT1.DAT[1125]",
        "$RCT2:OBJDATA/AMT1.DAT[1127]",
        "$RCT2:OBJDATA/AMT1.DAT[1129]",
        "$RCT2:OBJDATA/AMT1.DAT[1131]",
        "$RCT2:OBJDATA/AMT1.DAT[1133]",
        "$RCT2:OBJDATA/AMT1.DAT[1135]",
        "$RCT2:OBJDATA/AMT1.DAT[1137]",
        "$RCT2:OBJDATA/AMT1.DAT[1139]",
        "$RCT2:OBJDATA/AMT1.DAT[1141]",
        "$RCT2:OBJDATA/AMT1.DAT[1143]",
        "$RCT2:OBJDATA/AMT1.DAT[1145]",
        "$RCT2:OBJDATA/AMT1.DAT[1147]",
        "$RCT2:OBJDATA/AMT1.DAT[1149]",
        "$RCT2:OBJDATA/AMT1.DAT[1151]",
        "$RCT2:OBJDATA/AMT1.DAT[1153]",
        "$RCT2:OBJDATA/AMT1.DAT[1155]",
        "$RCT2:OBJDATA/AMT1.DAT[1157]",
        "$RCT2:OBJDATA/AMT1.DAT[1159]",
        "$RCT2:OBJDATA/AMT1.DAT[1161]",
        "$RCT2:OBJDATA/AMT1.DAT[1163]",
        "$RCT2:OBJDATA/AMT1.DAT[1165]",
        "$RCT2:OBJDATA/AMT1.DAT[1167]",
        "$RCT2:OBJDATA/AMT1.DAT[1169]",
        "$RCT2:OBJDATA/AMT1.DAT[1171]",
        "$RCT2:OBJDATA/AMT1.DAT[1173]",
        "$RCT2:OBJDATA/AMT1.DAT[1175]",
        "$RCT2:OBJDATA/AMT1.DAT[1177]",
        "$RCT2:OBJDATA/AMT1.DAT[1179]",
        "$RCT2:OBJDATA/AMT1.DAT[1187]",
        "$RCT2:OBJDATA/AMT1.DAT[1195]",
        "$RCT2:OBJDATA/AMT1.DAT[1203]",
        "$RCT2:OBJDATA/AMT1.DAT[1211]",
        "$RCT2:OBJDATA/AMT1.DAT[1219]",
        "$RCT2:OBJDATA/AMT1.DAT[1227]",
        "$RCT2:OBJDATA/AMT1.DAT[1235]",
        "$RCT2:OBJDATA/AMT1.DAT[1243]",
        "$RCT2:OBJDATA/AMT1.DAT[1251]",
        "$RCT2:OBJDATA/AMT1.DAT[1259]",
        "$RCT2:OBJDATA/AMT1.DAT[1267]",
        "$RCT2:OBJDATA/AMT1.DAT[1275]",
        "$RCT2:OBJDATA/AMT1.DAT[1283]",
        "$RCT2:OBJDATA/AMT1.DAT[1291]",
        "$RCT2:OBJDATA/AMT1.DAT[1299]",
        "$RCT2:OBJDATA/AMT1.DAT[1307..1335]",
        "$RCT2:OBJDATA/AMT1.DAT[1337]",
        "$RCT2:OBJDATA/AMT1.DAT[1339]",
        "$RCT2:OBJDATA/AMT1.DAT[1341]",
        "$RCT2:OBJDATA/AMT1.DAT[1343]",
        "$RCT2:OBJDATA/AMT1.DAT[1345]",
        "$RCT2:OBJDATA/AMT1.DAT[1347]",
        "$RCT2:OBJDATA/AMT1.DAT[1349]",
        "$RCT2:OBJDATA/AMT1.DAT[1351]",
        "$RCT2:OBJDATA/AMT1.DAT[1353]",
        "$RCT2:OBJDATA/AMT1.DAT[1355]",
        "$RCT2:OBJDATA/AMT1.DAT[1357]",
        "$RCT2:OBJDATA/AMT1.DAT[1359]",
        "$RCT2:OBJDATA/AMT1.DAT[1361]",
        "$RCT2:OBJDATA/AMT1.DAT[1363]",
        "$RCT2:OBJDATA/AMT1.DAT[1365]",
        "$RCT2:OBJDATA/AMT1.DAT[1367..1375]",
        "$RCT2:OBJDATA/AMT1.DAT[1377]",
        "$RCT2:OBJDATA/AMT1.DAT[1379]",
        "$RCT2:OBJDATA/AMT1.DAT[1381]",
        "$RCT2:OBJDATA/AMT1.DAT[1383]",
        "$RCT2:OBJDATA/AMT1.DAT[1385]",
        "$RCT2:OBJDATA/AMT1.DAT[1387]",
        "$RCT2:OBJDATA/AMT1.DAT[1389]",
        "$RCT2:OBJDATA/AMT1.DAT[1391]",
        "$RCT2:OBJDATA/AMT1.DAT[1393]",
        "$RCT2:OBJDATA/AMT1.DAT[1395]",
        "$RCT2:OBJDATA/AMT1.DAT[1397]",
        "$RCT2:OBJDATA/AMT1.DAT[1399]",
        "$RCT2:OBJDATA/AMT1.DAT[1401]",
        "$RCT2:OBJDATA/AMT1.DAT[1403]",
        "$RCT2:OBJDATA/AMT1.DAT[1405]",
        "$RCT2:OBJDATA/AMT1.DAT[1407]",
        "$RCT2:OBJDATA/AMT1.DAT[1409]",
        "$RCT2:OBJDATA/AMT1.DAT[1411]",
        "$RCT2:OBJDATA/AMT1.DAT[1413]",
        "$RCT2:OBJDATA/AMT1.DAT[1415]",
        "$RCT2:OBJDATA/AMT1.DAT[1417]",
        "$RCT2:OBJDATA/AMT1.DAT[1419]",
        "$RCT2:OBJDATA/AMT1.DAT[1421]",
        "$RCT2:OBJDATA/AMT1.DAT[1423]",
        "$RCT2:OBJDATA/AMT1.DAT[1425]",
        "$RCT2:OBJDATA/AMT1.DAT[1427]",
        "$RCT2:OBJDATA/AMT1.DAT[1429]",
        "$RCT2:OBJDATA/AMT1.DAT[1431]",
        "$RCT2:OBJDATA/AMT1.DAT[1433]",
        "$RCT2:OBJDATA/AMT1.DAT[1435]",
        "$RCT2:OBJDATA/AMT1.DAT[1437]",
        "$RCT2:OBJDATA/AMT1.DAT[1439..1455]",
        "$RCT2:OBJDATA/AMT1.DAT[1463]",
        "$RCT2:OBJDATA/AMT1.DAT[1471]",
        "$RCT2:OBJDATA/AMT1.DAT[1479]",
        "$RCT2:OBJDATA/AMT1.DAT[1487]",
        "$RCT2:OBJDATA/AMT1.DAT[1495]",
        "$RCT2:OBJDATA/AMT1.DAT[1503]",
        "$RCT2:OBJDATA/AMT1.DAT[1511]",
        "$RCT2:OBJDATA/AMT1.DAT[1519..1559]",
        "$RCT2:OBJDATA/AMT1.DAT[1561]",
        "$RCT2:OBJDATA/AMT1.DAT[1563]",
        "$RCT2:OBJDATA/AMT1.DAT[1565]",
        "$RCT2:OBJDATA/AMT1.DAT[1567]",
        "$RCT2:OBJDATA/AMT1.DAT[1569]",
        "$RCT2:OBJDATA/AMT1.DAT[1571]",
        "$RCT2:OBJDATA/AMT1.DAT[1573]",
        "$RCT2:OBJDATA/AMT1.DAT[1575]",
        "$RCT2:OBJDATA/AMT1.DAT[1577]",
        "$RCT2:OBJDATA/AMT1.DAT[1579]",
        "$RCT2:OBJDATA/AMT1.DAT[1581]",
        "$RCT2:OBJDATA/AMT1.DAT[1583]",
        "$RCT2:OBJDATA/AMT1.DAT[1585]",
        "$RCT2:OBJDATA/AMT1.DAT[1587]",
        "$RCT2:OBJDATA/AMT1.DAT[1589]",
        "$RCT2:OBJDATA/AMT1.DAT[1591]",
        "$RCT2:OBJDATA/AMT1.DAT[1593]",
        "$RCT2:OBJDATA/AMT1.DAT[1595]",
        "$RCT2:OBJDATA/AMT1.DAT[1597]",
        "$RCT2:OBJDATA/AMT1.DAT[1599]",
        "$RCT2:OBJDATA/AMT1.DAT[1601]",
        "$RCT2:OBJDATA/AMT1.DAT[1603]",
        "$RCT2:OBJDATA/AMT1.DAT[1605]",
        "$RCT2:OBJDATA/AMT1.DAT[1607]",
        "$RCT2:OBJDATA/AMT1.DAT[1609]",
        "$RCT2:OBJDATA/AMT1.DAT[1611]",
        "$RCT2:OBJDATA/AMT1.DAT[1613]",
        "$RCT2:OBJDATA/AMT1.DAT[1615]",
        "$RCT2:OBJDATA/AMT1.DAT[1617]",
        "$RCT2:OBJDATA/AMT1.DAT[1619]",
        "$RCT2:OBJDATA/AMT1.DAT[1621]",
        "$RCT2:OBJDATA/AMT1.DAT[1623]",
        "$RCT2:OBJDATA/AMT1.DAT[1631]",
        "$RCT2:OBJDATA/AMT1.DAT[1639]",
        "$RCT2:OBJDATA/AMT1.DAT[1647]",
        "$RCT2:OBJDATA/AMT1.DAT[1655]",
        "$RCT2:OBJDATA/AMT1.DAT[1663]",
        "$RCT2:OBJDATA/AMT1.DAT[1671]",
        "$RCT2:OBJDATA/AMT1.DAT[1679]",
        "$RCT2:OBJDATA/AMT1.DAT[1687]",
        "$RCT2:OBJDATA/AMT1.DAT[1695]",
        "$RCT2:OBJDATA/AMT1.DAT[1703]",
        "$RCT2:OBJDATA/AMT1.DAT[1711]",
        "$RCT2:OBJDATA/AMT1.DAT[1719]",
        "$RCT2:OBJDATA/AMT1.DAT[1727]",
        "$RCT2:OBJDATA/AMT1.DAT[1735]",
        "$RCT2:OBJDATA/AMT1.DAT[1743]",
        "$RCT2:OBJDATA/AMT1.DAT[1751..1779]",
        "$RCT2:OBJDATA/AMT1.DAT[1781]",
        "$RCT2:OBJDATA/AMT1.DAT[1783]",
        "$RCT2:OBJDATA/AMT1.DAT[1785]",
        "$RCT2:OBJDATA/AMT1.DAT[1787]",
        "$RCT2:OBJDATA/AMT1.DAT[1789]",
        "$RCT2:OBJDATA/AMT1.DAT[1791]",
        "$RCT2:OBJDATA/AMT1.DAT[1793]",
        "$RCT2:OBJDATA/AMT1.DAT[1795]",
        "$RCT2:OBJDATA/AMT1.DAT[1797]",
        "$RCT2:OBJDATA/AMT1.DAT[1799]",
        "$RCT2:OBJDATA/AMT1.DAT[1801]",
        "$RCT2:OBJDATA/AMT1.DAT[1803]",
        "$RCT2:OBJDATA/AMT1.DAT[1805]",
        "$RCT2:OBJDATA/AMT1.DAT[1807]",
        "$RCT2:OBJDATA/AMT1.DAT[1809]",
        "$RCT2:OBJDATA/AMT1.DAT[1811..1819]",
        "$RCT2:OBJDATA/AMT1.DAT[1821]",
        "$RCT2:OBJDATA/AMT1.DAT[1823]",
        "$RCT2:OBJDATA/AMT1.DAT[1825]",
        "$RCT2:OBJDATA/AMT1.DAT[1827]",
        "$RCT2:OBJDATA/AMT1.DAT[1829]",
        "$RCT2:OBJDATA/AMT1.DAT[1831]",
        "$RCT2:OBJDATA/AMT1.DAT[1833]",
        "$RCT2:OBJDATA/AMT1.DAT[1835]",
        "$RCT2:OBJDATA/AMT1.DAT[1837]",
        "$RCT2:OBJDATA/AMT1.DAT[1839]",
        "$RCT2:OBJDATA/AMT1.DAT[1841]",
        "$RCT2:OBJDATA/AMT1.DAT[1843]",
        "$RCT2:OBJDATA/AMT1.DAT[1845]",
        "$RCT2:OBJDATA/AMT1.DAT[1847]",
        "$RCT2:OBJDATA/AMT1.DAT[1849]",
        "$RCT2:OBJDATA/AMT1.DAT[1851]",
        "$RCT2:OBJDATA/AMT1.DAT[1853]",
        "$RCT2:OBJDATA/AMT1.DAT[1855]",
        "$RCT2:OBJDATA/AMT1.DAT[1857]",
        "$RCT2:OBJDATA/AMT1.DAT[1859]",
        "$RCT2:OBJDATA/AMT1.DAT[1861]",
        "$RCT2:OBJDATA/AMT1.DAT[1863]",
        "$RCT2:OBJDATA/AMT1.DAT[1865]",
        "$RCT2:OBJDATA/AMT1.DAT[1867]",
        "$RCT2:OBJDATA/AMT1.DAT[1869]",
        "$RCT2:OBJDATA/AMT1.DAT[1871]",
        "$RCT2:OBJDATA/AMT1.DAT[1873]",
        "$RCT2:OBJDATA/AMT1.DAT[1875]",
        "$RCT2:OBJDATA/AMT1.DAT[1877]",
        "$RCT2:OBJDATA/AMT1.DAT[1879]",
        "$RCT2:OBJDATA/AMT1.DAT[1881]",
        "$RCT2:OBJDATA/AMT1.DAT[1883..1899]",
        "$RCT2:OBJDATA/AMT1.DAT[1907]",
        "$RCT2:OBJDATA/AMT1.DAT[1915]",
        "$RCT2:OBJDATA/AMT1.DAT[1923]",
        "$RCT2:OBJDATA/AMT1.DAT[1931]",
        "$RCT2:OBJDATA/AMT1.DAT[1939]",
        "$RCT2:OBJDATA/AMT1.DAT[1947]",
        "$RCT2:OBJDATA/AMT1.DAT[1955]",
        "$RCT2:OBJDATA/AMT1.DAT[1963..2003]",
        "$RCT2:OBJDATA/AMT1.DAT[2005]",
        "$RCT2:OBJDATA/AMT1.DAT[2007]",
        "$RCT2:OBJDATA/AMT1.DAT[2009]",
        "$RCT2:OBJDATA/AMT1.DAT[2011]",
        "$RCT2:OBJDATA/AMT1.DAT[2013]",
        "$RCT2:OBJDATA/AMT1.DAT[2015]",
        "$RCT2:OBJDATA/AMT1.DAT[2017]",
        "$RCT2:OBJDATA/AMT1.DAT[2019]",
        "$RCT2:OBJDATA/AMT1.DAT[2021]",
        "$RCT2:OBJDATA/AMT1.DAT[2023]",
        "$RCT2:OBJDATA/AMT1.DAT[2025]",
        "$RCT2:OBJDATA/AMT1.DAT[2027]",
        "$RCT2:OBJDATA/AMT1.DAT[2029]",
        "$RCT2:OBJDATA/AMT1.DAT[2031]",
        "$RCT2:OBJDATA/AMT1.DAT[2033]",
        "$RCT2:OBJDATA/AMT1.DAT[2035]",
        "$RCT2:OBJDATA/AMT1.DAT[2037]",
        "$RCT2:OBJDATA/AMT1.DAT[2039]",
        "$RCT2:OBJDATA/AMT1.DAT[2041]",
        "$RCT2:OBJDATA/AMT1.DAT[2043]",
        "$RCT2:OBJDATA/AMT1.DAT[2045]",
        "$RCT2:OBJDATA/AMT1.DAT[2047]",
        "$RCT2:OBJDATA/AMT1.DAT[2049]",
        "$RCT2:OBJDATA/AMT1.DAT[2051]",
        "$RCT2:OBJDATA/AMT1.DAT[2053]",
        "$RCT2:OBJDATA/AMT1.DAT[2055]",
        "$RCT2:OBJDATA/AMT1.DAT[2057]",
        "$RCT2:OBJDATA/AMT1.DAT[2059]",
        "$RCT2:OBJDATA/AMT1.DAT[2061]",
        "$RCT2:OBJDATA/AMT1.DAT[2063]",
        "$RCT2:OBJDATA/AMT1.DAT[2065]",
        "$RCT2:OBJDATA/AMT1.DAT[2067]",
        "$RCT2:OBJDATA/AMT1.DAT[2075]",
        "$RCT2:OBJDATA/AMT1.DAT[2083]",
        "$RCT2:OBJDATA/AMT1.DAT[2091]",
        "$RCT2:OBJDATA/AMT1.DAT[2099]",
        "$RCT2:OBJDATA/AMT1.DAT[2107]",
        "$RCT2:OBJDATA/AMT1.DAT[2115]",
        "$RCT2:OBJDATA/AMT1.DAT[2123]",
        "$RCT2:OBJDATA/AMT1.DAT[2131]",
        "$RCT2:OBJDATA/AMT1.DAT[2139]",
        "$RCT2:OBJDATA/AMT1.DAT[2147]",
        "$RCT2:OBJDATA/AMT1.DAT[2155]",
        "$RCT2:OBJDATA/AMT1.DAT[2163]",
        "$RCT2:OBJDATA/AMT1.DAT[2171]",
        "$RCT2:OBJDATA/AMT1.DAT[2179]",
        "$RCT2:OBJDATA/AMT1.DAT[2187]",
        "$RCT2:OBJDATA/AMT1.DAT[2195..2222]"
    ]
}
