{
    "id": "rct2.footpath_surface.tarmac",
    "authors": [
        "Chris Sawyer",
        "Simon Foster"
    ],
    "version": "1.0",
    "sourceGame": "rct2",
    "objectType": "footpath_surface",
    "images": [
        { "path": "preview.png", "x": 1, "y": 1 },
        "$RCT2:OBJDATA/TARMAC.DAT[0..50]"
    ],
    "strings": {
        "name": {
            "en-GB": "Tarmac Footpath (Stairs)",
            "fr-FR": "Allée en bitume",
            "de-DE": "Makadam-Fußweg (Treppe)",
            "es-ES": "Sendero asfaltado",
            "it-IT": "Sentiero di catrame",
            "nl-NL": "Voetpad van asfalt (met trappen)",
            "sv-SE": "Asfalterad gångväg",
            "ko-KR": "타맥 보도",
            "zh-CN": "柏油碎石步道",
            "zh-TW": "柏油碎石步道",
            "pt-BR": "Caminho de Asfalto",
            "cs-CZ": "Asfaltová cesta",
            "ja-JP": "舗装歩道",
            "pl-PL": "Dróżka tłuczniowa",
            "ru-RU": "Асфальт",
            "ar-EG": "ممشي مُعبد",
            "eo-ZZ": "Asfalta Trotuaro (Ŝtuparo)",
            "ca-ES": "Camí asfaltat (amb escales)"
        }
    }
}
