{
    "id": "rct2.footpath_railings.bamboo_brown",
    "authors": [
        "Chris Sawyer",
        "Simon Foster"
    ],
    "version": "1.0",
    "sourceGame": "rct2",
    "objectType": "footpath_railings",
    "properties": {
        "supportType": "pole",
        "scrollingMode": 0
    },
    "images": [
        { "path": "preview.png", "x": 1, "y": 1 },
        "$RCT2:OBJDATA/PATHDIRT.DAT[73..145]"
    ],
    "strings": {
        "name": {
            "en-GB": "Bamboo Railings (Brown)",
            "de-DE": "Bambusgeländer (braun)",
            "nl-NL": "Ondersteuningen van bamboe (bruin)",
            "eo-ZZ": "Bambuaj Balustradoj (Bruna)",
            "ca-ES": "Baranes de bambú (marrons)"
        }
    }
}
