{
    "id": "rct1aa.ride.floorless_twister_trains",
    "authors": [
        "Chris Sawyer",
        "Simon Foster"
    ],
    "version": "1.0",
    "originalId": "00000000|#RCT1BMF|00000000",
    "sourceGame": "rct1aa",
    "isCompatibilityObject": true,
    "objectType": "ride",
    "properties": {
        "type": "twister_rc",
        "category": "rollercoaster",
        "limitAirTimeBonus": true,
        "minCarsPerTrain": 4,
        "maxCarsPerTrain": 8,
        "ratingMultipler": {
            "excitement": 10,
            "intensity": 5,
            "nausea": 10
        },
        "maxHeight": 34,
        "carColours": [
            [
                [
                    "black",
                    "bright_pink",
                    "black"
                ]
            ],
            [
                [
                    "black",
                    "bright_red",
                    "black"
                ]
            ],
            [
                [
                    "white",
                    "aquamarine",
                    "black"
                ]
            ]
        ],
        "cars": {
            "rotationFrameMask": 15,
            "spacing": 130048,
            "mass": 710,
            "numSeats": 4,
            "numSeatRows": 2,
            "frictionSoundId": 2,
            "soundRange": 0,
            "drawOrder": 8,
            "spriteGroups": {
                "slopeFlat": 16,
                "slopes12": 4,
                "slopes25": 16,
                "slopes42": 8,
                "slopes60": 16,
                "slopes75": 4,
                "slopes90": 4,
                "slopesLoop": 4,
                "slopeInverted": 4,
                "slopes8": 4,
                "slopes16": 4,
                "slopes50": 4,
                "flatBanked22": 8,
                "flatBanked45": 16,
                "flatBanked67": 4,
                "flatBanked90": 4,
                "inlineTwists": 4,
                "slopes12Banked22": 16,
                "slopes8Banked22": 4,
                "corkscrews": 4,
                "restraintAnimation": 4
            },
            "hasAdditionalColour1": true,
            "hasScreamingRiders": true,
            "loadingPositions": [
                -2,
                -4,
                -2,
                -4
            ]
        },
        "buildMenuPriority": 3
    },
    "images": [
        { "path": "images/preview.png", "format": "raw" },
        "",
        "",
        "$CSG[5402..5417]",
        "$CSG[5418]",
        "$CSG[5426]",
        "$CSG[5434]",
        "$CSG[5442]",
        "$CSG[5422]",
        "$CSG[5430]",
        "$CSG[5438]",
        "$CSG[5446]",
        "$CSG[5419]",
        "$CSG[5506..5508]",
        "$CSG[5427]",
        "$CSG[5509..5511]",
        "$CSG[5435]",
        "$CSG[5512..5514]",
        "$CSG[5443]",
        "$CSG[5515..5517]",
        "$CSG[5423]",
        "$CSG[5518..5520]",
        "$CSG[5431]",
        "$CSG[5521..5523]",
        "$CSG[5439]",
        "$CSG[5524..5526]",
        "$CSG[5447]",
        "$CSG[5527..5529]",
        "$CSG[5420]",
        "$CSG[5802]",
        "$CSG[5428]",
        "$CSG[5803]",
        "$CSG[5436]",
        "$CSG[5804]",
        "$CSG[5444]",
        "$CSG[5805]",
        "$CSG[5424]",
        "$CSG[5818]",
        "$CSG[5432]",
        "$CSG[5819]",
        "$CSG[5440]",
        "$CSG[5820]",
        "$CSG[5448]",
        "$CSG[5821]",
        "$CSG[5421]",
        "$CSG[5670..5672]",
        "$CSG[5429]",
        "$CSG[5673..5675]",
        "$CSG[5437]",
        "$CSG[5676..5678]",
        "$CSG[5445]",
        "$CSG[5679..5681]",
        "$CSG[5425]",
        "$CSG[5682..5684]",
        "$CSG[5433]",
        "$CSG[5685..5687]",
        "$CSG[5441]",
        "$CSG[5688..5690]",
        "$CSG[5449]",
        "$CSG[5691..5693]",
        "$CSG[5530..5533]",
        "$CSG[5562..5565]",
        "$CSG[5534]",
        "$CSG[5535]",
        "$CSG[5536]",
        "$CSG[5537]",
        "$CSG[5566]",
        "$CSG[5567]",
        "$CSG[5568]",
        "$CSG[5569]",
        "$CSG[5538..5541]",
        "$CSG[5570..5573]",
        "$CSG[5542..5545]",
        "$CSG[5574..5577]",
        "$CSG[5546..5549]",
        "$CSG[5578..5581]",
        "$CSG[5550..5553]",
        "$CSG[5582..5585]",
        "$CSG[5554..5557]",
        "$CSG[5586..5589]",
        "$CSG[5558..5561]",
        "$CSG[5794..5797]",
        "$CSG[5810..5813]",
        "$CSG[5798..5801]",
        "$CSG[5814..5817]",
        "$CSG[5806..5809]",
        "$CSG[5822..5825]",
        "$CSG[5482]",
        "$CSG[5842]",
        "$CSG[5483]",
        "$CSG[5843]",
        "$CSG[5484]",
        "$CSG[5844]",
        "$CSG[5485]",
        "$CSG[5845]",
        "$CSG[5486]",
        "$CSG[5846]",
        "$CSG[5487]",
        "$CSG[5847]",
        "$CSG[5488]",
        "$CSG[5848]",
        "$CSG[5489]",
        "$CSG[5849]",
        "$CSG[5450..5481]",
        "$CSG[5694]",
        "$CSG[5699]",
        "$CSG[5704]",
        "$CSG[5709]",
        "$CSG[5714]",
        "$CSG[5719]",
        "$CSG[5724]",
        "$CSG[5729]",
        "$CSG[5695]",
        "$CSG[5700]",
        "$CSG[5705]",
        "$CSG[5710]",
        "$CSG[5715]",
        "$CSG[5720]",
        "$CSG[5725]",
        "$CSG[5730]",
        "$CSG[5696]",
        "$CSG[5701]",
        "$CSG[5706]",
        "$CSG[5711]",
        "$CSG[5716]",
        "$CSG[5721]",
        "$CSG[5726]",
        "$CSG[5731]",
        "$CSG[5697]",
        "$CSG[5702]",
        "$CSG[5707]",
        "$CSG[5712]",
        "$CSG[5717]",
        "$CSG[5722]",
        "$CSG[5727]",
        "$CSG[5732]",
        "$CSG[5698]",
        "$CSG[5703]",
        "$CSG[5708]",
        "$CSG[5713]",
        "$CSG[5718]",
        "$CSG[5723]",
        "$CSG[5728]",
        "$CSG[5733]",
        "$CSG[5490]",
        "$CSG[5734..5736]",
        "$CSG[5491]",
        "$CSG[5737..5739]",
        "$CSG[5492]",
        "$CSG[5740..5742]",
        "$CSG[5493]",
        "$CSG[5743..5745]",
        "$CSG[5494]",
        "$CSG[5746..5748]",
        "$CSG[5495]",
        "$CSG[5749..5751]",
        "$CSG[5496]",
        "$CSG[5752..5754]",
        "$CSG[5497]",
        "$CSG[5755..5757]",
        "$CSG[5498]",
        "$CSG[5758..5760]",
        "$CSG[5499]",
        "$CSG[5761..5763]",
        "$CSG[5500]",
        "$CSG[5764..5766]",
        "$CSG[5501]",
        "$CSG[5767..5769]",
        "$CSG[5502]",
        "$CSG[5770..5772]",
        "$CSG[5503]",
        "$CSG[5773..5775]",
        "$CSG[5504]",
        "$CSG[5776..5778]",
        "$CSG[5505]",
        "$CSG[5779..5781]",
        "$CSG[5826..5841]",
        "$CSG[5590..5669]",
        "$CSG[5782]",
        "$CSG[5785]",
        "$CSG[5788]",
        "$CSG[5791]",
        "$CSG[5783]",
        "$CSG[5786]",
        "$CSG[5789]",
        "$CSG[5792]",
        "$CSG[5784]",
        "$CSG[5787]",
        "$CSG[5790]",
        "$CSG[5793]",
        "$CSG[5850..5865]",
        "$CSG[5866]",
        "$CSG[5874]",
        "$CSG[5882]",
        "$CSG[5890]",
        "$CSG[5870]",
        "$CSG[5878]",
        "$CSG[5886]",
        "$CSG[5894]",
        "$CSG[5867]",
        "$CSG[5954..5956]",
        "$CSG[5875]",
        "$CSG[5957..5959]",
        "$CSG[5883]",
        "$CSG[5960..5962]",
        "$CSG[5891]",
        "$CSG[5963..5965]",
        "$CSG[5871]",
        "$CSG[5966..5968]",
        "$CSG[5879]",
        "$CSG[5969..5971]",
        "$CSG[5887]",
        "$CSG[5972..5974]",
        "$CSG[5895]",
        "$CSG[5975..5977]",
        "$CSG[5868]",
        "$CSG[6250]",
        "$CSG[5876]",
        "$CSG[6251]",
        "$CSG[5884]",
        "$CSG[6252]",
        "$CSG[5892]",
        "$CSG[6253]",
        "$CSG[5872]",
        "$CSG[6266]",
        "$CSG[5880]",
        "$CSG[6267]",
        "$CSG[5888]",
        "$CSG[6268]",
        "$CSG[5896]",
        "$CSG[6269]",
        "$CSG[5869]",
        "$CSG[6118..6120]",
        "$CSG[5877]",
        "$CSG[6121..6123]",
        "$CSG[5885]",
        "$CSG[6124..6126]",
        "$CSG[5893]",
        "$CSG[6127..6129]",
        "$CSG[5873]",
        "$CSG[6130..6132]",
        "$CSG[5881]",
        "$CSG[6133..6135]",
        "$CSG[5889]",
        "$CSG[6136..6138]",
        "$CSG[5897]",
        "$CSG[6139..6141]",
        "$CSG[5978..5981]",
        "$CSG[6010..6013]",
        "$CSG[5982]",
        "$CSG[5983]",
        "$CSG[5984]",
        "$CSG[5985]",
        "$CSG[6014]",
        "$CSG[6015]",
        "$CSG[6016]",
        "$CSG[6017]",
        "$CSG[5986..5989]",
        "$CSG[6018..6021]",
        "$CSG[5990..5993]",
        "$CSG[6022..6025]",
        "$CSG[5994..5997]",
        "$CSG[6026..6029]",
        "$CSG[5998..6001]",
        "$CSG[6030..6033]",
        "$CSG[6002..6005]",
        "$CSG[6034..6037]",
        "$CSG[6006..6009]",
        "$CSG[6242..6245]",
        "$CSG[6258..6261]",
        "$CSG[6246..6249]",
        "$CSG[6262..6265]",
        "$CSG[6254..6257]",
        "$CSG[6270..6273]",
        "$CSG[5930]",
        "$CSG[6290]",
        "$CSG[5931]",
        "$CSG[6291]",
        "$CSG[5932]",
        "$CSG[6292]",
        "$CSG[5933]",
        "$CSG[6293]",
        "$CSG[5934]",
        "$CSG[6294]",
        "$CSG[5935]",
        "$CSG[6295]",
        "$CSG[5936]",
        "$CSG[6296]",
        "$CSG[5937]",
        "$CSG[6297]",
        "$CSG[5898..5929]",
        "$CSG[6142]",
        "$CSG[6147]",
        "$CSG[6152]",
        "$CSG[6157]",
        "$CSG[6162]",
        "$CSG[6167]",
        "$CSG[6172]",
        "$CSG[6177]",
        "$CSG[6143]",
        "$CSG[6148]",
        "$CSG[6153]",
        "$CSG[6158]",
        "$CSG[6163]",
        "$CSG[6168]",
        "$CSG[6173]",
        "$CSG[6178]",
        "$CSG[6144]",
        "$CSG[6149]",
        "$CSG[6154]",
        "$CSG[6159]",
        "$CSG[6164]",
        "$CSG[6169]",
        "$CSG[6174]",
        "$CSG[6179]",
        "$CSG[6145]",
        "$CSG[6150]",
        "$CSG[6155]",
        "$CSG[6160]",
        "$CSG[6165]",
        "$CSG[6170]",
        "$CSG[6175]",
        "$CSG[6180]",
        "$CSG[6146]",
        "$CSG[6151]",
        "$CSG[6156]",
        "$CSG[6161]",
        "$CSG[6166]",
        "$CSG[6171]",
        "$CSG[6176]",
        "$CSG[6181]",
        "$CSG[5938]",
        "$CSG[6182..6184]",
        "$CSG[5939]",
        "$CSG[6185..6187]",
        "$CSG[5940]",
        "$CSG[6188..6190]",
        "$CSG[5941]",
        "$CSG[6191..6193]",
        "$CSG[5942]",
        "$CSG[6194..6196]",
        "$CSG[5943]",
        "$CSG[6197..6199]",
        "$CSG[5944]",
        "$CSG[6200..6202]",
        "$CSG[5945]",
        "$CSG[6203..6205]",
        "$CSG[5946]",
        "$CSG[6206..6208]",
        "$CSG[5947]",
        "$CSG[6209..6211]",
        "$CSG[5948]",
        "$CSG[6212..6214]",
        "$CSG[5949]",
        "$CSG[6215..6217]",
        "$CSG[5950]",
        "$CSG[6218..6220]",
        "$CSG[5951]",
        "$CSG[6221..6223]",
        "$CSG[5952]",
        "$CSG[6224..6226]",
        "$CSG[5953]",
        "$CSG[6227..6229]",
        "$CSG[6274..6289]",
        "$CSG[6038..6117]",
        "$CSG[6230]",
        "$CSG[6233]",
        "$CSG[6236]",
        "$CSG[6239]",
        "$CSG[6231]",
        "$CSG[6234]",
        "$CSG[6237]",
        "$CSG[6240]",
        "$CSG[6232]",
        "$CSG[6235]",
        "$CSG[6238]",
        "$CSG[6241]",
        "$CSG[6298..6313]",
        "$CSG[6314]",
        "$CSG[6322]",
        "$CSG[6330]",
        "$CSG[6338]",
        "$CSG[6318]",
        "$CSG[6326]",
        "$CSG[6334]",
        "$CSG[6342]",
        "$CSG[6315]",
        "$CSG[6402..6404]",
        "$CSG[6323]",
        "$CSG[6405..6407]",
        "$CSG[6331]",
        "$CSG[6408..6410]",
        "$CSG[6339]",
        "$CSG[6411..6413]",
        "$CSG[6319]",
        "$CSG[6414..6416]",
        "$CSG[6327]",
        "$CSG[6417..6419]",
        "$CSG[6335]",
        "$CSG[6420..6422]",
        "$CSG[6343]",
        "$CSG[6423..6425]",
        "$CSG[6316]",
        "$CSG[6698]",
        "$CSG[6324]",
        "$CSG[6699]",
        "$CSG[6332]",
        "$CSG[6700]",
        "$CSG[6340]",
        "$CSG[6701]",
        "$CSG[6320]",
        "$CSG[6714]",
        "$CSG[6328]",
        "$CSG[6715]",
        "$CSG[6336]",
        "$CSG[6716]",
        "$CSG[6344]",
        "$CSG[6717]",
        "$CSG[6317]",
        "$CSG[6566..6568]",
        "$CSG[6325]",
        "$CSG[6569..6571]",
        "$CSG[6333]",
        "$CSG[6572..6574]",
        "$CSG[6341]",
        "$CSG[6575..6577]",
        "$CSG[6321]",
        "$CSG[6578..6580]",
        "$CSG[6329]",
        "$CSG[6581..6583]",
        "$CSG[6337]",
        "$CSG[6584..6586]",
        "$CSG[6345]",
        "$CSG[6587..6589]",
        "$CSG[6426..6429]",
        "$CSG[6458..6461]",
        "$CSG[6430]",
        "$CSG[6431]",
        "$CSG[6432]",
        "$CSG[6433]",
        "$CSG[6462]",
        "$CSG[6463]",
        "$CSG[6464]",
        "$CSG[6465]",
        "$CSG[6434..6437]",
        "$CSG[6466..6469]",
        "$CSG[6438..6441]",
        "$CSG[6470..6473]",
        "$CSG[6442..6445]",
        "$CSG[6474..6477]",
        "$CSG[6446..6449]",
        "$CSG[6478..6481]",
        "$CSG[6450..6453]",
        "$CSG[6482..6485]",
        "$CSG[6454..6457]",
        "$CSG[6690..6693]",
        "$CSG[6706..6709]",
        "$CSG[6694..6697]",
        "$CSG[6710..6713]",
        "$CSG[6702..6705]",
        "$CSG[6718..6721]",
        "$CSG[6378]",
        "$CSG[6738]",
        "$CSG[6379]",
        "$CSG[6739]",
        "$CSG[6380]",
        "$CSG[6740]",
        "$CSG[6381]",
        "$CSG[6741]",
        "$CSG[6382]",
        "$CSG[6742]",
        "$CSG[6383]",
        "$CSG[6743]",
        "$CSG[6384]",
        "$CSG[6744]",
        "$CSG[6385]",
        "$CSG[6745]",
        "$CSG[6346..6377]",
        "$CSG[6590]",
        "$CSG[6595]",
        "$CSG[6600]",
        "$CSG[6605]",
        "$CSG[6610]",
        "$CSG[6615]",
        "$CSG[6620]",
        "$CSG[6625]",
        "$CSG[6591]",
        "$CSG[6596]",
        "$CSG[6601]",
        "$CSG[6606]",
        "$CSG[6611]",
        "$CSG[6616]",
        "$CSG[6621]",
        "$CSG[6626]",
        "$CSG[6592]",
        "$CSG[6597]",
        "$CSG[6602]",
        "$CSG[6607]",
        "$CSG[6612]",
        "$CSG[6617]",
        "$CSG[6622]",
        "$CSG[6627]",
        "$CSG[6593]",
        "$CSG[6598]",
        "$CSG[6603]",
        "$CSG[6608]",
        "$CSG[6613]",
        "$CSG[6618]",
        "$CSG[6623]",
        "$CSG[6628]",
        "$CSG[6594]",
        "$CSG[6599]",
        "$CSG[6604]",
        "$CSG[6609]",
        "$CSG[6614]",
        "$CSG[6619]",
        "$CSG[6624]",
        "$CSG[6629]",
        "$CSG[6386]",
        "$CSG[6630..6632]",
        "$CSG[6387]",
        "$CSG[6633..6635]",
        "$CSG[6388]",
        "$CSG[6636..6638]",
        "$CSG[6389]",
        "$CSG[6639..6641]",
        "$CSG[6390]",
        "$CSG[6642..6644]",
        "$CSG[6391]",
        "$CSG[6645..6647]",
        "$CSG[6392]",
        "$CSG[6648..6650]",
        "$CSG[6393]",
        "$CSG[6651..6653]",
        "$CSG[6394]",
        "$CSG[6654..6656]",
        "$CSG[6395]",
        "$CSG[6657..6659]",
        "$CSG[6396]",
        "$CSG[6660..6662]",
        "$CSG[6397]",
        "$CSG[6663..6665]",
        "$CSG[6398]",
        "$CSG[6666..6668]",
        "$CSG[6399]",
        "$CSG[6669..6671]",
        "$CSG[6400]",
        "$CSG[6672..6674]",
        "$CSG[6401]",
        "$CSG[6675..6677]",
        "$CSG[6722..6737]",
        "$CSG[6486..6565]",
        "$CSG[6678]",
        "$CSG[6681]",
        "$CSG[6684]",
        "$CSG[6687]",
        "$CSG[6679]",
        "$CSG[6682]",
        "$CSG[6685]",
        "$CSG[6688]",
        "$CSG[6680]",
        "$CSG[6683]",
        "$CSG[6686]",
        "$CSG[6689]"
    ],
    "strings": {
        "name": {
            "en-GB": "Floorless Twister Trains",
            "fr-FR": "Train sans fond",
            "de-DE": "Bodenlose Twister-Züge",
            "es-ES": "Montaña Rusa Sin Suelo",
            "it-IT": "Ottovolante senza pavimento",
            "nl-NL": "Twistertrein zonder vloer",
            "sv-SE": "Golvlöst berg- och dalbanetåg",
            "ko-KR": "플로어리스 트위스터 차량",
            "zh-CN": "无地板式过山车",
            "zh-TW": "無地板式雲霄飛車",
            "pt-BR": "Trens Tornado sem chão",
            "cs-CZ": "Zakroucená horská dráha bez podlahy",
            "ja-JP": "フロアレス・ジェットコースター",
            "pl-PL": "Kolejka bezpodłogowa",
            "ru-RU": "Горки без пола",
            "eo-ZZ": "Senplankaj Tvisto-Trajnoj",
            "ca-ES": "Muntanya russa sense terra",
            "fi-FI": "Lattiattomat kiehkuravaunut"
        },
        "description": {
            "en-GB": "A spacious train with shoulder restraints and no floor, making for a more exciting ride",
            "fr-FR": "Grand train de montagnes russes sans plancher donnant une sensation de plein-air aux passagers le long d’une voie alambiquée dotée de plusieurs inversions",
            "de-DE": "Ein geräumiger Zug mit Schulterhalterungen und ohne Boden, was für eine aufregendere Fahrt sorgt",
            "es-ES": "Montaña rusa sin suelo, que da la sensación de estar al aire abierto",
            "it-IT": "Grandi treni da ottovolante senza pavimento danno ai passeggeri la sensazione di volare senza sostegno mentre attraversano un tracciato contorto dalle inversioni multiple",
            "nl-NL": "Brede achtbaantreinen zonder vloer, die de passagiers het gevoel geeft in de open lucht te zijn terwijl ze langs de kronkelende baan en door meerdere omkeringen glijden.",
            "sv-SE": "Breda vagnar med axelbyglar och utan golv ger åkturen extra spänning",
            "ko-KR": "꼬여있는 트랙과 여러 전이를 미끄러지듯 통과하면서 승객들에게 광활한 허공을 느끼게 해주는, 바닥이 없는 넓은 롤러코스터 차량",
            "zh-CN": "狂黟的过山车列车没有给乘客地板,在疾速经过旋转轨道及多样反转刺激时感受在空中的感觉",
            "zh-TW": "瘋狂的雲霄飛車列車沒有給乘客地板,在疾速經過旋轉軌道及多樣反轉刺激時感受在空中的感覺",
            "pt-BR": "Um trem espaçoso com travas de ombro e sem chão, deixando o passeio mais emocionante",
            "cs-CZ": "Rozměrná horská dráha s vozy vybavenými ramenními opěrkami a s chybějící podlahou ve vozech, díky čemuž je jízda opravdu záživná",
            "ja-JP": "肩ベルト付きの、底のない幅広のコースターで、空を飛んでいるような気分になるライドです",
            "pl-PL": "Szerokie wagoniki pozbawione podłóg zapewniają pasażerom dobry widok podczas jazdy trasą z wieloma zakrętami",
            "ru-RU": "Широкие поезда без пола дают пассажирам чувство свободы, когда они едут по извивающейся трассе.",
            "eo-ZZ": "Grandspaca trajno kun ŝultrobridoj kaj neniu planko, por fariĝi pli ekscita atrakcio",
            "ca-ES": "Tren espaiós amb subjecció per l’espatlla i sense terra, fent l’atracció més excitant.",
            "fi-FI": "Tilavat vaunut olkaturvakaiteilla ja ilman lattiaa, tehden laitteesta jännittävämmän"
        },
        "capacity": {
            "en-GB": "4 passengers per car",
            "fr-FR": "4 passagers par voiture",
            "de-DE": "4 Fahrgäste pro Wagen",
            "es-ES": "4 pasajeros por vagón",
            "it-IT": "4 passeggeri a carrozza",
            "nl-NL": "4 passagiers per karretje",
            "sv-SE": "4 passagerare per vagn",
            "ko-KR": "차량당 4명의 승객",
            "zh-CN": "4位乘客/车",
            "zh-TW": "4 位乘客/每個車廂",
            "pt-BR": "4 passageiros por vagão",
            "cs-CZ": "4 místa v každém voze",
            "ja-JP": "各車両4名",
            "pl-PL": "4 pasażerów na wagonik",
            "ru-RU": "4 пассажира",
            "eo-ZZ": "Po 4 pasaĝeroj por ĉaro",
            "ca-ES": "4 passatgers per cotxe",
            "fi-FI": "4 matkustajaa per vaunu"
        }
    },
    "noCsgImages": [
        { "path": "images/preview.png", "format": "raw" },
        "",
        "",
        "$RCT2:OBJDATA/BMFL.DAT[3]",
        "$RCT2:OBJDATA/BMFL.DAT[5]",
        "$RCT2:OBJDATA/BMFL.DAT[7]",
        "$RCT2:OBJDATA/BMFL.DAT[9]",
        "$RCT2:OBJDATA/BMFL.DAT[11]",
        "$RCT2:OBJDATA/BMFL.DAT[13]",
        "$RCT2:OBJDATA/BMFL.DAT[15]",
        "$RCT2:OBJDATA/BMFL.DAT[17]",
        "$RCT2:OBJDATA/BMFL.DAT[19]",
        "$RCT2:OBJDATA/BMFL.DAT[21]",
        "$RCT2:OBJDATA/BMFL.DAT[23]",
        "$RCT2:OBJDATA/BMFL.DAT[25]",
        "$RCT2:OBJDATA/BMFL.DAT[27]",
        "$RCT2:OBJDATA/BMFL.DAT[29]",
        "$RCT2:OBJDATA/BMFL.DAT[31]",
        "$RCT2:OBJDATA/BMFL.DAT[33]",
        "$RCT2:OBJDATA/BMFL.DAT[35..43]",
        "$RCT2:OBJDATA/BMFL.DAT[45]",
        "$RCT2:OBJDATA/BMFL.DAT[47]",
        "$RCT2:OBJDATA/BMFL.DAT[49]",
        "$RCT2:OBJDATA/BMFL.DAT[51]",
        "$RCT2:OBJDATA/BMFL.DAT[53]",
        "$RCT2:OBJDATA/BMFL.DAT[55]",
        "$RCT2:OBJDATA/BMFL.DAT[57]",
        "$RCT2:OBJDATA/BMFL.DAT[59]",
        "$RCT2:OBJDATA/BMFL.DAT[61]",
        "$RCT2:OBJDATA/BMFL.DAT[63]",
        "$RCT2:OBJDATA/BMFL.DAT[65]",
        "$RCT2:OBJDATA/BMFL.DAT[67]",
        "$RCT2:OBJDATA/BMFL.DAT[69]",
        "$RCT2:OBJDATA/BMFL.DAT[71]",
        "$RCT2:OBJDATA/BMFL.DAT[73]",
        "$RCT2:OBJDATA/BMFL.DAT[75]",
        "$RCT2:OBJDATA/BMFL.DAT[77]",
        "$RCT2:OBJDATA/BMFL.DAT[79]",
        "$RCT2:OBJDATA/BMFL.DAT[81]",
        "$RCT2:OBJDATA/BMFL.DAT[83]",
        "$RCT2:OBJDATA/BMFL.DAT[85]",
        "$RCT2:OBJDATA/BMFL.DAT[87]",
        "$RCT2:OBJDATA/BMFL.DAT[89]",
        "$RCT2:OBJDATA/BMFL.DAT[91]",
        "$RCT2:OBJDATA/BMFL.DAT[93]",
        "$RCT2:OBJDATA/BMFL.DAT[95]",
        "$RCT2:OBJDATA/BMFL.DAT[97]",
        "$RCT2:OBJDATA/BMFL.DAT[99]",
        "$RCT2:OBJDATA/BMFL.DAT[101]",
        "$RCT2:OBJDATA/BMFL.DAT[103]",
        "$RCT2:OBJDATA/BMFL.DAT[105]",
        "$RCT2:OBJDATA/BMFL.DAT[107..123]",
        "$RCT2:OBJDATA/BMFL.DAT[125]",
        "$RCT2:OBJDATA/BMFL.DAT[127]",
        "$RCT2:OBJDATA/BMFL.DAT[129]",
        "$RCT2:OBJDATA/BMFL.DAT[131]",
        "$RCT2:OBJDATA/BMFL.DAT[133]",
        "$RCT2:OBJDATA/BMFL.DAT[135]",
        "$RCT2:OBJDATA/BMFL.DAT[137]",
        "$RCT2:OBJDATA/BMFL.DAT[139]",
        "$RCT2:OBJDATA/BMFL.DAT[141]",
        "$RCT2:OBJDATA/BMFL.DAT[143]",
        "$RCT2:OBJDATA/BMFL.DAT[145]",
        "$RCT2:OBJDATA/BMFL.DAT[147]",
        "$RCT2:OBJDATA/BMFL.DAT[149]",
        "$RCT2:OBJDATA/BMFL.DAT[151]",
        "$RCT2:OBJDATA/BMFL.DAT[153]",
        "$RCT2:OBJDATA/BMFL.DAT[155]",
        "$RCT2:OBJDATA/BMFL.DAT[157]",
        "$RCT2:OBJDATA/BMFL.DAT[159]",
        "$RCT2:OBJDATA/BMFL.DAT[161]",
        "$RCT2:OBJDATA/BMFL.DAT[163]",
        "$RCT2:OBJDATA/BMFL.DAT[165]",
        "$RCT2:OBJDATA/BMFL.DAT[167]",
        "$RCT2:OBJDATA/BMFL.DAT[169]",
        "$RCT2:OBJDATA/BMFL.DAT[171]",
        "$RCT2:OBJDATA/BMFL.DAT[173]",
        "$RCT2:OBJDATA/BMFL.DAT[175]",
        "$RCT2:OBJDATA/BMFL.DAT[177]",
        "$RCT2:OBJDATA/BMFL.DAT[179]",
        "$RCT2:OBJDATA/BMFL.DAT[181]",
        "$RCT2:OBJDATA/BMFL.DAT[183]",
        "$RCT2:OBJDATA/BMFL.DAT[185]",
        "$RCT2:OBJDATA/BMFL.DAT[187..195]",
        "$RCT2:OBJDATA/BMFL.DAT[203]",
        "$RCT2:OBJDATA/BMFL.DAT[211]",
        "$RCT2:OBJDATA/BMFL.DAT[219]",
        "$RCT2:OBJDATA/BMFL.DAT[227]",
        "$RCT2:OBJDATA/BMFL.DAT[235]",
        "$RCT2:OBJDATA/BMFL.DAT[243]",
        "$RCT2:OBJDATA/BMFL.DAT[251]",
        "$RCT2:OBJDATA/BMFL.DAT[259..343]",
        "$RCT2:OBJDATA/BMFL.DAT[345]",
        "$RCT2:OBJDATA/BMFL.DAT[347]",
        "$RCT2:OBJDATA/BMFL.DAT[349]",
        "$RCT2:OBJDATA/BMFL.DAT[351]",
        "$RCT2:OBJDATA/BMFL.DAT[353]",
        "$RCT2:OBJDATA/BMFL.DAT[355]",
        "$RCT2:OBJDATA/BMFL.DAT[357]",
        "$RCT2:OBJDATA/BMFL.DAT[359]",
        "$RCT2:OBJDATA/BMFL.DAT[361]",
        "$RCT2:OBJDATA/BMFL.DAT[363]",
        "$RCT2:OBJDATA/BMFL.DAT[365]",
        "$RCT2:OBJDATA/BMFL.DAT[367]",
        "$RCT2:OBJDATA/BMFL.DAT[369]",
        "$RCT2:OBJDATA/BMFL.DAT[371]",
        "$RCT2:OBJDATA/BMFL.DAT[373]",
        "$RCT2:OBJDATA/BMFL.DAT[375]",
        "$RCT2:OBJDATA/BMFL.DAT[377]",
        "$RCT2:OBJDATA/BMFL.DAT[379]",
        "$RCT2:OBJDATA/BMFL.DAT[381]",
        "$RCT2:OBJDATA/BMFL.DAT[383]",
        "$RCT2:OBJDATA/BMFL.DAT[385]",
        "$RCT2:OBJDATA/BMFL.DAT[387]",
        "$RCT2:OBJDATA/BMFL.DAT[389]",
        "$RCT2:OBJDATA/BMFL.DAT[391]",
        "$RCT2:OBJDATA/BMFL.DAT[393]",
        "$RCT2:OBJDATA/BMFL.DAT[395]",
        "$RCT2:OBJDATA/BMFL.DAT[397]",
        "$RCT2:OBJDATA/BMFL.DAT[399]",
        "$RCT2:OBJDATA/BMFL.DAT[401]",
        "$RCT2:OBJDATA/BMFL.DAT[403]",
        "$RCT2:OBJDATA/BMFL.DAT[405]",
        "$RCT2:OBJDATA/BMFL.DAT[407..447]",
        "$RCT2:OBJDATA/BMFL.DAT[449]",
        "$RCT2:OBJDATA/BMFL.DAT[451]",
        "$RCT2:OBJDATA/BMFL.DAT[453]",
        "$RCT2:OBJDATA/BMFL.DAT[455]",
        "$RCT2:OBJDATA/BMFL.DAT[457]",
        "$RCT2:OBJDATA/BMFL.DAT[459]",
        "$RCT2:OBJDATA/BMFL.DAT[461]",
        "$RCT2:OBJDATA/BMFL.DAT[463]",
        "$RCT2:OBJDATA/BMFL.DAT[465]",
        "$RCT2:OBJDATA/BMFL.DAT[467]",
        "$RCT2:OBJDATA/BMFL.DAT[469]",
        "$RCT2:OBJDATA/BMFL.DAT[471]",
        "$RCT2:OBJDATA/BMFL.DAT[473]",
        "$RCT2:OBJDATA/BMFL.DAT[475]",
        "$RCT2:OBJDATA/BMFL.DAT[477]",
        "$RCT2:OBJDATA/BMFL.DAT[479]",
        "$RCT2:OBJDATA/BMFL.DAT[481]",
        "$RCT2:OBJDATA/BMFL.DAT[483]",
        "$RCT2:OBJDATA/BMFL.DAT[485]",
        "$RCT2:OBJDATA/BMFL.DAT[487]",
        "$RCT2:OBJDATA/BMFL.DAT[489]",
        "$RCT2:OBJDATA/BMFL.DAT[491]",
        "$RCT2:OBJDATA/BMFL.DAT[493]",
        "$RCT2:OBJDATA/BMFL.DAT[495]",
        "$RCT2:OBJDATA/BMFL.DAT[497]",
        "$RCT2:OBJDATA/BMFL.DAT[499]",
        "$RCT2:OBJDATA/BMFL.DAT[501]",
        "$RCT2:OBJDATA/BMFL.DAT[503]",
        "$RCT2:OBJDATA/BMFL.DAT[505]",
        "$RCT2:OBJDATA/BMFL.DAT[507]",
        "$RCT2:OBJDATA/BMFL.DAT[509]",
        "$RCT2:OBJDATA/BMFL.DAT[511]",
        "$RCT2:OBJDATA/BMFL.DAT[513]",
        "$RCT2:OBJDATA/BMFL.DAT[515]",
        "$RCT2:OBJDATA/BMFL.DAT[517]",
        "$RCT2:OBJDATA/BMFL.DAT[519]",
        "$RCT2:OBJDATA/BMFL.DAT[521]",
        "$RCT2:OBJDATA/BMFL.DAT[523]",
        "$RCT2:OBJDATA/BMFL.DAT[525]",
        "$RCT2:OBJDATA/BMFL.DAT[527]",
        "$RCT2:OBJDATA/BMFL.DAT[529]",
        "$RCT2:OBJDATA/BMFL.DAT[531]",
        "$RCT2:OBJDATA/BMFL.DAT[533]",
        "$RCT2:OBJDATA/BMFL.DAT[535]",
        "$RCT2:OBJDATA/BMFL.DAT[537]",
        "$RCT2:OBJDATA/BMFL.DAT[539]",
        "$RCT2:OBJDATA/BMFL.DAT[541]",
        "$RCT2:OBJDATA/BMFL.DAT[543]",
        "$RCT2:OBJDATA/BMFL.DAT[545]",
        "$RCT2:OBJDATA/BMFL.DAT[547]",
        "$RCT2:OBJDATA/BMFL.DAT[549]",
        "$RCT2:OBJDATA/BMFL.DAT[551]",
        "$RCT2:OBJDATA/BMFL.DAT[553]",
        "$RCT2:OBJDATA/BMFL.DAT[555]",
        "$RCT2:OBJDATA/BMFL.DAT[557]",
        "$RCT2:OBJDATA/BMFL.DAT[559]",
        "$RCT2:OBJDATA/BMFL.DAT[561]",
        "$RCT2:OBJDATA/BMFL.DAT[563]",
        "$RCT2:OBJDATA/BMFL.DAT[565]",
        "$RCT2:OBJDATA/BMFL.DAT[567]",
        "$RCT2:OBJDATA/BMFL.DAT[569]",
        "$RCT2:OBJDATA/BMFL.DAT[571]",
        "$RCT2:OBJDATA/BMFL.DAT[573]",
        "$RCT2:OBJDATA/BMFL.DAT[575..590]",
        "$RCT2:OBJDATA/BMFL.DAT[751..843]",
        "$RCT2:OBJDATA/BMFL.DAT[845]",
        "$RCT2:OBJDATA/BMFL.DAT[847]",
        "$RCT2:OBJDATA/BMFL.DAT[849]",
        "$RCT2:OBJDATA/BMFL.DAT[851]",
        "$RCT2:OBJDATA/BMFL.DAT[853]",
        "$RCT2:OBJDATA/BMFL.DAT[855]",
        "$RCT2:OBJDATA/BMFL.DAT[857]",
        "$RCT2:OBJDATA/BMFL.DAT[859]",
        "$RCT2:OBJDATA/BMFL.DAT[861]",
        "$RCT2:OBJDATA/BMFL.DAT[863]",
        "$RCT2:OBJDATA/BMFL.DAT[865]",
        "$RCT2:OBJDATA/BMFL.DAT[867]",
        "$RCT2:OBJDATA/BMFL.DAT[869]",
        "$RCT2:OBJDATA/BMFL.DAT[871]",
        "$RCT2:OBJDATA/BMFL.DAT[873]",
        "$RCT2:OBJDATA/BMFL.DAT[875..883]",
        "$RCT2:OBJDATA/BMFL.DAT[885]",
        "$RCT2:OBJDATA/BMFL.DAT[887]",
        "$RCT2:OBJDATA/BMFL.DAT[889]",
        "$RCT2:OBJDATA/BMFL.DAT[891]",
        "$RCT2:OBJDATA/BMFL.DAT[893]",
        "$RCT2:OBJDATA/BMFL.DAT[895]",
        "$RCT2:OBJDATA/BMFL.DAT[897]",
        "$RCT2:OBJDATA/BMFL.DAT[899]",
        "$RCT2:OBJDATA/BMFL.DAT[901]",
        "$RCT2:OBJDATA/BMFL.DAT[903]",
        "$RCT2:OBJDATA/BMFL.DAT[905]",
        "$RCT2:OBJDATA/BMFL.DAT[907]",
        "$RCT2:OBJDATA/BMFL.DAT[909]",
        "$RCT2:OBJDATA/BMFL.DAT[911]",
        "$RCT2:OBJDATA/BMFL.DAT[913]",
        "$RCT2:OBJDATA/BMFL.DAT[915]",
        "$RCT2:OBJDATA/BMFL.DAT[917]",
        "$RCT2:OBJDATA/BMFL.DAT[919]",
        "$RCT2:OBJDATA/BMFL.DAT[921]",
        "$RCT2:OBJDATA/BMFL.DAT[923]",
        "$RCT2:OBJDATA/BMFL.DAT[925]",
        "$RCT2:OBJDATA/BMFL.DAT[927]",
        "$RCT2:OBJDATA/BMFL.DAT[929]",
        "$RCT2:OBJDATA/BMFL.DAT[931]",
        "$RCT2:OBJDATA/BMFL.DAT[933]",
        "$RCT2:OBJDATA/BMFL.DAT[935]",
        "$RCT2:OBJDATA/BMFL.DAT[937]",
        "$RCT2:OBJDATA/BMFL.DAT[939]",
        "$RCT2:OBJDATA/BMFL.DAT[941]",
        "$RCT2:OBJDATA/BMFL.DAT[943]",
        "$RCT2:OBJDATA/BMFL.DAT[945]",
        "$RCT2:OBJDATA/BMFL.DAT[947..963]",
        "$RCT2:OBJDATA/BMFL.DAT[965]",
        "$RCT2:OBJDATA/BMFL.DAT[967]",
        "$RCT2:OBJDATA/BMFL.DAT[969]",
        "$RCT2:OBJDATA/BMFL.DAT[971]",
        "$RCT2:OBJDATA/BMFL.DAT[973]",
        "$RCT2:OBJDATA/BMFL.DAT[975]",
        "$RCT2:OBJDATA/BMFL.DAT[977]",
        "$RCT2:OBJDATA/BMFL.DAT[979]",
        "$RCT2:OBJDATA/BMFL.DAT[981]",
        "$RCT2:OBJDATA/BMFL.DAT[983]",
        "$RCT2:OBJDATA/BMFL.DAT[985]",
        "$RCT2:OBJDATA/BMFL.DAT[987]",
        "$RCT2:OBJDATA/BMFL.DAT[989]",
        "$RCT2:OBJDATA/BMFL.DAT[991]",
        "$RCT2:OBJDATA/BMFL.DAT[993]",
        "$RCT2:OBJDATA/BMFL.DAT[995]",
        "$RCT2:OBJDATA/BMFL.DAT[997]",
        "$RCT2:OBJDATA/BMFL.DAT[999]",
        "$RCT2:OBJDATA/BMFL.DAT[1001]",
        "$RCT2:OBJDATA/BMFL.DAT[1003]",
        "$RCT2:OBJDATA/BMFL.DAT[1005]",
        "$RCT2:OBJDATA/BMFL.DAT[1007]",
        "$RCT2:OBJDATA/BMFL.DAT[1009]",
        "$RCT2:OBJDATA/BMFL.DAT[1011]",
        "$RCT2:OBJDATA/BMFL.DAT[1013]",
        "$RCT2:OBJDATA/BMFL.DAT[1015]",
        "$RCT2:OBJDATA/BMFL.DAT[1017]",
        "$RCT2:OBJDATA/BMFL.DAT[1019]",
        "$RCT2:OBJDATA/BMFL.DAT[1021]",
        "$RCT2:OBJDATA/BMFL.DAT[1023]",
        "$RCT2:OBJDATA/BMFL.DAT[1025]",
        "$RCT2:OBJDATA/BMFL.DAT[1027..1035]",
        "$RCT2:OBJDATA/BMFL.DAT[1043]",
        "$RCT2:OBJDATA/BMFL.DAT[1051]",
        "$RCT2:OBJDATA/BMFL.DAT[1059]",
        "$RCT2:OBJDATA/BMFL.DAT[1067]",
        "$RCT2:OBJDATA/BMFL.DAT[1075]",
        "$RCT2:OBJDATA/BMFL.DAT[1083]",
        "$RCT2:OBJDATA/BMFL.DAT[1091]",
        "$RCT2:OBJDATA/BMFL.DAT[1099..1183]",
        "$RCT2:OBJDATA/BMFL.DAT[1185]",
        "$RCT2:OBJDATA/BMFL.DAT[1187]",
        "$RCT2:OBJDATA/BMFL.DAT[1189]",
        "$RCT2:OBJDATA/BMFL.DAT[1191]",
        "$RCT2:OBJDATA/BMFL.DAT[1193]",
        "$RCT2:OBJDATA/BMFL.DAT[1195]",
        "$RCT2:OBJDATA/BMFL.DAT[1197]",
        "$RCT2:OBJDATA/BMFL.DAT[1199]",
        "$RCT2:OBJDATA/BMFL.DAT[1201]",
        "$RCT2:OBJDATA/BMFL.DAT[1203]",
        "$RCT2:OBJDATA/BMFL.DAT[1205]",
        "$RCT2:OBJDATA/BMFL.DAT[1207]",
        "$RCT2:OBJDATA/BMFL.DAT[1209]",
        "$RCT2:OBJDATA/BMFL.DAT[1211]",
        "$RCT2:OBJDATA/BMFL.DAT[1213]",
        "$RCT2:OBJDATA/BMFL.DAT[1215]",
        "$RCT2:OBJDATA/BMFL.DAT[1217]",
        "$RCT2:OBJDATA/BMFL.DAT[1219]",
        "$RCT2:OBJDATA/BMFL.DAT[1221]",
        "$RCT2:OBJDATA/BMFL.DAT[1223]",
        "$RCT2:OBJDATA/BMFL.DAT[1225]",
        "$RCT2:OBJDATA/BMFL.DAT[1227]",
        "$RCT2:OBJDATA/BMFL.DAT[1229]",
        "$RCT2:OBJDATA/BMFL.DAT[1231]",
        "$RCT2:OBJDATA/BMFL.DAT[1233]",
        "$RCT2:OBJDATA/BMFL.DAT[1235]",
        "$RCT2:OBJDATA/BMFL.DAT[1237]",
        "$RCT2:OBJDATA/BMFL.DAT[1239]",
        "$RCT2:OBJDATA/BMFL.DAT[1241]",
        "$RCT2:OBJDATA/BMFL.DAT[1243]",
        "$RCT2:OBJDATA/BMFL.DAT[1245]",
        "$RCT2:OBJDATA/BMFL.DAT[1247..1287]",
        "$RCT2:OBJDATA/BMFL.DAT[1289]",
        "$RCT2:OBJDATA/BMFL.DAT[1291]",
        "$RCT2:OBJDATA/BMFL.DAT[1293]",
        "$RCT2:OBJDATA/BMFL.DAT[1295]",
        "$RCT2:OBJDATA/BMFL.DAT[1297]",
        "$RCT2:OBJDATA/BMFL.DAT[1299]",
        "$RCT2:OBJDATA/BMFL.DAT[1301]",
        "$RCT2:OBJDATA/BMFL.DAT[1303]",
        "$RCT2:OBJDATA/BMFL.DAT[1305]",
        "$RCT2:OBJDATA/BMFL.DAT[1307]",
        "$RCT2:OBJDATA/BMFL.DAT[1309]",
        "$RCT2:OBJDATA/BMFL.DAT[1311]",
        "$RCT2:OBJDATA/BMFL.DAT[1313]",
        "$RCT2:OBJDATA/BMFL.DAT[1315]",
        "$RCT2:OBJDATA/BMFL.DAT[1317]",
        "$RCT2:OBJDATA/BMFL.DAT[1319]",
        "$RCT2:OBJDATA/BMFL.DAT[1321]",
        "$RCT2:OBJDATA/BMFL.DAT[1323]",
        "$RCT2:OBJDATA/BMFL.DAT[1325]",
        "$RCT2:OBJDATA/BMFL.DAT[1327]",
        "$RCT2:OBJDATA/BMFL.DAT[1329]",
        "$RCT2:OBJDATA/BMFL.DAT[1331]",
        "$RCT2:OBJDATA/BMFL.DAT[1333]",
        "$RCT2:OBJDATA/BMFL.DAT[1335]",
        "$RCT2:OBJDATA/BMFL.DAT[1337]",
        "$RCT2:OBJDATA/BMFL.DAT[1339]",
        "$RCT2:OBJDATA/BMFL.DAT[1341]",
        "$RCT2:OBJDATA/BMFL.DAT[1343]",
        "$RCT2:OBJDATA/BMFL.DAT[1345]",
        "$RCT2:OBJDATA/BMFL.DAT[1347]",
        "$RCT2:OBJDATA/BMFL.DAT[1349]",
        "$RCT2:OBJDATA/BMFL.DAT[1351]",
        "$RCT2:OBJDATA/BMFL.DAT[1353]",
        "$RCT2:OBJDATA/BMFL.DAT[1355]",
        "$RCT2:OBJDATA/BMFL.DAT[1357]",
        "$RCT2:OBJDATA/BMFL.DAT[1359]",
        "$RCT2:OBJDATA/BMFL.DAT[1361]",
        "$RCT2:OBJDATA/BMFL.DAT[1363]",
        "$RCT2:OBJDATA/BMFL.DAT[1365]",
        "$RCT2:OBJDATA/BMFL.DAT[1367]",
        "$RCT2:OBJDATA/BMFL.DAT[1369]",
        "$RCT2:OBJDATA/BMFL.DAT[1371]",
        "$RCT2:OBJDATA/BMFL.DAT[1373]",
        "$RCT2:OBJDATA/BMFL.DAT[1375]",
        "$RCT2:OBJDATA/BMFL.DAT[1377]",
        "$RCT2:OBJDATA/BMFL.DAT[1379]",
        "$RCT2:OBJDATA/BMFL.DAT[1381]",
        "$RCT2:OBJDATA/BMFL.DAT[1383]",
        "$RCT2:OBJDATA/BMFL.DAT[1385]",
        "$RCT2:OBJDATA/BMFL.DAT[1387]",
        "$RCT2:OBJDATA/BMFL.DAT[1389]",
        "$RCT2:OBJDATA/BMFL.DAT[1391]",
        "$RCT2:OBJDATA/BMFL.DAT[1393]",
        "$RCT2:OBJDATA/BMFL.DAT[1395]",
        "$RCT2:OBJDATA/BMFL.DAT[1397]",
        "$RCT2:OBJDATA/BMFL.DAT[1399]",
        "$RCT2:OBJDATA/BMFL.DAT[1401]",
        "$RCT2:OBJDATA/BMFL.DAT[1403]",
        "$RCT2:OBJDATA/BMFL.DAT[1405]",
        "$RCT2:OBJDATA/BMFL.DAT[1407]",
        "$RCT2:OBJDATA/BMFL.DAT[1409]",
        "$RCT2:OBJDATA/BMFL.DAT[1411]",
        "$RCT2:OBJDATA/BMFL.DAT[1413]",
        "$RCT2:OBJDATA/BMFL.DAT[1415..1430]",
        "$RCT2:OBJDATA/BMFL.DAT[1591..1683]",
        "$RCT2:OBJDATA/BMFL.DAT[1685]",
        "$RCT2:OBJDATA/BMFL.DAT[1687]",
        "$RCT2:OBJDATA/BMFL.DAT[1689]",
        "$RCT2:OBJDATA/BMFL.DAT[1691]",
        "$RCT2:OBJDATA/BMFL.DAT[1693]",
        "$RCT2:OBJDATA/BMFL.DAT[1695]",
        "$RCT2:OBJDATA/BMFL.DAT[1697]",
        "$RCT2:OBJDATA/BMFL.DAT[1699]",
        "$RCT2:OBJDATA/BMFL.DAT[1701]",
        "$RCT2:OBJDATA/BMFL.DAT[1703]",
        "$RCT2:OBJDATA/BMFL.DAT[1705]",
        "$RCT2:OBJDATA/BMFL.DAT[1707]",
        "$RCT2:OBJDATA/BMFL.DAT[1709]",
        "$RCT2:OBJDATA/BMFL.DAT[1711]",
        "$RCT2:OBJDATA/BMFL.DAT[1713]",
        "$RCT2:OBJDATA/BMFL.DAT[1715..1723]",
        "$RCT2:OBJDATA/BMFL.DAT[1725]",
        "$RCT2:OBJDATA/BMFL.DAT[1727]",
        "$RCT2:OBJDATA/BMFL.DAT[1729]",
        "$RCT2:OBJDATA/BMFL.DAT[1731]",
        "$RCT2:OBJDATA/BMFL.DAT[1733]",
        "$RCT2:OBJDATA/BMFL.DAT[1735]",
        "$RCT2:OBJDATA/BMFL.DAT[1737]",
        "$RCT2:OBJDATA/BMFL.DAT[1739]",
        "$RCT2:OBJDATA/BMFL.DAT[1741]",
        "$RCT2:OBJDATA/BMFL.DAT[1743]",
        "$RCT2:OBJDATA/BMFL.DAT[1745]",
        "$RCT2:OBJDATA/BMFL.DAT[1747]",
        "$RCT2:OBJDATA/BMFL.DAT[1749]",
        "$RCT2:OBJDATA/BMFL.DAT[1751]",
        "$RCT2:OBJDATA/BMFL.DAT[1753]",
        "$RCT2:OBJDATA/BMFL.DAT[1755]",
        "$RCT2:OBJDATA/BMFL.DAT[1757]",
        "$RCT2:OBJDATA/BMFL.DAT[1759]",
        "$RCT2:OBJDATA/BMFL.DAT[1761]",
        "$RCT2:OBJDATA/BMFL.DAT[1763]",
        "$RCT2:OBJDATA/BMFL.DAT[1765]",
        "$RCT2:OBJDATA/BMFL.DAT[1767]",
        "$RCT2:OBJDATA/BMFL.DAT[1769]",
        "$RCT2:OBJDATA/BMFL.DAT[1771]",
        "$RCT2:OBJDATA/BMFL.DAT[1773]",
        "$RCT2:OBJDATA/BMFL.DAT[1775]",
        "$RCT2:OBJDATA/BMFL.DAT[1777]",
        "$RCT2:OBJDATA/BMFL.DAT[1779]",
        "$RCT2:OBJDATA/BMFL.DAT[1781]",
        "$RCT2:OBJDATA/BMFL.DAT[1783]",
        "$RCT2:OBJDATA/BMFL.DAT[1785]",
        "$RCT2:OBJDATA/BMFL.DAT[1787..1803]",
        "$RCT2:OBJDATA/BMFL.DAT[1805]",
        "$RCT2:OBJDATA/BMFL.DAT[1807]",
        "$RCT2:OBJDATA/BMFL.DAT[1809]",
        "$RCT2:OBJDATA/BMFL.DAT[1811]",
        "$RCT2:OBJDATA/BMFL.DAT[1813]",
        "$RCT2:OBJDATA/BMFL.DAT[1815]",
        "$RCT2:OBJDATA/BMFL.DAT[1817]",
        "$RCT2:OBJDATA/BMFL.DAT[1819]",
        "$RCT2:OBJDATA/BMFL.DAT[1821]",
        "$RCT2:OBJDATA/BMFL.DAT[1823]",
        "$RCT2:OBJDATA/BMFL.DAT[1825]",
        "$RCT2:OBJDATA/BMFL.DAT[1827]",
        "$RCT2:OBJDATA/BMFL.DAT[1829]",
        "$RCT2:OBJDATA/BMFL.DAT[1831]",
        "$RCT2:OBJDATA/BMFL.DAT[1833]",
        "$RCT2:OBJDATA/BMFL.DAT[1835]",
        "$RCT2:OBJDATA/BMFL.DAT[1837]",
        "$RCT2:OBJDATA/BMFL.DAT[1839]",
        "$RCT2:OBJDATA/BMFL.DAT[1841]",
        "$RCT2:OBJDATA/BMFL.DAT[1843]",
        "$RCT2:OBJDATA/BMFL.DAT[1845]",
        "$RCT2:OBJDATA/BMFL.DAT[1847]",
        "$RCT2:OBJDATA/BMFL.DAT[1849]",
        "$RCT2:OBJDATA/BMFL.DAT[1851]",
        "$RCT2:OBJDATA/BMFL.DAT[1853]",
        "$RCT2:OBJDATA/BMFL.DAT[1855]",
        "$RCT2:OBJDATA/BMFL.DAT[1857]",
        "$RCT2:OBJDATA/BMFL.DAT[1859]",
        "$RCT2:OBJDATA/BMFL.DAT[1861]",
        "$RCT2:OBJDATA/BMFL.DAT[1863]",
        "$RCT2:OBJDATA/BMFL.DAT[1865]",
        "$RCT2:OBJDATA/BMFL.DAT[1867..1875]",
        "$RCT2:OBJDATA/BMFL.DAT[1883]",
        "$RCT2:OBJDATA/BMFL.DAT[1891]",
        "$RCT2:OBJDATA/BMFL.DAT[1899]",
        "$RCT2:OBJDATA/BMFL.DAT[1907]",
        "$RCT2:OBJDATA/BMFL.DAT[1915]",
        "$RCT2:OBJDATA/BMFL.DAT[1923]",
        "$RCT2:OBJDATA/BMFL.DAT[1931]",
        "$RCT2:OBJDATA/BMFL.DAT[1939..2023]",
        "$RCT2:OBJDATA/BMFL.DAT[2025]",
        "$RCT2:OBJDATA/BMFL.DAT[2027]",
        "$RCT2:OBJDATA/BMFL.DAT[2029]",
        "$RCT2:OBJDATA/BMFL.DAT[2031]",
        "$RCT2:OBJDATA/BMFL.DAT[2033]",
        "$RCT2:OBJDATA/BMFL.DAT[2035]",
        "$RCT2:OBJDATA/BMFL.DAT[2037]",
        "$RCT2:OBJDATA/BMFL.DAT[2039]",
        "$RCT2:OBJDATA/BMFL.DAT[2041]",
        "$RCT2:OBJDATA/BMFL.DAT[2043]",
        "$RCT2:OBJDATA/BMFL.DAT[2045]",
        "$RCT2:OBJDATA/BMFL.DAT[2047]",
        "$RCT2:OBJDATA/BMFL.DAT[2049]",
        "$RCT2:OBJDATA/BMFL.DAT[2051]",
        "$RCT2:OBJDATA/BMFL.DAT[2053]",
        "$RCT2:OBJDATA/BMFL.DAT[2055]",
        "$RCT2:OBJDATA/BMFL.DAT[2057]",
        "$RCT2:OBJDATA/BMFL.DAT[2059]",
        "$RCT2:OBJDATA/BMFL.DAT[2061]",
        "$RCT2:OBJDATA/BMFL.DAT[2063]",
        "$RCT2:OBJDATA/BMFL.DAT[2065]",
        "$RCT2:OBJDATA/BMFL.DAT[2067]",
        "$RCT2:OBJDATA/BMFL.DAT[2069]",
        "$RCT2:OBJDATA/BMFL.DAT[2071]",
        "$RCT2:OBJDATA/BMFL.DAT[2073]",
        "$RCT2:OBJDATA/BMFL.DAT[2075]",
        "$RCT2:OBJDATA/BMFL.DAT[2077]",
        "$RCT2:OBJDATA/BMFL.DAT[2079]",
        "$RCT2:OBJDATA/BMFL.DAT[2081]",
        "$RCT2:OBJDATA/BMFL.DAT[2083]",
        "$RCT2:OBJDATA/BMFL.DAT[2085]",
        "$RCT2:OBJDATA/BMFL.DAT[2087..2127]",
        "$RCT2:OBJDATA/BMFL.DAT[2129]",
        "$RCT2:OBJDATA/BMFL.DAT[2131]",
        "$RCT2:OBJDATA/BMFL.DAT[2133]",
        "$RCT2:OBJDATA/BMFL.DAT[2135]",
        "$RCT2:OBJDATA/BMFL.DAT[2137]",
        "$RCT2:OBJDATA/BMFL.DAT[2139]",
        "$RCT2:OBJDATA/BMFL.DAT[2141]",
        "$RCT2:OBJDATA/BMFL.DAT[2143]",
        "$RCT2:OBJDATA/BMFL.DAT[2145]",
        "$RCT2:OBJDATA/BMFL.DAT[2147]",
        "$RCT2:OBJDATA/BMFL.DAT[2149]",
        "$RCT2:OBJDATA/BMFL.DAT[2151]",
        "$RCT2:OBJDATA/BMFL.DAT[2153]",
        "$RCT2:OBJDATA/BMFL.DAT[2155]",
        "$RCT2:OBJDATA/BMFL.DAT[2157]",
        "$RCT2:OBJDATA/BMFL.DAT[2159]",
        "$RCT2:OBJDATA/BMFL.DAT[2161]",
        "$RCT2:OBJDATA/BMFL.DAT[2163]",
        "$RCT2:OBJDATA/BMFL.DAT[2165]",
        "$RCT2:OBJDATA/BMFL.DAT[2167]",
        "$RCT2:OBJDATA/BMFL.DAT[2169]",
        "$RCT2:OBJDATA/BMFL.DAT[2171]",
        "$RCT2:OBJDATA/BMFL.DAT[2173]",
        "$RCT2:OBJDATA/BMFL.DAT[2175]",
        "$RCT2:OBJDATA/BMFL.DAT[2177]",
        "$RCT2:OBJDATA/BMFL.DAT[2179]",
        "$RCT2:OBJDATA/BMFL.DAT[2181]",
        "$RCT2:OBJDATA/BMFL.DAT[2183]",
        "$RCT2:OBJDATA/BMFL.DAT[2185]",
        "$RCT2:OBJDATA/BMFL.DAT[2187]",
        "$RCT2:OBJDATA/BMFL.DAT[2189]",
        "$RCT2:OBJDATA/BMFL.DAT[2191]",
        "$RCT2:OBJDATA/BMFL.DAT[2193]",
        "$RCT2:OBJDATA/BMFL.DAT[2195]",
        "$RCT2:OBJDATA/BMFL.DAT[2197]",
        "$RCT2:OBJDATA/BMFL.DAT[2199]",
        "$RCT2:OBJDATA/BMFL.DAT[2201]",
        "$RCT2:OBJDATA/BMFL.DAT[2203]",
        "$RCT2:OBJDATA/BMFL.DAT[2205]",
        "$RCT2:OBJDATA/BMFL.DAT[2207]",
        "$RCT2:OBJDATA/BMFL.DAT[2209]",
        "$RCT2:OBJDATA/BMFL.DAT[2211]",
        "$RCT2:OBJDATA/BMFL.DAT[2213]",
        "$RCT2:OBJDATA/BMFL.DAT[2215]",
        "$RCT2:OBJDATA/BMFL.DAT[2217]",
        "$RCT2:OBJDATA/BMFL.DAT[2219]",
        "$RCT2:OBJDATA/BMFL.DAT[2221]",
        "$RCT2:OBJDATA/BMFL.DAT[2223]",
        "$RCT2:OBJDATA/BMFL.DAT[2225]",
        "$RCT2:OBJDATA/BMFL.DAT[2227]",
        "$RCT2:OBJDATA/BMFL.DAT[2229]",
        "$RCT2:OBJDATA/BMFL.DAT[2231]",
        "$RCT2:OBJDATA/BMFL.DAT[2233]",
        "$RCT2:OBJDATA/BMFL.DAT[2235]",
        "$RCT2:OBJDATA/BMFL.DAT[2237]",
        "$RCT2:OBJDATA/BMFL.DAT[2239]",
        "$RCT2:OBJDATA/BMFL.DAT[2241]",
        "$RCT2:OBJDATA/BMFL.DAT[2243]",
        "$RCT2:OBJDATA/BMFL.DAT[2245]",
        "$RCT2:OBJDATA/BMFL.DAT[2247]",
        "$RCT2:OBJDATA/BMFL.DAT[2249]",
        "$RCT2:OBJDATA/BMFL.DAT[2251]",
        "$RCT2:OBJDATA/BMFL.DAT[2253]",
        "$RCT2:OBJDATA/BMFL.DAT[2255..2270]",
        "$RCT2:OBJDATA/BMFL.DAT[2431..2522]"
    ]
}
