{
    "id": "rct2.ride.jski",
    "authors": [
        "Chris Sawyer",
        "Simon Foster"
    ],
    "version": "1.0",
    "originalId": "0A188A80|JSKI    |E08C3F3A",
    "sourceGame": [
        "rct2",
        "rct1ll"
    ],
    "objectType": "ride",
    "properties": {
        "type": "boat_hire",
        "category": [
            "water",
            "thrill"
        ],
        "ratingMultipler": {
            "excitement": 75,
            "intensity": 75,
            "nausea": 40
        },
        "carColours": [
            [
                [
                    "bright_red",
                    "yellow",
                    "black"
                ]
            ],
            [
                [
                    "white",
                    "bright_red",
                    "black"
                ]
            ],
            [
                [
                    "black",
                    "bright_pink",
                    "black"
                ]
            ]
        ],
        "cars": {
            "rotationFrameMask": 31,
            "spacing": 183036,
            "mass": 160,
            "numSeats": 1,
            "numSeatRows": 1,
            "poweredAcceleration": 220,
            "poweredMaxSpeed": 25,
            "drawOrder": 7,
            "frames": {
                "flat": true
            },
            "hasAdditionalColour1": true,
            "isPowered": true,
            "useBoatHireCollisionDetection": true,
            "loadingPositions": [
                0
            ]
        },
        "buildMenuPriority": 1
    },
    "images": [
        "$RCT2:OBJDATA/JSKI.DAT[0..66]"
    ],
    "strings": {
        "name": {
            "en-GB": "Jet Skis",
            "de-DE": "Jetskis",
            "it-IT": "Moto d’acqua",
            "nl-NL": "Jetski’s",
            "sv-SE": "Vattenskoter",
            "ko-KR": "제트 스키",
            "zh-CN": "喷射滑橇",
            "zh-TW": "噴射滑橇",
            "pt-BR": "Motos aquáticas",
            "cs-CZ": "Vodní lyže",
            "ja-JP": "ジェットスキー",
            "pl-PL": "Skutery wodne",
            "ru-RU": "Скутеры",
            "eo-ZZ": "Akvo-Motorsledoj",
            "ca-ES": "Motos d’aigua",
            "fi-FI": "Vesiskootterit"
        },
        "description": {
            "en-GB": "Single-seater jet skis which riders can drive themselves",
            "fr-FR": "Jet skis individuels que les visiteurs peuvent conduire eux-mêmes",
            "de-DE": "Einsitzige Jetskis, die die Passagiere selbst steuern können",
            "es-ES": "Jet Skis que un único pasajero puede conducir",
            "it-IT": "Moto d’acqua che il passeggero può guidare da solo",
            "nl-NL": "Eénpersoons jetski’s die de bezoekers zelf kunnen besturen.",
            "sv-SE": "Ensitsiga vattenskotrar som passagerarna kör själva",
            "ko-KR": "탑승객이 스스로 운전할 수 있는 단일 좌석의 제트 스키",
            "zh-CN": "每台单一乘客自行操纵它的运作",
            "zh-TW": "每台單一乘客自行操縱它的運作",
            "pt-BR": "Jet skis com um assento, dirigível pelos próprios visitantes",
            "cs-CZ": "Návštěvníci jezdí na vodních lyžích",
            "ja-JP": "乗客が自分で操縦できる、ひとり乗りのジェットスキーです",
            "pl-PL": "Jednomiejscowe skutery, którymi pasażerowie mogą sami kierować",
            "ru-RU": "Водные скутеры на одного человека.",
            "eo-ZZ": "Akvo-motorsledoj, kiujn rajdantoj povas stiri per si mem",
            "ca-ES": "Motos d’aigua monoplaça que els passatgers poden conduir.",
            "fi-FI": "Yksipaikkaiset vesiskootterit, joita kävijät voivat itse ohjata"
        },
        "capacity": {
            "en-GB": "1 rider per vehicle",
            "fr-FR": "1 passager par véhicule",
            "de-DE": "1 Fahrer pro Fahrzeug",
            "es-ES": "1 pasajero por vehículo",
            "it-IT": "1 passeggero a veicolo",
            "nl-NL": "1 persoon per jetski",
            "sv-SE": "1 passagerare per fordon",
            "ko-KR": "차량당 1명의 탑승자",
            "zh-CN": "1位乘客/车",
            "zh-TW": "1位乘客／每部機器",
            "pt-BR": "1 passageiro por veículo",
            "cs-CZ": "1 místo na každých lyžích",
            "ja-JP": "各1名",
            "pl-PL": "1 osoba na pojazd",
            "ru-RU": "1 чел",
            "eo-ZZ": "Po 1 rajdanto por veturilo",
            "ca-ES": "1 passatger per moto",
            "fi-FI": "1 matkustaja per ajoneuvo"
        }
    }
}
