{
    "id": "rct2.ride.mcarpet1",
    "authors": [
        "Chris Sawyer",
        "Simon Foster"
    ],
    "version": "1.0",
    "originalId": "0A188B80|MCARPET1|073E5C11",
    "sourceGame": "rct2",
    "objectType": "ride",
    "properties": {
        "type": "magic_carpet",
        "category": "thrill",
        "tabScale": 0.5,
        "swingMode": 2,
        "carsPerFlatRide": 1,
        "carColours": [
            [
                [
                    "bordeaux_red",
                    "bright_red",
                    "black"
                ]
            ],
            [
                [
                    "grey",
                    "bright_red",
                    "black"
                ]
            ],
            [
                [
                    "yellow",
                    "light_blue",
                    "black"
                ]
            ]
        ],
        "cars": {
            "spacing": 139456,
            "mass": 200,
            "tabOffset": -20,
            "numSeats": 12,
            "spriteWidth": 90,
            "spriteHeightNegative": 137,
            "spriteHeightPositive": 17,
            "carVisual": 1,
            "drawOrder": 6,
            "frames": {
                "flat": true
            },
            "recalculateSpriteBounds": true,
            "hasAdditionalColour1": true,
            "loadingPositions": [
                -27,
                -25,
                27,
                25,
                -17,
                -15,
                17,
                15,
                -7,
                -5,
                7,
                5
            ]
        }
    },
    "images": [
        "$RCT2:OBJDATA/MCARPET1.DAT[0..30]"
    ],
    "strings": {
        "name": {
            "en-GB": "Magic Carpet",
            "fr-FR": "Tapis volant",
            "de-DE": "Fliegender Teppich",
            "es-ES": "Alfombras Mágicas",
            "it-IT": "Tappeto magico",
            "nl-NL": "Vliegend tapijt",
            "sv-SE": "Flygande matta",
            "ko-KR": "마법의 양탄자",
            "zh-CN": "魔之神毯",
            "zh-TW": "魔毯",
            "pt-BR": "Tapete Mágico",
            "cs-CZ": "Kouzelný koberec",
            "ja-JP": "空飛ぶ絨毯",
            "nb-NO": "Flyvende teppe",
            "pl-PL": "Latający dywan",
            "ru-RU": "Ковёр",
            "eo-ZZ": "Magia Tapiŝo",
            "ca-ES": "La catifa màgica",
            "fi-FI": "Taikamatto"
        },
        "description": {
            "en-GB": "A large flying-carpet themed car which moves up and down cyclically on the ends of 4 arms",
            "fr-FR": "Grande voiture en forme de tapis volant qui monte et descend de manière cyclique, au bout de 4 bras",
            "de-DE": "Ein großer Wagen im „Fliegender-Teppich-Stil“, der sich zyklisch am Ende von 4 Armen auf und ab bewegt",
            "es-ES": "Un vagón decorado con la temática de alfombra volante se mueve arriba y abajo cíclicamente",
            "it-IT": "Una vasta carrozza che ricorda un tappeto magico, che si muove su e giù ciclicamente sulle estremità di quattro bracci",
            "nl-NL": "Een grote wagen in de vorm van een vliegend tapijt draait rond aan de uiteinden van vier draaiarmen.",
            "sv-SE": "En stor vagn utformad som en flygande matta, som upprepande svingas upp i luften på fyra armar",
            "ko-KR": "양쪽 끝에 있는 4개의 관절 구조에 의해 원형으로 오르락 내리락하는 커다란 마법 양탄자 테마의 차량",
            "zh-CN": "一辆超大飞毯特色的车由底部四支支架循环式地上上下下移动",
            "zh-TW": "一輛超大飛毯特色的車由底部四支支架循環式地上上下下移動",
            "pt-BR": "Um enorme vagão com tema de tapete voador que se move para cima e para baixo, ciclicamente, na ponta de 4 braços",
            "cs-CZ": "Velký vůz připomínající koberec se pohybuje krouživými pohyby hýbe nahoru a dolů za pomoci 4 ramen",
            "ja-JP": "4本のアームの端に大きな空飛ぶじゅうたんの車両が付き、上下しながら回転する乗物です",
            "pl-PL": "Wagony w kształcie latającego dywanu poruszające się na przemian w górę i w dół na końcach czterech ramion",
            "ru-RU": "Большой летающий ковер, двигающийся вверх-вниз.",
            "eo-ZZ": "Granda ĉaro kun temo de fluganta tapiŝo, kiu movas cikle supren kaj malsupren al la finoj de 4 brakoj",
            "ca-ES": "Un cotxe gran decorat com una catifa voladora que es mou amunt i avall cíclicament als extrems de 4 braços.",
            "fi-FI": "Suuri lentävän maton näköinen vaunu, joka liikkuu syklisesti ylös ja alas neljän puomin varassa"
        },
        "capacity": {
            "en-GB": "12 passengers",
            "fr-FR": "12 passagers",
            "de-DE": "12 Fahrgäste",
            "es-ES": "12 pasajeros",
            "it-IT": "12 passeggeri",
            "nl-NL": "12 passagiers",
            "sv-SE": "12 passagerare",
            "ko-KR": "승객 12명",
            "zh-CN": "12位乘客",
            "zh-TW": "12 位乘客",
            "pt-BR": "12 passageiros",
            "cs-CZ": "12 návštěvníků",
            "ja-JP": "定員12名",
            "pl-PL": "12 pasażerów",
            "ru-RU": "12 пассажиров",
            "eo-ZZ": "12 pasaĝeroj",
            "ca-ES": "12 passatgers",
            "fi-FI": "12 matkustajaa"
        }
    }
}
