{
    "id": "rct2.ride.arrx",
    "authors": [
        "Chris Sawyer",
        "Simon Foster"
    ],
    "version": "1.0",
    "originalId": "0A188A80|ARRX    |9BA47335",
    "sourceGame": "rct2",
    "objectType": "ride",
    "properties": {
        "type": "multi_dimension_rc",
        "category": "rollercoaster",
        "limitAirTimeBonus": true,
        "minCarsPerTrain": 4,
        "maxCarsPerTrain": 7,
        "carColours": [
            [
                [
                    "dark_purple",
                    "bright_pink",
                    "yellow"
                ]
            ],
            [
                [
                    "bordeaux_red",
                    "black",
                    "light_orange"
                ]
            ]
        ],
        "cars": [
            {
                "rotationFrameMask": 31,
                "spacing": 174320,
                "mass": 1000,
                "numSeats": 4,
                "animation": 9,
                "numSeatRows": 2,
                "frictionSoundId": 2,
                "soundRange": 2,
                "drawOrder": 7,
                "numVerticalFramesOverride": 8,
                "spriteGroups": {
                    "slopeFlat": 32,
                    "slopes12": 4,
                    "slopes25": 8,
                    "slopes42": 8,
                    "slopes60": 4,
                    "slopes75": 4,
                    "slopes90": 4,
                    "slopesLoop": 4,
                    "slopeInverted": 4,
                    "slopes8": 4,
                    "slopes16": 4,
                    "slopes50": 4,
                    "flatBanked22": 8,
                    "flatBanked45": 32,
                    "flatBanked67": 4,
                    "flatBanked90": 4,
                    "inlineTwists": 4,
                    "slopes12Banked22": 4,
                    "slopes8Banked22": 4
                },
                "hasInvertedSpriteSet": true,
                "hasAdditionalColour2": true,
                "overrideNumberOfVerticalFrames": true,
                "spriteBoundsIncludeInvertedSet": true,
                "hasAdditionalColour1": true,
                "hasScreamingRiders": true,
                "hasVehicleAnimation": true,
                "loadingPositions": [
                    3,
                    -3,
                    3,
                    -3
                ]
            },
            {
                "rotationFrameMask": 31,
                "spacing": 174320,
                "mass": 1000,
                "numSeats": 4,
                "animation": 9,
                "numSeatRows": 2,
                "frictionSoundId": 2,
                "soundRange": 2,
                "drawOrder": 2,
                "numVerticalFramesOverride": 8,
                "spriteGroups": {
                    "slopeFlat": 32,
                    "slopes12": 4,
                    "slopes25": 8,
                    "slopes42": 8,
                    "slopes60": 4,
                    "slopes75": 4,
                    "slopes90": 4,
                    "slopesLoop": 4,
                    "slopeInverted": 4,
                    "slopes8": 4,
                    "slopes16": 4,
                    "slopes50": 4,
                    "flatBanked22": 8,
                    "flatBanked45": 32,
                    "flatBanked67": 4,
                    "flatBanked90": 4,
                    "inlineTwists": 4,
                    "slopes12Banked22": 4,
                    "slopes8Banked22": 4
                },
                "hasInvertedSpriteSet": true,
                "hasAdditionalColour2": true,
                "overrideNumberOfVerticalFrames": true,
                "hasAdditionalColour1": true,
                "hasScreamingRiders": true,
                "hasVehicleAnimation": true,
                "loadingPositions": [
                    3,
                    -3,
                    3,
                    -3
                ]
            }
        ],
        "buildMenuPriority": 1
    },
    "images": [
        "$RCT2:OBJDATA/ARRX.DAT[0]",
        "",
        "",
        "$RCT2:OBJDATA/ARRX.DAT[3..322]",

        "$RCT2:OBJDATA/ARRX.DAT[323..330]",
        "$RCT2:OBJDATA/ARRX.DAT[355..362]",
        "$RCT2:OBJDATA/ARRX.DAT[387..394]",
        "$RCT2:OBJDATA/ARRX.DAT[419..426]",
        "$RCT2:OBJDATA/ARRX.DAT[451..458]",
        "$RCT2:OBJDATA/ARRX.DAT[483..490]",
        "$RCT2:OBJDATA/ARRX.DAT[515..522]",
        "$RCT2:OBJDATA/ARRX.DAT[547..554]",
        "$RCT2:OBJDATA/ARRX.DAT[579..586]",
        "$RCT2:OBJDATA/ARRX.DAT[611..618]",
        "$RCT2:OBJDATA/ARRX.DAT[643..650]",
        "$RCT2:OBJDATA/ARRX.DAT[675..682]",
        "$RCT2:OBJDATA/ARRX.DAT[707..714]",
        "$RCT2:OBJDATA/ARRX.DAT[739..746]",
        "$RCT2:OBJDATA/ARRX.DAT[771..778]",
        "$RCT2:OBJDATA/ARRX.DAT[803..810]",

        "$RCT2:OBJDATA/ARRX.DAT[835..962]",

        "$RCT2:OBJDATA/ARRX.DAT[963..970]",
        "$RCT2:OBJDATA/ARRX.DAT[1027..1034]",
        "$RCT2:OBJDATA/ARRX.DAT[1091..1098]",
        "$RCT2:OBJDATA/ARRX.DAT[1155..1162]",
        "$RCT2:OBJDATA/ARRX.DAT[1219..1226]",
        "$RCT2:OBJDATA/ARRX.DAT[1283..1290]",
        "$RCT2:OBJDATA/ARRX.DAT[1347..1354]",
        "$RCT2:OBJDATA/ARRX.DAT[1411..1418]",

        "$RCT2:OBJDATA/ARRX.DAT[1475..1538]",

        "$RCT2:OBJDATA/ARRX.DAT[1539..1546]",
        "$RCT2:OBJDATA/ARRX.DAT[1603..1610]",
        "$RCT2:OBJDATA/ARRX.DAT[1667..1674]",
        "$RCT2:OBJDATA/ARRX.DAT[1731..1738]",
        "$RCT2:OBJDATA/ARRX.DAT[1795..1802]",
        "$RCT2:OBJDATA/ARRX.DAT[1859..1866]",
        "$RCT2:OBJDATA/ARRX.DAT[1923..1930]",
        "$RCT2:OBJDATA/ARRX.DAT[1987..1994]",

        "$RCT2:OBJDATA/ARRX.DAT[2051..3554]",

        "$RCT2:OBJDATA/ARRX.DAT[3555..3562]",
        "$RCT2:OBJDATA/ARRX.DAT[3619..3626]",
        "$RCT2:OBJDATA/ARRX.DAT[3683..3690]",
        "$RCT2:OBJDATA/ARRX.DAT[3747..3754]",
        "$RCT2:OBJDATA/ARRX.DAT[3811..3818]",
        "$RCT2:OBJDATA/ARRX.DAT[3875..3882]",
        "$RCT2:OBJDATA/ARRX.DAT[3939..3946]",
        "$RCT2:OBJDATA/ARRX.DAT[4003..4010]",
        "$RCT2:OBJDATA/ARRX.DAT[4067..4074]",
        "$RCT2:OBJDATA/ARRX.DAT[4131..4138]",
        "$RCT2:OBJDATA/ARRX.DAT[4195..4202]",
        "$RCT2:OBJDATA/ARRX.DAT[4259..4266]",
        "$RCT2:OBJDATA/ARRX.DAT[4323..4330]",
        "$RCT2:OBJDATA/ARRX.DAT[4387..4394]",
        "$RCT2:OBJDATA/ARRX.DAT[4451..4458]",
        "$RCT2:OBJDATA/ARRX.DAT[4515..4522]",

        "$RCT2:OBJDATA/ARRX.DAT[4579..4706]",

        "$RCT2:OBJDATA/ARRX.DAT[4707..5026]",

        "$RCT2:OBJDATA/ARRX.DAT[5027..5034]",
        "$RCT2:OBJDATA/ARRX.DAT[5059..5066]",
        "$RCT2:OBJDATA/ARRX.DAT[5091..5098]",
        "$RCT2:OBJDATA/ARRX.DAT[5123..5130]",
        "$RCT2:OBJDATA/ARRX.DAT[5155..5162]",
        "$RCT2:OBJDATA/ARRX.DAT[5187..5194]",
        "$RCT2:OBJDATA/ARRX.DAT[5219..5226]",
        "$RCT2:OBJDATA/ARRX.DAT[5251..5258]",
        "$RCT2:OBJDATA/ARRX.DAT[5283..5290]",
        "$RCT2:OBJDATA/ARRX.DAT[5315..5322]",
        "$RCT2:OBJDATA/ARRX.DAT[5347..5354]",
        "$RCT2:OBJDATA/ARRX.DAT[5379..5386]",
        "$RCT2:OBJDATA/ARRX.DAT[5411..5418]",
        "$RCT2:OBJDATA/ARRX.DAT[5443..5450]",
        "$RCT2:OBJDATA/ARRX.DAT[5475..5482]",
        "$RCT2:OBJDATA/ARRX.DAT[5507..5514]",

        "$RCT2:OBJDATA/ARRX.DAT[5539..5666]",

        "$RCT2:OBJDATA/ARRX.DAT[5667..5674]",
        "$RCT2:OBJDATA/ARRX.DAT[5731..5738]",
        "$RCT2:OBJDATA/ARRX.DAT[5795..5802]",
        "$RCT2:OBJDATA/ARRX.DAT[5859..5866]",
        "$RCT2:OBJDATA/ARRX.DAT[5923..5930]",
        "$RCT2:OBJDATA/ARRX.DAT[5987..5994]",
        "$RCT2:OBJDATA/ARRX.DAT[6051..6058]",
        "$RCT2:OBJDATA/ARRX.DAT[6115..6122]",

        "$RCT2:OBJDATA/ARRX.DAT[6179..6242]",

        "$RCT2:OBJDATA/ARRX.DAT[6243..6250]",
        "$RCT2:OBJDATA/ARRX.DAT[6307..6314]",
        "$RCT2:OBJDATA/ARRX.DAT[6371..6378]",
        "$RCT2:OBJDATA/ARRX.DAT[6435..6442]",
        "$RCT2:OBJDATA/ARRX.DAT[6499..6506]",
        "$RCT2:OBJDATA/ARRX.DAT[6563..6570]",
        "$RCT2:OBJDATA/ARRX.DAT[6627..6634]",
        "$RCT2:OBJDATA/ARRX.DAT[6691..6698]",

        "$RCT2:OBJDATA/ARRX.DAT[6755..8258]",

        "$RCT2:OBJDATA/ARRX.DAT[8259..8266]",
        "$RCT2:OBJDATA/ARRX.DAT[8323..8330]",
        "$RCT2:OBJDATA/ARRX.DAT[8387..8394]",
        "$RCT2:OBJDATA/ARRX.DAT[8451..8458]",
        "$RCT2:OBJDATA/ARRX.DAT[8515..8522]",
        "$RCT2:OBJDATA/ARRX.DAT[8579..8586]",
        "$RCT2:OBJDATA/ARRX.DAT[8643..8650]",
        "$RCT2:OBJDATA/ARRX.DAT[8707..8714]",
        "$RCT2:OBJDATA/ARRX.DAT[8771..8778]",
        "$RCT2:OBJDATA/ARRX.DAT[8835..8842]",
        "$RCT2:OBJDATA/ARRX.DAT[8899..8906]",
        "$RCT2:OBJDATA/ARRX.DAT[8963..8970]",
        "$RCT2:OBJDATA/ARRX.DAT[9027..9034]",
        "$RCT2:OBJDATA/ARRX.DAT[9091..9098]",
        "$RCT2:OBJDATA/ARRX.DAT[9155..9162]",
        "$RCT2:OBJDATA/ARRX.DAT[9219..9226]",

        "$RCT2:OBJDATA/ARRX.DAT[9283..9410]",

        "$RCT2:OBJDATA/ARRX.DAT[9411..9730]",

        "$RCT2:OBJDATA/ARRX.DAT[9731..9738]",
        "$RCT2:OBJDATA/ARRX.DAT[9763..9770]",
        "$RCT2:OBJDATA/ARRX.DAT[9795..9802]",
        "$RCT2:OBJDATA/ARRX.DAT[9827..9834]",
        "$RCT2:OBJDATA/ARRX.DAT[9859..9866]",
        "$RCT2:OBJDATA/ARRX.DAT[9891..9898]",
        "$RCT2:OBJDATA/ARRX.DAT[9923..9930]",
        "$RCT2:OBJDATA/ARRX.DAT[9955..9962]",
        "$RCT2:OBJDATA/ARRX.DAT[9987..9994]",
        "$RCT2:OBJDATA/ARRX.DAT[10019..10026]",
        "$RCT2:OBJDATA/ARRX.DAT[10051..10058]",
        "$RCT2:OBJDATA/ARRX.DAT[10083..10090]",
        "$RCT2:OBJDATA/ARRX.DAT[10115..10122]",
        "$RCT2:OBJDATA/ARRX.DAT[10147..10154]",
        "$RCT2:OBJDATA/ARRX.DAT[10179..10186]",
        "$RCT2:OBJDATA/ARRX.DAT[10211..10218]",

        "$RCT2:OBJDATA/ARRX.DAT[10243..10370]",

        "$RCT2:OBJDATA/ARRX.DAT[10371..10378]",
        "$RCT2:OBJDATA/ARRX.DAT[10435..10442]",
        "$RCT2:OBJDATA/ARRX.DAT[10499..10506]",
        "$RCT2:OBJDATA/ARRX.DAT[10563..10570]",
        "$RCT2:OBJDATA/ARRX.DAT[10627..10634]",
        "$RCT2:OBJDATA/ARRX.DAT[10691..10698]",
        "$RCT2:OBJDATA/ARRX.DAT[10755..10762]",
        "$RCT2:OBJDATA/ARRX.DAT[10819..10826]",

        "$RCT2:OBJDATA/ARRX.DAT[10883..10946]",

        "$RCT2:OBJDATA/ARRX.DAT[10947..10954]",
        "$RCT2:OBJDATA/ARRX.DAT[11011..11018]",
        "$RCT2:OBJDATA/ARRX.DAT[11075..11082]",
        "$RCT2:OBJDATA/ARRX.DAT[11139..11146]",
        "$RCT2:OBJDATA/ARRX.DAT[11203..11210]",
        "$RCT2:OBJDATA/ARRX.DAT[11267..11274]",
        "$RCT2:OBJDATA/ARRX.DAT[11331..11338]",
        "$RCT2:OBJDATA/ARRX.DAT[11395..11402]",

        "$RCT2:OBJDATA/ARRX.DAT[11459..12962]",

        "$RCT2:OBJDATA/ARRX.DAT[12963..12970]",
        "$RCT2:OBJDATA/ARRX.DAT[13027..13034]",
        "$RCT2:OBJDATA/ARRX.DAT[13091..13098]",
        "$RCT2:OBJDATA/ARRX.DAT[13155..13162]",
        "$RCT2:OBJDATA/ARRX.DAT[13219..13226]",
        "$RCT2:OBJDATA/ARRX.DAT[13283..13290]",
        "$RCT2:OBJDATA/ARRX.DAT[13347..13354]",
        "$RCT2:OBJDATA/ARRX.DAT[13411..13418]",
        "$RCT2:OBJDATA/ARRX.DAT[13475..13482]",
        "$RCT2:OBJDATA/ARRX.DAT[13539..13546]",
        "$RCT2:OBJDATA/ARRX.DAT[13603..13610]",
        "$RCT2:OBJDATA/ARRX.DAT[13667..13674]",
        "$RCT2:OBJDATA/ARRX.DAT[13731..13738]",
        "$RCT2:OBJDATA/ARRX.DAT[13795..13802]",
        "$RCT2:OBJDATA/ARRX.DAT[13859..13866]",
        "$RCT2:OBJDATA/ARRX.DAT[13923..13930]",

        "$RCT2:OBJDATA/ARRX.DAT[13987..14114]",

        "$RCT2:OBJDATA/ARRX.DAT[14115..14434]",

        "$RCT2:OBJDATA/ARRX.DAT[14435..14442]",
        "$RCT2:OBJDATA/ARRX.DAT[14467..14474]",
        "$RCT2:OBJDATA/ARRX.DAT[14499..14506]",
        "$RCT2:OBJDATA/ARRX.DAT[14531..14538]",
        "$RCT2:OBJDATA/ARRX.DAT[14563..14570]",
        "$RCT2:OBJDATA/ARRX.DAT[14595..14602]",
        "$RCT2:OBJDATA/ARRX.DAT[14627..14634]",
        "$RCT2:OBJDATA/ARRX.DAT[14659..14666]",
        "$RCT2:OBJDATA/ARRX.DAT[14691..14698]",
        "$RCT2:OBJDATA/ARRX.DAT[14723..14730]",
        "$RCT2:OBJDATA/ARRX.DAT[14755..14762]",
        "$RCT2:OBJDATA/ARRX.DAT[14787..14794]",
        "$RCT2:OBJDATA/ARRX.DAT[14819..14826]",
        "$RCT2:OBJDATA/ARRX.DAT[14851..14858]",
        "$RCT2:OBJDATA/ARRX.DAT[14883..14890]",
        "$RCT2:OBJDATA/ARRX.DAT[14915..14922]",

        "$RCT2:OBJDATA/ARRX.DAT[14947..15074]",

        "$RCT2:OBJDATA/ARRX.DAT[15075..15082]",
        "$RCT2:OBJDATA/ARRX.DAT[15139..15146]",
        "$RCT2:OBJDATA/ARRX.DAT[15203..15210]",
        "$RCT2:OBJDATA/ARRX.DAT[15267..15274]",
        "$RCT2:OBJDATA/ARRX.DAT[15331..15338]",
        "$RCT2:OBJDATA/ARRX.DAT[15395..15402]",
        "$RCT2:OBJDATA/ARRX.DAT[15459..15466]",
        "$RCT2:OBJDATA/ARRX.DAT[15523..15530]",

        "$RCT2:OBJDATA/ARRX.DAT[15587..15650]",

        "$RCT2:OBJDATA/ARRX.DAT[15651..15658]",
        "$RCT2:OBJDATA/ARRX.DAT[15715..15722]",
        "$RCT2:OBJDATA/ARRX.DAT[15779..15786]",
        "$RCT2:OBJDATA/ARRX.DAT[15843..15850]",
        "$RCT2:OBJDATA/ARRX.DAT[15907..15914]",
        "$RCT2:OBJDATA/ARRX.DAT[15971..15978]",
        "$RCT2:OBJDATA/ARRX.DAT[16035..16042]",
        "$RCT2:OBJDATA/ARRX.DAT[16099..16106]",

        "$RCT2:OBJDATA/ARRX.DAT[16163..17666]",

        "$RCT2:OBJDATA/ARRX.DAT[17667..17674]",
        "$RCT2:OBJDATA/ARRX.DAT[17731..17738]",
        "$RCT2:OBJDATA/ARRX.DAT[17795..17802]",
        "$RCT2:OBJDATA/ARRX.DAT[17859..17866]",
        "$RCT2:OBJDATA/ARRX.DAT[17923..17930]",
        "$RCT2:OBJDATA/ARRX.DAT[17987..17994]",
        "$RCT2:OBJDATA/ARRX.DAT[18051..18058]",
        "$RCT2:OBJDATA/ARRX.DAT[18115..18122]",
        "$RCT2:OBJDATA/ARRX.DAT[18179..18186]",
        "$RCT2:OBJDATA/ARRX.DAT[18243..18250]",
        "$RCT2:OBJDATA/ARRX.DAT[18307..18314]",
        "$RCT2:OBJDATA/ARRX.DAT[18371..18378]",
        "$RCT2:OBJDATA/ARRX.DAT[18435..18442]",
        "$RCT2:OBJDATA/ARRX.DAT[18499..18506]",
        "$RCT2:OBJDATA/ARRX.DAT[18563..18570]",
        "$RCT2:OBJDATA/ARRX.DAT[18627..18634]",

        "$RCT2:OBJDATA/ARRX.DAT[18691..18818]",

        "$RCT2:OBJDATA/ARRX.DAT[18819..19138]",

        "$RCT2:OBJDATA/ARRX.DAT[19139..19146]",
        "$RCT2:OBJDATA/ARRX.DAT[19171..19178]",
        "$RCT2:OBJDATA/ARRX.DAT[19203..19210]",
        "$RCT2:OBJDATA/ARRX.DAT[19235..19242]",
        "$RCT2:OBJDATA/ARRX.DAT[19267..19274]",
        "$RCT2:OBJDATA/ARRX.DAT[19299..19306]",
        "$RCT2:OBJDATA/ARRX.DAT[19331..19338]",
        "$RCT2:OBJDATA/ARRX.DAT[19363..19370]",
        "$RCT2:OBJDATA/ARRX.DAT[19395..19402]",
        "$RCT2:OBJDATA/ARRX.DAT[19427..19434]",
        "$RCT2:OBJDATA/ARRX.DAT[19459..19466]",
        "$RCT2:OBJDATA/ARRX.DAT[19491..19498]",
        "$RCT2:OBJDATA/ARRX.DAT[19523..19530]",
        "$RCT2:OBJDATA/ARRX.DAT[19555..19562]",
        "$RCT2:OBJDATA/ARRX.DAT[19587..19594]",
        "$RCT2:OBJDATA/ARRX.DAT[19619..19626]",

        "$RCT2:OBJDATA/ARRX.DAT[19651..19778]",

        "$RCT2:OBJDATA/ARRX.DAT[19779..19786]",
        "$RCT2:OBJDATA/ARRX.DAT[19843..19850]",
        "$RCT2:OBJDATA/ARRX.DAT[19907..19914]",
        "$RCT2:OBJDATA/ARRX.DAT[19971..19978]",
        "$RCT2:OBJDATA/ARRX.DAT[20035..20042]",
        "$RCT2:OBJDATA/ARRX.DAT[20099..20106]",
        "$RCT2:OBJDATA/ARRX.DAT[20163..20170]",
        "$RCT2:OBJDATA/ARRX.DAT[20227..20234]",

        "$RCT2:OBJDATA/ARRX.DAT[20291..20354]",

        "$RCT2:OBJDATA/ARRX.DAT[20355..20362]",
        "$RCT2:OBJDATA/ARRX.DAT[20419..20426]",
        "$RCT2:OBJDATA/ARRX.DAT[20483..20490]",
        "$RCT2:OBJDATA/ARRX.DAT[20547..20554]",
        "$RCT2:OBJDATA/ARRX.DAT[20611..20618]",
        "$RCT2:OBJDATA/ARRX.DAT[20675..20682]",
        "$RCT2:OBJDATA/ARRX.DAT[20739..20746]",
        "$RCT2:OBJDATA/ARRX.DAT[20803..20810]",

        "$RCT2:OBJDATA/ARRX.DAT[20867..22370]",

        "$RCT2:OBJDATA/ARRX.DAT[22371..22378]",
        "$RCT2:OBJDATA/ARRX.DAT[22435..22442]",
        "$RCT2:OBJDATA/ARRX.DAT[22499..22506]",
        "$RCT2:OBJDATA/ARRX.DAT[22563..22570]",
        "$RCT2:OBJDATA/ARRX.DAT[22627..22634]",
        "$RCT2:OBJDATA/ARRX.DAT[22691..22698]",
        "$RCT2:OBJDATA/ARRX.DAT[22755..22762]",
        "$RCT2:OBJDATA/ARRX.DAT[22819..22826]",
        "$RCT2:OBJDATA/ARRX.DAT[22883..22890]",
        "$RCT2:OBJDATA/ARRX.DAT[22947..22954]",
        "$RCT2:OBJDATA/ARRX.DAT[23011..23018]",
        "$RCT2:OBJDATA/ARRX.DAT[23075..23082]",
        "$RCT2:OBJDATA/ARRX.DAT[23139..23146]",
        "$RCT2:OBJDATA/ARRX.DAT[23203..23210]",
        "$RCT2:OBJDATA/ARRX.DAT[23267..23274]",
        "$RCT2:OBJDATA/ARRX.DAT[23331..23338]",

        "$RCT2:OBJDATA/ARRX.DAT[23395..23522]",

        "$RCT2:OBJDATA/ARRX.DAT[23523..23842]",

        "$RCT2:OBJDATA/ARRX.DAT[23843..23850]",
        "$RCT2:OBJDATA/ARRX.DAT[23875..23882]",
        "$RCT2:OBJDATA/ARRX.DAT[23907..23914]",
        "$RCT2:OBJDATA/ARRX.DAT[23939..23946]",
        "$RCT2:OBJDATA/ARRX.DAT[23971..23978]",
        "$RCT2:OBJDATA/ARRX.DAT[24003..24010]",
        "$RCT2:OBJDATA/ARRX.DAT[24035..24042]",
        "$RCT2:OBJDATA/ARRX.DAT[24067..24074]",
        "$RCT2:OBJDATA/ARRX.DAT[24099..24106]",
        "$RCT2:OBJDATA/ARRX.DAT[24131..24138]",
        "$RCT2:OBJDATA/ARRX.DAT[24163..24170]",
        "$RCT2:OBJDATA/ARRX.DAT[24195..24202]",
        "$RCT2:OBJDATA/ARRX.DAT[24227..24234]",
        "$RCT2:OBJDATA/ARRX.DAT[24259..24266]",
        "$RCT2:OBJDATA/ARRX.DAT[24291..24298]",
        "$RCT2:OBJDATA/ARRX.DAT[24323..24330]",

        "$RCT2:OBJDATA/ARRX.DAT[24355..24482]",

        "$RCT2:OBJDATA/ARRX.DAT[24483..24490]",
        "$RCT2:OBJDATA/ARRX.DAT[24547..24554]",
        "$RCT2:OBJDATA/ARRX.DAT[24611..24618]",
        "$RCT2:OBJDATA/ARRX.DAT[24675..24682]",
        "$RCT2:OBJDATA/ARRX.DAT[24739..24746]",
        "$RCT2:OBJDATA/ARRX.DAT[24803..24810]",
        "$RCT2:OBJDATA/ARRX.DAT[24867..24874]",
        "$RCT2:OBJDATA/ARRX.DAT[24931..24938]",

        "$RCT2:OBJDATA/ARRX.DAT[24995..25058]",

        "$RCT2:OBJDATA/ARRX.DAT[25059..25066]",
        "$RCT2:OBJDATA/ARRX.DAT[25123..25130]",
        "$RCT2:OBJDATA/ARRX.DAT[25187..25194]",
        "$RCT2:OBJDATA/ARRX.DAT[25251..25258]",
        "$RCT2:OBJDATA/ARRX.DAT[25315..25322]",
        "$RCT2:OBJDATA/ARRX.DAT[25379..25386]",
        "$RCT2:OBJDATA/ARRX.DAT[25443..25450]",
        "$RCT2:OBJDATA/ARRX.DAT[25507..25514]",

        "$RCT2:OBJDATA/ARRX.DAT[25571..27074]",

        "$RCT2:OBJDATA/ARRX.DAT[27075..27082]",
        "$RCT2:OBJDATA/ARRX.DAT[27139..27146]",
        "$RCT2:OBJDATA/ARRX.DAT[27203..27210]",
        "$RCT2:OBJDATA/ARRX.DAT[27267..27274]",
        "$RCT2:OBJDATA/ARRX.DAT[27331..27338]",
        "$RCT2:OBJDATA/ARRX.DAT[27395..27402]",
        "$RCT2:OBJDATA/ARRX.DAT[27459..27466]",
        "$RCT2:OBJDATA/ARRX.DAT[27523..27530]",
        "$RCT2:OBJDATA/ARRX.DAT[27587..27594]",
        "$RCT2:OBJDATA/ARRX.DAT[27651..27658]",
        "$RCT2:OBJDATA/ARRX.DAT[27715..27722]",
        "$RCT2:OBJDATA/ARRX.DAT[27779..27786]",
        "$RCT2:OBJDATA/ARRX.DAT[27843..27850]",
        "$RCT2:OBJDATA/ARRX.DAT[27907..27914]",
        "$RCT2:OBJDATA/ARRX.DAT[27971..27978]",
        "$RCT2:OBJDATA/ARRX.DAT[28035..28042]",

        "$RCT2:OBJDATA/ARRX.DAT[28099..28226]"
    ],
    "strings": {
        "name": {
            "en-GB": "Multi-Dimension Coaster Trains",
            "fr-FR": "Train multidimension",
            "de-DE": "Mehrdimensionale Achterbahnzüge",
            "es-ES": "Montaña Rusa Multi-Dimensión",
            "it-IT": "Treno corsa multi-dimensionale",
            "nl-NL": "Multidimensieachtbaantrein",
            "sv-SE": "Flerdimensionståg",
            "ko-KR": "멀티 디멘션 코스터 차량",
            "zh-CN": "多种尺寸冲锋列车",
            "zh-TW": "多種尺寸衝鋒列車",
            "pt-BR": "Trem de Montanha Multidimensional",
            "cs-CZ": "Vícerozměrná horská dráha",
            "ja-JP": "多次元コースター列車",
            "pl-PL": "Kolejka wielowymiarowa",
            "ru-RU": "Многомерный поезд",
            "eo-ZZ": "Multidimensionaj Trajnoj de Onda Fervojo",
            "ca-ES": "Muntanya russa multidimensional",
            "fi-FI": "Moniulottuvuusvuoristoradan vaunut"
        },
        "description": {
            "en-GB": "Cars with seats capable of pitching the riders head-over-heels",
            "fr-FR": "Train dont les sièges sont conçus pour mettre les passagers la tête à l’envers",
            "de-DE": "Wagen mit Sitzen, bei denen die Passagiere kopfüber gekippt werden können",
            "es-ES": "Vagones con asientos capaces de poner a los pasajeros cabeza abajo",
            "it-IT": "Carrozze con sedili capaci di capovolgere i visitatori",
            "nl-NL": "Karretjes met stoelen die de passagiers halsoverkop kunnen laten tollen.",
            "sv-SE": "Vagnar med säten som kastar passagerarna huvudstupa",
            "ko-KR": "탑승객의 머리와 발을 뒤집어버리는 등의 회전 좌석을 가진 차량",
            "zh-CN": "车辆以高脚跟式投射乘客坐椅",
            "zh-TW": "車輛以高腳跟式投射乘客坐椅",
            "pt-BR": "Vagões com assentos capazes de levantar os passageiros de ponta-cabeça",
            "cs-CZ": "Vozy se sedadly schopny otáčet návštěvníky vzhůru nohama",
            "ja-JP": "乗客を縦方向に逆さまにできる座席を備えた車両です",
            "pl-PL": "Wagoniki z fotelami, które mogą obracać się do góry nogami",
            "ru-RU": "Вагончики для необыкновенного поезда.",
            "eo-ZZ": "Ĉaroj kun seĝoj, kiuj kapablas renversigi la rajdantojn",
            "ca-ES": "Cotxes amb seients que poden posar als passatgers cap per avall.",
            "fi-FI": "Vaunut, joiden istuimet voivat vapaasti kääntyä ylösalaisin"
        },
        "capacity": {
            "en-GB": "4 passengers per car",
            "fr-FR": "4 passagers par voiture",
            "de-DE": "4 Fahrgäste pro Wagen",
            "es-ES": "4 pasajeros por vagón",
            "it-IT": "4 passeggeri a carrozza",
            "nl-NL": "4 passagiers per karretje",
            "sv-SE": "4 passagerare per vagn",
            "ko-KR": "차량당 4명의 승객",
            "zh-CN": "4位乘客/车",
            "zh-TW": "4 位乘客/每個車廂",
            "pt-BR": "4 passageiros por vagão",
            "cs-CZ": "4 místa v každém voze",
            "ja-JP": "各車両4名",
            "pl-PL": "4 pasażerów na wagonik",
            "ru-RU": "4 пассажира",
            "eo-ZZ": "Po 4 pasaĝeroj por ĉaro",
            "ca-ES": "4 passatgers per cotxe",
            "fi-FI": "4 matkustajaa per vaunu"
        }
    }
}
