{
    "id": "rct2.ride.smono",
    "authors": [
        "Chris Sawyer",
        "Simon Foster"
    ],
    "version": "1.0",
    "originalId": "0A188B80|SMONO   |31FC6615",
    "sourceGame": [
        "rct2",
        "rct1aa"
    ],
    "objectType": "ride",
    "properties": {
        "type": "suspended_monorail",
        "category": "transport",
        "tabScale": 0.5,
        "hasShelter": true,
        "noCollisionCrashes": true,
        "maxCarsPerTrain": 4,
        "carColours": [
            [
                [
                    "white",
                    "bright_red",
                    "black"
                ]
            ],
            [
                [
                    "yellow",
                    "white",
                    "black"
                ]
            ],
            [
                [
                    "bordeaux_red",
                    "light_brown",
                    "black"
                ]
            ]
        ],
        "cars": {
            "rotationFrameMask": 31,
            "spacing": 331208,
            "mass": 1100,
            "tabOffset": -25,
            "numSeats": 8,
            "numSeatRows": 4,
            "frictionSoundId": 2,
            "poweredAcceleration": 110,
            "poweredMaxSpeed": 27,
            "drawOrder": 3,
            "frames": {
                "flat": true,
                "gentleSlopes": true,
                "diagonalSlopes": true,
                "restraintAnimation": true
            },
            "hasAdditionalColour1": true,
            "isPowered": true,
            "loadingPositions": [
                -15,
                -12,
                15,
                12,
                -15,
                -12,
                15,
                12
            ]
        },
        "buildMenuPriority": 1
    },
    "images": [
        "$RCT2:OBJDATA/SMONO.DAT[0..702]"
    ],
    "strings": {
        "name": {
            "en-GB": "Suspended Monorail Trains",
            "fr-FR": "Train monorail suspendu",
            "de-DE": "Hängende Einschienenzüge",
            "es-ES": "Trenes Monorrail Suspendidos",
            "it-IT": "Treni monorotaia sospesi",
            "nl-NL": "Hangende monorailtreinen",
            "sv-SE": "Upphängda balkbanevagnar",
            "ko-KR": "서스펜디드 모노레일 차량",
            "zh-CN": "悬挂式单轨铁路列车",
            "zh-TW": "懸掛式單軌電車",
            "pt-BR": "Trens Monotrilho Suspenso",
            "cs-CZ": "Zavěšené jednokolejné vlaky",
            "ja-JP": "サスベンデッド・モノレール・トレーン",
            "pl-PL": "Podwieszane wagoniki jednoszynowe",
            "ru-RU": "Подвесные поезда",
            "eo-ZZ": "Penditaj Monorelaj Trajnoj",
            "ca-ES": "Trens monorail penjant",
            "fi-FI": "Riippuvat kohoratavaunut"
        },
        "description": {
            "en-GB": "Large capacity monorail train cars",
            "fr-FR": "Grande voiture de train monorail",
            "de-DE": "Einschienenzug-Wagen mit großem Fassungsvermögen",
            "es-ES": "Vagones de monoraíl de gran capacidad",
            "it-IT": "Grandi carrozze di treni monorotaia",
            "nl-NL": "Monorailtreinen met een hoge capaciteit.",
            "sv-SE": "Upphängda balkbanevagnar med hög kapacitet",
            "ko-KR": "대용량의 모노레일 차량",
            "zh-CN": "大容量的单轨铁路车辆",
            "zh-TW": "大載客量的單軌電車",
            "pt-BR": "Vagões de trem de monotrilho de grande capacidade",
            "cs-CZ": "Velkokapacitní jednokolejné vlaky",
            "ja-JP": "大定員のモノレールです",
            "pl-PL": "Pojemne wagoniki jednoszynowe",
            "ru-RU": "Большие монорельсовые поезда",
            "eo-ZZ": "Grandspacaj monorelaj trajnoĉaroj",
            "ca-ES": "Cotxes monorail de gran capacitat.",
            "fi-FI": "Suuren kapasiteetin kohoratavaunut"
        },
        "capacity": {
            "en-GB": "8 passengers per car",
            "fr-FR": "8 passagers par voiture",
            "de-DE": "8 Fahrgäste pro Wagen",
            "es-ES": "8 pasajeros por vagón",
            "it-IT": "8 passeggeri a carrozza",
            "nl-NL": "8 passagiers per karretje",
            "sv-SE": "8 passagerare per vagn",
            "ko-KR": "차량당 8명의 승객",
            "zh-CN": "8位乘客/车",
            "zh-TW": "每車卡8位乘客",
            "pt-BR": "8 passageiros por vagão",
            "cs-CZ": "8 míst v každém vozu",
            "ja-JP": "各車両8名",
            "pl-PL": "8 pasażerów na wagonik",
            "ru-RU": "8 пассажиров",
            "eo-ZZ": "Po 8 pasaĝeroj por ĉaro",
            "ca-ES": "8 passatgers per cotxe",
            "fi-FI": "8 matkustajaa per vaunu"
        }
    }
}
