{
    "id": "rct2.ride.submar",
    "authors": [
        "Chris Sawyer",
        "Simon Foster"
    ],
    "version": "1.0",
    "originalId": "0A188B80|SUBMAR  |EE311547",
    "sourceGame": "rct2",
    "objectType": "ride",
    "properties": {
        "type": "submarine_ride",
        "category": [
            "gentle",
            "water"
        ],
        "hasShelter": true,
        "noCollisionCrashes": true,
        "carColours": [
            [
                [
                    "yellow",
                    "olive_green",
                    "black"
                ]
            ],
            [
                [
                    "grey",
                    "bordeaux_red",
                    "black"
                ]
            ]
        ],
        "cars": {
            "rotationFrameMask": 31,
            "spacing": 278912,
            "mass": 300,
            "numSeats": 5,
            "seatsInPairs": false,
            "poweredAcceleration": 40,
            "poweredMaxSpeed": 6,
            "carVisual": 16,
            "drawOrder": 5,
            "numVerticalFramesOverride": 2,
            "frames": {
                "flat": true,
                "restraintAnimation": true
            },
            "overrideNumberOfVerticalFrames": true,
            "hasAdditionalColour1": true,
            "isPowered": true,
            "loadingPositions": [
                -7,
                -7,
                -7,
                -7,
                -7
            ]
        },
        "buildMenuPriority": 1
    },
    "images": [
        "$RCT2:OBJDATA/SUBMAR.DAT[0..90]"
    ],
    "strings": {
        "name": {
            "en-GB": "Submarines",
            "fr-FR": "Sous-marin",
            "de-DE": "U-Boote",
            "es-ES": "Paseo en Submarino",
            "it-IT": "Corsa sottomarina",
            "nl-NL": "Onderzeeërs",
            "sv-SE": "Ubåtar",
            "ko-KR": "잠수함",
            "zh-CN": "海底旅行",
            "zh-TW": "海底旅行",
            "pt-BR": "Submarinos",
            "cs-CZ": "Ponorky",
            "ja-JP": "サブマリンライド",
            "pl-PL": "Podwodna podróż",
            "ru-RU": "Подлодки",
            "eo-ZZ": "Submarŝipoj",
            "ca-ES": "Submarins",
            "fi-FI": "Sukellusveneet"
        },
        "description": {
            "en-GB": "Riders ride in a submerged submarine through an underwater course",
            "fr-FR": "Sous-marin immergé qui transporte les passagers dans un parcours sub-aquatique",
            "de-DE": "Die Passagiere fahren in einem U-Boot durch eine Unterwasserstrecke",
            "es-ES": "Los pasajeros van en un submarino sumergido bajo una vía acuática",
            "it-IT": "I passeggeri si trovano in sottomarini che viaggiano immersi lungo un percorso acquatico",
            "nl-NL": "Passagiers rijden over een onderwaterparcours in onderzeeërs.",
            "sv-SE": "Passagerarna åker i en nedsänkt ubåt längs en undervattensbana",
            "ko-KR": "수면 아래 코스를 이동하는 잠수함에 탑승하는 놀이기구",
            "zh-CN": "乘客坐在水中的潜艇在水面下游动参观",
            "zh-TW": "乘客坐在水中的潛艇在水面下游動參觀",
            "pt-BR": "Os passageiros andam num submarino submerso por um percurso subaquático",
            "cs-CZ": "Návštěvníci vyrazí na podvodní jízdu v ponorce",
            "ja-JP": "水中のコースを、潜水艦に乗り込んで進む乗物です",
            "pl-PL": "Pasażerowie usadowieni w łodzi podwodnej podróżują podwodnym torem",
            "ru-RU": "Люди плавают на подводных лодках",
            "eo-ZZ": "Rajdantoj rajdas en subakvigita submarŝipo tra subakva kurso",
            "ca-ES": "Els passatgers viatgen en un submarí submergit a través d’un curs d’aigua.",
            "fi-FI": "Matkustajat kulkevat sukellusveneessä vedenalaista rataa pitkin"
        },
        "capacity": {
            "en-GB": "5 passengers per submarine",
            "fr-FR": "5 passagers par sous-marin",
            "de-DE": "5 Fahrgäste pro U-Boot",
            "es-ES": "5 pasajeros por submarino",
            "it-IT": "5 passeggeri a sottomarino",
            "nl-NL": "5 passagiers per onderzeeër",
            "sv-SE": "5 passagerare per ubåt",
            "ko-KR": "잠수함당 5명의 승객",
            "zh-CN": "5 位乘客/船",
            "zh-TW": "5 位乘客 /每艘潛艇",
            "pt-BR": "5 passageiros por submarino",
            "cs-CZ": "5 návštěvníci v každé ponorce",
            "ja-JP": "各鑑5名",
            "pl-PL": "5 pasażerów na łódţ podwodną",
            "ru-RU": "5 Пассажира",
            "eo-ZZ": "Po 5 pasaĝeroj por submarŝipo",
            "ca-ES": "5 passatgers per submarí",
            "fi-FI": "5 matkustajaa per sukellusvene"
        }
    }
}
