{
    "id": "rct2.ride.mgr1",
    "authors": [
        "Chris Sawyer",
        "Simon Foster"
    ],
    "version": "1.0",
    "originalId": "0A188B80|MGR1    |ADDC8D24",
    "sourceGame": [
        "rct2",
        "rct1"
    ],
    "objectType": "ride",
    "properties": {
        "type": "merry_go_round",
        "category": "gentle",
        "tabScale": 0.5,
        "hasShelter": true,
        "carsPerFlatRide": 1,
        "carColours": [
            [
                [
                    "yellow",
                    "bright_red",
                    "black"
                ]
            ],
            [
                [
                    "bright_red",
                    "yellow",
                    "black"
                ]
            ],
            [
                [
                    "light_blue",
                    "white",
                    "black"
                ]
            ],
            [
                [
                    "light_orange",
                    "white",
                    "black"
                ]
            ]
        ],
        "cars": {
            "rotationFrameMask": 31,
            "spacing": 139456,
            "mass": 200,
            "tabOffset": -24,
            "numSeats": 16,
            "spriteWidth": 55,
            "spriteHeightNegative": 72,
            "spriteHeightPositive": 28,
            "carVisual": 1,
            "drawOrder": 6,
            "frames": {
                "flat": true
            },
            "recalculateSpriteBounds": true,
            "hasAdditionalColour1": true,
            "numSegments": 4,
            "loadingWaypoints": [
                [
                    [
                        43,
                        43
                    ],
                    [
                        -43,
                        43
                    ],
                    [
                        -42,
                        3
                    ]
                ],
                [
                    [
                        -43,
                        -43
                    ],
                    [
                        -42,
                        3
                    ],
                    [
                        -42,
                        3
                    ]
                ],
                [
                    [
                        -42,
                        3
                    ],
                    [
                        -42,
                        3
                    ],
                    [
                        -42,
                        3
                    ]
                ],
                [
                    [
                        -43,
                        43
                    ],
                    [
                        -42,
                        3
                    ],
                    [
                        -42,
                        3
                    ]
                ],
                [
                    [
                        43,
                        -43
                    ],
                    [
                        -43,
                        -43
                    ],
                    [
                        -42,
                        -3
                    ]
                ],
                [
                    [
                        -43,
                        -43
                    ],
                    [
                        -42,
                        -3
                    ],
                    [
                        -42,
                        -3
                    ]
                ],
                [
                    [
                        -42,
                        -3
                    ],
                    [
                        -42,
                        -3
                    ],
                    [
                        -42,
                        -3
                    ]
                ],
                [
                    [
                        -43,
                        43
                    ],
                    [
                        -42,
                        -3
                    ],
                    [
                        -42,
                        -3
                    ]
                ],
                [
                    [
                        43,
                        43
                    ],
                    [
                        3,
                        42
                    ],
                    [
                        3,
                        42
                    ]
                ],
                [
                    [
                        43,
                        -43
                    ],
                    [
                        43,
                        43
                    ],
                    [
                        3,
                        42
                    ]
                ],
                [
                    [
                        -43,
                        43
                    ],
                    [
                        3,
                        42
                    ],
                    [
                        3,
                        42
                    ]
                ],
                [
                    [
                        3,
                        42
                    ],
                    [
                        3,
                        42
                    ],
                    [
                        3,
                        42
                    ]
                ],
                [
                    [
                        43,
                        43
                    ],
                    [
                        -3,
                        42
                    ],
                    [
                        -3,
                        42
                    ]
                ],
                [
                    [
                        -43,
                        -43
                    ],
                    [
                        -43,
                        43
                    ],
                    [
                        -3,
                        42
                    ]
                ],
                [
                    [
                        -43,
                        43
                    ],
                    [
                        -3,
                        42
                    ],
                    [
                        -3,
                        42
                    ]
                ],
                [
                    [
                        -3,
                        42
                    ],
                    [
                        -3,
                        42
                    ],
                    [
                        -3,
                        42
                    ]
                ],
                [
                    [
                        42,
                        -3
                    ],
                    [
                        42,
                        -3
                    ],
                    [
                        42,
                        -3
                    ]
                ],
                [
                    [
                        43,
                        -43
                    ],
                    [
                        42,
                        -3
                    ],
                    [
                        42,
                        -3
                    ]
                ],
                [
                    [
                        -43,
                        -43
                    ],
                    [
                        43,
                        -43
                    ],
                    [
                        42,
                        -3
                    ]
                ],
                [
                    [
                        43,
                        43
                    ],
                    [
                        42,
                        -3
                    ],
                    [
                        42,
                        -3
                    ]
                ],
                [
                    [
                        42,
                        3
                    ],
                    [
                        42,
                        3
                    ],
                    [
                        42,
                        3
                    ]
                ],
                [
                    [
                        43,
                        -43
                    ],
                    [
                        42,
                        3
                    ],
                    [
                        42,
                        3
                    ]
                ],
                [
                    [
                        -43,
                        43
                    ],
                    [
                        43,
                        43
                    ],
                    [
                        42,
                        3
                    ]
                ],
                [
                    [
                        43,
                        43
                    ],
                    [
                        42,
                        3
                    ],
                    [
                        42,
                        3
                    ]
                ],
                [
                    [
                        43,
                        -43
                    ],
                    [
                        -3,
                        -42
                    ],
                    [
                        -3,
                        -42
                    ]
                ],
                [
                    [
                        -3,
                        -42
                    ],
                    [
                        -3,
                        -42
                    ],
                    [
                        -3,
                        -42
                    ]
                ],
                [
                    [
                        -43,
                        -43
                    ],
                    [
                        -3,
                        -42
                    ],
                    [
                        -3,
                        -42
                    ]
                ],
                [
                    [
                        -43,
                        43
                    ],
                    [
                        -43,
                        -43
                    ],
                    [
                        -3,
                        -42
                    ]
                ],
                [
                    [
                        43,
                        -43
                    ],
                    [
                        3,
                        -42
                    ],
                    [
                        3,
                        -42
                    ]
                ],
                [
                    [
                        3,
                        -42
                    ],
                    [
                        3,
                        -42
                    ],
                    [
                        3,
                        -42
                    ]
                ],
                [
                    [
                        -43,
                        -43
                    ],
                    [
                        3,
                        -42
                    ],
                    [
                        3,
                        -42
                    ]
                ],
                [
                    [
                        43,
                        43
                    ],
                    [
                        43,
                        -43
                    ],
                    [
                        3,
                        -42
                    ]
                ],
                [
                    [
                        43,
                        43
                    ],
                    [
                        -43,
                        43
                    ],
                    [
                        -33,
                        31
                    ]
                ],
                [
                    [
                        -43,
                        -43
                    ],
                    [
                        -43,
                        43
                    ],
                    [
                        -33,
                        31
                    ]
                ],
                [
                    [
                        -43,
                        43
                    ],
                    [
                        -43,
                        43
                    ],
                    [
                        -33,
                        31
                    ]
                ],
                [
                    [
                        -43,
                        43
                    ],
                    [
                        -43,
                        43
                    ],
                    [
                        -33,
                        31
                    ]
                ],
                [
                    [
                        43,
                        43
                    ],
                    [
                        -43,
                        43
                    ],
                    [
                        -31,
                        33
                    ]
                ],
                [
                    [
                        -43,
                        -43
                    ],
                    [
                        -43,
                        43
                    ],
                    [
                        -31,
                        33
                    ]
                ],
                [
                    [
                        -43,
                        43
                    ],
                    [
                        -43,
                        43
                    ],
                    [
                        -31,
                        33
                    ]
                ],
                [
                    [
                        -43,
                        43
                    ],
                    [
                        -43,
                        43
                    ],
                    [
                        -31,
                        33
                    ]
                ],
                [
                    [
                        43,
                        43
                    ],
                    [
                        43,
                        43
                    ],
                    [
                        33,
                        31
                    ]
                ],
                [
                    [
                        43,
                        -43
                    ],
                    [
                        43,
                        43
                    ],
                    [
                        33,
                        31
                    ]
                ],
                [
                    [
                        -43,
                        43
                    ],
                    [
                        43,
                        43
                    ],
                    [
                        33,
                        31
                    ]
                ],
                [
                    [
                        43,
                        43
                    ],
                    [
                        43,
                        43
                    ],
                    [
                        33,
                        31
                    ]
                ],
                [
                    [
                        43,
                        43
                    ],
                    [
                        43,
                        43
                    ],
                    [
                        31,
                        33
                    ]
                ],
                [
                    [
                        43,
                        -43
                    ],
                    [
                        43,
                        43
                    ],
                    [
                        31,
                        33
                    ]
                ],
                [
                    [
                        -43,
                        43
                    ],
                    [
                        43,
                        43
                    ],
                    [
                        31,
                        33
                    ]
                ],
                [
                    [
                        43,
                        43
                    ],
                    [
                        43,
                        43
                    ],
                    [
                        31,
                        33
                    ]
                ],
                [
                    [
                        43,
                        -43
                    ],
                    [
                        43,
                        -43
                    ],
                    [
                        33,
                        -31
                    ]
                ],
                [
                    [
                        43,
                        -43
                    ],
                    [
                        43,
                        -43
                    ],
                    [
                        33,
                        -31
                    ]
                ],
                [
                    [
                        -43,
                        -43
                    ],
                    [
                        43,
                        -43
                    ],
                    [
                        33,
                        -31
                    ]
                ],
                [
                    [
                        43,
                        43
                    ],
                    [
                        43,
                        -43
                    ],
                    [
                        33,
                        -31
                    ]
                ],
                [
                    [
                        43,
                        -43
                    ],
                    [
                        43,
                        -43
                    ],
                    [
                        31,
                        -33
                    ]
                ],
                [
                    [
                        43,
                        -43
                    ],
                    [
                        43,
                        -43
                    ],
                    [
                        31,
                        -33
                    ]
                ],
                [
                    [
                        -43,
                        -43
                    ],
                    [
                        43,
                        -43
                    ],
                    [
                        31,
                        -33
                    ]
                ],
                [
                    [
                        43,
                        43
                    ],
                    [
                        43,
                        -43
                    ],
                    [
                        31,
                        -33
                    ]
                ],
                [
                    [
                        43,
                        -43
                    ],
                    [
                        -43,
                        -43
                    ],
                    [
                        -33,
                        -31
                    ]
                ],
                [
                    [
                        -43,
                        -43
                    ],
                    [
                        -43,
                        -43
                    ],
                    [
                        -33,
                        -31
                    ]
                ],
                [
                    [
                        -43,
                        -43
                    ],
                    [
                        -43,
                        -43
                    ],
                    [
                        -33,
                        -31
                    ]
                ],
                [
                    [
                        -43,
                        43
                    ],
                    [
                        -43,
                        -43
                    ],
                    [
                        -33,
                        -31
                    ]
                ],
                [
                    [
                        43,
                        -43
                    ],
                    [
                        -43,
                        -43
                    ],
                    [
                        -31,
                        -33
                    ]
                ],
                [
                    [
                        -43,
                        -43
                    ],
                    [
                        -43,
                        -43
                    ],
                    [
                        -31,
                        -33
                    ]
                ],
                [
                    [
                        -43,
                        -43
                    ],
                    [
                        -43,
                        -43
                    ],
                    [
                        -31,
                        -33
                    ]
                ],
                [
                    [
                        -43,
                        43
                    ],
                    [
                        -43,
                        -43
                    ],
                    [
                        -31,
                        -33
                    ]
                ]
            ]
        }
    },
    "images": [
        "$RCT2:OBJDATA/MGR1.DAT[0..102]"
    ],
    "strings": {
        "name": {
            "en-GB": "Merry-Go-Round",
            "fr-FR": "Manège",
            "de-DE": "Karussell",
            "es-ES": "Tiovivo",
            "it-IT": "Girotondo",
            "nl-NL": "Draaimolen",
            "sv-SE": "Barnkarusell",
            "ko-KR": "회전목마",
            "zh-CN": "旋转木马",
            "zh-TW": "旋轉木馬",
            "pt-BR": "Carrossel",
            "cs-CZ": "Kolotoč",
            "ja-JP": "メリーゴーラウンド",
            "nb-NO": "Karusell",
            "pl-PL": "Karuzela obrotowa",
            "ru-RU": "Карусель",
            "eo-ZZ": "Karuselo",
            "ca-ES": "Cavallets tradicionals",
            "fi-FI": "Karuselli"
        },
        "description": {
            "en-GB": "Traditional rotating carousel with carved wooden horses",
            "fr-FR": "Carrousel traditionnel composé de chevaux taillés dans le bois",
            "de-DE": "Traditionelles Drehkarussell mit geschnitzten Holzpferden",
            "es-ES": "Carrusel tradicional con caballitos de madera tallada",
            "it-IT": "Il tradizionale carosello rotante con i cavalli di legno intagliato",
            "nl-NL": "Traditionele draaimolen met uit hout gesneden paarden.",
            "sv-SE": "Traditionell roterande karusell med snidade trähästar",
            "ko-KR": "나무로 조각된 말이 있는 전통적인 회전 목마",
            "zh-CN": "有着雕刻木马的传统旋转木马 。",
            "zh-TW": "有著雕刻木馬的傳統旋轉木馬 。",
            "pt-BR": "Tradicional carrossel giratório com cavalos esculpidos em madeira",
            "cs-CZ": "Klasický kolotoč s vyřezávanými koníky",
            "ja-JP": "昔ながらの木彫りの回転木馬です",
            "pl-PL": "Tradycyjna karuzela z drewnianymi konikami",
            "ru-RU": "Обычная Карусель с деревянными лошадками",
            "eo-ZZ": "Tradicia turniĝanta karuselo kun ĉizitaj lignaj ĉevaloj",
            "ca-ES": "Cavallets tradicionals amb cavalls esculpits de fusta.",
            "fi-FI": "Vanhanaikainen pyörivä karuselli kaiverrettujen puuhevosien kera"
        },
        "capacity": {
            "en-GB": "16 passengers",
            "fr-FR": "16 passagers",
            "de-DE": "16 Fahrgäste",
            "es-ES": "16 pasajeros",
            "it-IT": "16 passeggeri",
            "nl-NL": "16 passagiers",
            "sv-SE": "16 passagerare",
            "ko-KR": "승객 16명",
            "zh-CN": "16位乘客",
            "zh-TW": "16 位乘客",
            "pt-BR": "16 passageiros",
            "cs-CZ": "16 návštěvníků",
            "ja-JP": "定員16名",
            "pl-PL": "16 pasażerów",
            "ru-RU": "16 пассажиров",
            "eo-ZZ": "16 pasaĝeroj",
            "ca-ES": "16 passatgers",
            "fi-FI": "16 matkustajaa"
        }
    }
}
