{
    "id": "rct2.ride.slct",
    "authors": [
        "Chris Sawyer",
        "Simon Foster"
    ],
    "version": "1.0",
    "originalId": "0A188B80|SLCT    |702E2F19",
    "sourceGame": "rct2",
    "objectType": "ride",
    "properties": {
        "type": "compact_inverted_rc",
        "category": "rollercoaster",
        "limitAirTimeBonus": true,
        "minCarsPerTrain": 2,
        "maxCarsPerTrain": 8,
        "carColours": [
            [
                [
                    "yellow",
                    "black",
                    "bright_red"
                ]
            ],
            [
                [
                    "black",
                    "bright_red",
                    "bright_red"
                ]
            ],
            [
                [
                    "dark_green",
                    "yellow",
                    "yellow"
                ]
            ]
        ],
        "cars": {
            "rotationFrameMask": 31,
            "spacing": 139456,
            "mass": 560,
            "tabOffset": -15,
            "numSeats": 2,
            "numSeatRows": 1,
            "frictionSoundId": 2,
            "soundRange": 2,
            "drawOrder": 1,
            "frames": {
                "flat": true,
                "gentleSlopes": true,
                "steepSlopes": true,
                "verticalSlopes": true,
                "diagonalSlopes": true,
                "flatBanked": true,
                "inlineTwists": true,
                "flatToGentleSlopeBankedTransitions": true,
                "diagonalGentleSlopeBankedTransitions": true,
                "corkscrews": true,
                "restraintAnimation": true
            },
            "hasAdditionalColour2": true,
            "hasAdditionalColour1": true,
            "hasScreamingRiders": true,
            "loadingPositions": [
                1,
                3
            ]
        },
        "buildMenuPriority": 3
    },
    "images": [
        "$RCT2:OBJDATA/SLCT.DAT[0..1362]"
    ],
    "strings": {
        "name": {
            "en-GB": "Compact Inverted Coaster Trains",
            "fr-FR": "Montagnes compactes inversées",
            "de-DE": "Kompakte umgekehrte Bahnzüge",
            "es-ES": "Montaña Rusa Compacta",
            "it-IT": "Ottovolante invertito compatto",
            "nl-NL": "Trein voor compacte omgekeerde achtbaan",
            "sv-SE": "Vagnar för kompakt inverterad bana",
            "ko-KR": "컴팩트 인버티드 코스터 차량",
            "zh-CN": "简洁的反转过山车",
            "zh-TW": "簡潔的反轉飛車",
            "pt-BR": "Trens Montanha Invertida Compacta",
            "cs-CZ": "Malá zavěšená horská dráha",
            "ja-JP": "コンパクト・インバーテッド・コースター",
            "pl-PL": "Mała kolejka odwrócona",
            "ru-RU": "Компактные горки",
            "eo-ZZ": "Trajnoj de Kompakta Inversigita Onda Fervojo",
            "ca-ES": "Muntanya russa compacta amb trens invertits",
            "fi-FI": "Komptaktin käänteisvuoristoradan vaunut"
        },
        "description": {
            "en-GB": "Riders sit in pairs of seats suspended beneath the track",
            "fr-FR": "Les passagers sont assis par deux, suspendus à la voie tandis qu’ils zigzaguent et sont chahutés lors d’inversions serrées",
            "de-DE": "Die Fahrgäste hängen in Sitzpaaren unterhalb der Strecke",
            "es-ES": "Los pasajeros se sientan en parejas atravesando rizos e inversiones",
            "it-IT": "I passeggeri siedono in coppia sospesi al tracciato e affrontano giri della morte, curve e improvvise inversioni",
            "nl-NL": "Passagiers zitten in stoelparen die onder de baan hangen terwijl ze door kronkelende en scherpe omkeringen gaan.",
            "sv-SE": "Berg- och dalbanevagnar med säten upphängda under spåret",
            "ko-KR": "트랙 밑에 매달린 좌석에 2명씩 마주보고 짝지어 앉아 루프와 트위스트와 급격한 전이 트랙을 지나는 차량",
            "zh-CN": "乘客成对地坐在悬挂在轨道下的坐椅一起历经牢固的反转回圈快速旋转",
            "zh-TW": "乘客成對地坐在懸掛在軌道下的坐椅一起歷經牢固的反轉迴圈快速旋轉",
            "pt-BR": "Os passageiros sentam em pares de assentos suspensos entre a pista",
            "cs-CZ": "Návštěvníci sedí po dvou zavěšení pod tratí a jedou skrze loopingy a ostré zatáčky",
            "ja-JP": "レールにぶら下がった二人乗り車両のコースターです",
            "pl-PL": "Pasażerowie podróżują parami w fotelach podwieszonych pod torem, pokonując pętle i ostre zakręty",
            "ru-RU": "Люди сидят парами в подвешенных вагончиках.",
            "eo-ZZ": "Rajdantoj sidas en paroj da seĝoj penditaj sub la trako",
            "ca-ES": "Els passatgers seuen per parelles als seients que pengen de la via.",
            "fi-FI": "Matkustajat istuvat pareittain radalta alla riippuvissa istuimissa"
        },
        "capacity": {
            "en-GB": "2 passengers per car",
            "fr-FR": "2 passagers par voiture",
            "de-DE": "2 Fahrgäste pro Wagen",
            "es-ES": "2 pasajeros por vagón",
            "it-IT": "2 passeggeri a carrozza",
            "nl-NL": "2 passagiers per karretje",
            "sv-SE": "2 passagerare per vagn",
            "ko-KR": "차량당 2명의 승객",
            "zh-CN": "2位乘客/车",
            "zh-TW": "2 位乘客/每個車廂",
            "pt-BR": "2 passageiros por carro",
            "cs-CZ": "2 místa v každém vozu",
            "ja-JP": "各車両2名",
            "pl-PL": "2 pasażerów na wagonik",
            "ru-RU": "2 пассажира",
            "eo-ZZ": "Po 2 pasaĝeroj por ĉaro",
            "ca-ES": "2 passatgers per cotxe",
            "fi-FI": "2 matkustajaa per vaunu"
        }
    }
}
