{
    "id": "rct2.ride.chpsh2",
    "authors": [
        "Chris Sawyer",
        "Simon Foster"
    ],
    "version": "1.0",
    "originalId": "0A188A80|CHPSH2  |080C4E7D",
    "sourceGame": "rct2",
    "objectType": "ride",
    "properties": {
        "type": "food_stall",
        "category": "stall",
        "clearance": 40,
        "sells": "chips",
        "disablePainting": true,
        "carsPerFlatRide": 1,
        "carColours": [
            [
                [
                    "black",
                    "black",
                    "black"
                ]
            ]
        ]
    },
    "images": [
        "$RCT2:OBJDATA/CHPSH2.DAT[0..6]"
    ],
    "strings": {
        "name": {
            "en-GB": "Chips Stall",
            "en-US": "Fries Stall",
            "fr-FR": "Stand de frites",
            "de-DE": "Pommesstand",
            "es-ES": "Puesto de patatas fritas",
            "it-IT": "Chiosco dei fritti",
            "nl-NL": "Frietkraam",
            "sv-SE": "Pommes frites-bod",
            "ko-KR": "감자튀김 가게",
            "zh-CN": "炸薯条店",
            "zh-TW": "炸薯條店",
            "pt-BR": "Barraca de Fritas",
            "cs-CZ": "Stánek s hranolkami",
            "ja-JP": "フライドポテト・ショップ",
            "pl-PL": "Kiosk z frytkami",
            "ru-RU": "Картошка",
            "eo-ZZ": "Fritoj-Budo",
            "ca-ES": "Parada de patates fregides",
            "fi-FI": "Ranskalaiskoju"
        },
        "description": {
            "en-GB": "A stall selling chips",
            "en-US": "A stall selling fries",
            "fr-FR": "Boutique vendant des frites",
            "de-DE": "Ein Stand, an dem Pommes Frites verkauft werden",
            "es-ES": "Puesto que vende patatas fritas",
            "it-IT": "Un chiosco che vende cibi fritti",
            "nl-NL": "Een kraam waar friet wordt verkocht.",
            "sv-SE": "Ett stånd som säljer pommes frites",
            "ko-KR": "감자튀김을 파는 가게",
            "zh-CN": "一家卖炸薯条的店",
            "zh-TW": "一家賣炸薯條的店",
            "pt-BR": "Uma barraca vendendo batatas fritas",
            "cs-CZ": "Stánek prodávající hranolky",
            "ja-JP": "フライドポテトを売る売店です",
            "pl-PL": "Stoisko sprzedające frytki",
            "ru-RU": "Продажа картошки",
            "eo-ZZ": "Budo vendanta fritojn",
            "ca-ES": "Caseta on es venen patates fregides.",
            "fi-FI": "Koju, joka myy ranskanperunoita"
        }
    }
}
