{
    "id": "rct2.ride.spcar",
    "authors": [
        "Chris Sawyer",
        "Simon Foster"
    ],
    "version": "1.0",
    "originalId": "0A188B80|SPCAR   |69F23BC4",
    "sourceGame": [
        "rct2",
        "rct1"
    ],
    "objectType": "ride",
    "properties": {
        "type": "car_ride",
        "category": "gentle",
        "noCollisionCrashes": true,
        "minCarsPerTrain": 3,
        "maxCarsPerTrain": 3,
        "numEmptyCars": 2,
        "tabCar": 1,
        "headCars": 1,
        "tailCars": 1,
        "carColours": [
            [
                [
                    "bright_red",
                    "yellow",
                    "black"
                ]
            ],
            [
                [
                    "dark_green",
                    "olive_green",
                    "black"
                ]
            ]
        ],
        "cars": [
            {
                "rotationFrameMask": 31,
                "spacing": 174320,
                "mass": 300,
                "numSeats": 2,
                "numSeatRows": 1,
                "poweredAcceleration": 90,
                "poweredMaxSpeed": 8,
                "drawOrder": 9,
                "frames": {
                    "flat": true,
                    "gentleSlopes": true
                },
                "hasAdditionalColour1": true,
                "isPowered": true,
                "loadingPositions": [
                    4,
                    -4
                ]
            },
            {
                "rotationFrameMask": 0,
                "spacing": 34864,
                "poweredAcceleration": 90,
                "poweredMaxSpeed": 8,
                "carVisual": 1,
                "drawOrder": 8,
                "spriteGroups": {
                    "slopeFlat": 1
                },
                "isPowered": true
            }
        ],
        "buildMenuPriority": 5
    },
    "images": [
        "$RCT2:OBJDATA/SPCAR.DAT[0..210]",
        ""
    ],
    "strings": {
        "name": {
            "en-GB": "Sports Cars",
            "fr-FR": "Voitures de sport",
            "de-DE": "Sportwagen",
            "es-ES": "Deportivos",
            "it-IT": "Auto sportive",
            "nl-NL": "Sportauto’s",
            "sv-SE": "Sportbilar",
            "ko-KR": "스포츠 카",
            "zh-CN": "运动车",
            "zh-TW": "運動車",
            "pt-BR": "Carros Esporte",
            "cs-CZ": "Sportovní auta",
            "ja-JP": "スポーツカー",
            "pl-PL": "Wyścigówki",
            "ru-RU": "Спорткары",
            "eo-ZZ": "Sportaŭtoj",
            "ca-ES": "Cotxes esportius",
            "fi-FI": "Urheiluautot"
        },
        "description": {
            "en-GB": "Powered vehicles in the shape of sports cars",
            "fr-FR": "Véhicules à propulsion en forme de voitures de sport",
            "de-DE": "Angetriebene Fahrzeuge in Form von Sportwagen",
            "es-ES": "Vehículos autopropulsados de forma de carreras",
            "it-IT": "Veicoli a motore che ricordano le auto sportive",
            "nl-NL": "Elektrische voertuigen in de vorm van een sportauto.",
            "sv-SE": "Motordrivna fordon utformade som sportbilar",
            "ko-KR": "스포츠 카 모양의 차량",
            "zh-CN": "运动车外形的动力机械车辆",
            "zh-TW": "運動車外形的動力機械車輛",
            "pt-BR": "Veículos motorizados na forma de carros esporte",
            "cs-CZ": "Vozy ve tvaru sportovních aut",
            "ja-JP": "スポーツカーの形をした、動力付きの車両です",
            "pl-PL": "Pojazdy z napędem w kształcie samochodów wyścigowych",
            "ru-RU": "Машинки в форме спорткаров",
            "eo-ZZ": "Ŝaltitaj veturiloj formitaj kiel sportaŭtoj",
            "ca-ES": "Vehicles en forma de cotxes esportius.",
            "fi-FI": "Urheiluauton muotoiset moottoroidut ajoneuvot"
        },
        "capacity": {
            "en-GB": "2 passengers per car",
            "fr-FR": "2 passagers par voiture",
            "de-DE": "2 Fahrgäste pro Wagen",
            "es-ES": "2 pasajeros por coche",
            "it-IT": "2 passeggeri a carrozza",
            "nl-NL": "1 passagier per karretje",
            "sv-SE": "2 passagerare per vagn",
            "ko-KR": "차량당 2명의 승객",
            "zh-CN": "2位乘客/车",
            "zh-TW": "2 位乘客/每個車廂",
            "pt-BR": "2 passageiros por carro",
            "cs-CZ": "2 místa v každém vozu",
            "ja-JP": "各車両2名",
            "pl-PL": "2 pasażerów na wagonik",
            "ru-RU": "2 пассажира",
            "eo-ZZ": "Po 2 pasaĝeroj por ĉaro",
            "ca-ES": "2 passatgers per cotxe",
            "fi-FI": "2 matkustajaa per auto"
        }
    }
}
