{
    "id": "rct2.ride.swsh1",
    "authors": [
        "Chris Sawyer",
        "Simon Foster"
    ],
    "version": "1.0",
    "originalId": "0A188B80|SWSH1   |3119CB85",
    "sourceGame": [
        "rct2",
        "rct1"
    ],
    "objectType": "ride",
    "properties": {
        "type": "swinging_ship",
        "category": "thrill",
        "tabScale": 0.5,
        "carsPerFlatRide": 1,
        "carColours": [
            [
                [
                    "olive_green",
                    "yellow",
                    "black"
                ]
            ],
            [
                [
                    "bordeaux_red",
                    "white",
                    "black"
                ]
            ]
        ],
        "cars": {
            "spacing": 139456,
            "mass": 200,
            "tabOffset": -20,
            "numSeats": 16,
            "spriteWidth": 90,
            "spriteHeightNegative": 137,
            "spriteHeightPositive": 17,
            "carVisual": 1,
            "drawOrder": 6,
            "frames": {
                "flat": true
            },
            "recalculateSpriteBounds": true,
            "hasAdditionalColour1": true,
            "loadingPositions": [
                30,
                28,
                -30,
                -28,
                20,
                18,
                -20,
                -18,
                12,
                10,
                -12,
                -10,
                5,
                3,
                -5,
                -3
            ]
        }
    },
    "images": [
        "$RCT2:OBJDATA/SWSH1.DAT[0..344]"
    ],
    "strings": {
        "name": {
            "en-GB": "Pirate Ship",
            "fr-FR": "Bateau pirate",
            "de-DE": "Piratenschiff",
            "es-ES": "Barco Pirata",
            "it-IT": "Nave dei pirati",
            "nl-NL": "Schommelschip",
            "sv-SE": "Piratskepp",
            "ko-KR": "바이킹",
            "zh-CN": "海盗船",
            "zh-TW": "海盜船",
            "pt-BR": "Navio Pirata",
            "cs-CZ": "Pirátská loď",
            "ja-JP": "パイレーツシップ",
            "nb-NO": "Piratskip",
            "pl-PL": "Okręt piracki",
            "ru-RU": "Корабль",
            "eo-ZZ": "Pirato-Ŝipo",
            "ca-ES": "Vaixell pirata",
            "fi-FI": "Merirosvolaiva"
        },
        "description": {
            "en-GB": "Large swinging pirate ship",
            "fr-FR": "Grand bateau pirate se balançant d’avant en arrière",
            "de-DE": "Großes schwingendes Piratenschiff",
            "es-ES": "Gran barco pirata que se balancea",
            "it-IT": "Enorme nave dei pirati oscillante",
            "nl-NL": "Groot schommelend piratenschip",
            "sv-SE": "Stort svängande piratskepp",
            "ko-KR": "흔들리는 거대한 해적선",
            "zh-CN": "大规模摆动的海盗船",
            "zh-TW": "大規模?動的海盜船",
            "pt-BR": "Grande navio pirata de balanço",
            "cs-CZ": "Velká houpající se pirátská loď",
            "ja-JP": "前後にスイングする大きなパイレーツです",
            "pl-PL": "Wielka huśtawka w kształcie statku",
            "ru-RU": "Большой пиратский корабль",
            "eo-ZZ": "Granda svingiĝanta pirato-ŝipo",
            "ca-ES": "Vaixell pirata enorme que es balanceja.",
            "fi-FI": "Suuri keinuva merirosvolaiva"
        },
        "capacity": {
            "en-GB": "16 passengers",
            "fr-FR": "16 passagers",
            "de-DE": "16 Fahrgäste",
            "es-ES": "16 pasajeros",
            "it-IT": "16 passeggeri",
            "nl-NL": "16 passagiers",
            "sv-SE": "16 passagerare",
            "ko-KR": "승객 16명",
            "zh-CN": "16 位乘客",
            "zh-TW": "16 位乘客",
            "pt-BR": "16 passageiros",
            "cs-CZ": "16 návštěvníků",
            "ja-JP": "定員16名",
            "pl-PL": "16 pasażerów",
            "ru-RU": "16 чел",
            "eo-ZZ": "16 pasaĝeroj",
            "ca-ES": "16 passatgers",
            "fi-FI": "16 matkustajaa"
        }
    }
}
