{
    "id": "rct2.ride.lfb1",
    "authors": [
        "Chris Sawyer",
        "Simon Foster"
    ],
    "version": "1.0",
    "originalId": "0A188B80|LFB1    |202DF350",
    "sourceGame": [
        "rct2",
        "rct1"
    ],
    "objectType": "ride",
    "properties": {
        "type": "log_flume",
        "category": "water",
        "playSplashSound": true,
        "noCollisionCrashes": true,
        "carColours": [
            [
                [
                    "dark_brown",
                    "black",
                    "black"
                ]
            ]
        ],
        "cars": [
            {
                "rotationFrameMask": 31,
                "spacing": 252764,
                "mass": 250,
                "numSeats": 4,
                "numSeatRows": 2,
                "logFlumeReverserVehicleType": 1,
                "soundRange": 0,
                "poweredAcceleration": 100,
                "poweredMaxSpeed": 6,
                "effectVisual": 12,
                "drawOrder": 9,
                "frames": {
                    "flat": true,
                    "gentleSlopes": true
                },
                "isPowered": true,
                "hasScreamingRiders": true,
                "isWaterRide": true,
                "loadingPositions": [
                    6,
                    4,
                    -7,
                    -9
                ]
            },
            {
                "rotationFrameMask": 31,
                "spacing": 252764,
                "mass": 250,
                "numSeats": 4,
                "numSeatRows": 2,
                "soundRange": 0,
                "poweredAcceleration": 100,
                "poweredMaxSpeed": 6,
                "effectVisual": 12,
                "drawOrder": 9,
                "frames": {
                    "flat": true,
                    "gentleSlopes": true
                },
                "isPowered": true,
                "hasScreamingRiders": true,
                "isWaterRide": true,
                "loadingPositions": [
                    6,
                    4,
                    -7,
                    -9
                ]
            }
        ],
        "buildMenuPriority": 1
    },
    "images": [
        "$RCT2:OBJDATA/LFB1.DAT[0..626]"
    ],
    "strings": {
        "name": {
            "en-GB": "Logs",
            "fr-FR": "Bûches",
            "de-DE": "Baumstämme",
            "es-ES": "Leños de agua",
            "it-IT": "Canale con i tronchi",
            "nl-NL": "Boomstammen",
            "sv-SE": "Stockar",
            "ko-KR": "통나무 보트",
            "zh-CN": "原木溪谷",
            "zh-TW": "原木溪谷",
            "pt-BR": "Troncos",
            "cs-CZ": "Divoká řeka",
            "ja-JP": "ログ・フリューム",
            "pl-PL": "Jazda flisacka",
            "ru-RU": "Ущелье",
            "eo-ZZ": "Ŝtipoj",
            "ca-ES": "Troncs",
            "fi-FI": "Tukit"
        },
        "description": {
            "en-GB": "Log-shaped boats built for running in water channels",
            "fr-FR": "Bateaux en forme de bûches géantes parcourant un tube aquatique dont les pentes abruptes auront pour effet de tremper les passagers",
            "de-DE": "Baumstammförmige Boote, die für die Fahrt in Wasserkanälen ausgelegt sind",
            "es-ES": "Barcos con forma de tronco que viajan por un canal de agua, salpicando hasta empapar a los pasajeros",
            "it-IT": "Barche a forma di tronco viaggiano lungo un canale d’acqua, generando al termine delle discese enormi spruzzi che inzuppano i passeggeri",
            "nl-NL": "Boten in de vorm van een boomstam varen door een waterbak, waarbij ze van steile hellingen afdalen om de passagiers te doorweken.",
            "sv-SE": "Stockformade båtar byggda för vattenkanaler",
            "ko-KR": "수로를 따라 이동하다가 긴 낙하를 지나며 물을 튀겨 탑승객을 홀딱 젖게 만드는 통나무 모양의 보트",
            "zh-CN": "原木风格的船延着水道在陡峭斜坡急速下滑水溢四溅喷洒到乘客",
            "zh-TW": "原木風格的船延著水道在陡峭斜坡急速下滑水溢四濺噴灑到遊客",
            "pt-BR": "Barcos em forma de tronco construídos para flutuar por canais d’água",
            "cs-CZ": "Lodě ve tvaru klád se plaví po vodním kanálu a cákají. Nikdo nezůstane suchý",
            "ja-JP": "水路を進む丸太舟で、急傾斜から水に飛び込み、乗客はずぶぬれになります",
            "pl-PL": "Łódki w kształcie pni płyną wodnym kanałem, spadając z pluskiem ze stromych spadków, aby zamoczyć pasażerów",
            "ru-RU": "Лодки в виде бревен плывут по каналу, периодически плюхаясь со склонов.",
            "eo-ZZ": "Ŝtipoformaj boatoj konstruitaj por veturi en akvokanaloj",
            "ca-ES": "Barques en forma de tron que circulen per canals d’aigua.",
            "fi-FI": "Tukinmuotoiset veneet, jotka on tehty vesikanavissa matkustusta varten"
        },
        "capacity": {
            "en-GB": "4 passengers per boat",
            "fr-FR": "4 passagers par bateau",
            "de-DE": "4 Fahrgäste pro Boot",
            "es-ES": "4 pasajeros por vagón",
            "it-IT": "4 passeggeri per barca",
            "nl-NL": "4 passagiers per boot",
            "sv-SE": "4 passagerare per båt",
            "ko-KR": "보트당 4명의 승객",
            "zh-CN": "4 位乘客 /每艘船",
            "zh-TW": "4 位乘客 /每艘船",
            "pt-BR": "4 passageiros por barco",
            "cs-CZ": "4 místa v každé lodi",
            "ja-JP": "各ボート4名",
            "pl-PL": "4 pasażerów na łódkę",
            "ru-RU": "4 пассажира",
            "eo-ZZ": "Po 4 pasaĝeroj por boato",
            "ca-ES": "4 passatgers per barca",
            "fi-FI": "4 matkustajaa per vene"
        }
    }
}
