{
    "id": "rct2.ride.arrsw1",
    "authors": [
        "Chris Sawyer",
        "Simon Foster"
    ],
    "version": "1.0",
    "originalId": "0A188A80|ARRSW1  |0861F5A7",
    "sourceGame": [
        "rct2",
        "rct1"
    ],
    "objectType": "ride",
    "properties": {
        "type": "suspended_swinging_rc",
        "category": "rollercoaster",
        "tabScale": 0.5,
        "maxCarsPerTrain": 8,
        "carColours": [
            [
                [
                    "bright_red",
                    "saturated_red",
                    "yellow"
                ]
            ],
            [
                [
                    "dark_green",
                    "dark_purple",
                    "white"
                ]
            ],
            [
                [
                    "white",
                    "grey",
                    "bright_red"
                ]
            ]
        ],
        "cars": {
            "rotationFrameMask": 31,
            "spacing": 287628,
            "mass": 950,
            "tabOffset": -22,
            "numSeats": 4,
            "numSeatRows": 2,
            "frictionSoundId": 2,
            "soundRange": 2,
            "drawOrder": 4,
            "frames": {
                "flat": true,
                "gentleSlopes": true,
                "steepSlopes": true,
                "diagonalSlopes": true,
                "restraintAnimation": true
            },
            "hasAdditionalColour2": true,
            "hasAdditionalColour1": true,
            "hasSwinging": true,
            "hasScreamingRiders": true,
            "useSuspendedSwing": true,
            "loadingPositions": [
                4,
                6,
                -6,
                -4
            ]
        },
        "buildMenuPriority": 3
    },
    "images": [
        "$RCT2:OBJDATA/ARRSW1.DAT[0..4622]"
    ],
    "strings": {
        "name": {
            "en-GB": "Suspended Swinging Cars",
            "fr-FR": "Voitures à bascule suspendues",
            "de-DE": "Hängebahnwagen",
            "es-ES": "Coches Suspendidos",
            "it-IT": "Carrozze oscillanti sospese",
            "nl-NL": "Normale karretjes",
            "sv-SE": "Upphängda pendlande vagnar",
            "ko-KR": "서스펜디드 스윙잉 차량",
            "zh-CN": "悬晃列车",
            "zh-TW": "懸晃列車",
            "pt-BR": "Carros de Balanço Suspensos",
            "cs-CZ": "Zavěšené houpající se vozy",
            "ja-JP": "サスペンデッド・スイング車両",
            "pl-PL": "Swobodnie podwieszone wagoniki",
            "ru-RU": "Подвесные вагоны",
            "eo-ZZ": "Penditaj Svingiĝantaj Ĉaroj",
            "ca-ES": "Cotxes balancí penjants",
            "fi-FI": "Riippuvat keinuvaunut"
        },
        "description": {
            "en-GB": "Suspended roller coaster trains consisting of cars able to swing freely as the train goes around corners",
            "fr-FR": "Train suspendu à des montagnes russes et dont les voitures se balancent dans les virages",
            "de-DE": "Hängende Achterbahnzüge, die aus Wagen bestehen, die frei schwingen können, wenn der Zug um die Kurven fährt",
            "es-ES": "Vagones suspendidos que se balancean libremente al tomar las curvas",
            "it-IT": "I treni da ottovolante sospesi trainano carrozze capaci di oscillare liberamente quando il treno gira in una curva",
            "nl-NL": "Omgekeerde achtbaantrein bestaande uit karretjes die vrijuit kunnen schommelen als de trein door een bocht gaat.",
            "sv-SE": "Hängande vagnar som pendlar ut åt sidan i kurvorna",
            "ko-KR": "차량이 코너를 돌면 자유롭게 흔들거리게 만들어진 서스펜디드 롤러코스터 차량",
            "zh-CN": "是由当列车在转角处转弯时列车自由摇摆晃动组成的悬挂式过山车",
            "zh-TW": "是由當列車在轉角處轉彎時列車自由搖?晃動組成的懸掛式雲霄飛車",
            "pt-BR": "Trens de montanha-russa suspenso consistindo de carros capazes de balançar livremente quando o trem passa pelas curvas",
            "cs-CZ": "Zavěšená horská dráha z volné zavěšených vozů, které se naklání při jízdě do zatáček",
            "ja-JP": "車両がコーナーを回る際、大きく揺れ動くようになっている吊り下げ式のローラーコースターです",
            "pl-PL": "Kolejka górska z podwieszanymi wagonikami, które mogą się swobodnie kołysać podczas pokonywania zakrętów",
            "ru-RU": "Suspended roller coaster train consisting of cars able to swing freely as the train goes around corners",
            "eo-ZZ": "Penditaj trajnoj de onda fervojo, kiuj konsistas el ĉaroj, kiuj svingiĝas libere kiam la trajno iras ĉirkau anguloj",
            "ca-ES": "Muntanya russa amb trens penjants amb cotxes que es balancegen quan passen per les corbes.",
            "fi-FI": "Vapaasti käänteissä keinuvat riippuvat vuoristoratavaunut"
        },
        "capacity": {
            "en-GB": "4 passengers per car",
            "fr-FR": "4 passagers par voiture",
            "de-DE": "4 Fahrgäste pro Wagen",
            "es-ES": "4 pasajeros por vagón",
            "it-IT": "4 passeggeri a carrozza",
            "nl-NL": "4 passagiers per karretje",
            "sv-SE": "4 passagerare per vagn",
            "ko-KR": "차량당 4명의 승객",
            "zh-CN": "4位乘客/车",
            "zh-TW": "4 位乘客/每個車廂",
            "pt-BR": "4 passageiros por carro",
            "cs-CZ": "4 místa v každém voze",
            "ja-JP": "各車両4名",
            "pl-PL": "4 pasażerów na wagonik",
            "ru-RU": "4 пассажира",
            "eo-ZZ": "Po 4 pasaĝeroj por ĉaro",
            "ca-ES": "4 passatgers per cotxe",
            "fi-FI": "4 matkustajaa per vaunu"
        }
    }
}
