{
    "id": "rct2.ride.vekvamp",
    "authors": [
        "Chris Sawyer",
        "Simon Foster"
    ],
    "version": "1.0",
    "originalId": "0A188C80|VEKVAMP |9EEE264F",
    "sourceGame": "rct2",
    "objectType": "ride",
    "properties": {
        "type": "suspended_swinging_rc",
        "category": "rollercoaster",
        "minCarsPerTrain": 5,
        "maxCarsPerTrain": 12,
        "ratingMultipler": {
            "excitement": 8,
            "intensity": 4,
            "nausea": 7
        },
        "carColours": [
            [
                [
                    "black",
                    "dark_purple",
                    "black"
                ]
            ],
            [
                [
                    "bordeaux_red",
                    "black",
                    "yellow"
                ]
            ]
        ],
        "cars": {
            "rotationFrameMask": 31,
            "spacing": 139456,
            "mass": 500,
            "tabOffset": -22,
            "numSeats": 2,
            "numSeatRows": 1,
            "frictionSoundId": 2,
            "soundRange": 2,
            "drawOrder": 2,
            "frames": {
                "flat": true,
                "gentleSlopes": true,
                "steepSlopes": true,
                "diagonalSlopes": true,
                "restraintAnimation": true
            },
            "hasAdditionalColour2": true,
            "hasAdditionalColour1": true,
            "hasSwinging": true,
            "hasScreamingRiders": true,
            "useSuspendedSwing": true,
            "loadingPositions": [
                3,
                -3
            ]
        },
        "buildMenuPriority": 2
    },
    "images": [
        "$RCT2:OBJDATA/VEKVAMP.DAT[2]",
        "",
        "",
        "$RCT2:OBJDATA/VEKVAMP.DAT[3..3082]"
    ],
    "strings": {
        "name": {
            "en-GB": "Swinging Floorless Cars",
            "fr-FR": "Balancelle sans fonds",
            "de-DE": "Bodenlose Wagen",
            "es-ES": "Coches Balancín Sin Suelo",
            "it-IT": "Carr. oscillanti senza pavimento",
            "nl-NL": "Karretjes zonder vloer",
            "sv-SE": "Svingande golvlösa vagnar",
            "ko-KR": "스윙잉 플로어리스 차량",
            "zh-CN": "无底板摇摆列车",
            "zh-TW": "搖?列車",
            "pt-BR": "Carros de Balanço Sem-Chão",
            "cs-CZ": "Houpající se vozy bez podlahy",
            "ja-JP": "スイング・フロアレス車両",
            "pl-PL": "Dyndające krzesełka",
            "ru-RU": "Вагончики",
            "eo-ZZ": "Svingiĝantaj Senplankaj Aŭtoj",
            "ca-ES": "Cotxes balancí sense terra",
            "fi-FI": "Keinuvat lattiattomat vaunut"
        },
        "description": {
            "en-GB": "Suspended roller coaster trains consisting of chairlift-style seats able to swing freely as the train goes around corners",
            "fr-FR": "Train de montagnes russes suspendu et composé de télésièges qui se balancent librement dans les virages",
            "de-DE": "Hängende Achterbahnzüge mit sesselliftartigen Sitzen, die in Kurven frei schwingen können",
            "es-ES": "Vagones suspendidos como en los telesilla que pueden balancearse libremente en las curvas",
            "it-IT": "Treno da ottovolante sospeso che traina sedili da seggiovia capaci di oscillare liberamente nelle curve",
            "nl-NL": "Omgekeerde achtbaantrein bestaande uit stoeltjesliftachtige karretjes die vrijuit kunnen schommelen als de trein door een bocht gaat.",
            "sv-SE": "Vagnar utformade som hängande stolliftar, som pendlar ut åt sidan i kurvorna",
            "ko-KR": "코너를 돌면 차량이 자유롭게 흔들리고, 체어 리프트 스타일의 좌석이 있는 매달린 롤러코스터 차량",
            "zh-CN": "悬挂式过山车列车的的组成是由升降机式坐椅可以在行进间经过转角处时自由摆动摇晃",
            "zh-TW": "懸掛式雲霄飛車列車的的組成是由升降機式坐椅可以在行進間經過轉角處時自由?動搖晃",
            "pt-BR": "Trens de montanha-russa suspensa consistindo de assentos de estilo teleférico, capazes de balançar livremente quando o trem passa por curvas",
            "cs-CZ": "Zavěšená horská dráha připomínající sedačkovou lanovku, houpající se v zatáčkách",
            "ja-JP": "チェアリフトタイプの座席に座ってぶら下がるローラーコースターで、コーナーで大きく揺れ動きます",
            "pl-PL": "Kolejka górska z podwieszanymi fotelikami typu wyciągu krzesełkowego, które bujają się swobodnie na zakrętach",
            "ru-RU": "Подвесные вагончики, раскачивающиеся во всех направлениях.",
            "eo-ZZ": "Penditaj trajnoj de onda fervojo, kiuj konsistas el ĉarojn, kiuj povas svingiĝi libere kiam la trajno iras ĉirkau anguloj",
            "ca-ES": "Muntanya russa amb trens penjants que tenen seients d’estil telecadira que es balancegen quan passen per les corbes.",
            "fi-FI": "Tuolihissin tyyliset vapaasti käänteissä keinuvat riippuvat vuoristoratavaunut"
        },
        "capacity": {
            "en-GB": "2 passengers per car",
            "fr-FR": "2 passagers par voiture",
            "de-DE": "2 Fahrgäste pro Wagen",
            "es-ES": "2 pasajeros por vagón",
            "it-IT": "2 passeggeri a carrozza",
            "nl-NL": "2 passagiers per karretje",
            "sv-SE": "2 passagerare per vagn",
            "ko-KR": "차량당 2명의 승객",
            "zh-CN": "2位乘客/车",
            "zh-TW": "2 位乘客/每個車廂",
            "pt-BR": "2 passageiros por vagão",
            "cs-CZ": "2 místa v každém vozu",
            "ja-JP": "各車両2名",
            "pl-PL": "2 pasażerów na wagonik",
            "ru-RU": "2 пассажира",
            "eo-ZZ": "Po 2 pasaĝeroj por ĉaro",
            "ca-ES": "2 passatgers per cotxe",
            "fi-FI": "2 matkustajaa per vaunu"
        }
    }
}
