{
    "id": "rct2.ride.toffs",
    "authors": [
        "Chris Sawyer",
        "Simon Foster"
    ],
    "version": "1.0",
    "originalId": "0A188B80|TOFFS   |2CDB7139",
    "sourceGame": [
        "rct2",
        "rct1aa"
    ],
    "objectType": "ride",
    "properties": {
        "type": "food_stall",
        "category": "stall",
        "clearance": 64,
        "sells": "toffee_apple",
        "disablePainting": true,
        "carsPerFlatRide": 1,
        "carColours": [
            [
                [
                    "black",
                    "black",
                    "black"
                ]
            ]
        ]
    },
    "images": [
        "$RCT2:OBJDATA/TOFFS.DAT[0..6]"
    ],
    "strings": {
        "name": {
            "en-GB": "Toffee Apple Stall",
            "en-US": "Candy Apple Stall",
            "fr-FR": "Pomme d’amour",
            "de-DE": "Karamellapfelstand",
            "es-ES": "Puesto manzanas de caramelo",
            "it-IT": "Chiosco di mele caramellate",
            "nl-NL": "Kraam met gevulde appels",
            "sv-SE": "Äppelklubba",
            "ko-KR": "사과 토피 사탕 가게",
            "zh-CN": "太妃糖苹果店",
            "zh-TW": "太妃糖蘋果店",
            "pt-BR": "Barraca de Maçã-do-amor",
            "cs-CZ": "Stánek s jablky v županu",
            "ja-JP": "リンゴ飴店",
            "pl-PL": "Kiosk z jabłkami w polewie",
            "ru-RU": "Конфеты",
            "eo-ZZ": "Sukerpomobudo",
            "ca-ES": "Paradeta de pomes de caramel",
            "fi-FI": "Toffeeomenakoju"
        },
        "description": {
            "en-GB": "An apple-shaped stall selling toffee apples on a stick",
            "en-US": "An apple-shaped stall selling candy apples on a stick",
            "fr-FR": "Boutique en forme de pomme vendant des pommes d’amour",
            "de-DE": "Ein apfelförmiger Stand, an dem Karamelläpfel am Stiel verkauft werden",
            "es-ES": "Un puesto con forma de manzana que vende manzanas de caramelo",
            "it-IT": "Un chiosco a forma di mela che vende mele caramellate infilzate su un bastoncino",
            "nl-NL": "Een appelvormige kraam waar gevulde appels op een stokje worden verkocht.",
            "sv-SE": "Ett äppelformat stånd som säljer äppelklubbor med klibbigt knäcköverdrag",
            "ko-KR": "사과 토피 사탕을 막대기에 꽂아 파는 사과 모양의 가게",
            "zh-CN": "一间太妃糖苹果店在卖太妃糖苹果棒",
            "zh-TW": "一間太妃糖蘋果店在賣太妃糖蘋果棒",
            "pt-BR": "Uma barraca na forma de maça vendendo maçãs-do-amor",
            "cs-CZ": "Stánek prodávající jablka v županu na tyčce",
            "ja-JP": "棒にさしたリンゴアメを売る、リンゴ形の売店です",
            "pl-PL": "Stoisko w kształcie jabłka, sprzedające jabłka oblane polewą toffi",
            "ru-RU": "Палатка с яблочными конфетами.",
            "eo-ZZ": "Pomoforma budo vendanta sukerpomojn kun bastoneto",
            "ca-ES": "Un estand en forma de poma que ven pomes de caramel amb un pal.",
            "fi-FI": "Omenan muotoinen koju, joka myy toffeeomenoita tikun nokassa"
        }
    }
}
