{
    "id": "rct2.ride.cindr",
    "authors": [
        "Chris Sawyer",
        "Simon Foster"
    ],
    "version": "1.0",
    "originalId": "0A188A80|CINDR   |E62108E8",
    "sourceGame": "rct2",
    "objectType": "ride",
    "properties": {
        "type": "drink_stall",
        "category": "stall",
        "clearance": 64,
        "sells": "sujeonggwa",
        "disablePainting": true,
        "carsPerFlatRide": 1,
        "carColours": [
            [
                [
                    "black",
                    "black",
                    "black"
                ]
            ]
        ]
    },
    "images": [
        "$RCT2:OBJDATA/CINDR.DAT[0..6]"
    ],
    "strings": {
        "name": {
            "en-GB": "Sujeonggwa Stall",
            "fr-FR": "Rhumerie",
            "de-DE": "Sujeonggwa-Stand",
            "es-ES": "Puesto de sujeonggwa",
            "it-IT": "Chiosco di sujeonggwa",
            "nl-NL": "Sujeonggwakraam",
            "sv-SE": "Sujeonggwa-stånd",
            "ko-KR": "수정과 가게",
            "zh-CN": "姜糖茶店",
            "zh-TW": "Sujeonggwa 店",
            "pt-BR": "Barraca de Ponche de Caqui",
            "cs-CZ": "Stánek s suzungkwa",
            "ja-JP": "スジョングァ・ショップ",
            "pl-PL": "Kiosk Sujeonggwa",
            "ru-RU": "Рюмочная",
            "eo-ZZ": "Suĝongvao-Budo",
            "ca-ES": "Estand de Sujeonggwa",
            "fi-FI": "Sujeonggwa-koju"
        },
        "description": {
            "en-GB": "A stall selling Korean style Sujeonggwa drinks",
            "fr-FR": "Boutique vendant du punch",
            "de-DE": "Ein Stand, an dem koreanische Sujeonggwa-Getränke verkauft werden",
            "es-ES": "Puesto que vende bebidas estilo koreano sujeonggwa",
            "it-IT": "Un chiosco che vende bevande di sujeonggwa alla coreana",
            "nl-NL": "Een kraam waar Koreaanse sujeonggwa-drankjes worden verkocht.",
            "sv-SE": "Ett stånd som säljer Koreanska Sujeonggwadrycker",
            "ko-KR": "한국식 수정과를 파는 가게",
            "zh-CN": "一家卖韩式姜糖茶饮料的店",
            "zh-TW": "一家賣韓式Sujeonggwa飲料的店",
            "pt-BR": "Uma barraca vendendo ponche de caqui à moda coreana",
            "cs-CZ": "Stánek prodávající suzungkwa",
            "ja-JP": "韓国風の柿ジュースを売る売店です",
            "pl-PL": "Stoisko sprzedające koreańskie napoje Sujeonggwa",
            "ru-RU": "Палатка, где разливают сухое вино.",
            "eo-ZZ": "Budo vendanta Korea-stilajn Suĝongvao-trinkaĵojn",
            "ca-ES": "Un estand en el qual es venen begudes Sujeonggwa d’estil coreà.",
            "fi-FI": "Koju, joka myy korealaistyylisiä sujeonggwa-juomia"
        }
    }
}
