{
    "id": "rct2.ride.scht1",
    "authors": [
        "Chris Sawyer",
        "Simon Foster"
    ],
    "version": "1.0",
    "originalId": "0A188B80|SCHT1   |4862FCC8",
    "sourceGame": "rct2",
    "objectType": "ride",
    "properties": {
        "type": "looping_rc",
        "category": "rollercoaster",
        "minCarsPerTrain": 2,
        "maxCarsPerTrain": 8,
        "defaultCar": 1,
        "headCars": 0,
        "carColours": [
            [
                [
                    "bright_red",
                    "bright_red",
                    "yellow"
                ]
            ],
            [
                [
                    "dark_green",
                    "bright_red",
                    "dark_green"
                ]
            ],
            [
                [
                    "light_blue",
                    "white",
                    "light_blue"
                ]
            ]
        ],
        "cars": [
            {
                "rotationFrameMask": 31,
                "spacing": 270196,
                "mass": 550,
                "numSeats": 4,
                "numSeatRows": 2,
                "frictionSoundId": 2,
                "soundRange": 2,
                "drawOrder": 5,
                "frames": {
                    "flat": true,
                    "gentleSlopes": true,
                    "steepSlopes": true,
                    "verticalSlopes": true,
                    "diagonalSlopes": true,
                    "flatBanked": true,
                    "flatToGentleSlopeBankedTransitions": true,
                    "diagonalGentleSlopeBankedTransitions": true,
                    "gentleSlopeBankedTransitions": true,
                    "gentleSlopeBankedTurns": true,
                    "flatToGentleSlopeWhileBankedTransitions": true,
                    "restraintAnimation": true
                },
                "hasAdditionalColour2": true,
                "hasAdditionalColour1": true,
                "hasScreamingRiders": true,
                "loadingPositions": [
                    5,
                    3,
                    -7,
                    -9
                ]
            },
            {
                "rotationFrameMask": 31,
                "spacing": 183036,
                "mass": 525,
                "numSeats": 4,
                "numSeatRows": 2,
                "frictionSoundId": 2,
                "soundRange": 0,
                "drawOrder": 7,
                "frames": {
                    "flat": true,
                    "gentleSlopes": true,
                    "steepSlopes": true,
                    "verticalSlopes": true,
                    "diagonalSlopes": true,
                    "flatBanked": true,
                    "flatToGentleSlopeBankedTransitions": true,
                    "diagonalGentleSlopeBankedTransitions": true,
                    "gentleSlopeBankedTransitions": true,
                    "gentleSlopeBankedTurns": true,
                    "flatToGentleSlopeWhileBankedTransitions": true,
                    "restraintAnimation": true
                },
                "hasAdditionalColour1": true,
                "hasScreamingRiders": true,
                "loadingPositions": [
                    7,
                    9,
                    -3,
                    -1
                ]
            }
        ],
        "buildMenuPriority": 1
    },
    "images": [
        "$RCT2:OBJDATA/SCHT1.DAT[0..4322]"
    ],
    "strings": {
        "name": {
            "en-GB": "Looping Roller Coaster Trains",
            "fr-FR": "Trains de montagnes russes",
            "de-DE": "Looping-Achterbahnzüge",
            "es-ES": "Trenes de Montaña Rusa",
            "it-IT": "Treni da ottovolante",
            "nl-NL": "Achtbaantrein",
            "sv-SE": "Loopande berg- och dalbanetåg",
            "ko-KR": "롤러코스터 차량",
            "zh-CN": "火车的过山车",
            "zh-TW": "火車的雲霄飛車",
            "pt-BR": "Trens de Montanha-russa",
            "cs-CZ": "Horská dráha",
            "ja-JP": "ジェットコースター車両",
            "pl-PL": "Kolejka górska",
            "ru-RU": "Американские горки",
            "eo-ZZ": "Trajnoj de Lopanta Onda Fervojo",
            "ca-ES": "Muntanya russa amb inversions",
            "fi-FI": "Silmukkavuoristoratavaunut"
        },
        "description": {
            "en-GB": "Roller coaster trains with lap bars capable of travelling through vertical loops",
            "en-US": "Roller coaster trains with lap bars capable of traveling through vertical loops",
            "fr-FR": "Trains de montagnes russes avec des barres de protection au niveau des jambes et capables de passer dans des boucles verticales",
            "de-DE": "Achterbahnzüge mit Beckenhalterungen, die durch vertikale Schleifen fahren können",
            "es-ES": "Montaña rusa con barras de regazo capaz de rizos verticales",
            "it-IT": "Treni da ottovolante con barre al petto capaci di correre lungo giri della morte in verticale",
            "nl-NL": "Achtbaantrein met schootbeugels, die door loopings kan rijden.",
            "sv-SE": "Berg- och dalbanetåg med byglar som klarar av att ta passagerare genom vertikala loopar",
            "ko-KR": "무릎 안전바가 있으며 수직 루프를 돌 수 있는 롤러코스터 차량",
            "zh-CN": "火车的过山车在历经垂直回圈时有膝部安全设备",
            "zh-TW": "火車的雲霄飛車在歷經垂直迴圈時有膝部安全設備",
            "pt-BR": "Trens de montanha-russa com protetores de colo capazes de passar por loops verticais",
            "cs-CZ": "Horská dráha s loopingy, po které jezdí vozy s opěrkou v klíně",
            "ja-JP": "垂直ループが可能な、膝の安全バーが付いたローラーコースターです",
            "pl-PL": "Wagoniki kolejki górskiej z zabezpieczeniami obejmującymi pasażerów w pasie, mogące pokonywać pionowe pętle",
            "ru-RU": "Поезда, способные ездить по вертикальным кольцам.",
            "eo-ZZ": "Trajnoj de onda fervojo kun sinobridoj, kiuj kapablas veturi tra vertikalaj lopoj",
            "ca-ES": "Muntanya russa amb barres de subjecció per la falda en la qual els trens poden fer inversions verticals.",
            "fi-FI": "Turvakaiteilla varustetut vuoristoratavaunut, jotka kykenee pystysuoriin silmukoihin"
        },
        "capacity": {
            "en-GB": "4 passengers per car",
            "fr-FR": "4 passagers par voiture",
            "de-DE": "4 Fahrgäste pro Wagen",
            "es-ES": "4 pasajeros por vagón",
            "it-IT": "4 passeggeri a carrozza",
            "nl-NL": "4 passagiers per karretje",
            "sv-SE": "4 passagerare per vagn",
            "ko-KR": "차량당 4명의 승객",
            "zh-CN": "4位乘客/车",
            "zh-TW": "4 位乘客/每個車廂",
            "pt-BR": "4 passageiros por carro",
            "cs-CZ": "4 místa v každém voze",
            "ja-JP": "各車両4名",
            "pl-PL": "4 pasażerów na wagonik",
            "ru-RU": "4 пасс на вагон",
            "eo-ZZ": "Po 4 pasaĝeroj por ĉaro",
            "ca-ES": "4 passatgers per cotxe",
            "fi-FI": "4 matkustajaa per vaunu"
        }
    }
}
