{
    "id": "rct2.ride.rboat",
    "authors": [
        "Chris Sawyer",
        "Simon Foster"
    ],
    "version": "1.0",
    "originalId": "0A188B80|RBOAT   |E952C72A",
    "sourceGame": [
        "rct2",
        "rct1"
    ],
    "objectType": "ride",
    "properties": {
        "type": "boat_hire",
        "category": [
            "water",
            "gentle"
        ],
        "disableBreakdown": true,
        "carColours": [
            [
                [
                    "saturated_brown",
                    "yellow",
                    "black"
                ]
            ],
            [
                [
                    "white",
                    "moss_green",
                    "black"
                ]
            ]
        ],
        "cars": {
            "rotationFrameMask": 15,
            "spacing": 235332,
            "mass": 110,
            "numSeats": 2,
            "animation": 4,
            "numSeatRows": 7,
            "poweredAcceleration": 8,
            "poweredMaxSpeed": 5,
            "drawOrder": 6,
            "frames": {
                "flat": true
            },
            "VEHICLE_ENTRY_FLAG_11": true,
            "hasAdditionalColour1": true,
            "isPowered": true,
            "useBoatHireCollisionDetection": true,
            "hasRiderAnimation": true,
            "loadingPositions": [
                3,
                -3
            ]
        },
        "buildMenuPriority": 6
    },
    "images": [
        "$RCT2:OBJDATA/RBOAT.DAT[0..130]"
    ],
    "strings": {
        "name": {
            "en-GB": "Rowing Boats",
            "fr-FR": "Rameurs",
            "de-DE": "Ruderboote",
            "es-ES": "Bote a Remos",
            "it-IT": "Barche a remi",
            "nl-NL": "Roeiboten",
            "sv-SE": "Roddbåtar",
            "ko-KR": "보트 대여",
            "zh-CN": "划船",
            "zh-TW": "划船",
            "pt-BR": "Barco a Remo",
            "cs-CZ": "Veslice",
            "ja-JP": "漕ぎボート",
            "pl-PL": "Łodzie wiosłowe",
            "ru-RU": "Лодочки",
            "eo-ZZ": "Remado-Boatoj",
            "ca-ES": "Bot de rem",
            "fi-FI": "Soutuveneet"
        },
        "description": {
            "en-GB": "Rowing boats which passengers row themselves",
            "fr-FR": "Bateaux que les passagers font avancer en ramant",
            "de-DE": "Ruderboote, die von den Fahrgästen selbst gerudert werden",
            "es-ES": "Botes de remos en los que los pasajeros reman",
            "it-IT": "Barche in cui sono i passeggeri a remare",
            "nl-NL": "Boten waarin passagiers zelf roeien.",
            "sv-SE": "Roddbåtar som ros av den ena passageraren",
            "ko-KR": "탑승객들이 스스로 노를 저을 수 있는 보트",
            "zh-CN": "由乘客靠自己划船",
            "zh-TW": "由乘客靠自己划船",
            "pt-BR": "Barcos a remo nos quais os próprios passageiros remam",
            "cs-CZ": "Veslice, u kterých musí návštěvníci veslovat",
            "ja-JP": "乗客が自分で漕ぐ手漕ぎボートです",
            "pl-PL": "Łodzie wiosłowe napędzane przez samych pasażerów",
            "ru-RU": "Гребные лодки, где пассажиры гребут сами",
            "eo-ZZ": "Remado-boatoj, kiujn pasaĝeroj remas per si mem",
            "ca-ES": "Bots de rem en els quals els passatgers han de remar per a moure’ls.",
            "fi-FI": "Soutuveneet, joita matkustajat itse soutavat"
        },
        "capacity": {
            "en-GB": "2 passengers per boat",
            "fr-FR": "2 passagers par bateau",
            "de-DE": "2 Fahrgäste pro Boot",
            "es-ES": "2 pasajeros por bote",
            "it-IT": "2 passeggeri a barca",
            "nl-NL": "2 passagiers per boot",
            "sv-SE": "2 passagerare per båt",
            "ko-KR": "보트당 2명의 승객",
            "zh-CN": "2 位乘客 /每艘船",
            "zh-TW": "2 位乘客 /每艘船",
            "pt-BR": "2 passageiros por barco",
            "cs-CZ": "2 místa v každé lodi",
            "ja-JP": "各ボート2名",
            "pl-PL": "2 pasażerów na łódkę",
            "ru-RU": "2 пассажира",
            "eo-ZZ": "Po 2 pasaĝeroj por boato",
            "ca-ES": "2 passatgers per bot",
            "fi-FI": "2 matkustajaa per vene"
        }
    }
}
