{
    "id": "rct2.ride.smc2",
    "authors": [
        "Chris Sawyer",
        "Simon Foster"
    ],
    "version": "1.0",
    "originalId": "0A188B80|SMC2    |8A13DDE5",
    "sourceGame": "rct2",
    "objectType": "ride",
    "properties": {
        "type": "steel_wild_mouse",
        "category": "rollercoaster",
        "minCarsPerTrain": 3,
        "maxCarsPerTrain": 3,
        "numEmptyCars": 2,
        "tabCar": 1,
        "headCars": 1,
        "tailCars": 1,
        "carColours": [
            [
                [
                    "light_brown",
                    "bordeaux_red",
                    "black"
                ]
            ],
            [
                [
                    "dark_brown",
                    "bordeaux_red",
                    "black"
                ]
            ]
        ],
        "cars": [
            {
                "rotationFrameMask": 31,
                "spacing": 174320,
                "mass": 440,
                "numSeats": 4,
                "numSeatRows": 2,
                "frictionSoundId": 2,
                "soundRange": 2,
                "drawOrder": 6,
                "frames": {
                    "flat": true,
                    "gentleSlopes": true,
                    "steepSlopes": true
                },
                "hasAdditionalColour2": true,
                "hasAdditionalColour1": true,
                "hasScreamingRiders": true,
                "loadingPositions": [
                    7,
                    9,
                    -3,
                    -1
                ]
            },
            {
                "rotationFrameMask": 0,
                "spacing": 34864,
                "frictionSoundId": 2,
                "soundRange": 2,
                "carVisual": 1,
                "drawOrder": 8,
                "spriteGroups": {
                    "slopeFlat": 1
                },
                "hasScreamingRiders": true
            }
        ],
        "buildMenuPriority": 2
    },
    "images": [
        "$RCT2:OBJDATA/SMC2.DAT[1]",
        "",
        "",
        "$RCT2:OBJDATA/SMC2.DAT[3..554]",
        ""
    ],
    "strings": {
        "name": {
            "en-GB": "Mine Cars",
            "fr-FR": "Chariots",
            "de-DE": "Minenwagen",
            "es-ES": "Coches de Mina",
            "it-IT": "Carri da miniera",
            "nl-NL": "Mijnkarretjes",
            "sv-SE": "Gruvvagnar",
            "ko-KR": "탄광 차량",
            "zh-CN": "矿坑车辆",
            "zh-TW": "礦坑車輛",
            "pt-BR": "Vagões de Mina",
            "cs-CZ": "Důlní vozy",
            "ja-JP": "マイン・カー",
            "pl-PL": "Wózki kopalniane",
            "ru-RU": "Тележки",
            "eo-ZZ": "Minĉaroj",
            "ca-ES": "Tren de la mina",
            "fi-FI": "Kaivosvaunut"
        },
        "description": {
            "en-GB": "Individual cars shaped like wooden mine trucks",
            "fr-FR": "Voitures individuelles en forme de chariot de mine en bois",
            "de-DE": "Einzelne Wagen in Form von hölzernen Minenkarren",
            "es-ES": "Vehículos individuales con forma de vagonetas de madera",
            "it-IT": "Carrozze individuali a forma di carri da miniera di legno",
            "nl-NL": "Losse karretjes in de vorm van een houten mijnkarretje.",
            "sv-SE": "Singelvagnar i form av gruvvagnar i trä",
            "ko-KR": "나무 탄광 트럭처럼 생긴 개별 차량",
            "zh-CN": "像矿坑中载木货车的独特车形",
            "zh-TW": "像礦坑中載木貨車的獨特車形",
            "pt-BR": "Vagões individuais em forma de carrinhos de mina de madeira",
            "cs-CZ": "Vozy ve tvaru dřevěných důlních vagónů",
            "ja-JP": "木製のトロッコ型の個別の車両です",
            "pl-PL": "Pojedyncze samochodziki w kształcie drewnianych wózków kopalnianych",
            "ru-RU": "Отдельные вагончики в виде тележек",
            "eo-ZZ": "Individuaj ĉaroj formitaj kiel lignaj minkamionoj",
            "ca-ES": "Cotxes individuals en forma de vagonetes de fusta.",
            "fi-FI": "Yksittäiset puisen kaivoskärryn muotoiset vaunut"
        },
        "capacity": {
            "en-GB": "4 passengers per car",
            "fr-FR": "4 passagers par voiture",
            "de-DE": "4 Fahrgäste pro Wagen",
            "es-ES": "4 pasajeros por vagón",
            "it-IT": "4 passeggeri a carrozza",
            "nl-NL": "4 passagiers per karretje",
            "sv-SE": "4 passagerare per vagn",
            "ko-KR": "차량당 4명의 승객",
            "zh-CN": "4位乘客/车",
            "zh-TW": "4 位乘客/每個車廂",
            "pt-BR": "4 passageiros por vagão",
            "cs-CZ": "4 místa v každém voze",
            "ja-JP": "各車両4名",
            "pl-PL": "4 pasażerów na wagonik",
            "ru-RU": "4 пассажира",
            "eo-ZZ": "Po 4 pasaĝeroj por ĉaro",
            "ca-ES": "4 passatgers per cotxe",
            "fi-FI": "4 matkustajaa per vaunu"
        }
    }
}
