{
    "id": "rct2.ride.obs1",
    "authors": [
        "Chris Sawyer",
        "Simon Foster"
    ],
    "version": "1.0",
    "originalId": "0A188B80|OBS1    |D59D67B3",
    "sourceGame": [
        "rct2",
        "rct1"
    ],
    "objectType": "ride",
    "properties": {
        "type": "observation_tower",
        "category": "gentle",
        "tabScale": 0.5,
        "hasShelter": true,
        "carsPerFlatRide": 1,
        "carColours": [
            [
                [
                    "yellow",
                    "white",
                    "black"
                ]
            ]
        ],
        "cars": {
            "rotationFrameMask": 7,
            "spacing": 862884,
            "mass": 2500,
            "tabOffset": 7,
            "numSeats": 20,
            "seatsInPairs": false,
            "spriteWidth": 32,
            "spriteHeightNegative": 39,
            "spriteHeightPositive": 14,
            "animation": 6,
            "carVisual": 3,
            "drawOrder": 6,
            "frames": {
                "flat": true
            },
            "recalculateSpriteBounds": true,
            "hasAdditionalColour1": true,
            "hasVehicleAnimation": true,
            "numSegments": 0,
            "loadingWaypoints": [
                [
                    [
                        28,
                        28
                    ],
                    [
                        -28,
                        28
                    ],
                    [
                        -20,
                        0
                    ]
                ],
                [
                    [
                        -28,
                        -28
                    ],
                    [
                        -20,
                        0
                    ],
                    [
                        -20,
                        0
                    ]
                ],
                [
                    [
                        -20,
                        0
                    ],
                    [
                        -20,
                        0
                    ],
                    [
                        -20,
                        0
                    ]
                ],
                [
                    [
                        -28,
                        28
                    ],
                    [
                        -20,
                        0
                    ],
                    [
                        -20,
                        0
                    ]
                ],
                [
                    [
                        28,
                        28
                    ],
                    [
                        0,
                        20
                    ],
                    [
                        0,
                        20
                    ]
                ],
                [
                    [
                        28,
                        -28
                    ],
                    [
                        28,
                        28
                    ],
                    [
                        0,
                        20
                    ]
                ],
                [
                    [
                        -28,
                        28
                    ],
                    [
                        0,
                        20
                    ],
                    [
                        0,
                        20
                    ]
                ],
                [
                    [
                        0,
                        20
                    ],
                    [
                        0,
                        20
                    ],
                    [
                        0,
                        20
                    ]
                ],
                [
                    [
                        20,
                        0
                    ],
                    [
                        20,
                        0
                    ],
                    [
                        20,
                        0
                    ]
                ],
                [
                    [
                        28,
                        -28
                    ],
                    [
                        20,
                        0
                    ],
                    [
                        20,
                        0
                    ]
                ],
                [
                    [
                        -28,
                        -28
                    ],
                    [
                        28,
                        -28
                    ],
                    [
                        20,
                        0
                    ]
                ],
                [
                    [
                        28,
                        28
                    ],
                    [
                        20,
                        0
                    ],
                    [
                        20,
                        0
                    ]
                ],
                [
                    [
                        28,
                        -28
                    ],
                    [
                        0,
                        -20
                    ],
                    [
                        0,
                        -20
                    ]
                ],
                [
                    [
                        0,
                        -20
                    ],
                    [
                        0,
                        -20
                    ],
                    [
                        0,
                        -20
                    ]
                ],
                [
                    [
                        -28,
                        -28
                    ],
                    [
                        0,
                        -20
                    ],
                    [
                        0,
                        -20
                    ]
                ],
                [
                    [
                        -28,
                        28
                    ],
                    [
                        -28,
                        -28
                    ],
                    [
                        0,
                        -20
                    ]
                ]
            ]
        },
        "buildMenuPriority": 2
    },
    "images": [
        "$RCT2:OBJDATA/OBS1.DAT[0..38]"
    ],
    "strings": {
        "name": {
            "en-GB": "Single-deck Cabin",
            "fr-FR": "Tour d’observation",
            "de-DE": "Einzeldeckkabine",
            "es-ES": "Torre de Observación",
            "it-IT": "Torre d’osservazione",
            "nl-NL": "Enkeldekscabine",
            "sv-SE": "Utsiktskabin med ett däck",
            "ko-KR": "전망탑",
            "zh-CN": "了望台",
            "zh-TW": "瞭望台",
            "pt-BR": "Cabine Plataforma única",
            "cs-CZ": "Vyhlídková věž",
            "ja-JP": "展望台",
            "pl-PL": "Wieża obserwacyjna",
            "ru-RU": "Смотровая башня",
            "eo-ZZ": "Unuetaĝa Kajuto",
            "ca-ES": "Cabina d’observació",
            "fi-FI": "Yksikerroksinen koppi"
        },
        "description": {
            "en-GB": "Single-deck rotating observation cabin",
            "fr-FR": "Cabine rotative d’observation qui se hisse au sommet d’une grande tour",
            "de-DE": "Rotierende einstöckige Aussichtskabine",
            "es-ES": "Cabina de observación que viaja hasta una torre alta",
            "it-IT": "Cabina di osservazione rotante che sale su un’alta torre",
            "nl-NL": "Draaiende observatiecabine die langs een verticale toren omhoog gaat.",
            "sv-SE": "Roterande utsiktskabin",
            "ko-KR": "높은 탑을 따라 올라가면서 회전하는 전망대 객실",
            "zh-CN": "观察舱旋转移动到高塔上面。",
            "zh-TW": "觀察艙旋轉移動到高塔上面。",
            "pt-BR": "Cabine giratória de observação de um andar",
            "cs-CZ": "Otáčející se vyhlídková kabina, která postupně vyjíždí na vysokou věž",
            "ja-JP": "展望キャビンが回転しながら高い塔を登ります",
            "pl-PL": "Obrotowa kabina obserwacyjna wjeżdżająca na wysoką wieżę",
            "ru-RU": "Вращающаяся кабинка поднимается на башню.",
            "eo-ZZ": "Unuetaĝa turniĝanta kajuto por observadi",
            "ca-ES": "Cabina d’observació que gira d’una sola planta.",
            "fi-FI": "Pyörivä näköalakoppi, jossa on yksi kerros"
        },
        "capacity": {
            "en-GB": "20 passengers",
            "fr-FR": "20 passagers",
            "de-DE": "20 Fahrgäste",
            "es-ES": "20 pasajeros",
            "it-IT": "20 passeggeri",
            "nl-NL": "20 passagiers",
            "sv-SE": "20 passagerare",
            "ko-KR": "승객 20명",
            "zh-CN": "20位乘客",
            "zh-TW": "20 位乘客",
            "pt-BR": "20 passageiros",
            "cs-CZ": "20 návštěvníků",
            "ja-JP": "定員20名",
            "pl-PL": "20 pasażerów",
            "ru-RU": "20 пассажиров",
            "eo-ZZ": "20 pasaĝeroj",
            "ca-ES": "20 passatgers",
            "fi-FI": "20 matkustajaa"
        }
    }
}
