{
    "id": "rct2.ride.ivmc1",
    "authors": [
        "Chris Sawyer",
        "Simon Foster"
    ],
    "version": "1.0",
    "originalId": "0A188A80|IVMC1   |18AC17FC",
    "sourceGame": [
        "rct2",
        "rct1ll"
    ],
    "objectType": "ride",
    "properties": {
        "type": "inverted_hairpin_rc",
        "category": "rollercoaster",
        "limitAirTimeBonus": true,
        "carColours": [
            [
                [
                    "dark_blue",
                    "bright_yellow",
                    "black"
                ]
            ],
            [
                [
                    "bright_red",
                    "white",
                    "black"
                ]
            ],
            [
                [
                    "black",
                    "light_orange",
                    "black"
                ]
            ]
        ],
        "cars": {
            "rotationFrameMask": 31,
            "spacing": 156888,
            "mass": 570,
            "tabOffset": -22,
            "numSeats": 4,
            "numSeatRows": 2,
            "frictionSoundId": 2,
            "soundRange": 2,
            "drawOrder": 2,
            "frames": {
                "flat": true,
                "gentleSlopes": true,
                "steepSlopes": true,
                "restraintAnimation": true
            },
            "hasAdditionalColour1": true,
            "hasScreamingRiders": true,
            "loadingPositions": [
                1,
                3,
                1,
                3
            ]
        },
        "buildMenuPriority": 1
    },
    "images": [
        "$RCT2:OBJDATA/IVMC1.DAT[0..590]"
    ],
    "strings": {
        "name": {
            "en-GB": "Four-seater Cars",
            "fr-FR": "Epingle à cheveux inversée",
            "de-DE": "Viersitzer-Wagen",
            "es-ES": "Horquilla Invertida",
            "it-IT": "Corsa a U invertita",
            "nl-NL": "Vierpersoonskarretje",
            "sv-SE": "Fyrsitsiga vagnar",
            "ko-KR": "4인승 인버티드 헤어핀 차량",
            "zh-CN": "反转U型过山车",
            "zh-TW": "反轉U型飛車",
            "pt-BR": "Carros com 4 assentos",
            "cs-CZ": "Čtyřmístná horská dráha",
            "ja-JP": "ヘアピン・コースター",
            "pl-PL": "Kolejka serpentynowa",
            "ru-RU": "Обратные поворот. горки",
            "eo-ZZ": "Ĉaroj kun Kvar Seĝoj",
            "ca-ES": "Cotxes de quatre places",
            "fi-FI": "Nelipaikkaiset vaunut"
        },
        "description": {
            "en-GB": "Individual roller coaster cars built for tracks with hairpin turns and sharp drops",
            "fr-FR": "Des voitures individuelles placées sous la voie zigzaguent à travers les virages en épingle à cheveux et les chutes abruptes",
            "de-DE": "Einzelne Achterbahnwagen, die für Strecken mit Haarnadelkurven und steilen Gefällen ausgelegt sind",
            "es-ES": "Vagones individuales corren bajo una vía zig-zageante",
            "it-IT": "Carrozze individuali corrono sotto un tracciato a zig-zag con curve a U e ripide discese",
            "nl-NL": "Losse karretjes hangen onder een zigzaggende baan met haarspeldbochten en scherpe afdalingen.",
            "sv-SE": "Individuella vagnar byggda för spår med hårnålssvängar och plötsliga stup",
            "ko-KR": "급회전과 급경사를 가진 지그재그 모양의 트랙 아래를 달리는 개별 차량",
            "zh-CN": "反转过山车在U型回转及垂直向下急转轨道上运行",
            "zh-TW": "反轉飛車在U型迴轉及垂直向下急轉軌道上運行",
            "pt-BR": "Vagões individuais construídos para pistas de zigue-zague com curvas fechadas e quedas íngremes",
            "cs-CZ": "Vozy jsou zavěšeny na kolejnicích s ostrými zatáčkami a ostrými pády",
            "ja-JP": "個別の車両がヘアピン回転や急降下するコースターです",
            "pl-PL": "Pojedyncze wagoniki jeżdżą podwieszone pod torem z ostrymi zakrętami i gwałtownymi spadkami",
            "ru-RU": "Отдельные вагончики едут по зигзагообразному треку с разворотами и падениями",
            "eo-ZZ": "Individuaj ĉaroj de onda fervojo, konstruitaj por trakoj kun harpingloformaj kurboj kaj krutaj malleviĝoj",
            "ca-ES": "Cotxes individuals de muntanya russa construïts per a vies amb girs de forquilla i caigudes pronunciades.",
            "fi-FI": "Erilliset vuoristoratavaunut, jotka on tarkoitettu tiukkoihin mutkiin ja jyrkkiin mäkiin"
        },
        "capacity": {
            "en-GB": "4 passengers per car",
            "fr-FR": "4 passagers par voiture",
            "de-DE": "4 Fahrgäste pro Wagen",
            "es-ES": "4 pasajeros por vagón",
            "it-IT": "4 passeggeri a carrozza",
            "nl-NL": "4 passagiers per karretje",
            "sv-SE": "4 passagerare per vagn",
            "ko-KR": "차량당 4명의 승객",
            "zh-CN": "4位乘客/车",
            "zh-TW": "4 位乘客/每個車廂",
            "pt-BR": "4 passageiros por vagão",
            "cs-CZ": "4 místa v každém voze",
            "ja-JP": "各車両4名",
            "pl-PL": "4 pasażerów na wagonik",
            "ru-RU": "4 пассажира",
            "eo-ZZ": "Po 4 pasaĝeroj por ĉaro",
            "ca-ES": "4 passatgers per cotxe",
            "fi-FI": "4 matkustajaa per vaunu"
        }
    }
}
