{
    "id": "rct2.ride.bmair",
    "authors": [
        "Chris Sawyer",
        "Simon Foster"
    ],
    "version": "1.0",
    "originalId": "0A188A80|BMAIR   |28DE8ACD",
    "sourceGame": "rct2",
    "objectType": "ride",
    "properties": {
        "type": "flying_rc",
        "category": "rollercoaster",
        "limitAirTimeBonus": true,
        "minCarsPerTrain": 3,
        "maxCarsPerTrain": 8,
        "carColours": [
            [
                [
                    "bright_red",
                    "yellow",
                    "dark_purple"
                ]
            ],
            [
                [
                    "teal",
                    "grey",
                    "black"
                ]
            ]
        ],
        "cars": [
            {
                "rotationFrameMask": 31,
                "spacing": 183036,
                "mass": 950,
                "numSeats": 4,
                "numSeatRows": 2,
                "frictionSoundId": 57,
                "soundRange": 0,
                "drawOrder": 6,
                "frames": {
                    "flat": true,
                    "gentleSlopes": true,
                    "steepSlopes": true,
                    "verticalSlopes": true,
                    "diagonalSlopes": true,
                    "flatBanked": true,
                    "inlineTwists": true,
                    "flatToGentleSlopeBankedTransitions": true,
                    "diagonalGentleSlopeBankedTransitions": true,
                    "gentleSlopeBankedTransitions": true,
                    "gentleSlopeBankedTurns": true,
                    "flatToGentleSlopeWhileBankedTransitions": true,
                    "restraintAnimation": true
                },
                "hasInvertedSpriteSet": true,
                "hasAdditionalColour2": true,
                "spriteBoundsIncludeInvertedSet": true,
                "hasAdditionalColour1": true,
                "hasScreamingRiders": true,
                "loadingPositions": [
                    2,
                    -2,
                    2,
                    -2
                ]
            },
            {
                "rotationFrameMask": 31,
                "spacing": 183036,
                "mass": 950,
                "numSeats": 4,
                "numSeatRows": 2,
                "frictionSoundId": 57,
                "soundRange": 0,
                "drawOrder": 2,
                "frames": {
                    "flat": true,
                    "gentleSlopes": true,
                    "steepSlopes": true,
                    "verticalSlopes": true,
                    "diagonalSlopes": true,
                    "flatBanked": true,
                    "inlineTwists": true,
                    "flatToGentleSlopeBankedTransitions": true,
                    "diagonalGentleSlopeBankedTransitions": true,
                    "gentleSlopeBankedTransitions": true,
                    "gentleSlopeBankedTurns": true,
                    "flatToGentleSlopeWhileBankedTransitions": true,
                    "restraintAnimation": true
                },
                "hasInvertedSpriteSet": true,
                "hasAdditionalColour2": true,
                "hasAdditionalColour1": true,
                "hasScreamingRiders": true,
                "loadingPositions": [
                    2,
                    -2,
                    2,
                    -2
                ]
            }
        ],
        "buildMenuPriority": 1
    },
    "images": [
        "$RCT2:OBJDATA/BMAIR.DAT[0..4562]"
    ],
    "strings": {
        "name": {
            "en-GB": "Flying Roller Coaster Trains",
            "fr-FR": "Montagnes russes volantes",
            "de-DE": "Züge für Fliegende Achterbahn",
            "es-ES": "Montaña Rusa Volante",
            "it-IT": "Ottovolante volante",
            "nl-NL": "Trein voor vliegachtbaan",
            "sv-SE": "Flygande berg- och dalbana",
            "ko-KR": "플라잉 롤러코스터 차량",
            "zh-CN": "飞行过山车",
            "zh-TW": "飛行雲霄飛車",
            "pt-BR": "Trens Montanha-Russa Voadora",
            "cs-CZ": "Létající horská dráha",
            "ja-JP": "フライング・ローラーコースター",
            "pl-PL": "Latająca kolejka",
            "ru-RU": "Летающие горки",
            "eo-ZZ": "Trajnoj de Fluganta Onda Fervojo",
            "ca-ES": "Muntanya russa amb trens voladors",
            "fi-FI": "Lentävän vuoristoradan vaunut"
        },
        "description": {
            "en-GB": "Riders are held in comfortable seats below the track to give the ultimate flying experience",
            "fr-FR": "Installés dans des sièges confortables, les passagers sont suspendus à une voie alambiquée leur donnant le sentiment de voler",
            "de-DE": "Die Passagiere sind in komfortablen Sitzen unter den Schienen und fahren entlang einer gewundenen Strecke, was ihnen das Gefühl gibt, zu fliegen",
            "es-ES": "Los pasajeros están sentados confortablemente bajo la vía sintiendo una experiencia de casi-vuelo",
            "it-IT": "I passeggeri siedono in comodi sedili posti sotto il tracciato e corrono lungo una pista piena di curve che garantisce loro un’estrema esperienza di volo",
            "nl-NL": "Bezoekers hangen in treinen onder de baan met enkel schouderbeugels en krijgen zo de ervaring dat ze vliegen.",
            "sv-SE": "Passagerarna hålls fast i bekväma säten med spåret ovanför, för den ultimata flygkänslan",
            "ko-KR": "탑승객에게 정말로 나는 듯한 경험을 주기 위해, 트랙 밑에 달린 편안한 좌석에 앉아서 꼬여있는 트랙을 따라 움직이는 놀이기구",
            "zh-CN": "乘客被固定轨道下的舒适座位,途经穿过最终极疯狂轨道的飞行体验",
            "zh-TW": "乘客被固定軌道下的舒適座位,途經穿過最終極瘋狂軌道的飛行體驗",
            "pt-BR": "Os passageiros são colocados em assentos confortáveis abaixo da pista para uma experiência aérea definitiva",
            "cs-CZ": "Návštěvníci sedí v pohodlných sedadlech pod tratí cestující skrze propletenou dráhu, poskytující pocit letu",
            "ja-JP": "コースの下にある快適な座席に座り、ひねったコースによって究極の飛行体験が楽しめるコースターです",
            "pl-PL": "Pasażerowie zasiadają w wygodnych fotelach zawieszonych pod torem i jadą zawiłą trasą, czując się, jakby potrafili latać",
            "ru-RU": "Люди сидят в удобных креслах и едут по очень сложной трассе, испытывая чувство полёта.",
            "eo-ZZ": "Rajdantoj estas tenitaj en komfortaj seĝoj sub la trako por havi la plej bonan sperton de flugado",
            "ca-ES": "Els passatgers s’asseuen en seients còmodes per sota de la via per a donar la sensació d’estar volant.",
            "fi-FI": "Matkustajat kulkevat mukavissa istuimissa radan alla, luoden äärimmäisen lennon tunteen"
        },
        "capacity": {
            "en-GB": "4 passengers per car",
            "fr-FR": "4 passagers par voiture",
            "de-DE": "4 Fahrgäste pro Wagen",
            "es-ES": "4 pasajeros por vagón",
            "it-IT": "4 passeggeri a carrozza",
            "nl-NL": "4 passagiers per karretje",
            "sv-SE": "4 passagerare per vagn",
            "ko-KR": "차량당 4명의 승객",
            "zh-CN": "4位乘客/车",
            "zh-TW": "4 位乘客/每個車廂",
            "pt-BR": "4 passageiros por vagão",
            "cs-CZ": "4 místa v každém voze",
            "ja-JP": "各車両4名",
            "pl-PL": "4 pasażerów na wagonik",
            "ru-RU": "4 пассажира",
            "eo-ZZ": "Po 4 pasaĝeroj por ĉaro",
            "ca-ES": "4 passatgers per cotxe",
            "fi-FI": "4 matkustajaa per vaunu"
        }
    }
}
