{
    "id": "rct2.ride.souvs",
    "authors": [
        "Chris Sawyer",
        "Simon Foster"
    ],
    "version": "1.0",
    "originalId": "0A188B80|SOUVS   |CDADB499",
    "sourceGame": [
        "rct2",
        "rct1"
    ],
    "objectType": "ride",
    "properties": {
        "type": "shop",
        "category": "stall",
        "clearance": 32,
        "sells": [
            "toy",
            "umbrella"
        ],
        "carsPerFlatRide": 1,
        "carColours": [
            [
                [
                    "bright_red",
                    "black",
                    "black"
                ]
            ]
        ]
    },
    "images": [
        "$RCT2:OBJDATA/SOUVS.DAT[0..6]"
    ],
    "strings": {
        "name": {
            "en-GB": "Souvenir Stall",
            "fr-FR": "Souvenirs",
            "de-DE": "Souvenirstand",
            "es-ES": "Puesto de souvenirs",
            "it-IT": "Chiosco di souvenir",
            "nl-NL": "Souvenirkraam",
            "sv-SE": "Souvenirstånd",
            "ko-KR": "기념품 상점",
            "zh-CN": "纪念品店",
            "zh-TW": "紀念品店",
            "pt-BR": "Barraca de Lembrancinhas",
            "cs-CZ": "Stánek se suvenýry",
            "ja-JP": "お土産ショップ",
            "pl-PL": "Kiosk z pamiątkami",
            "ru-RU": "Сувениры",
            "eo-ZZ": "Memoraĵbudo",
            "ca-ES": "Estand de records",
            "fi-FI": "Matkamuistokoju"
        },
        "description": {
            "en-GB": "A stall selling souvenir cuddly toys and umbrellas",
            "fr-FR": "Boutiques vendant des peluches et des parapluies",
            "de-DE": "Ein Stand, an dem Souvenirplüschtiere und -regenschirme verkauft werden",
            "es-ES": "Puesto que vende juguetitos y paraguas",
            "it-IT": "Un chiosco che vende peluche e ombrelli",
            "nl-NL": "Een souvenirkraam waar knuffels en paraplu’s worden verkocht.",
            "sv-SE": "Ett stånd som säljer kramgoa leksaker och paraplyer",
            "ko-KR": "귀여운 장난감 기념품과 우산을 파는 가게",
            "zh-CN": "一家在卖纪念品 酷迪玩具 和 雨伞的店",
            "zh-TW": "一家在賣紀念品 酷迪玩具 和 雨傘的店",
            "pt-BR": "Uma barraca vendendo brinquedos de pelúcia e guarda-chuvas de lembrança",
            "cs-CZ": "Stánek prodávající suvenýry - plyšáky a deštníky",
            "ja-JP": "ぬいぐるみや傘を売る売店です",
            "pl-PL": "Stoisko sprzedające pamiątki, przytulanki i parasole",
            "ru-RU": "Палатка с игрушками и зонтиками",
            "eo-ZZ": "Budo vendanta memoraĵo-ludilojn kaj ombrelojn",
            "ca-ES": "Un estand en el qual es venen peluixos de record i paraigües.",
            "fi-FI": "Koju, joka myy pehmoleluja ja sateenvarjoja matkamuistoiksi"
        }
    }
}
