{
    "id": "rct2.ride.vcr",
    "authors": [
        "Chris Sawyer",
        "Simon Foster"
    ],
    "version": "1.0",
    "originalId": "0A188C80|VCR     |04C462E7",
    "sourceGame": [
        "rct2",
        "rct1aa"
    ],
    "objectType": "ride",
    "properties": {
        "type": "car_ride",
        "category": "gentle",
        "noCollisionCrashes": true,
        "minCarsPerTrain": 3,
        "maxCarsPerTrain": 3,
        "numEmptyCars": 2,
        "tabCar": 1,
        "headCars": 1,
        "tailCars": 1,
        "carColours": [
            [
                [
                    "bordeaux_red",
                    "light_orange",
                    "black"
                ]
            ],
            [
                [
                    "yellow",
                    "bright_red",
                    "black"
                ]
            ],
            [
                [
                    "dark_blue",
                    "light_blue",
                    "black"
                ]
            ]
        ],
        "cars": [
            {
                "rotationFrameMask": 31,
                "spacing": 165604,
                "mass": 330,
                "numSeats": 2,
                "numSeatRows": 1,
                "poweredAcceleration": 60,
                "poweredMaxSpeed": 7,
                "drawOrder": 6,
                "frames": {
                    "flat": true,
                    "gentleSlopes": true
                },
                "hasAdditionalColour1": true,
                "isPowered": true,
                "loadingPositions": [
                    4,
                    -4
                ]
            },
            {
                "rotationFrameMask": 0,
                "spacing": 34864,
                "poweredAcceleration": 60,
                "poweredMaxSpeed": 7,
                "carVisual": 1,
                "drawOrder": 8,
                "spriteGroups": {
                    "slopeFlat": 1
                },
                "isPowered": true
            }
        ],
        "buildMenuPriority": 2
    },
    "images": [
        "$RCT2:OBJDATA/VCR.DAT[0..210]",
        ""
    ],
    "strings": {
        "name": {
            "en-GB": "Vintage Cars",
            "fr-FR": "Voiture vintage",
            "de-DE": "Oldie-Wagen",
            "es-ES": "Coches de Época",
            "it-IT": "Auto d’epoca",
            "nl-NL": "Oldtimers",
            "sv-SE": "Veteranbilar",
            "ko-KR": "빈티지 차량",
            "zh-CN": "葡萄酒列车",
            "zh-TW": "葡萄酒列車",
            "pt-BR": "Carros Antigos",
            "cs-CZ": "Veteráni",
            "ja-JP": "ヴィンテージカー",
            "pl-PL": "Klasyczne wagoniki",
            "ru-RU": "Ретрокары",
            "eo-ZZ": "Malnovaj Aŭtoj",
            "ca-ES": "Cotxes vintage",
            "fi-FI": "Vintage-autot"
        },
        "description": {
            "en-GB": "Powered vehicles in the shape of vintage cars",
            "fr-FR": "Véhicule à propulsion en forme de voiture ancienne et parcourant une route plane",
            "de-DE": "Angetriebene Fahrzeuge in Form von Oldie-Wagen",
            "es-ES": "Vehículos con forma de coches antiguos que recorren una vía",
            "it-IT": "Veicoli a motore che ricordano le auto d’epoca seguono un percorso fisso su un tracciato",
            "nl-NL": "Elektrische voertuigen in de vorm van een oldtimer.",
            "sv-SE": "Motordrivna fordon utformade som veteranbilar",
            "ko-KR": "트랙을 따라 이동하는 빈티지 모양의 차량",
            "zh-CN": "具动力装置及葡萄酒外型的车辆在即定航线轨道上运行",
            "zh-TW": "具動力裝置及葡萄酒外型的車輛在即定航線軌道上運行",
            "pt-BR": "Veículos motorizados na forma de carros antigos",
            "cs-CZ": "Vozy ve tvaru veteránů jezdí po postavené dráze",
            "ja-JP": "クラシックスタイルの動力付き車両が、あらかじめ決められたコースを進む乗物です",
            "pl-PL": "Pojazdy z napędem mające kształt klasycznych wagoników jadących po szynowym torze",
            "ru-RU": "Люди катаются на старинных автомобильчиках.",
            "eo-ZZ": "Ŝaltitaj veturiloj en la formo de malnovaj aŭtoj",
            "ca-ES": "Vehicles decorats com a cotxes vintage.",
            "fi-FI": "Moottoroidut vintage-autojen muotoiset ajoneuvot"
        },
        "capacity": {
            "en-GB": "2 passengers per car",
            "fr-FR": "2 passagers par voiture",
            "de-DE": "2 Fahrgäste pro Wagen",
            "es-ES": "2 pasajeros por vehículo",
            "it-IT": "2 passeggeri a carrozza",
            "nl-NL": "1 passagier per karretje",
            "sv-SE": "2 passagerare per vagn",
            "ko-KR": "차량당 2명의 승객",
            "zh-CN": "2位乘客/车",
            "zh-TW": "2 位乘客/每個車廂",
            "pt-BR": "2 passageiros por carro",
            "cs-CZ": "2 místa v každém vozu",
            "ja-JP": "各車両2名",
            "pl-PL": "2 pasażerów na wagonik",
            "ru-RU": "2 пассажира",
            "eo-ZZ": "Po 2 pasaĝeroj por ĉaro",
            "ca-ES": "2 passatgers per cotxe",
            "fi-FI": "2 matkustajaa per auto"
        }
    }
}
