{
    "id": "rct2.ride.aml1",
    "authors": [
        "Chris Sawyer",
        "Simon Foster"
    ],
    "version": "1.0",
    "originalId": "0A188A80|AML1    |4FA82E87",
    "sourceGame": [
        "rct2",
        "rct1ll"
    ],
    "objectType": "ride",
    "properties": {
        "type": "miniature_railway",
        "category": "transport",
        "tabScale": 0.5,
        "hasShelter": true,
        "playDepartSound": true,
        "noCollisionCrashes": true,
        "minCarsPerTrain": 3,
        "maxCarsPerTrain": 8,
        "numEmptyCars": 2,
        "defaultCar": 2,
        "headCars": [
            0,
            1
        ],
        "carColours": [
            [
                [
                    "bright_red",
                    "dark_brown",
                    "yellow"
                ]
            ],
            [
                [
                    "olive_green",
                    "grey",
                    "yellow"
                ]
            ],
            [
                [
                    "dark_purple",
                    "bordeaux_red",
                    "yellow"
                ]
            ]
        ],
        "cars": [
            {
                "rotationFrameMask": 31,
                "spacing": 313776,
                "mass": 3000,
                "animation": 1,
                "frictionSoundId": 31,
                "soundRange": 3,
                "poweredAcceleration": 240,
                "poweredMaxSpeed": 18,
                "drawOrder": 5,
                "frames": {
                    "flat": true,
                    "gentleSlopes": true,
                    "diagonalSlopes": true
                },
                "hasAdditionalColour1": true,
                "isPowered": true,
                "hasVehicleAnimation": true
            },
            {
                "rotationFrameMask": 31,
                "spacing": 209184,
                "mass": 110,
                "frictionSoundId": 31,
                "soundRange": 3,
                "drawOrder": 7,
                "frames": {
                    "flat": true,
                    "gentleSlopes": true,
                    "diagonalSlopes": true
                },
                "hasAdditionalColour1": true,
                "isPowered": true
            },
            {
                "rotationFrameMask": 31,
                "spacing": 270196,
                "mass": 600,
                "numSeats": 6,
                "numSeatRows": 3,
                "frictionSoundId": 31,
                "soundRange": 3,
                "drawOrder": 5,
                "frames": {
                    "flat": true,
                    "gentleSlopes": true,
                    "diagonalSlopes": true
                },
                "hasAdditionalColour1": true,
                "isPowered": true,
                "loadingPositions": [
                    10,
                    8,
                    1,
                    -1,
                    -8,
                    -10
                ]
            }
        ],
        "buildMenuPriority": 2
    },
    "images": [
        "$RCT2:OBJDATA/AML1.DAT[0..1154]"
    ],
    "strings": {
        "name": {
            "en-GB": "American Style Steam Trains",
            "fr-FR": "Trains vapeur",
            "de-DE": "Dampfzüge im amerik. Stil",
            "es-ES": "Trenes vapor estilo americano",
            "it-IT": "Treni a vapore americani",
            "nl-NL": "Amerikaanse stoomtrein",
            "sv-SE": "Amerikanska ånglokomotiv",
            "ko-KR": "미국 스타일 증기 기관차",
            "zh-CN": "美国风格蒸汽火车",
            "zh-TW": "美式蒸氣火車",
            "pt-BR": "Trens a Vapor Americanos",
            "cs-CZ": "Americké parní vlaky",
            "ja-JP": "アメリカンスタイルの蒸気機関車",
            "pl-PL": "Amerykańskie pociągi parowe",
            "ru-RU": "Американский паровоз",
            "eo-ZZ": "Amerikaj Lokomotivoj",
            "ca-ES": "Trens de vapor d’estil americà",
            "fi-FI": "Amerikan tyyliset höyryjunat"
        },
        "description": {
            "en-GB": "Miniature steam trains consisting of a replica steam locomotive and tender, pulling wooden carriages with fabric roofs",
            "fr-FR": "Trains miniatures comprenant une réplique de locomotive à vapeur et des petits wagons en bois avec des toits en tissu",
            "de-DE": "Mini-Dampfzüge bestehend aus nachgemachter Dampflok und Tender mit Holzwaggons mit Stoffdächern",
            "es-ES": "Trenes de vapor en miniatura compuestos por una locomotora a réplica y vagones de madera con techos de tela",
            "it-IT": "Treni in miniatura che replicano le locomotive a vapore e i carri scorta. Trainano carrozze di legno con i tetti in tessuto",
            "nl-NL": "Miniatuurstroomtrein bestaande uit een replicastoomlocomotief en tender, die wagons met stoffen overdekking voorttrekt.",
            "sv-SE": "Miniatyrångtåg bestående av en kopia på ett gammaldags ånglokomotiv med tender, som drar trävagnar med tygtak",
            "ko-KR": "부드러운 천으로 된 지붕을 가진 나무 객차와 증기 기관차 모형으로 이루어진 모형 증기 기관차 차량",
            "zh-CN": "微型蒸汽火车是由酷似蒸汽火车及媒车拖拉具有布织车顶的木制四轮马车所组成的。",
            "zh-TW": "配備著復刻蒸氣火車頭及煤水車的小型蒸氣火車, 拉著帶有帆布車頂的木製車廂",
            "pt-BR": "Trens a vapor em miniatura consistindo de uma réplica de locomotiva e vagão de carga, puxando vagões de madeira com tetos de tecido",
            "cs-CZ": "Miniaturní replika parní lokomotivy s tendrem táhne dřevěné vagóny s plátěnými střechami",
            "ja-JP": "レプリカの蒸気機関車と炭水車、布製の屋根の木製客車からなるミニチュア列車です",
            "pl-PL": "Miniaturowe pociągi składające się z repliki parowozu i tendra, ciągnących drewniane wagony z płóciennymi dachami",
            "ru-RU": "Miniature steam trains consisting of a replica steam locomotive and tender, pulling wooden carriages with fabric roofs",
            "eo-ZZ": "Miniaturaj lokomotivoj, kiuj konsistas el replikaĵo de lokomotivo kaj tendro, kaj tiras lignajn kaleŝojn kun fabrikaj tegmentoj",
            "ca-ES": "Trens de vapor en miniatura amb una rèplica d’una locomotora a vapor i tènder, estirant vagons de fusta amb sostre de tela.",
            "fi-FI": "Pienikokoiset höyryjunat joihin kuuluu höyryveturin jäljitelmä ja hennot puiset vaunut kangaskatoilla"
        },
        "capacity": {
            "en-GB": "6 passengers per carriage",
            "fr-FR": "6 passagers par wagon",
            "de-DE": "6 Fahrgäste pro Waggon",
            "es-ES": "6 pasajeros por vagón",
            "it-IT": "6 passeggeri a carrozza",
            "nl-NL": "6 passagiers per wagon",
            "sv-SE": "6 passagerare per vagn",
            "ko-KR": "차량당 6명의 승객",
            "zh-CN": "6位乘客/马车",
            "zh-TW": "每車廂6位乘客",
            "pt-BR": "6 passageiros por vagão",
            "cs-CZ": "6 míst v každém vagónu",
            "ja-JP": "各客車6名",
            "pl-PL": "6 pasażerów na wagon",
            "ru-RU": "6 пассажиров",
            "eo-ZZ": "Po 6 pasaĝeroj por vagono",
            "ca-ES": "6 passatgers per vagó",
            "fi-FI": "6 matkustajaa per vaunu"
        }
    }
}
