{
    "id": "rct2.ride.zldb",
    "authors": [
        "Chris Sawyer",
        "Simon Foster"
    ],
    "version": "1.0",
    "originalId": "0A188C80|ZLDB    |42D2D111",
    "sourceGame": [
        "rct2"
    ],
    "objectType": "ride",
    "properties": {
        "type": "junior_rc",
        "category": "rollercoaster",
        "noInversions": true,
        "minCarsPerTrain": 5,
        "maxCarsPerTrain": 15,
        "numEmptyCars": 2,
        "tabCar": 1,
        "defaultCar": 1,
        "headCars": [
            2,
            0
        ],
        "tailCars": 2,
        "carColours": [
            [
                [
                    "bright_red",
                    "yellow",
                    "black"
                ]
            ],
            [
                [
                    "dark_green",
                    "bordeaux_red",
                    "black"
                ]
            ],
            [
                [
                    "yellow",
                    "dark_brown",
                    "black"
                ]
            ]
        ],
        "cars": [
            {
                "rotationFrameMask": 31,
                "spacing": 148172,
                "mass": 240,
                "numSeats": 2,
                "numSeatRows": 1,
                "frictionSoundId": 2,
                "soundRange": 2,
                "drawOrder": 8,
                "frames": {
                    "flat": true,
                    "gentleSlopes": true,
                    "diagonalSlopes": true,
                    "flatBanked": true,
                    "flatToGentleSlopeBankedTransitions": true,
                    "diagonalGentleSlopeBankedTransitions": true,
                    "restraintAnimation": true
                },
                "hasAdditionalColour1": true,
                "hasScreamingRiders": true,
                "loadingPositions": [
                    2,
                    4
                ]
            },
            {
                "rotationFrameMask": 31,
                "spacing": 122024,
                "mass": 220,
                "numSeats": 2,
                "numSeatRows": 1,
                "frictionSoundId": 2,
                "soundRange": 2,
                "drawOrder": 8,
                "frames": {
                    "flat": true,
                    "gentleSlopes": true,
                    "diagonalSlopes": true,
                    "flatBanked": true,
                    "flatToGentleSlopeBankedTransitions": true,
                    "diagonalGentleSlopeBankedTransitions": true,
                    "restraintAnimation": true
                },
                "hasAdditionalColour1": true,
                "hasScreamingRiders": true,
                "loadingPositions": [
                    2,
                    4
                ]
            },
            {
                "rotationFrameMask": 0,
                "spacing": 34864,
                "frictionSoundId": 2,
                "soundRange": 2,
                "carVisual": 1,
                "drawOrder": 8,
                "spriteGroups": {
                    "slopeFlat": 1
                },
                "hasScreamingRiders": true
            }
        ],
        "buildMenuPriority": 3
    },
    "images": [
        "$RCT2:OBJDATA/ZLDB.DAT[0..1458]",
        ""
    ],
    "strings": {
        "name": {
            "en-GB": "Ladybird Trains",
            "fr-FR": "Train coccinelle",
            "de-DE": "Marienkäferzüge",
            "es-ES": "Tren Mariquita",
            "it-IT": "Treni coccinella",
            "nl-NL": "Lieveheersbeestjestreinen",
            "sv-SE": "Nyckelpigetåg",
            "ko-KR": "무당벌레 차량",
            "zh-CN": "瓢虫列车",
            "zh-TW": "瓢蟲列車",
            "pt-BR": "Trens de Joaninha",
            "cs-CZ": "Beruščiny vozy",
            "ja-JP": "テントウムシ車両",
            "pl-PL": "Jazda na biedronkach",
            "ru-RU": "Божья Коровка",
            "eo-ZZ": "Kokcineloj-Trajnoj",
            "ca-ES": "Tren Marieta",
            "fi-FI": "Leppäkerttuvaunut"
        },
        "description": {
            "en-GB": "Roller coaster trains with small ladybird-shaped cars",
            "fr-FR": "Train de montagne russe avec des voitures en forme de coccinelle",
            "de-DE": "Achterbahnzüge mit kleinen Marienkäferwagen",
            "es-ES": "Montaña rusa con vagones de forma de mariquitas",
            "it-IT": "Treni da ottovolante a forma di piccole coccinelle",
            "nl-NL": "Achtbaantrein met kleine karretjes in de vorm van een lieveheersbeestje.",
            "sv-SE": "Små nyckelpigeformade berg- och dalbanevagnar",
            "ko-KR": "작은 무당벌레 모양의 롤러코스터 차량",
            "zh-CN": "过山车列车是以瓢虫外形的车辆",
            "zh-TW": "雲霄飛車列車是以瓢蟲外形的車輛",
            "pt-BR": "Trens de montanha-russa com pequenos vagões em forma de joaninha",
            "cs-CZ": "Horská dráha s vozy ve tvaru malých berušek",
            "ja-JP": "てんとう虫形の車両のローラーコースターです",
            "pl-PL": "Kolejka górska z wagonikami w kształcie biedronek",
            "ru-RU": "Поезд с маленькими божьими коровками",
            "eo-ZZ": "Trajnoj de onda fervojo kun malgrandaj kokcineloformaj ĉaroj",
            "ca-ES": "Muntanya russa amb trens en forma de marieta.",
            "fi-FI": "Pienet leppäkertun muotoiset vuoristoratavaunut"
        },
        "capacity": {
            "en-GB": "2 passengers per car",
            "fr-FR": "2 passagers par voiture",
            "de-DE": "2 Fahrgäste pro Wagen",
            "es-ES": "2 pasajeros por coche",
            "it-IT": "2 passeggeri a carrozza",
            "nl-NL": "2 passagiers per karretje",
            "sv-SE": "2 passagerare per vagn",
            "ko-KR": "차량당 2명의 승객",
            "zh-CN": "2位乘客/车",
            "zh-TW": "2 位乘客/每個車廂",
            "pt-BR": "2 passageiros por vagão",
            "cs-CZ": "2 místa v každém vozu",
            "ja-JP": "各車両2名",
            "pl-PL": "2 pasażerów na wagonik",
            "ru-RU": "2 пассажира",
            "eo-ZZ": "Po 2 pasaĝeroj por ĉaro",
            "ca-ES": "2 passatgers per cotxe",
            "fi-FI": "2 matkustajaa per vaunu"
        }
    }
}
