{
    "id": "rct2.ride.jstar1",
    "authors": [
        "Chris Sawyer",
        "Simon Foster"
    ],
    "version": "1.0",
    "originalId": "0A188B80|JSTAR1  |5885991E",
    "sourceGame": "rct2",
    "objectType": "ride",
    "properties": {
        "type": "mini_rc",
        "category": "rollercoaster",
        "ratingMultipler": {
            "excitement": 3,
            "intensity": 1
        },
        "carColours": [
            [
                [
                    "bright_red",
                    "yellow",
                    "black"
                ]
            ],
            [
                [
                    "light_blue",
                    "white",
                    "dark_blue"
                ]
            ],
            [
                [
                    "grey",
                    "bordeaux_red",
                    "bordeaux_red"
                ]
            ]
        ],
        "cars": {
            "rotationFrameMask": 31,
            "spacing": 322492,
            "mass": 790,
            "numSeats": 4,
            "numSeatRows": 2,
            "frictionSoundId": 2,
            "soundRange": 2,
            "drawOrder": 5,
            "frames": {
                "flat": true,
                "gentleSlopes": true,
                "steepSlopes": true,
                "diagonalSlopes": true,
                "flatBanked": true,
                "flatToGentleSlopeBankedTransitions": true,
                "diagonalGentleSlopeBankedTransitions": true,
                "gentleSlopeBankedTransitions": true,
                "gentleSlopeBankedTurns": true,
                "flatToGentleSlopeWhileBankedTransitions": true
            },
            "hasAdditionalColour2": true,
            "hasAdditionalColour1": true,
            "hasScreamingRiders": true,
            "loadingPositions": [
                -6,
                6,
                -6,
                6
            ]
        },
        "buildMenuPriority": 1
    },
    "images": [
        "$RCT2:OBJDATA/JSTAR1.DAT[1]",
        "",
        "",
        "$RCT2:OBJDATA/JSTAR1.DAT[3..1778]"
    ],
    "strings": {
        "name": {
            "en-GB": "Toboggan Cars",
            "fr-FR": "Voiture-toboggan",
            "de-DE": "Schlittenwagen",
            "es-ES": "Coches Tobogán",
            "it-IT": "Toboghe",
            "nl-NL": "Rodelsleekarretjes",
            "sv-SE": "Kälkvagnar",
            "ko-KR": "터보건 썰매 차량",
            "zh-CN": "平底雪橇",
            "zh-TW": "平底雪橇",
            "pt-BR": "Vagões de Tobogã",
            "cs-CZ": "Tobogánová horská dráha",
            "ja-JP": "トボガン車両",
            "pl-PL": "Na saneczki",
            "ru-RU": "Сани",
            "eo-ZZ": "Sledo-Ĉaroj",
            "ca-ES": "Trineus",
            "fi-FI": "Kelkkavaunut"
        },
        "description": {
            "en-GB": "Toboggan-shaped roller coaster cars with in-line seating",
            "fr-FR": "Voiture de montagnes russes en forme de toboggan avec des sièges disposés en ligne",
            "de-DE": "Schlittenförmige Achterbahnwagen mit hintereinander liegenden Sitzen",
            "es-ES": "Montaña rusa con forma de toboganes",
            "it-IT": "Carrozze da ottovolante a forma di toboghe con i sedili l’uno dietro l’altro",
            "nl-NL": "Achtbaankarretjes in de vorm van een rodelslee, waarin de passagiers achter elkaar zitten.",
            "sv-SE": "Kälkformade berg- och dalbanevagnar med säten i en rad",
            "ko-KR": "한 줄로 탑승하는 터보건 썰매 모양의 롤러코스터",
            "zh-CN": "平底雪橇外形的过山车与同轴座位",
            "zh-TW": "平底雪橇外形的雲霄飛車與同軸座位",
            "pt-BR": "Vagões de montanha-russa em forma de tobogã com assentos em linha",
            "cs-CZ": "Horská dráha ve stylu tobogánu s vozy se sedačkami za sebou",
            "ja-JP": "リュージュ形の座席が直列したローラーコースターです",
            "pl-PL": "Kolejka górska z wagonikami w kształcie sanek, w których pasażerowie siedzą jeden za drugim",
            "ru-RU": "Вагончики в виде саней для горок",
            "eo-ZZ": "Sledformaj ĉaroj de onda fervojo kun kolono da seĝoj",
            "ca-ES": "Muntanya russa amb cotxes en forma de trineu on els passatgers seuen un darrere l’altre.",
            "fi-FI": "Kelkan muotoiset vuoristoratavaunut"
        },
        "capacity": {
            "en-GB": "4 passengers per car",
            "fr-FR": "4 passagers par voiture",
            "de-DE": "4 Fahrgäste pro Wagen",
            "es-ES": "4 pasajeros por vagón",
            "it-IT": "4 passeggeri a carrozza",
            "nl-NL": "4 passagiers per karretje",
            "sv-SE": "4 passagerare per vagn",
            "ko-KR": "차량당 4명의 승객",
            "zh-CN": "4位乘客/车",
            "zh-TW": "4 位乘客/每個車廂",
            "pt-BR": "4 passageiros por vagão",
            "cs-CZ": "4 místa v každém voze",
            "ja-JP": "各車両4名",
            "pl-PL": "4 pasażerów na wagonik",
            "ru-RU": "4 пассажира",
            "eo-ZZ": "Po 4 pasaĝeroj por ĉaro",
            "ca-ES": "4 passatgers per cotxe",
            "fi-FI": "4 matkustajaa per vaunu"
        }
    }
}
