{
    "id": "rct1.ride.suspended_swinging_aeroplane_cars",
    "authors": [
        "Chris Sawyer",
        "Simon Foster"
    ],
    "version": "1.0",
    "originalId": "00000000|#RCT1AS2|00000000",
    "sourceGame": "rct1",
    "isCompatibilityObject": true,
    "objectType": "ride",
    "properties": {
        "type": "suspended_swinging_rc",
        "category": "rollercoaster",
        "tabScale": 0.5,
        "maxCarsPerTrain": 8,
        "ratingMultipler": {
            "excitement": 5,
            "nausea": 3
        },
        "carColours": [
            [
                [
                    "bright_red",
                    "yellow",
                    "black"
                ]
            ],
            [
                [
                    "moss_green",
                    "white",
                    "black"
                ]
            ]
        ],
        "cars": {
            "rotationFrameMask": 15,
            "spacing": 330752,
            "mass": 990,
            "tabOffset": -22,
            "numSeats": 4,
            "numSeatRows": 2,
            "frictionSoundId": 2,
            "soundRange": 2,
            "drawOrder": 4,
            "spriteGroups": {
                "slopeFlat": 16,
                "slopes12": 4,
                "slopes25": 16,
                "slopes42": 8,
                "slopes60": 4,
                "slopes8": 4,
                "slopes16": 4,
                "slopes50": 4,
                "restraintAnimation": 4
            },
            "hasAdditionalColour1": true,
            "hasSwinging": true,
            "hasScreamingRiders": true,
            "useSuspendedSwing": true,
            "loadingPositions": [
                4,
                6,
                -6,
                -4
            ]
        },
        "buildMenuPriority": 1
    },
    "images": [
        {
            "path": "images/preview.png",
            "format": "raw"
        },
        "",
        "",
        "$CSG[24702..25093]",
        "$CSG[25094..25100]",
        "$CSG[25274..25278]",
        "$CSG[25277]",
        "$CSG[25279]",
        "$CSG[25101..25107]",
        "$CSG[25281..25285]",
        "$CSG[25284]",
        "$CSG[25286]",
        "$CSG[25108..25114]",
        "$CSG[25288..25292]",
        "$CSG[25291]",
        "$CSG[25293]",
        "$CSG[25115..25121]",
        "$CSG[25295..25299]",
        "$CSG[25298]",
        "$CSG[25300]",
        "$CSG[25122..25128]",
        "$CSG[25386..25390]",
        "$CSG[25389]",
        "$CSG[25391]",
        "$CSG[25129..25135]",
        "$CSG[25393..25397]",
        "$CSG[25396]",
        "$CSG[25398]",
        "$CSG[25136..25142]",
        "$CSG[25400..25404]",
        "$CSG[25403]",
        "$CSG[25405]",
        "$CSG[25143..25149]",
        "$CSG[25407..25411]",
        "$CSG[25410]",
        "$CSG[25412]",
        "$CSG[25150..25205]",
        "$CSG[25218..25222]",
        "$CSG[25221]",
        "$CSG[25223]",
        "$CSG[25225..25229]",
        "$CSG[25228]",
        "$CSG[25230]",
        "$CSG[25232..25236]",
        "$CSG[25235]",
        "$CSG[25237]",
        "$CSG[25239..25243]",
        "$CSG[25242]",
        "$CSG[25244]",
        "$CSG[25330..25334]",
        "$CSG[25333]",
        "$CSG[25335]",
        "$CSG[25337..25341]",
        "$CSG[25340]",
        "$CSG[25342]",
        "$CSG[25344..25348]",
        "$CSG[25347]",
        "$CSG[25349]",
        "$CSG[25351..25355]",
        "$CSG[25354]",
        "$CSG[25356]",
        "$CSG[25246..25250]",
        "$CSG[25249]",
        "$CSG[25251]",
        "$CSG[25253..25257]",
        "$CSG[25256]",
        "$CSG[25258]",
        "$CSG[25260..25264]",
        "$CSG[25263]",
        "$CSG[25265]",
        "$CSG[25267..25271]",
        "$CSG[25270]",
        "$CSG[25272]",
        "$CSG[25358..25362]",
        "$CSG[25361]",
        "$CSG[25363]",
        "$CSG[25365..25369]",
        "$CSG[25368]",
        "$CSG[25370]",
        "$CSG[25372..25376]",
        "$CSG[25375]",
        "$CSG[25377]",
        "$CSG[25379..25383]",
        "$CSG[25382]",
        "$CSG[25384]",
        "$CSG[25302..25306]",
        "$CSG[25305]",
        "$CSG[25307]",
        "$CSG[25309..25313]",
        "$CSG[25312]",
        "$CSG[25314]",
        "$CSG[25316..25320]",
        "$CSG[25319]",
        "$CSG[25321]",
        "$CSG[25323..25327]",
        "$CSG[25326]",
        "$CSG[25328]",
        "$CSG[25414..25418]",
        "$CSG[25417]",
        "$CSG[25419]",
        "$CSG[25421..25425]",
        "$CSG[25424]",
        "$CSG[25426]",
        "$CSG[25428..25432]",
        "$CSG[25431]",
        "$CSG[25433]",
        "$CSG[25435..25439]",
        "$CSG[25438]",
        "$CSG[25440]",
        "$CSG[25206]",
        "$CSG[25206]",
        "$CSG[25206]",
        "$CSG[25206]",
        "$CSG[25206]",
        "$CSG[25206]",
        "$CSG[25206]",
        "$CSG[25209]",
        "$CSG[25209]",
        "$CSG[25209]",
        "$CSG[25209]",
        "$CSG[25209]",
        "$CSG[25209]",
        "$CSG[25209]",
        "$CSG[25212]",
        "$CSG[25212]",
        "$CSG[25212]",
        "$CSG[25212]",
        "$CSG[25212]",
        "$CSG[25212]",
        "$CSG[25212]",
        "$CSG[25215]",
        "$CSG[25215]",
        "$CSG[25215]",
        "$CSG[25215]",
        "$CSG[25215]",
        "$CSG[25215]",
        "$CSG[25215]",
        "$CSG[25207]",
        "$CSG[25207]",
        "$CSG[25207]",
        "$CSG[25207]",
        "$CSG[25207]",
        "$CSG[25207]",
        "$CSG[25207]",
        "$CSG[25210]",
        "$CSG[25210]",
        "$CSG[25210]",
        "$CSG[25210]",
        "$CSG[25210]",
        "$CSG[25210]",
        "$CSG[25210]",
        "$CSG[25213]",
        "$CSG[25213]",
        "$CSG[25213]",
        "$CSG[25213]",
        "$CSG[25213]",
        "$CSG[25213]",
        "$CSG[25213]",
        "$CSG[25216]",
        "$CSG[25216]",
        "$CSG[25216]",
        "$CSG[25216]",
        "$CSG[25216]",
        "$CSG[25216]",
        "$CSG[25216]",
        "$CSG[25208]",
        "$CSG[25208]",
        "$CSG[25208]",
        "$CSG[25208]",
        "$CSG[25208]",
        "$CSG[25208]",
        "$CSG[25208]",
        "$CSG[25211]",
        "$CSG[25211]",
        "$CSG[25211]",
        "$CSG[25211]",
        "$CSG[25211]",
        "$CSG[25211]",
        "$CSG[25211]",
        "$CSG[25214]",
        "$CSG[25214]",
        "$CSG[25214]",
        "$CSG[25214]",
        "$CSG[25214]",
        "$CSG[25214]",
        "$CSG[25214]",
        "$CSG[25217]",
        "$CSG[25217]",
        "$CSG[25217]",
        "$CSG[25217]",
        "$CSG[25217]",
        "$CSG[25217]",
        "$CSG[25217]",
        "$CSG[25442..25833]",
        "$CSG[25834..25840]",
        "$CSG[26014..26018]",
        "$CSG[26017]",
        "$CSG[26019]",
        "$CSG[25841..25847]",
        "$CSG[26021..26025]",
        "$CSG[26024]",
        "$CSG[26026]",
        "$CSG[25848..25854]",
        "$CSG[26028..26032]",
        "$CSG[26031]",
        "$CSG[26033]",
        "$CSG[25855..25861]",
        "$CSG[26035..26039]",
        "$CSG[26038]",
        "$CSG[26040]",
        "$CSG[25862..25868]",
        "$CSG[26126..26130]",
        "$CSG[26129]",
        "$CSG[26131]",
        "$CSG[25869..25875]",
        "$CSG[26133..26137]",
        "$CSG[26136]",
        "$CSG[26138]",
        "$CSG[25876..25882]",
        "$CSG[26140..26144]",
        "$CSG[26143]",
        "$CSG[26145]",
        "$CSG[25883..25889]",
        "$CSG[26147..26151]",
        "$CSG[26150]",
        "$CSG[26152]",
        "$CSG[25890..25945]",
        "$CSG[25958..25962]",
        "$CSG[25961]",
        "$CSG[25963]",
        "$CSG[25965..25969]",
        "$CSG[25968]",
        "$CSG[25970]",
        "$CSG[25972..25976]",
        "$CSG[25975]",
        "$CSG[25977]",
        "$CSG[25979..25983]",
        "$CSG[25982]",
        "$CSG[25984]",
        "$CSG[26070..26074]",
        "$CSG[26073]",
        "$CSG[26075]",
        "$CSG[26077..26081]",
        "$CSG[26080]",
        "$CSG[26082]",
        "$CSG[26084..26088]",
        "$CSG[26087]",
        "$CSG[26089]",
        "$CSG[26091..26095]",
        "$CSG[26094]",
        "$CSG[26096]",
        "$CSG[25986..25990]",
        "$CSG[25989]",
        "$CSG[25991]",
        "$CSG[25993..25997]",
        "$CSG[25996]",
        "$CSG[25998]",
        "$CSG[26000..26004]",
        "$CSG[26003]",
        "$CSG[26005]",
        "$CSG[26007..26011]",
        "$CSG[26010]",
        "$CSG[26012]",
        "$CSG[26098..26102]",
        "$CSG[26101]",
        "$CSG[26103]",
        "$CSG[26105..26109]",
        "$CSG[26108]",
        "$CSG[26110]",
        "$CSG[26112..26116]",
        "$CSG[26115]",
        "$CSG[26117]",
        "$CSG[26119..26123]",
        "$CSG[26122]",
        "$CSG[26124]",
        "$CSG[26042..26046]",
        "$CSG[26045]",
        "$CSG[26047]",
        "$CSG[26049..26053]",
        "$CSG[26052]",
        "$CSG[26054]",
        "$CSG[26056..26060]",
        "$CSG[26059]",
        "$CSG[26061]",
        "$CSG[26063..26067]",
        "$CSG[26066]",
        "$CSG[26068]",
        "$CSG[26154..26158]",
        "$CSG[26157]",
        "$CSG[26159]",
        "$CSG[26161..26165]",
        "$CSG[26164]",
        "$CSG[26166]",
        "$CSG[26168..26172]",
        "$CSG[26171]",
        "$CSG[26173]",
        "$CSG[26175..26179]",
        "$CSG[26178]",
        "$CSG[26180]",
        "$CSG[25946]",
        "$CSG[25946]",
        "$CSG[25946]",
        "$CSG[25946]",
        "$CSG[25946]",
        "$CSG[25946]",
        "$CSG[25946]",
        "$CSG[25949]",
        "$CSG[25949]",
        "$CSG[25949]",
        "$CSG[25949]",
        "$CSG[25949]",
        "$CSG[25949]",
        "$CSG[25949]",
        "$CSG[25952]",
        "$CSG[25952]",
        "$CSG[25952]",
        "$CSG[25952]",
        "$CSG[25952]",
        "$CSG[25952]",
        "$CSG[25952]",
        "$CSG[25955]",
        "$CSG[25955]",
        "$CSG[25955]",
        "$CSG[25955]",
        "$CSG[25955]",
        "$CSG[25955]",
        "$CSG[25955]",
        "$CSG[25947]",
        "$CSG[25947]",
        "$CSG[25947]",
        "$CSG[25947]",
        "$CSG[25947]",
        "$CSG[25947]",
        "$CSG[25947]",
        "$CSG[25950]",
        "$CSG[25950]",
        "$CSG[25950]",
        "$CSG[25950]",
        "$CSG[25950]",
        "$CSG[25950]",
        "$CSG[25950]",
        "$CSG[25953]",
        "$CSG[25953]",
        "$CSG[25953]",
        "$CSG[25953]",
        "$CSG[25953]",
        "$CSG[25953]",
        "$CSG[25953]",
        "$CSG[25956]",
        "$CSG[25956]",
        "$CSG[25956]",
        "$CSG[25956]",
        "$CSG[25956]",
        "$CSG[25956]",
        "$CSG[25956]",
        "$CSG[25948]",
        "$CSG[25948]",
        "$CSG[25948]",
        "$CSG[25948]",
        "$CSG[25948]",
        "$CSG[25948]",
        "$CSG[25948]",
        "$CSG[25951]",
        "$CSG[25951]",
        "$CSG[25951]",
        "$CSG[25951]",
        "$CSG[25951]",
        "$CSG[25951]",
        "$CSG[25951]",
        "$CSG[25954]",
        "$CSG[25954]",
        "$CSG[25954]",
        "$CSG[25954]",
        "$CSG[25954]",
        "$CSG[25954]",
        "$CSG[25954]",
        "$CSG[25957]",
        "$CSG[25957]",
        "$CSG[25957]",
        "$CSG[25957]",
        "$CSG[25957]",
        "$CSG[25957]",
        "$CSG[25957]",
        "$CSG[26182..26573]",
        "$CSG[26574..26580]",
        "$CSG[26754..26758]",
        "$CSG[26757]",
        "$CSG[26759]",
        "$CSG[26581..26587]",
        "$CSG[26761..26765]",
        "$CSG[26764]",
        "$CSG[26766]",
        "$CSG[26588..26594]",
        "$CSG[26768..26772]",
        "$CSG[26771]",
        "$CSG[26773]",
        "$CSG[26595..26601]",
        "$CSG[26775..26779]",
        "$CSG[26778]",
        "$CSG[26780]",
        "$CSG[26602..26608]",
        "$CSG[26866..26870]",
        "$CSG[26869]",
        "$CSG[26871]",
        "$CSG[26609..26615]",
        "$CSG[26873..26877]",
        "$CSG[26876]",
        "$CSG[26878]",
        "$CSG[26616..26622]",
        "$CSG[26880..26884]",
        "$CSG[26883]",
        "$CSG[26885]",
        "$CSG[26623..26629]",
        "$CSG[26887..26891]",
        "$CSG[26890]",
        "$CSG[26892]",
        "$CSG[26630..26685]",
        "$CSG[26698..26702]",
        "$CSG[26701]",
        "$CSG[26703]",
        "$CSG[26705..26709]",
        "$CSG[26708]",
        "$CSG[26710]",
        "$CSG[26712..26716]",
        "$CSG[26715]",
        "$CSG[26717]",
        "$CSG[26719..26723]",
        "$CSG[26722]",
        "$CSG[26724]",
        "$CSG[26810..26814]",
        "$CSG[26813]",
        "$CSG[26815]",
        "$CSG[26817..26821]",
        "$CSG[26820]",
        "$CSG[26822]",
        "$CSG[26824..26828]",
        "$CSG[26827]",
        "$CSG[26829]",
        "$CSG[26831..26835]",
        "$CSG[26834]",
        "$CSG[26836]",
        "$CSG[26726..26730]",
        "$CSG[26729]",
        "$CSG[26731]",
        "$CSG[26733..26737]",
        "$CSG[26736]",
        "$CSG[26738]",
        "$CSG[26740..26744]",
        "$CSG[26743]",
        "$CSG[26745]",
        "$CSG[26747..26751]",
        "$CSG[26750]",
        "$CSG[26752]",
        "$CSG[26838..26842]",
        "$CSG[26841]",
        "$CSG[26843]",
        "$CSG[26845..26849]",
        "$CSG[26848]",
        "$CSG[26850]",
        "$CSG[26852..26856]",
        "$CSG[26855]",
        "$CSG[26857]",
        "$CSG[26859..26863]",
        "$CSG[26862]",
        "$CSG[26864]",
        "$CSG[26782..26786]",
        "$CSG[26785]",
        "$CSG[26787]",
        "$CSG[26789..26793]",
        "$CSG[26792]",
        "$CSG[26794]",
        "$CSG[26796..26800]",
        "$CSG[26799]",
        "$CSG[26801]",
        "$CSG[26803..26807]",
        "$CSG[26806]",
        "$CSG[26808]",
        "$CSG[26894..26898]",
        "$CSG[26897]",
        "$CSG[26899]",
        "$CSG[26901..26905]",
        "$CSG[26904]",
        "$CSG[26906]",
        "$CSG[26908..26912]",
        "$CSG[26911]",
        "$CSG[26913]",
        "$CSG[26915..26919]",
        "$CSG[26918]",
        "$CSG[26920]",
        "$CSG[26686]",
        "$CSG[26686]",
        "$CSG[26686]",
        "$CSG[26686]",
        "$CSG[26686]",
        "$CSG[26686]",
        "$CSG[26686]",
        "$CSG[26689]",
        "$CSG[26689]",
        "$CSG[26689]",
        "$CSG[26689]",
        "$CSG[26689]",
        "$CSG[26689]",
        "$CSG[26689]",
        "$CSG[26692]",
        "$CSG[26692]",
        "$CSG[26692]",
        "$CSG[26692]",
        "$CSG[26692]",
        "$CSG[26692]",
        "$CSG[26692]",
        "$CSG[26695]",
        "$CSG[26695]",
        "$CSG[26695]",
        "$CSG[26695]",
        "$CSG[26695]",
        "$CSG[26695]",
        "$CSG[26695]",
        "$CSG[26687]",
        "$CSG[26687]",
        "$CSG[26687]",
        "$CSG[26687]",
        "$CSG[26687]",
        "$CSG[26687]",
        "$CSG[26687]",
        "$CSG[26690]",
        "$CSG[26690]",
        "$CSG[26690]",
        "$CSG[26690]",
        "$CSG[26690]",
        "$CSG[26690]",
        "$CSG[26690]",
        "$CSG[26693]",
        "$CSG[26693]",
        "$CSG[26693]",
        "$CSG[26693]",
        "$CSG[26693]",
        "$CSG[26693]",
        "$CSG[26693]",
        "$CSG[26696]",
        "$CSG[26696]",
        "$CSG[26696]",
        "$CSG[26696]",
        "$CSG[26696]",
        "$CSG[26696]",
        "$CSG[26696]",
        "$CSG[26688]",
        "$CSG[26688]",
        "$CSG[26688]",
        "$CSG[26688]",
        "$CSG[26688]",
        "$CSG[26688]",
        "$CSG[26688]",
        "$CSG[26691]",
        "$CSG[26691]",
        "$CSG[26691]",
        "$CSG[26691]",
        "$CSG[26691]",
        "$CSG[26691]",
        "$CSG[26691]",
        "$CSG[26694]",
        "$CSG[26694]",
        "$CSG[26694]",
        "$CSG[26694]",
        "$CSG[26694]",
        "$CSG[26694]",
        "$CSG[26694]",
        "$CSG[26697]",
        "$CSG[26697]",
        "$CSG[26697]",
        "$CSG[26697]",
        "$CSG[26697]",
        "$CSG[26697]",
        "$CSG[26697]"
    ],
    "strings": {
        "name": {
            "en-GB": "Suspended Swinging Aeroplane Cars",
            "en-US": "Suspended Swinging Airplane Cars",
            "fr-FR": "Voiture-avion suspendue",
            "de-DE": "Flugzeug-Hängewagen",
            "es-ES": "Aviones Suspendidos Balancín",
            "it-IT": "Aeroplani in oscillazione",
            "nl-NL": "Vliegtuigkarretjes",
            "sv-SE": "Upphängda flygplan",
            "ko-KR": "서스펜디드 스윙잉 에어로플레인 차량",
            "zh-CN": "悬晃式飞机列车",
            "zh-TW": "懸晃式飛機列車",
            "pt-BR": "Vagões de Avião de Balanço Suspenso",
            "cs-CZ": "Zavěšené houpající se aeroplány",
            "ja-JP": "サスペンデッド・スイング飛行車両",
            "pl-PL": "Swobodnie podwieszone wagoniki samolotowe",
            "ru-RU": "Аэропланы",
            "eo-ZZ": "Penditaj Svingiĝantaj Aeroplano-Ĉaroj"
        },
        "description": {
            "en-GB": "Suspended roller coaster trains consisting of aeroplane-shaped cars able to swing freely as the train goes around corners",
            "en-US": "Suspended roller coaster trains consisting of airplane-shaped cars able to swing freely as the train goes around corners",
            "fr-FR": "Train suspendu à des montagnes russes et composé de voitures en forme d'avion qui se balancent librement dans les virages",
            "de-DE": "Ein hängender Achterbahnzug, der aus flugzeugförmigen Wagen besteht, die in Kurven frei schwingen",
            "es-ES": "Montaña rusa que consiste en vagones con forma de avión que giran libremente en las curvas",
            "it-IT": "Treni da ottovolante trainano carrozze a forma d'aeroplano sospese e capaci di oscillare liberamente durante le curve",
            "nl-NL": "Omgekeerde achtbaantrein bestaande uit karretjes in de vorm van een vliegtuig, die vrijuit kunnen schommelen als de trein door een bocht gaat.",
            "sv-SE": "Hängande flygplansformade vagnar som pendlar ut åt sidan i kurvorna",
            "ko-KR": "차량이 코너를 돌면 자유롭게 흔들거리게 만들어진 비행기 모양의 서스펜디드 롤러코스터 차량",
            "zh-CN": "悬挂式过山车列车是由飞机外形的车辆所组成的,车辆在经过转角处时会自由摆动摇晃",
            "zh-TW": "懸掛式雲霄飛車列車是由飛機外形的車輛所組成的,車輛在經過轉角處時會自由?動搖晃",
            "pt-BR": "Trens de montanha-russa suspensa consistindo de vagões em forma de avião, capazes de balançar livremente quando o trem entra em curvas",
            "cs-CZ": "Zavěšená horská dráha z volné zavěšených vozů ve tvaru aeroplánu, které se naklání při jízdě do zatáček",
            "ja-JP": "ぶら下がった飛行機型の車両が、コーナーで大きく揺れ動くコースターです",
            "pl-PL": "Kolejka górska z podwieszanymi wagonikami w kształcie samolotów, które mogą się swobodnie kołysać podczas pokonywania zakrętów",
            "ru-RU": "Suspended roller coaster train consisting of airplane shaped cars able to swing freely as the train goes around corners",
            "eo-ZZ": "Penditaj trajnoj de onda fervojo, kiuj konsistas el aeroplanoformaj ĉaroj, kiuj svingiĝas libere kiam la trajno iras ĉirkau anguloj"
        },
        "capacity": {
            "en-GB": "4 passengers per car",
            "fr-FR": "4 passagers par voiture",
            "de-DE": "4 Fahrgäste pro Wagen",
            "es-ES": "4 pasajeros por vagón",
            "it-IT": "4 passeggeri a carrozza",
            "nl-NL": "4 passagiers per karretje",
            "sv-SE": "4 passagerare per vagn",
            "ko-KR": "차량당 4명의 승객",
            "zh-CN": "4 位乘客/每个车厢",
            "zh-TW": "4 位乘客/每個車廂",
            "pt-BR": "4 passageiros por Vagão",
            "cs-CZ": "4 místa v každém voze",
            "ja-JP": "各車両4名",
            "pl-PL": "4 pasażerów na wagonik",
            "ru-RU": "4 пассажираpa",
            "eo-ZZ": "Po 4 pasaĝeroj por ĉaro"
        }
    },
    "noCsgImages": [
        {
            "path": "images/preview.png",
            "format": "raw"
        },
        "",
        "",
        "$RCT2:OBJDATA/ARRSW2.DAT[3..9]",
        "$RCT2:OBJDATA/ARRSW2.DAT[17..23]",
        "$RCT2:OBJDATA/ARRSW2.DAT[31..37]",
        "$RCT2:OBJDATA/ARRSW2.DAT[45..51]",
        "$RCT2:OBJDATA/ARRSW2.DAT[59..65]",
        "$RCT2:OBJDATA/ARRSW2.DAT[73..79]",
        "$RCT2:OBJDATA/ARRSW2.DAT[87..93]",
        "$RCT2:OBJDATA/ARRSW2.DAT[101..107]",
        "$RCT2:OBJDATA/ARRSW2.DAT[115..121]",
        "$RCT2:OBJDATA/ARRSW2.DAT[129..135]",
        "$RCT2:OBJDATA/ARRSW2.DAT[143..149]",
        "$RCT2:OBJDATA/ARRSW2.DAT[157..163]",
        "$RCT2:OBJDATA/ARRSW2.DAT[171..177]",
        "$RCT2:OBJDATA/ARRSW2.DAT[185..191]",
        "$RCT2:OBJDATA/ARRSW2.DAT[199..205]",
        "$RCT2:OBJDATA/ARRSW2.DAT[213..219]",
        "$RCT2:OBJDATA/ARRSW2.DAT[227..289]",
        "$RCT2:OBJDATA/ARRSW2.DAT[297..303]",
        "$RCT2:OBJDATA/ARRSW2.DAT[311..317]",
        "$RCT2:OBJDATA/ARRSW2.DAT[325..331]",
        "$RCT2:OBJDATA/ARRSW2.DAT[339..345]",
        "$RCT2:OBJDATA/ARRSW2.DAT[353..359]",
        "$RCT2:OBJDATA/ARRSW2.DAT[367..373]",
        "$RCT2:OBJDATA/ARRSW2.DAT[381..387]",
        "$RCT2:OBJDATA/ARRSW2.DAT[395..401]",
        "$RCT2:OBJDATA/ARRSW2.DAT[409..415]",
        "$RCT2:OBJDATA/ARRSW2.DAT[423..429]",
        "$RCT2:OBJDATA/ARRSW2.DAT[437..443]",
        "$RCT2:OBJDATA/ARRSW2.DAT[451..457]",
        "$RCT2:OBJDATA/ARRSW2.DAT[465..471]",
        "$RCT2:OBJDATA/ARRSW2.DAT[479..485]",
        "$RCT2:OBJDATA/ARRSW2.DAT[493..499]",
        "$RCT2:OBJDATA/ARRSW2.DAT[507..513]",
        "$RCT2:OBJDATA/ARRSW2.DAT[521..527]",
        "$RCT2:OBJDATA/ARRSW2.DAT[535..541]",
        "$RCT2:OBJDATA/ARRSW2.DAT[549..555]",
        "$RCT2:OBJDATA/ARRSW2.DAT[563..569]",
        "$RCT2:OBJDATA/ARRSW2.DAT[577..583]",
        "$RCT2:OBJDATA/ARRSW2.DAT[591..597]",
        "$RCT2:OBJDATA/ARRSW2.DAT[605..611]",
        "$RCT2:OBJDATA/ARRSW2.DAT[619..625]",
        "$RCT2:OBJDATA/ARRSW2.DAT[633..639]",
        "$RCT2:OBJDATA/ARRSW2.DAT[647..653]",
        "$RCT2:OBJDATA/ARRSW2.DAT[661..667]",
        "$RCT2:OBJDATA/ARRSW2.DAT[675..681]",
        "$RCT2:OBJDATA/ARRSW2.DAT[689..695]",
        "$RCT2:OBJDATA/ARRSW2.DAT[703..709]",
        "$RCT2:OBJDATA/ARRSW2.DAT[717..723]",
        "$RCT2:OBJDATA/ARRSW2.DAT[731..849]",
        "$RCT2:OBJDATA/ARRSW2.DAT[899..905]",
        "$RCT2:OBJDATA/ARRSW2.DAT[955..961]",
        "$RCT2:OBJDATA/ARRSW2.DAT[1011..1017]",
        "$RCT2:OBJDATA/ARRSW2.DAT[1067..1073]",
        "$RCT2:OBJDATA/ARRSW2.DAT[1123..1129]",
        "$RCT2:OBJDATA/ARRSW2.DAT[1179..1185]",
        "$RCT2:OBJDATA/ARRSW2.DAT[1235..1241]",
        "$RCT2:OBJDATA/ARRSW2.DAT[1291..1549]",
        "$RCT2:OBJDATA/ARRSW2.DAT[1557..1563]",
        "$RCT2:OBJDATA/ARRSW2.DAT[1571..1577]",
        "$RCT2:OBJDATA/ARRSW2.DAT[1585..1591]",
        "$RCT2:OBJDATA/ARRSW2.DAT[1599..1605]",
        "$RCT2:OBJDATA/ARRSW2.DAT[1613..1619]",
        "$RCT2:OBJDATA/ARRSW2.DAT[1627..1633]",
        "$RCT2:OBJDATA/ARRSW2.DAT[1641..1647]",
        "$RCT2:OBJDATA/ARRSW2.DAT[1655..1661]",
        "$RCT2:OBJDATA/ARRSW2.DAT[1669..1675]",
        "$RCT2:OBJDATA/ARRSW2.DAT[1683..1689]",
        "$RCT2:OBJDATA/ARRSW2.DAT[1697..1703]",
        "$RCT2:OBJDATA/ARRSW2.DAT[1711..1717]",
        "$RCT2:OBJDATA/ARRSW2.DAT[1725..1731]",
        "$RCT2:OBJDATA/ARRSW2.DAT[1739..1745]",
        "$RCT2:OBJDATA/ARRSW2.DAT[1753..1759]",
        "$RCT2:OBJDATA/ARRSW2.DAT[1767..1829]",
        "$RCT2:OBJDATA/ARRSW2.DAT[1837..1843]",
        "$RCT2:OBJDATA/ARRSW2.DAT[1851..1857]",
        "$RCT2:OBJDATA/ARRSW2.DAT[1865..1871]",
        "$RCT2:OBJDATA/ARRSW2.DAT[1879..1885]",
        "$RCT2:OBJDATA/ARRSW2.DAT[1893..1899]",
        "$RCT2:OBJDATA/ARRSW2.DAT[1907..1913]",
        "$RCT2:OBJDATA/ARRSW2.DAT[1921..1927]",
        "$RCT2:OBJDATA/ARRSW2.DAT[1935..1941]",
        "$RCT2:OBJDATA/ARRSW2.DAT[1949..1955]",
        "$RCT2:OBJDATA/ARRSW2.DAT[1963..1969]",
        "$RCT2:OBJDATA/ARRSW2.DAT[1977..1983]",
        "$RCT2:OBJDATA/ARRSW2.DAT[1991..1997]",
        "$RCT2:OBJDATA/ARRSW2.DAT[2005..2011]",
        "$RCT2:OBJDATA/ARRSW2.DAT[2019..2025]",
        "$RCT2:OBJDATA/ARRSW2.DAT[2033..2039]",
        "$RCT2:OBJDATA/ARRSW2.DAT[2047..2053]",
        "$RCT2:OBJDATA/ARRSW2.DAT[2061..2067]",
        "$RCT2:OBJDATA/ARRSW2.DAT[2075..2081]",
        "$RCT2:OBJDATA/ARRSW2.DAT[2089..2095]",
        "$RCT2:OBJDATA/ARRSW2.DAT[2103..2109]",
        "$RCT2:OBJDATA/ARRSW2.DAT[2117..2123]",
        "$RCT2:OBJDATA/ARRSW2.DAT[2131..2137]",
        "$RCT2:OBJDATA/ARRSW2.DAT[2145..2151]",
        "$RCT2:OBJDATA/ARRSW2.DAT[2159..2165]",
        "$RCT2:OBJDATA/ARRSW2.DAT[2173..2179]",
        "$RCT2:OBJDATA/ARRSW2.DAT[2187..2193]",
        "$RCT2:OBJDATA/ARRSW2.DAT[2201..2207]",
        "$RCT2:OBJDATA/ARRSW2.DAT[2215..2221]",
        "$RCT2:OBJDATA/ARRSW2.DAT[2229..2235]",
        "$RCT2:OBJDATA/ARRSW2.DAT[2243..2249]",
        "$RCT2:OBJDATA/ARRSW2.DAT[2257..2263]",
        "$RCT2:OBJDATA/ARRSW2.DAT[2271..2389]",
        "$RCT2:OBJDATA/ARRSW2.DAT[2439..2445]",
        "$RCT2:OBJDATA/ARRSW2.DAT[2495..2501]",
        "$RCT2:OBJDATA/ARRSW2.DAT[2551..2557]",
        "$RCT2:OBJDATA/ARRSW2.DAT[2607..2613]",
        "$RCT2:OBJDATA/ARRSW2.DAT[2663..2669]",
        "$RCT2:OBJDATA/ARRSW2.DAT[2719..2725]",
        "$RCT2:OBJDATA/ARRSW2.DAT[2775..2781]",
        "$RCT2:OBJDATA/ARRSW2.DAT[2831..3089]",
        "$RCT2:OBJDATA/ARRSW2.DAT[3097..3103]",
        "$RCT2:OBJDATA/ARRSW2.DAT[3111..3117]",
        "$RCT2:OBJDATA/ARRSW2.DAT[3125..3131]",
        "$RCT2:OBJDATA/ARRSW2.DAT[3139..3145]",
        "$RCT2:OBJDATA/ARRSW2.DAT[3153..3159]",
        "$RCT2:OBJDATA/ARRSW2.DAT[3167..3173]",
        "$RCT2:OBJDATA/ARRSW2.DAT[3181..3187]",
        "$RCT2:OBJDATA/ARRSW2.DAT[3195..3201]",
        "$RCT2:OBJDATA/ARRSW2.DAT[3209..3215]",
        "$RCT2:OBJDATA/ARRSW2.DAT[3223..3229]",
        "$RCT2:OBJDATA/ARRSW2.DAT[3237..3243]",
        "$RCT2:OBJDATA/ARRSW2.DAT[3251..3257]",
        "$RCT2:OBJDATA/ARRSW2.DAT[3265..3271]",
        "$RCT2:OBJDATA/ARRSW2.DAT[3279..3285]",
        "$RCT2:OBJDATA/ARRSW2.DAT[3293..3299]",
        "$RCT2:OBJDATA/ARRSW2.DAT[3307..3369]",
        "$RCT2:OBJDATA/ARRSW2.DAT[3377..3383]",
        "$RCT2:OBJDATA/ARRSW2.DAT[3391..3397]",
        "$RCT2:OBJDATA/ARRSW2.DAT[3405..3411]",
        "$RCT2:OBJDATA/ARRSW2.DAT[3419..3425]",
        "$RCT2:OBJDATA/ARRSW2.DAT[3433..3439]",
        "$RCT2:OBJDATA/ARRSW2.DAT[3447..3453]",
        "$RCT2:OBJDATA/ARRSW2.DAT[3461..3467]",
        "$RCT2:OBJDATA/ARRSW2.DAT[3475..3481]",
        "$RCT2:OBJDATA/ARRSW2.DAT[3489..3495]",
        "$RCT2:OBJDATA/ARRSW2.DAT[3503..3509]",
        "$RCT2:OBJDATA/ARRSW2.DAT[3517..3523]",
        "$RCT2:OBJDATA/ARRSW2.DAT[3531..3537]",
        "$RCT2:OBJDATA/ARRSW2.DAT[3545..3551]",
        "$RCT2:OBJDATA/ARRSW2.DAT[3559..3565]",
        "$RCT2:OBJDATA/ARRSW2.DAT[3573..3579]",
        "$RCT2:OBJDATA/ARRSW2.DAT[3587..3593]",
        "$RCT2:OBJDATA/ARRSW2.DAT[3601..3607]",
        "$RCT2:OBJDATA/ARRSW2.DAT[3615..3621]",
        "$RCT2:OBJDATA/ARRSW2.DAT[3629..3635]",
        "$RCT2:OBJDATA/ARRSW2.DAT[3643..3649]",
        "$RCT2:OBJDATA/ARRSW2.DAT[3657..3663]",
        "$RCT2:OBJDATA/ARRSW2.DAT[3671..3677]",
        "$RCT2:OBJDATA/ARRSW2.DAT[3685..3691]",
        "$RCT2:OBJDATA/ARRSW2.DAT[3699..3705]",
        "$RCT2:OBJDATA/ARRSW2.DAT[3713..3719]",
        "$RCT2:OBJDATA/ARRSW2.DAT[3727..3733]",
        "$RCT2:OBJDATA/ARRSW2.DAT[3741..3747]",
        "$RCT2:OBJDATA/ARRSW2.DAT[3755..3761]",
        "$RCT2:OBJDATA/ARRSW2.DAT[3769..3775]",
        "$RCT2:OBJDATA/ARRSW2.DAT[3783..3789]",
        "$RCT2:OBJDATA/ARRSW2.DAT[3797..3803]",
        "$RCT2:OBJDATA/ARRSW2.DAT[3811..3929]",
        "$RCT2:OBJDATA/ARRSW2.DAT[3979..3985]",
        "$RCT2:OBJDATA/ARRSW2.DAT[4035..4041]",
        "$RCT2:OBJDATA/ARRSW2.DAT[4091..4097]",
        "$RCT2:OBJDATA/ARRSW2.DAT[4147..4153]",
        "$RCT2:OBJDATA/ARRSW2.DAT[4203..4209]",
        "$RCT2:OBJDATA/ARRSW2.DAT[4259..4265]",
        "$RCT2:OBJDATA/ARRSW2.DAT[4315..4321]",
        "$RCT2:OBJDATA/ARRSW2.DAT[4371..4622]"
    ]
}
