{
    "id": "rct2.footpath_railings.concrete_green",
    "authors": [
        "Chris Sawyer",
        "Simon Foster"
    ],
    "version": "1.0",
    "sourceGame": [
        "rct2"
    ],
    "objectType": "footpath_railings",
    "properties": {
        "hasSupportImages": true,
        "hasElevatedPathImages": true,
        "supportType": "pole",
        "scrollingMode": 0
    },
    "images": [
        { "path": "preview.png", "x": 1, "y": 1 },
        "$RCT2:OBJDATA/TARMACG.DAT[73..164]"
    ],
    "strings": {
        "name": {
            "en-GB": "Concrete Railings (Dark Green)",
            "de-DE": "Betongeländer (dunkelgrün)",
            "nl-NL": "Betonnen ondersteuningen (groen)",
            "eo-ZZ": "Betonaj Balustradoj (Malhela Verda)",
            "ca-ES": "Baranes de ciment (verd fosc)"
        }
    }
}
