{
    "id": "rct2.footpath_railings.bamboo_black",
    "authors": [
        "Chris Sawyer",
        "Simon Foster"
    ],
    "version": "1.0",
    "sourceGame": "rct2",
    "objectType": "footpath_railings",
    "properties": {
        "supportType": "pole",
        "scrollingMode": 0
    },
    "images": [
        { "path": "preview.png", "x": 1, "y": 1 },
        "$RCT2:OBJDATA/PATHASH.DAT[73..145]"
    ],
    "strings": {
        "name": {
            "en-GB": "Bamboo Railings (Black)",
            "de-DE": "Bambusgeländer (schwarz)",
            "nl-NL": "Ondersteuningen van bamboe (zwart)",
            "eo-ZZ": "Bambuaj Balustradoj (Nigra)",
            "ca-ES": "Baranes de bambú (negres)"
        }
    }
}
