{
    "id": "rct1.ride.swinging_lay_down_cars",
    "authors": [
        "Chris Sawyer",
        "Simon Foster"
    ],
    "version": "1.0",
    "originalId": "00000000|#RCT1SKY|00000000",
    "sourceGame": "rct1",
    "isCompatibilityObject": true,
    "objectType": "ride",
    "properties": {
        "type": "mini_suspended_rc",
        "category": "rollercoaster",
        "minCarsPerTrain": 1,
        "maxCarsPerTrain": 2,
        "ratingMultipler": {
            "excitement": 10,
            "intensity": 25,
            "nausea": 15
        },
        "carColours": [
            [
                [
                    "bright_red",
                    "yellow",
                    "black"
                ]
            ],
            [
                [
                    "dark_green",
                    "yellow",
                    "black"
                ]
            ],
            [
                [
                    "bordeaux_red",
                    "bright_red",
                    "black"
                ]
            ]
        ],
        "cars": {
            "rotationFrameMask": 15,
            "spacing": 164864,
            "mass": 300,
            "tabOffset": -17,
            "numSeats": 1,
            "numSeatRows": 1,
            "frictionSoundId": 2,
            "soundRange": 0,
            "drawOrder": 2,
            "spriteGroups": {
                "slopeFlat": 16,
                "slopes12": 4,
                "slopes25": 4,
                "restraintAnimation": 4
            },
            "hasAdditionalColour1": true,
            "hasSwinging": true,
            "hasScreamingRiders": true,
            "loadingPositions": [
                1
            ]
        },
        "buildMenuPriority": 1
    },
    "images": [
        {
            "path": "images/preview.png",
            "format": "raw"
        },
        "",
        "",
        "$CSG[31797..31876]",
        "$CSG[31877..31881]",
        "$CSG[31897..31901]",
        "$CSG[31917..31921]",
        "$CSG[31937..31941]",
        "$CSG[31887..31891]",
        "$CSG[31907..31911]",
        "$CSG[31927..31931]",
        "$CSG[31947..31951]",
        "$CSG[31882..31886]",
        "$CSG[31902..31906]",
        "$CSG[31922..31926]",
        "$CSG[31942..31946]",
        "$CSG[31892..31896]",
        "$CSG[31912..31916]",
        "$CSG[31932..31936]",
        "$CSG[31952..31956]",
        "$CSG[31957]",
        "$CSG[31957]",
        "$CSG[31957]",
        "$CSG[31957]",
        "$CSG[31957]",
        "$CSG[31960]",
        "$CSG[31960]",
        "$CSG[31960]",
        "$CSG[31960]",
        "$CSG[31960]",
        "$CSG[31963]",
        "$CSG[31963]",
        "$CSG[31963]",
        "$CSG[31963]",
        "$CSG[31963]",
        "$CSG[31966]",
        "$CSG[31966]",
        "$CSG[31966]",
        "$CSG[31966]",
        "$CSG[31966]",
        "$CSG[31958]",
        "$CSG[31958]",
        "$CSG[31958]",
        "$CSG[31958]",
        "$CSG[31958]",
        "$CSG[31961]",
        "$CSG[31961]",
        "$CSG[31961]",
        "$CSG[31961]",
        "$CSG[31961]",
        "$CSG[31964]",
        "$CSG[31964]",
        "$CSG[31964]",
        "$CSG[31964]",
        "$CSG[31964]",
        "$CSG[31967]",
        "$CSG[31967]",
        "$CSG[31967]",
        "$CSG[31967]",
        "$CSG[31967]",
        "$CSG[31958]",
        "$CSG[31958]",
        "$CSG[31958]",
        "$CSG[31958]",
        "$CSG[31958]",
        "$CSG[31962]",
        "$CSG[31962]",
        "$CSG[31962]",
        "$CSG[31962]",
        "$CSG[31962]",
        "$CSG[31965]",
        "$CSG[31965]",
        "$CSG[31965]",
        "$CSG[31965]",
        "$CSG[31965]",
        "$CSG[31968]",
        "$CSG[31968]",
        "$CSG[31968]",
        "$CSG[31968]",
        "$CSG[31968]",
        "$CSG[31969..32048]",
        "$CSG[32049..32053]",
        "$CSG[32069..32073]",
        "$CSG[32089..32093]",
        "$CSG[32109..32113]",
        "$CSG[32059..32063]",
        "$CSG[32079..32083]",
        "$CSG[32099..32103]",
        "$CSG[32119..32123]",
        "$CSG[32054..32058]",
        "$CSG[32074..32078]",
        "$CSG[32094..32098]",
        "$CSG[32114..32118]",
        "$CSG[32064..32068]",
        "$CSG[32084..32088]",
        "$CSG[32104..32108]",
        "$CSG[32124..32128]",
        "$CSG[32129]",
        "$CSG[32129]",
        "$CSG[32129]",
        "$CSG[32129]",
        "$CSG[32129]",
        "$CSG[32132]",
        "$CSG[32132]",
        "$CSG[32132]",
        "$CSG[32132]",
        "$CSG[32132]",
        "$CSG[32135]",
        "$CSG[32135]",
        "$CSG[32135]",
        "$CSG[32135]",
        "$CSG[32135]",
        "$CSG[32138]",
        "$CSG[32138]",
        "$CSG[32138]",
        "$CSG[32138]",
        "$CSG[32138]",
        "$CSG[32130]",
        "$CSG[32130]",
        "$CSG[32130]",
        "$CSG[32130]",
        "$CSG[32130]",
        "$CSG[32133]",
        "$CSG[32133]",
        "$CSG[32133]",
        "$CSG[32133]",
        "$CSG[32133]",
        "$CSG[32136]",
        "$CSG[32136]",
        "$CSG[32136]",
        "$CSG[32136]",
        "$CSG[32136]",
        "$CSG[32139]",
        "$CSG[32139]",
        "$CSG[32139]",
        "$CSG[32139]",
        "$CSG[32139]",
        "$CSG[32130]",
        "$CSG[32130]",
        "$CSG[32130]",
        "$CSG[32130]",
        "$CSG[32130]",
        "$CSG[32134]",
        "$CSG[32134]",
        "$CSG[32134]",
        "$CSG[32134]",
        "$CSG[32134]",
        "$CSG[32137]",
        "$CSG[32137]",
        "$CSG[32137]",
        "$CSG[32137]",
        "$CSG[32137]",
        "$CSG[32140]",
        "$CSG[32140]",
        "$CSG[32140]",
        "$CSG[32140]",
        "$CSG[32140]"
    ],
    "strings": {
        "name": {
            "en-GB": "Lay-down Cars",
            "fr-FR": "Mini montagnes suspendues",
            "de-DE": "Liegewagen",
            "es-ES": "Mini Montaña Rusa Suspendida",
            "it-IT": "Mini-ottovolante sospeso",
            "nl-NL": "Liggende karretjes",
            "sv-SE": "Liggvagnar",
            "ko-KR": "레이 다운 차량",
            "zh-CN": "迷你悬挂式飞行列车",
            "zh-TW": "迷你懸掛式飛行列車",
            "pt-BR": "Carros Deitados",
            "ar-EG": "Lay-down Cars",
            "cs-CZ": "Zavěšená horská dráha na \"ležáka\"",
            "en-US": "Lay-down Cars",
            "ja-JP": "ミニ・サスペンデッド・フライング・コースター",
            "pl-PL": "Podwieszana minikolejka",
            "ru-RU": "Мини-летающие горки",
            "eo-ZZ": "Kuŝiĝantaj Ĉaroj"
        },
        "description": {
            "en-GB": "Small suspended cars in which the passengers ride face-down in a lying position, swinging freely from side to side",
            "fr-FR": "Les passagers sont couchés à plat ventre dans une voiture spéciale se déplaçant sur un monorail et se balançant d'un côté à l'autre dans les virages",
            "de-DE": "Kleine hängende Wagen, in denen sich die Passagiere mit dem Gesicht nach unten in einer liegenden Position befinden und frei hin- und her schwingen",
            "es-ES": "Los pasajeros se colocan boca abajo en unos vagones especiales en ésta montaña rusa",
            "it-IT": "I passeggeri, distesi a pancia in giù in una carrozza speciale, sono sospesi al tracciato monorotaia e oscillano da una parte all'altra a ogni curva",
            "nl-NL": "Passagiers zitten in kleine karretjes die onder een enkele rail hangen en naar buiten zwaaien in de bochten.",
            "sv-SE": "Små upphängda vagnar där passagerarna  åker med ansiktet neråt i liggande ställning, och pendlar fritt från sida till sida",
            "ko-KR": "하나의 레일로 이루어진 트랙에 매달린 특수 차량에 얼굴을 아래로 한 자세로 타고 코너를 돌 때마다 이리 저리 자유롭게 흔들리는 차량",
            "zh-CN": "乘客乘坐在横卧向下的方向,悬挂在特殊设计的列车并在单轨轨道环行转角处时自由摇晃",
            "zh-TW": "乘客乘坐在橫臥向下的方向,懸掛在特殊設計的列車並在單軌軌道環行轉角處時自由搖晃",
            "pt-BR": "Pequenos vagões suspensos onde os passageiros ficam de rosto para baixo na posição horizontal, balançando livremente de um lado para o outro",
            "cs-CZ": "Návštěvníci jedou na jednokolejné trati vleže hlavou dolů, zavěšeni ve speciálním voze, který se v zatáčkách houpe",
            "ja-JP": "シングルレールコースの特殊なデザインの車両から乗客がうつぶせにぶら下がり、コーナーでは左右に振られるコースターです",
            "pl-PL": "Pasażerowie podróżują w pozycji leżącej, twarzą w dół, w specjalnych wagonikach podwieszonych pod pojedynczym torem, które bujają się swobodnie na zakrętach",
            "ru-RU": "Пассажиры едут лежа в вагончиках по одиночному рельсу, свободно качаясь на поворотах.",
            "eo-ZZ": "Malgrandaj penditaj ĉaroj, en kiuj la pasaĝeroj rajdas kuŝiĝante, frontas al la tero, kaj svingiĝas libere de unu flanko al la alia"
        },
        "capacity": {
            "en-GB": "1 passenger per car",
            "fr-FR": "1 passager par voiture",
            "de-DE": "1 Fahrgast pro Wagen",
            "es-ES": "1 pasajero por vehículo",
            "it-IT": "1 passeggero a carrozza",
            "nl-NL": "1 passagier per karretje",
            "sv-SE": "1 passagerare per vagn",
            "ko-KR": "차량당 승객 1명",
            "zh-CN": "1 位乘客/每个车厢",
            "zh-TW": "1 位乘客/每個車廂",
            "pt-BR": "1 passageiro por carro",
            "cs-CZ": "1 místo v každém voze",
            "ja-JP": "各車両1名",
            "pl-PL": "1 pasażer na wagonik",
            "ru-RU": "1 пассажир",
            "eo-ZZ": "Po 1 pasaĝero por ĉaro"
        }
    },
    "noCsgImages": [
        {
            "path": "images/preview.png",
            "format": "raw"
        },
        "",
        "",
        "$RCT2:OBJDATA/SKYTR.DAT[3..7]",
        "$RCT2:OBJDATA/SKYTR.DAT[13..17]",
        "$RCT2:OBJDATA/SKYTR.DAT[23..27]",
        "$RCT2:OBJDATA/SKYTR.DAT[33..37]",
        "$RCT2:OBJDATA/SKYTR.DAT[43..47]",
        "$RCT2:OBJDATA/SKYTR.DAT[53..57]",
        "$RCT2:OBJDATA/SKYTR.DAT[63..67]",
        "$RCT2:OBJDATA/SKYTR.DAT[73..77]",
        "$RCT2:OBJDATA/SKYTR.DAT[83..87]",
        "$RCT2:OBJDATA/SKYTR.DAT[93..97]",
        "$RCT2:OBJDATA/SKYTR.DAT[103..107]",
        "$RCT2:OBJDATA/SKYTR.DAT[113..117]",
        "$RCT2:OBJDATA/SKYTR.DAT[123..127]",
        "$RCT2:OBJDATA/SKYTR.DAT[133..137]",
        "$RCT2:OBJDATA/SKYTR.DAT[143..147]",
        "$RCT2:OBJDATA/SKYTR.DAT[153..157]",
        "$RCT2:OBJDATA/SKYTR.DAT[163..207]",
        "$RCT2:OBJDATA/SKYTR.DAT[243..247]",
        "$RCT2:OBJDATA/SKYTR.DAT[283..287]",
        "$RCT2:OBJDATA/SKYTR.DAT[323..327]",
        "$RCT2:OBJDATA/SKYTR.DAT[363..367]",
        "$RCT2:OBJDATA/SKYTR.DAT[403..407]",
        "$RCT2:OBJDATA/SKYTR.DAT[443..447]",
        "$RCT2:OBJDATA/SKYTR.DAT[483..487]",
        "$RCT2:OBJDATA/SKYTR.DAT[643..707]",
        "$RCT2:OBJDATA/SKYTR.DAT[713..717]",
        "$RCT2:OBJDATA/SKYTR.DAT[723..727]",
        "$RCT2:OBJDATA/SKYTR.DAT[733..737]",
        "$RCT2:OBJDATA/SKYTR.DAT[743..747]",
        "$RCT2:OBJDATA/SKYTR.DAT[753..757]",
        "$RCT2:OBJDATA/SKYTR.DAT[763..767]",
        "$RCT2:OBJDATA/SKYTR.DAT[773..777]",
        "$RCT2:OBJDATA/SKYTR.DAT[783..787]",
        "$RCT2:OBJDATA/SKYTR.DAT[793..797]",
        "$RCT2:OBJDATA/SKYTR.DAT[803..807]",
        "$RCT2:OBJDATA/SKYTR.DAT[813..817]",
        "$RCT2:OBJDATA/SKYTR.DAT[823..827]",
        "$RCT2:OBJDATA/SKYTR.DAT[833..837]",
        "$RCT2:OBJDATA/SKYTR.DAT[843..847]",
        "$RCT2:OBJDATA/SKYTR.DAT[853..857]",
        "$RCT2:OBJDATA/SKYTR.DAT[863..907]",
        "$RCT2:OBJDATA/SKYTR.DAT[943..947]",
        "$RCT2:OBJDATA/SKYTR.DAT[983..987]",
        "$RCT2:OBJDATA/SKYTR.DAT[1023..1027]",
        "$RCT2:OBJDATA/SKYTR.DAT[1063..1067]",
        "$RCT2:OBJDATA/SKYTR.DAT[1103..1107]",
        "$RCT2:OBJDATA/SKYTR.DAT[1143..1147]",
        "$RCT2:OBJDATA/SKYTR.DAT[1183..1187]",
        "$RCT2:OBJDATA/SKYTR.DAT[1343..1402]"
    ]
}
