{
    "id": "rct1ll.footpath_surface.tiles_green",
    "authors": [
        "Chris Sawyer",
        "Simon Foster"
    ],
    "version": "1.0",
    "sourceGame": "rct1ll",
    "objectType": "footpath_surface",
    "properties": {
        "noSlopeRailings": true
    },
    "images": [
        { "path": "preview.png", "x": 1, "y": 1 },
        "$CSG[44085..44135]"
    ],
    "noCsgImages": [
        { "path": "preview.png", "x": 1, "y": 1 },
        "$RCT2:OBJDATA/TARMACG.DAT[0..50]"
    ],
    "strings": {
        "name": {
            "en-GB": "Green and Brown Tiled Footpath",
            "de-DE": "Grüner und brauner Mosaikfußweg",
            "nl-NL": "Groene en bruine klinkers",
            "ar-EG": "قرميد ممشي أخضر وبني",
            "pt-BR": "Calçada de Azulejo Verde e Marrom",
            "fr-FR": "Allée pavée verte et marron",
            "ja-JP": "緑と茶色のタイルの歩道",
            "pl-PL": "Zielona i Brązowa Mozaikowa Ścieżka",
            "ko-KR": "녹색과 갈색 타일 보도",
            "eo-ZZ": "Verda kaj Bruna Kahelita Trotuaro",
            "sv-SE": "Grön och brun stenlagd gångväg",
            "ca-ES": "Camí enrajolat verd i marró"
        }
    }
}
