{
    "id": "rct1.ride.river_rapids_boats",
    "authors": ["Chris Sawyer", "Simon Foster"],
    "version": "1.0",
    "originalId": "00000000|#RCT1RAP|00000000",
    "sourceGame": "rct1",
    "isCompatibilityObject": true,
    "objectType": "ride",
    "properties": {
        "type": "river_rapids",
        "category": [
            "water",
            "thrill"
        ],
        "playSplashSound": true,
        "noCollisionCrashes": true,
        "tabScale": 0.5,
        "carColours": [
            [
                ["bright_red", "black", "black"]
            ],
            [
                ["light_blue", "black", "black"]
            ],
            [
                ["yellow", "black", "black"]
            ],
            [
                ["bright_green", "black", "black"]
            ],
            [
                ["light_orange", "black", "black"]
            ]
        ],
        "cars": {
            "rotationFrameMask": 7,
            "spacing": 243712,
            "mass": 450,
            "numSeats": 8,
            "numSeatRows": 4,
            "spinningInertia": 8,
            "spinningFriction": 8,
            "frictionSoundId": 32,
            "soundRange": 0,
            "poweredAcceleration": 100,
            "poweredMaxSpeed": 6,
            "carVisual": 4,
            "effectVisual": 11,
            "drawOrder": 9,
            "frames": {
                "flat": true
            },
            "hasSpinning": true,
            "isPowered": true,
            "hasScreamingRiders": true,
            "isWaterRide": true,
            "loadingPositions": [4, -4, 4, -4, 4, -4, 4, -4]
        },
        "buildMenuPriority": 1
    },
    "images": [
        { "path": "images/preview.png", "format": "raw" },
        "",
        "",
            "$CSG[33445]",
        "$CSG[33445]",
        "$CSG[33446]",
        "$CSG[33446]",
        "$CSG[33447]",
        "$CSG[33447]",
        "$CSG[33448]",
        "$CSG[33448]",
        
        "$CSG[33449]",
        "$CSG[33449]",
        "$CSG[33450]",
        "$CSG[33450]",
        "$CSG[33451]",
        "$CSG[33451]",
        "$CSG[33452]",
        "$CSG[33452]",
        "$CSG[33453]",                                                                                                                                                                                                           
        "$CSG[33453]",                                                                                                                                                                                                           
        "$CSG[33454]",                                                                                                                                                                                                           
        "$CSG[33454]",                                                                                                                                                                                                           
        "$CSG[33455]",                                                                                                                                                                                                           
        "$CSG[33455]",                                                                                                                                                                                                           
        "$CSG[33456]",                                                                                                                                                                                                           
        "$CSG[33456]",
        "$CSG[33457]",                                                                                                                                                                                                           
        "$CSG[33457]",                                                                                                                                                                                                           
        "$CSG[33458]",                                                                                                                                                                                                           
        "$CSG[33458]",                                                                                                                                                                                                           
        "$CSG[33459]",                                                                                                                                                                                                           
        "$CSG[33459]",                                                                                                                                                                                                           
        "$CSG[33460]",
        "$CSG[33460]",
        "$CSG[33461]",                                                                                                                                                                                                           
        "$CSG[33461]",                                                                                                                                                                                                           
        "$CSG[33462]",                                                                                                                                                                                                           
        "$CSG[33462]",                                                                                                                                                                                                           
        "$CSG[33463]",                                                                                                                                                                                                           
        "$CSG[33463]",                                                                                                                                                                                                           
        "$CSG[33464]",                                                                                                                                                                                                           
        "$CSG[33464]",
        
        "$CSG[33465]",
        "$CSG[33465]",
        "$CSG[33466]",
        "$CSG[33466]",
        "$CSG[33467]",
        "$CSG[33467]",
        "$CSG[33468]",
        "$CSG[33468]",
        "$CSG[33469]",                                                                                                                                                                                                           
        "$CSG[33469]",                                                                                                                                                                                                           
        "$CSG[33470]",                                                                                                                                                                                                           
        "$CSG[33470]",                                                                                                                                                                                                           
        "$CSG[33471]",                                                                                                                                                                                                           
        "$CSG[33471]",                                                                                                                                                                                                           
        "$CSG[33472]",                                                                                                                                                                                                           
        "$CSG[33472]",
        "$CSG[33473]",                                                                                                                                                                                                           
        "$CSG[33473]",                                                                                                                                                                                                           
        "$CSG[33474]",                                                                                                                                                                                                           
        "$CSG[33474]",                                                                                                                                                                                                           
        "$CSG[33475]",                                                                                                                                                                                                           
        "$CSG[33475]",                                                                                                                                                                                                           
        "$CSG[33476]",
        "$CSG[33476]",
        "$CSG[33477]",                                                                                                                                                                                                           
        "$CSG[33477]",                                                                                                                                                                                                           
        "$CSG[33478]",                                                                                                                                                                                                           
        "$CSG[33478]",                                                                                                                                                                                                           
        "$CSG[33479]",                                                                                                                                                                                                           
        "$CSG[33479]",                                                                                                                                                                                                           
        "$CSG[33480]",                                                                                                                                                                                                           
        "$CSG[33480]",

            "$CSG[33517]",
        "$CSG[33517]",
        "$CSG[33518]",
        "$CSG[33518]",
        "$CSG[33519]",
        "$CSG[33519]",
        "$CSG[33520]",
        "$CSG[33520]",
        
        "$CSG[33521]",
        "$CSG[33521]",
        "$CSG[33522]",
        "$CSG[33522]",
        "$CSG[33523]",
        "$CSG[33523]",
        "$CSG[33524]",
        "$CSG[33524]",
        "$CSG[33525]",                                                                                                                                                                                                           
        "$CSG[33525]",                                                                                                                                                                                                           
        "$CSG[33526]",                                                                                                                                                                                                           
        "$CSG[33526]",                                                                                                                                                                                                           
        "$CSG[33527]",                                                                                                                                                                                                           
        "$CSG[33527]",                                                                                                                                                                                                           
        "$CSG[33528]",                                                                                                                                                                                                           
        "$CSG[33528]",
        "$CSG[33529]",                                                                                                                                                                                                           
        "$CSG[33529]",                                                                                                                                                                                                           
        "$CSG[33530]",                                                                                                                                                                                                           
        "$CSG[33530]",                                                                                                                                                                                                           
        "$CSG[33531]",                                                                                                                                                                                                           
        "$CSG[33531]",                                                                                                                                                                                                           
        "$CSG[33532]",
        "$CSG[33532]",
        "$CSG[33533]",                                                                                                                                                                                                           
        "$CSG[33533]",                                                                                                                                                                                                           
        "$CSG[33534]",                                                                                                                                                                                                           
        "$CSG[33534]",                                                                                                                                                                                                           
        "$CSG[33535]",                                                                                                                                                                                                           
        "$CSG[33535]",                                                                                                                                                                                                           
        "$CSG[33536]",                                                                                                                                                                                                           
        "$CSG[33536]",
        
        "$CSG[33537]",
        "$CSG[33537]",
        "$CSG[33538]",
        "$CSG[33538]",
        "$CSG[33539]",
        "$CSG[33539]",
        "$CSG[33540]",
        "$CSG[33540]",
        "$CSG[33541]",                                                                                                                                                                                                           
        "$CSG[33541]",                                                                                                                                                                                                           
        "$CSG[33542]",                                                                                                                                                                                                           
        "$CSG[33542]",                                                                                                                                                                                                           
        "$CSG[33543]",                                                                                                                                                                                                           
        "$CSG[33543]",                                                                                                                                                                                                           
        "$CSG[33544]",                                                                                                                                                                                                           
        "$CSG[33544]",
        "$CSG[33545]",                                                                                                                                                                                                           
        "$CSG[33545]",                                                                                                                                                                                                           
        "$CSG[33546]",                                                                                                                                                                                                           
        "$CSG[33546]",                                                                                                                                                                                                           
        "$CSG[33547]",                                                                                                                                                                                                           
        "$CSG[33547]",                                                                                                                                                                                                           
        "$CSG[33548]",
        "$CSG[33548]",
        "$CSG[33549]",                                                                                                                                                                                                           
        "$CSG[33549]",                                                                                                                                                                                                           
        "$CSG[33550]",                                                                                                                                                                                                           
        "$CSG[33550]",                                                                                                                                                                                                           
        "$CSG[33551]",                                                                                                                                                                                                           
        "$CSG[33551]",                                                                                                                                                                                                           
        "$CSG[33552]",                                                                                                                                                                                                           
        "$CSG[33552]",
        
            "$CSG[33553]",
        "$CSG[33553]",
        "$CSG[33554]",
        "$CSG[33554]",
        "$CSG[33555]",
        "$CSG[33555]",
        "$CSG[33556]",
        "$CSG[33556]",
        
        "$CSG[33557]",
        "$CSG[33557]",
        "$CSG[33558]",
        "$CSG[33558]",
        "$CSG[33559]",
        "$CSG[33559]",
        "$CSG[33560]",
        "$CSG[33560]",
        "$CSG[33561]",                                                                                                                                                                                                           
        "$CSG[33561]",                                                                                                                                                                                                           
        "$CSG[33562]",                                                                                                                                                                                                           
        "$CSG[33562]",                                                                                                                                                                                                           
        "$CSG[33563]",                                                                                                                                                                                                           
        "$CSG[33563]",                                                                                                                                                                                                           
        "$CSG[33564]",                                                                                                                                                                                                           
        "$CSG[33564]",
        "$CSG[33565]",                                                                                                                                                                                                           
        "$CSG[33565]",                                                                                                                                                                                                           
        "$CSG[33566]",                                                                                                                                                                                                           
        "$CSG[33566]",                                                                                                                                                                                                           
        "$CSG[33567]",                                                                                                                                                                                                           
        "$CSG[33567]",                                                                                                                                                                                                           
        "$CSG[33568]",
        "$CSG[33568]",
        "$CSG[33569]",                                                                                                                                                                                                           
        "$CSG[33569]",                                                                                                                                                                                                           
        "$CSG[33570]",                                                                                                                                                                                                           
        "$CSG[33570]",                                                                                                                                                                                                           
        "$CSG[33571]",                                                                                                                                                                                                           
        "$CSG[33571]",                                                                                                                                                                                                           
        "$CSG[33572]",                                                                                                                                                                                                           
        "$CSG[33572]",
        
        "$CSG[33573]",
        "$CSG[33573]",
        "$CSG[33574]",
        "$CSG[33574]",
        "$CSG[33575]",
        "$CSG[33575]",
        "$CSG[33576]",
        "$CSG[33576]",
        "$CSG[33577]",                                                                                                                                                                                                           
        "$CSG[33577]",                                                                                                                                                                                                           
        "$CSG[33578]",                                                                                                                                                                                                           
        "$CSG[33578]",                                                                                                                                                                                                           
        "$CSG[33579]",                                                                                                                                                                                                           
        "$CSG[33579]",                                                                                                                                                                                                           
        "$CSG[33580]",                                                                                                                                                                                                           
        "$CSG[33580]",
        "$CSG[33581]",                                                                                                                                                                                                           
        "$CSG[33581]",                                                                                                                                                                                                           
        "$CSG[33582]",                                                                                                                                                                                                           
        "$CSG[33582]",                                                                                                                                                                                                           
        "$CSG[33583]",                                                                                                                                                                                                           
        "$CSG[33583]",                                                                                                                                                                                                           
        "$CSG[33584]",
        "$CSG[33584]",
        "$CSG[33585]",                                                                                                                                                                                                           
        "$CSG[33585]",                                                                                                                                                                                                           
        "$CSG[33586]",                                                                                                                                                                                                           
        "$CSG[33586]",                                                                                                                                                                                                           
        "$CSG[33587]",                                                                                                                                                                                                           
        "$CSG[33587]",                                                                                                                                                                                                           
        "$CSG[33588]",                                                                                                                                                                                                           
        "$CSG[33588]",

            "$CSG[33589]",
        "$CSG[33589]",
        "$CSG[33590]",
        "$CSG[33590]",
        "$CSG[33591]",
        "$CSG[33591]",
        "$CSG[33592]",
        "$CSG[33592]",
        
        "$CSG[33593]",
        "$CSG[33593]",
        "$CSG[33594]",
        "$CSG[33594]",
        "$CSG[33595]",
        "$CSG[33595]",
        "$CSG[33596]",
        "$CSG[33596]",
        "$CSG[33597]",                                                                                                                                                                                                           
        "$CSG[33597]",                                                                                                                                                                                                           
        "$CSG[33598]",                                                                                                                                                                                                           
        "$CSG[33598]",                                                                                                                                                                                                           
        "$CSG[33599]",                                                                                                                                                                                                           
        "$CSG[33599]",                                                                                                                                                                                                           
        "$CSG[33600]",                                                                                                                                                                                                           
        "$CSG[33600]",
        "$CSG[33601]",                                                                                                                                                                                                           
        "$CSG[33601]",                                                                                                                                                                                                           
        "$CSG[33602]",                                                                                                                                                                                                           
        "$CSG[33602]",                                                                                                                                                                                                           
        "$CSG[33603]",                                                                                                                                                                                                           
        "$CSG[33603]",                                                                                                                                                                                                           
        "$CSG[33604]",
        "$CSG[33604]",
        "$CSG[33605]",                                                                                                                                                                                                           
        "$CSG[33605]",                                                                                                                                                                                                           
        "$CSG[33606]",                                                                                                                                                                                                           
        "$CSG[33606]",                                                                                                                                                                                                           
        "$CSG[33607]",                                                                                                                                                                                                           
        "$CSG[33607]",                                                                                                                                                                                                           
        "$CSG[33608]",                                                                                                                                                                                                           
        "$CSG[33608]",
        
        "$CSG[33609]",
        "$CSG[33609]",
        "$CSG[33610]",
        "$CSG[33610]",
        "$CSG[33611]",
        "$CSG[33611]",
        "$CSG[33612]",
        "$CSG[33612]",
        "$CSG[33613]",                                                                                                                                                                                                           
        "$CSG[33613]",                                                                                                                                                                                                           
        "$CSG[33614]",                                                                                                                                                                                                           
        "$CSG[33614]",                                                                                                                                                                                                           
        "$CSG[33615]",                                                                                                                                                                                                           
        "$CSG[33615]",                                                                                                                                                                                                           
        "$CSG[33616]",                                                                                                                                                                                                           
        "$CSG[33616]",
        "$CSG[33617]",                                                                                                                                                                                                           
        "$CSG[33617]",                                                                                                                                                                                                           
        "$CSG[33618]",                                                                                                                                                                                                           
        "$CSG[33618]",                                                                                                                                                                                                           
        "$CSG[33619]",                                                                                                                                                                                                           
        "$CSG[33619]",                                                                                                                                                                                                           
        "$CSG[33620]",
        "$CSG[33620]",
        "$CSG[33621]",                                                                                                                                                                                                           
        "$CSG[33621]",                                                                                                                                                                                                           
        "$CSG[33622]",                                                                                                                                                                                                           
        "$CSG[33622]",                                                                                                                                                                                                           
        "$CSG[33623]",                                                                                                                                                                                                           
        "$CSG[33623]",                                                                                                                                                                                                           
        "$CSG[33624]",                                                                                                                                                                                                           
        "$CSG[33624]",
        
                    "$CSG[33481]",
        "$CSG[33481]",
        "$CSG[33482]",
        "$CSG[33482]",
        "$CSG[33483]",
        "$CSG[33483]",
        "$CSG[33484]",
        "$CSG[33484]",
        
        "$CSG[33485]",
        "$CSG[33485]",
        "$CSG[33486]",
        "$CSG[33486]",
        "$CSG[33487]",
        "$CSG[33487]",
        "$CSG[33488]",
        "$CSG[33488]",
        "$CSG[33489]",                                                                                                                                                                                                           
        "$CSG[33489]",                                                                                                                                                                                                           
        "$CSG[33490]",                                                                                                                                                                                                           
        "$CSG[33490]",                                                                                                                                                                                                           
        "$CSG[33491]",                                                                                                                                                                                                           
        "$CSG[33491]",                                                                                                                                                                                                           
        "$CSG[33492]",                                                                                                                                                                                                           
        "$CSG[33492]",
        "$CSG[33493]",                                                                                                                                                                                                           
        "$CSG[33493]",                                                                                                                                                                                                           
        "$CSG[33494]",                                                                                                                                                                                                           
        "$CSG[33494]",                                                                                                                                                                                                           
        "$CSG[33495]",                                                                                                                                                                                                           
        "$CSG[33495]",                                                                                                                                                                                                           
        "$CSG[33496]",
        "$CSG[33496]",
        "$CSG[33497]",                                                                                                                                                                                                           
        "$CSG[33497]",                                                                                                                                                                                                           
        "$CSG[33498]",                                                                                                                                                                                                           
        "$CSG[33498]",                                                                                                                                                                                                           
        "$CSG[33499]",                                                                                                                                                                                                           
        "$CSG[33499]",                                                                                                                                                                                                           
        "$CSG[33500]",                                                                                                                                                                                                           
        "$CSG[33500]",
        
        "$CSG[33501]",
        "$CSG[33501]",
        "$CSG[33502]",
        "$CSG[33502]",
        "$CSG[33503]",
        "$CSG[33503]",
        "$CSG[33504]",
        "$CSG[33504]",
        "$CSG[33505]",                                                                                                                                                                                                           
        "$CSG[33505]",                                                                                                                                                                                                           
        "$CSG[33506]",                                                                                                                                                                                                           
        "$CSG[33506]",                                                                                                                                                                                                           
        "$CSG[33507]",                                                                                                                                                                                                           
        "$CSG[33507]",                                                                                                                                                                                                           
        "$CSG[33508]",                                                                                                                                                                                                           
        "$CSG[33508]",
        "$CSG[33509]",                                                                                                                                                                                                           
        "$CSG[33509]",                                                                                                                                                                                                           
        "$CSG[33510]",                                                                                                                                                                                                           
        "$CSG[33510]",                                                                                                                                                                                                           
        "$CSG[33511]",                                                                                                                                                                                                           
        "$CSG[33511]",                                                                                                                                                                                                           
        "$CSG[33512]",
        "$CSG[33512]",
        "$CSG[33513]",                                                                                                                                                                                                           
        "$CSG[33513]",                                                                                                                                                                                                           
        "$CSG[33514]",                                                                                                                                                                                                           
        "$CSG[33514]",                                                                                                                                                                                                           
        "$CSG[33515]",                                                                                                                                                                                                           
        "$CSG[33515]",                                                                                                                                                                                                           
        "$CSG[33516]",                                                                                                                                                                                                           
        "$CSG[33516]"
    ],
    "noCsgImages": [
        { "path": "images/preview.png", "format": "raw" },
        "",
        "",
        "$RCT2:OBJDATA/RAPBOAT.DAT[3..362]"
    ],
    "strings": {
        "name": {
            "en-GB": "River Rapids Boats",
            "fr-FR": "Rapides",
            "de-DE": "Stromschnellen-Boote",
            "es-ES": "Rápidos",
            "it-IT": "Rapide",
            "nl-NL": "Wildwaterbootjes",
            "sv-SE": "Forsränningsbåtar",
            "ko-KR": "리버 래피드",
            "zh-CN": "急流",
            "zh-TW": "急流",
            "pt-BR": "Corredeiras de Rio",
            "cs-CZ": "Divoká voda",
            "ja-JP": "リバー・ラピッド",
            "pl-PL": "Przełomy Dunajca",
            "ru-RU": "Перекаты",
            "eo-ZZ": "Boatoj de Rapidfluorajdo"
        },
        "description": {
            "en-GB": "Circular boats that turn and splash around as they meander along the river rapids",
            "fr-FR": "Des bateaux de forme circulaire serpentent le long d'un large cours d'eau, puis dévalent des rapides et des chutes d'eau spectaculaires",
            "de-DE": "Runde Boote, die drehend und platschend durch die Stromschnellen gleiten",
            "es-ES": "Botes circulares que corren por canales de agua salpicando",
            "it-IT": "Barche circolari si fanno strada lungo un largo canale d'acqua per poi tuffarsi dalle cascate e seguire un eccitante percorso fra le rapide",
            "nl-NL": "Ronde boten varen door een brede waterbak, waarbij ze de passagiers opwinden door watervallen en schuimende stroomversnellingen.",
            "sv-SE": "Runda båtar som snurrar och plaskar sig genom snirklande forsrännor",
            "ko-KR": "구불구불한 광폭형 수로를 따라 이동하다가 폭포를 통과하면서 탑승객을 젖게 만들고, 거품 급류를 지나며 스릴을 선사하는 원형 보트",
            "zh-CN": "圆形船体沿着水道航道进行,穿过溅下的瀑布及令人兴奋的急湍水流",
            "zh-TW": "圓形船體沿著水道航道進行,穿過濺下的瀑布及令人興奮的急湍水流",
            "pt-BR": "Barcos circulares que giram e espirram água ao viajar por corredeiras velozes",
            "cs-CZ": "Kulaté lodě se plaví po meandrech na vodním kanále a sjíždějí pěnící peřeje",
            "ja-JP": "円形のボートが、滝や急流のある幅の広い水路を曲がりながら流れて行くスリリングな乗物です",
            "pl-PL": "Okrągłe łódki pokonujące szeroki kanał wodny, spadające z wodospadów i przepływające przez spienione bystrzyny",
            "ru-RU": "Круглые лодки плывут по широкому каналу, попадая на водопады и стремительные перекаты",
            "eo-ZZ": "Rondaj boatoj, kiuj turniĝas kaj plaŭdas vagante laŭ la rapidfluoj"
        },
        "capacity": {
            "en-GB": "8 passengers per boat",
            "fr-FR": "8 passagers par bateau",
            "de-DE": "8 Fahrgäste pro Boot",
            "es-ES": "8 pasajeros por bote",
            "it-IT": "8 passeggeri per barca",
            "nl-NL": "8 passagiers per boot",
            "sv-SE": "8 passagerare per båt",
            "ko-KR": "보트당 8명의 승객",
            "zh-CN": "8 位乘客 /每艘船",
            "zh-TW": "8 位乘客 /每艘船",
            "pt-BR": "8 passageiros por barco",
            "cs-CZ": "8 míst v každé lodi",
            "ja-JP": "各ボート8名",
            "pl-PL": "8 pasażerów na łódkę",
            "ru-RU": "8 пассажиров",
            "eo-ZZ": "Po 8 pasaĝeroj por boato"
        }
    }
}
