{
    "id": "rct1.terrain_edge.brick",
    "authors": [
        "Chris Sawyer",
        "Simon Foster"
    ],
    "version": "1.0",
    "originalId": "0000008C|#RCT1EBR|00000000",
    "sourceGame": "rct1",
    "objectType": "terrain_edge",
    "properties": {
    },
    "images": [
        { "path": "icon.png", "format": "raw", "x": 2, "y": 2 },
        "$CSG[40506..40589]"
    ],
    "noCsgImages": [
        { "path": "icon.png", "format": "raw", "x": 2, "y": 2 },
        "$G1[1579..1662]"
    ],
    "strings": {
        "name": {
            "en-GB": "Brick",
            "de-DE": "Ziegel",
            "nl-NL": "Stenen",
            "pt-BR": "Tijolo",
            "ja-JP": "レンガ",
            "fr-FR": "Brique",
            "pl-PL": "Cegła",
            "ko-KR": "벽돌",
            "eo-ZZ": "Brika",
            "sv-SE": "Tegelsten",
            "ca-ES": "Maons",
            "fi-FI": "Tiilinen",
            "zh-CN": "砖块",
            "ar-EG": "قرميد"
        }
    }
}
