{
    "id": "rct2dlc.footpath_item.litterpa",
    "authors": [
        "Chris Sawyer",
        "Simon Foster"
    ],
    "version": "1.0",
    "originalId": "09F8EC06|LITTERPA|1C515E44",
    "sourceGame": "official",
    "objectType": "footpath_item",
    "properties": {
        "isBin": true,
        "isBreakable": true,
        "isAllowedOnSlope": true,
        "renderAs": "bin",
        "cursor": "CURSOR_BIN_DOWN",
        "price": 40,
        "sceneryGroup": "rct2.scenery_group.scgpathx"
    },
    "images": [
        { "path": "images/0.png", "x": 16, "y": 16 },
        { "path": "images/1.png", "x": -6, "y": -13 },
        { "path": "images/2.png", "x": -6, "y": -13 },
        { "path": "images/3.png", "x": -6, "y": -13 },
        { "path": "images/4.png", "x": -6, "y": -13 },
        { "path": "images/5.png", "x": -6, "y": -6 },
        { "path": "images/6.png", "x": -6, "y": -5 },
        { "path": "images/7.png", "x": -6, "y": -5 },
        { "path": "images/8.png", "x": -6, "y": -6 },
        { "path": "images/9.png", "x": -6, "y": -13 },
        { "path": "images/10.png", "x": -6, "y": -13 },
        { "path": "images/11.png", "x": -6, "y": -13 },
        { "path": "images/12.png", "x": -6, "y": -13 }
    ],
    "strings": {
        "name": {
            "en-GB": "Panda Litter Bin",
            "fr-FR": "Poubelle panda",
            "de-DE": "Panda-Abfalleimer",
            "es-ES": "Papelera panda",
            "it-IT": "Cestino dei rifiuti panda",
            "nl-NL": "Vuilnisbak in pandavorm",
            "sv-SE": "Panda-avfallskorg",
            "ko-KR": "판다 휴지통",
            "zh-TW": "熊貓垃圾桶",
            "pt-BR": "Lixeira de Panda",
            "ar-EG": "صندوق بريد بطابع الباندا",
            "ja-JP": "パンダのゴミ箱",
            "pl-PL": "Kosz w kształcie pandy",
            "eo-ZZ": "Pando-Rubujo",
            "ca-ES": "Paperera panda",
            "fi-FI": "Panda-roskakori",
            "zh-CN": "熊猫垃圾桶"
        }
    }
}
