{
    "id": "rct1.ride.rocket_cars",
    "authors": [
        "Chris Sawyer",
        "Simon Foster"
    ],
    "version": "1.0",
    "originalId": "00000000|#RCT1ROC|00000000",
    "sourceGame": "rct1",
    "objectType": "ride",
    "properties": {
        "type": "classic_mini_rc",
        "category": "rollercoaster",
        "minCarsPerTrain": 1,
        "maxCarsPerTrain": 3,
        "ratingMultipler": {
            "excitement": 2,
            "intensity": -2
        },
        "carColours": [
            [
                [
                    "grey",
                    "bright_red",
                    "black"
                ]
            ],
            [
                [
                    "grey",
                    "yellow",
                    "black"
                ]
            ],
            [
                [
                    "bright_red",
                    "yellow",
                    "black"
                ]
            ]
        ],
        "cars": {
            "rotationFrameMask": 15,
            "spacing": 286720,
            "mass": 750,
            "numSeats": 2,
            "numSeatRows": 1,
            "frictionSoundId": 2,
            "soundRange": 2,
            "drawOrder": 5,
            "spriteGroups": {
                "slopeFlat": 16,
                "slopes12": 4,
                "slopes25": 16,
                "slopes42": 8,
                "slopes60": 4,
                "slopes8": 4,
                "slopes16": 4,
                "slopes50": 4,
                "flatBanked22": 8,
                "flatBanked45": 16,
                "slopes12Banked22": 4,
                "slopes8Banked22": 4
            },
            "hasAdditionalColour1": true,
            "hasScreamingRiders": true,
            "loadingPositions": [
                4,
                -4,
                4,
                -4
            ]
        },
        "buildMenuPriority": 2
    },
    "images": [
        { "path": "images/preview.png", "format": "raw" },
        "",
        "",
        "$CSG[30693..30708]",
        "$CSG[30709]",
        "$CSG[30717]",
        "$CSG[30725]",
        "$CSG[30733]",
        "$CSG[30713]",
        "$CSG[30721]",
        "$CSG[30729]",
        "$CSG[30737]",
        "$CSG[30710]",
        "$CSG[30741..30743]",
        "$CSG[30718]",
        "$CSG[30744..30746]",
        "$CSG[30726]",
        "$CSG[30747..30749]",
        "$CSG[30734]",
        "$CSG[30750..30752]",
        "$CSG[30714]",
        "$CSG[30753..30755]",
        "$CSG[30722]",
        "$CSG[30756..30758]",
        "$CSG[30730]",
        "$CSG[30759..30761]",
        "$CSG[30738]",
        "$CSG[30762..30764]",
        "$CSG[30711]",
        "$CSG[30773]",
        "$CSG[30719]",
        "$CSG[30774]",
        "$CSG[30727]",
        "$CSG[30775]",
        "$CSG[30735]",
        "$CSG[30776]",
        "$CSG[30715]",
        "$CSG[30789]",
        "$CSG[30723]",
        "$CSG[30790]",
        "$CSG[30731]",
        "$CSG[30791]",
        "$CSG[30739]",
        "$CSG[30792]",
        "$CSG[30712]",
        "$CSG[30720]",
        "$CSG[30728]",
        "$CSG[30736]",
        "$CSG[30716]",
        "$CSG[30724]",
        "$CSG[30732]",
        "$CSG[30740]",
        "$CSG[30765..30768]",
        "$CSG[30781..30784]",
        "$CSG[30769..30772]",
        "$CSG[30785..30788]",
        "$CSG[30777..30780]",
        "$CSG[30793..30796]",
        "$CSG[30829]",
        "$CSG[30869]",
        "$CSG[30830]",
        "$CSG[30870]",
        "$CSG[30831]",
        "$CSG[30871]",
        "$CSG[30832]",
        "$CSG[30872]",
        "$CSG[30833]",
        "$CSG[30873]",
        "$CSG[30834]",
        "$CSG[30874]",
        "$CSG[30835]",
        "$CSG[30875]",
        "$CSG[30836]",
        "$CSG[30876]",
        "$CSG[30797..30828]",
        "$CSG[30837..30852]",
        "$CSG[30853..30868]",
        "$CSG[30877..30892]",
        "$CSG[30893]",
        "$CSG[30901]",
        "$CSG[30909]",
        "$CSG[30917]",
        "$CSG[30897]",
        "$CSG[30905]",
        "$CSG[30913]",
        "$CSG[30921]",
        "$CSG[30894]",
        "$CSG[30925..30927]",
        "$CSG[30902]",
        "$CSG[30928..30930]",
        "$CSG[30910]",
        "$CSG[30931..30933]",
        "$CSG[30918]",
        "$CSG[30934..30936]",
        "$CSG[30898]",
        "$CSG[30937..30939]",
        "$CSG[30906]",
        "$CSG[30940..30942]",
        "$CSG[30914]",
        "$CSG[30943..30945]",
        "$CSG[30922]",
        "$CSG[30946..30948]",
        "$CSG[30895]",
        "$CSG[30957]",
        "$CSG[30903]",
        "$CSG[30958]",
        "$CSG[30911]",
        "$CSG[30959]",
        "$CSG[30919]",
        "$CSG[30960]",
        "$CSG[30899]",
        "$CSG[30973]",
        "$CSG[30907]",
        "$CSG[30974]",
        "$CSG[30915]",
        "$CSG[30975]",
        "$CSG[30923]",
        "$CSG[30976]",
        "$CSG[30896]",
        "$CSG[30904]",
        "$CSG[30912]",
        "$CSG[30920]",
        "$CSG[30900]",
        "$CSG[30908]",
        "$CSG[30916]",
        "$CSG[30924]",
        "$CSG[30949..30952]",
        "$CSG[30965..30968]",
        "$CSG[30953..30956]",
        "$CSG[30969..30972]",
        "$CSG[30961..30964]",
        "$CSG[30977..30980]",
        "$CSG[31013]",
        "$CSG[31053]",
        "$CSG[31014]",
        "$CSG[31054]",
        "$CSG[31015]",
        "$CSG[31055]",
        "$CSG[31016]",
        "$CSG[31056]",
        "$CSG[31017]",
        "$CSG[31057]",
        "$CSG[31018]",
        "$CSG[31058]",
        "$CSG[31019]",
        "$CSG[31059]",
        "$CSG[31020]",
        "$CSG[31060]",
        "$CSG[30981..31012]",
        "$CSG[31021..31036]",
        "$CSG[31037..31052]"
    ],
    "noCsgImages": [
        { "path": "images/preview.png", "format": "raw" },
        "",
        "",
        "$RCT2:OBJDATA/RCKC.DAT[3]",
        "$RCT2:OBJDATA/RCKC.DAT[5]",
        "$RCT2:OBJDATA/RCKC.DAT[7]",
        "$RCT2:OBJDATA/RCKC.DAT[9]",
        "$RCT2:OBJDATA/RCKC.DAT[11]",
        "$RCT2:OBJDATA/RCKC.DAT[13]",
        "$RCT2:OBJDATA/RCKC.DAT[15]",
        "$RCT2:OBJDATA/RCKC.DAT[17]",
        "$RCT2:OBJDATA/RCKC.DAT[19]",
        "$RCT2:OBJDATA/RCKC.DAT[21]",
        "$RCT2:OBJDATA/RCKC.DAT[23]",
        "$RCT2:OBJDATA/RCKC.DAT[25]",
        "$RCT2:OBJDATA/RCKC.DAT[27]",
        "$RCT2:OBJDATA/RCKC.DAT[29]",
        "$RCT2:OBJDATA/RCKC.DAT[31]",
        "$RCT2:OBJDATA/RCKC.DAT[33]",
        "$RCT2:OBJDATA/RCKC.DAT[35..42]",
        "$RCT2:OBJDATA/RCKC.DAT[43]",
        "$RCT2:OBJDATA/RCKC.DAT[45]",
        "$RCT2:OBJDATA/RCKC.DAT[47]",
        "$RCT2:OBJDATA/RCKC.DAT[49]",
        "$RCT2:OBJDATA/RCKC.DAT[51]",
        "$RCT2:OBJDATA/RCKC.DAT[53]",
        "$RCT2:OBJDATA/RCKC.DAT[55]",
        "$RCT2:OBJDATA/RCKC.DAT[57]",
        "$RCT2:OBJDATA/RCKC.DAT[59]",
        "$RCT2:OBJDATA/RCKC.DAT[61]",
        "$RCT2:OBJDATA/RCKC.DAT[63]",
        "$RCT2:OBJDATA/RCKC.DAT[65]",
        "$RCT2:OBJDATA/RCKC.DAT[67]",
        "$RCT2:OBJDATA/RCKC.DAT[69]",
        "$RCT2:OBJDATA/RCKC.DAT[71]",
        "$RCT2:OBJDATA/RCKC.DAT[73]",
        "$RCT2:OBJDATA/RCKC.DAT[75]",
        "$RCT2:OBJDATA/RCKC.DAT[77]",
        "$RCT2:OBJDATA/RCKC.DAT[79]",
        "$RCT2:OBJDATA/RCKC.DAT[81]",
        "$RCT2:OBJDATA/RCKC.DAT[83]",
        "$RCT2:OBJDATA/RCKC.DAT[85]",
        "$RCT2:OBJDATA/RCKC.DAT[87]",
        "$RCT2:OBJDATA/RCKC.DAT[89]",
        "$RCT2:OBJDATA/RCKC.DAT[91]",
        "$RCT2:OBJDATA/RCKC.DAT[93]",
        "$RCT2:OBJDATA/RCKC.DAT[95]",
        "$RCT2:OBJDATA/RCKC.DAT[97]",
        "$RCT2:OBJDATA/RCKC.DAT[99]",
        "$RCT2:OBJDATA/RCKC.DAT[101]",
        "$RCT2:OBJDATA/RCKC.DAT[103]",
        "$RCT2:OBJDATA/RCKC.DAT[105]",
        "$RCT2:OBJDATA/RCKC.DAT[107..122]",
        "$RCT2:OBJDATA/RCKC.DAT[123]",
        "$RCT2:OBJDATA/RCKC.DAT[131]",
        "$RCT2:OBJDATA/RCKC.DAT[139]",
        "$RCT2:OBJDATA/RCKC.DAT[147]",
        "$RCT2:OBJDATA/RCKC.DAT[155]",
        "$RCT2:OBJDATA/RCKC.DAT[163]",
        "$RCT2:OBJDATA/RCKC.DAT[171]",
        "$RCT2:OBJDATA/RCKC.DAT[179]",
        "$RCT2:OBJDATA/RCKC.DAT[187..226]",
        "$RCT2:OBJDATA/RCKC.DAT[227]",
        "$RCT2:OBJDATA/RCKC.DAT[229]",
        "$RCT2:OBJDATA/RCKC.DAT[231]",
        "$RCT2:OBJDATA/RCKC.DAT[233]",
        "$RCT2:OBJDATA/RCKC.DAT[235]",
        "$RCT2:OBJDATA/RCKC.DAT[237]",
        "$RCT2:OBJDATA/RCKC.DAT[239]",
        "$RCT2:OBJDATA/RCKC.DAT[241]",
        "$RCT2:OBJDATA/RCKC.DAT[243]",
        "$RCT2:OBJDATA/RCKC.DAT[245]",
        "$RCT2:OBJDATA/RCKC.DAT[247]",
        "$RCT2:OBJDATA/RCKC.DAT[249]",
        "$RCT2:OBJDATA/RCKC.DAT[251]",
        "$RCT2:OBJDATA/RCKC.DAT[253]",
        "$RCT2:OBJDATA/RCKC.DAT[255]",
        "$RCT2:OBJDATA/RCKC.DAT[257]",
        "$RCT2:OBJDATA/RCKC.DAT[259]",
        "$RCT2:OBJDATA/RCKC.DAT[261]",
        "$RCT2:OBJDATA/RCKC.DAT[263]",
        "$RCT2:OBJDATA/RCKC.DAT[265]",
        "$RCT2:OBJDATA/RCKC.DAT[267]",
        "$RCT2:OBJDATA/RCKC.DAT[269]",
        "$RCT2:OBJDATA/RCKC.DAT[271]",
        "$RCT2:OBJDATA/RCKC.DAT[273]",
        "$RCT2:OBJDATA/RCKC.DAT[275]",
        "$RCT2:OBJDATA/RCKC.DAT[277]",
        "$RCT2:OBJDATA/RCKC.DAT[279]",
        "$RCT2:OBJDATA/RCKC.DAT[281]",
        "$RCT2:OBJDATA/RCKC.DAT[283]",
        "$RCT2:OBJDATA/RCKC.DAT[285]",
        "$RCT2:OBJDATA/RCKC.DAT[287]",
        "$RCT2:OBJDATA/RCKC.DAT[289]",
        "$RCT2:OBJDATA/RCKC.DAT[291]",
        "$RCT2:OBJDATA/RCKC.DAT[299]",
        "$RCT2:OBJDATA/RCKC.DAT[307]",
        "$RCT2:OBJDATA/RCKC.DAT[315]",
        "$RCT2:OBJDATA/RCKC.DAT[323]",
        "$RCT2:OBJDATA/RCKC.DAT[331]",
        "$RCT2:OBJDATA/RCKC.DAT[339]",
        "$RCT2:OBJDATA/RCKC.DAT[347]",
        "$RCT2:OBJDATA/RCKC.DAT[355]",
        "$RCT2:OBJDATA/RCKC.DAT[363]",
        "$RCT2:OBJDATA/RCKC.DAT[371]",
        "$RCT2:OBJDATA/RCKC.DAT[379]",
        "$RCT2:OBJDATA/RCKC.DAT[387]",
        "$RCT2:OBJDATA/RCKC.DAT[395]",
        "$RCT2:OBJDATA/RCKC.DAT[403]",
        "$RCT2:OBJDATA/RCKC.DAT[411]",
        "$RCT2:OBJDATA/RCKC.DAT[419..434]",
        "$RCT2:OBJDATA/RCKC.DAT[595]",
        "$RCT2:OBJDATA/RCKC.DAT[597]",
        "$RCT2:OBJDATA/RCKC.DAT[599]",
        "$RCT2:OBJDATA/RCKC.DAT[601]",
        "$RCT2:OBJDATA/RCKC.DAT[603]",
        "$RCT2:OBJDATA/RCKC.DAT[605]",
        "$RCT2:OBJDATA/RCKC.DAT[607]",
        "$RCT2:OBJDATA/RCKC.DAT[609]",
        "$RCT2:OBJDATA/RCKC.DAT[611]",
        "$RCT2:OBJDATA/RCKC.DAT[613]",
        "$RCT2:OBJDATA/RCKC.DAT[615]",
        "$RCT2:OBJDATA/RCKC.DAT[617]",
        "$RCT2:OBJDATA/RCKC.DAT[619]",
        "$RCT2:OBJDATA/RCKC.DAT[621]",
        "$RCT2:OBJDATA/RCKC.DAT[623]",
        "$RCT2:OBJDATA/RCKC.DAT[625]",
        "$RCT2:OBJDATA/RCKC.DAT[627..634]",
        "$RCT2:OBJDATA/RCKC.DAT[635]",
        "$RCT2:OBJDATA/RCKC.DAT[637]",
        "$RCT2:OBJDATA/RCKC.DAT[639]",
        "$RCT2:OBJDATA/RCKC.DAT[641]",
        "$RCT2:OBJDATA/RCKC.DAT[643]",
        "$RCT2:OBJDATA/RCKC.DAT[645]",
        "$RCT2:OBJDATA/RCKC.DAT[647]",
        "$RCT2:OBJDATA/RCKC.DAT[649]",
        "$RCT2:OBJDATA/RCKC.DAT[651]",
        "$RCT2:OBJDATA/RCKC.DAT[653]",
        "$RCT2:OBJDATA/RCKC.DAT[655]",
        "$RCT2:OBJDATA/RCKC.DAT[657]",
        "$RCT2:OBJDATA/RCKC.DAT[659]",
        "$RCT2:OBJDATA/RCKC.DAT[661]",
        "$RCT2:OBJDATA/RCKC.DAT[663]",
        "$RCT2:OBJDATA/RCKC.DAT[665]",
        "$RCT2:OBJDATA/RCKC.DAT[667]",
        "$RCT2:OBJDATA/RCKC.DAT[669]",
        "$RCT2:OBJDATA/RCKC.DAT[671]",
        "$RCT2:OBJDATA/RCKC.DAT[673]",
        "$RCT2:OBJDATA/RCKC.DAT[675]",
        "$RCT2:OBJDATA/RCKC.DAT[677]",
        "$RCT2:OBJDATA/RCKC.DAT[679]",
        "$RCT2:OBJDATA/RCKC.DAT[681]",
        "$RCT2:OBJDATA/RCKC.DAT[683]",
        "$RCT2:OBJDATA/RCKC.DAT[685]",
        "$RCT2:OBJDATA/RCKC.DAT[687]",
        "$RCT2:OBJDATA/RCKC.DAT[689]",
        "$RCT2:OBJDATA/RCKC.DAT[691]",
        "$RCT2:OBJDATA/RCKC.DAT[693]",
        "$RCT2:OBJDATA/RCKC.DAT[695]",
        "$RCT2:OBJDATA/RCKC.DAT[697]",
        "$RCT2:OBJDATA/RCKC.DAT[699..714]",
        "$RCT2:OBJDATA/RCKC.DAT[715]",
        "$RCT2:OBJDATA/RCKC.DAT[723]",
        "$RCT2:OBJDATA/RCKC.DAT[731]",
        "$RCT2:OBJDATA/RCKC.DAT[739]",
        "$RCT2:OBJDATA/RCKC.DAT[747]",
        "$RCT2:OBJDATA/RCKC.DAT[755]",
        "$RCT2:OBJDATA/RCKC.DAT[763]",
        "$RCT2:OBJDATA/RCKC.DAT[771]",
        "$RCT2:OBJDATA/RCKC.DAT[779..818]",
        "$RCT2:OBJDATA/RCKC.DAT[819]",
        "$RCT2:OBJDATA/RCKC.DAT[821]",
        "$RCT2:OBJDATA/RCKC.DAT[823]",
        "$RCT2:OBJDATA/RCKC.DAT[825]",
        "$RCT2:OBJDATA/RCKC.DAT[827]",
        "$RCT2:OBJDATA/RCKC.DAT[829]",
        "$RCT2:OBJDATA/RCKC.DAT[831]",
        "$RCT2:OBJDATA/RCKC.DAT[833]",
        "$RCT2:OBJDATA/RCKC.DAT[835]",
        "$RCT2:OBJDATA/RCKC.DAT[837]",
        "$RCT2:OBJDATA/RCKC.DAT[839]",
        "$RCT2:OBJDATA/RCKC.DAT[841]",
        "$RCT2:OBJDATA/RCKC.DAT[843]",
        "$RCT2:OBJDATA/RCKC.DAT[845]",
        "$RCT2:OBJDATA/RCKC.DAT[847]",
        "$RCT2:OBJDATA/RCKC.DAT[849]",
        "$RCT2:OBJDATA/RCKC.DAT[851]",
        "$RCT2:OBJDATA/RCKC.DAT[853]",
        "$RCT2:OBJDATA/RCKC.DAT[855]",
        "$RCT2:OBJDATA/RCKC.DAT[857]",
        "$RCT2:OBJDATA/RCKC.DAT[859]",
        "$RCT2:OBJDATA/RCKC.DAT[861]",
        "$RCT2:OBJDATA/RCKC.DAT[863]",
        "$RCT2:OBJDATA/RCKC.DAT[865]",
        "$RCT2:OBJDATA/RCKC.DAT[867]",
        "$RCT2:OBJDATA/RCKC.DAT[869]",
        "$RCT2:OBJDATA/RCKC.DAT[871]",
        "$RCT2:OBJDATA/RCKC.DAT[873]",
        "$RCT2:OBJDATA/RCKC.DAT[875]",
        "$RCT2:OBJDATA/RCKC.DAT[877]",
        "$RCT2:OBJDATA/RCKC.DAT[879]",
        "$RCT2:OBJDATA/RCKC.DAT[881]",
        "$RCT2:OBJDATA/RCKC.DAT[883]",
        "$RCT2:OBJDATA/RCKC.DAT[891]",
        "$RCT2:OBJDATA/RCKC.DAT[899]",
        "$RCT2:OBJDATA/RCKC.DAT[907]",
        "$RCT2:OBJDATA/RCKC.DAT[915]",
        "$RCT2:OBJDATA/RCKC.DAT[923]",
        "$RCT2:OBJDATA/RCKC.DAT[931]",
        "$RCT2:OBJDATA/RCKC.DAT[939]",
        "$RCT2:OBJDATA/RCKC.DAT[947]",
        "$RCT2:OBJDATA/RCKC.DAT[955]",
        "$RCT2:OBJDATA/RCKC.DAT[963]",
        "$RCT2:OBJDATA/RCKC.DAT[971]",
        "$RCT2:OBJDATA/RCKC.DAT[979]",
        "$RCT2:OBJDATA/RCKC.DAT[987]",
        "$RCT2:OBJDATA/RCKC.DAT[995]",
        "$RCT2:OBJDATA/RCKC.DAT[1003]",
        "$RCT2:OBJDATA/RCKC.DAT[1011..1026]"
    ],
    "strings": {
        "name": {
            "en-GB": "Rocket Cars",
            "fr-FR": "Fusées",
            "de-DE": "Raketenwagen",
            "es-ES": "Coches Cohete",
            "it-IT": "Razzi",
            "nl-NL": "Raketkarretjes",
            "sv-SE": "Raketvagnar",
            "ko-KR": "로켓 차량",
            "zh-CN": "火箭车",
            "zh-TW": "火箭車",
            "pt-BR": "Carros-foguete",
            "cs-CZ": "Raketová auta",
            "ja-JP": "ロケットカー",
            "pl-PL": "Samochody rakietowe",
            "ru-RU": "Ракеты",
            "ar-EG": "سيارات صواريخ",
            "eo-ZZ": "Raketo-Ĉaroj",
            "ca-ES": "Cotxes coet"
        },
        "description": {
            "en-GB": "Roller coaster cars themed to look like rockets",
            "fr-FR": "Voitures de montagnes russes en forme de fusées",
            "de-DE": "Achterbahnwagen, die wie Raketen aussehen",
            "es-ES": "Montaña rusa con vagones en forma de cohetes",
            "it-IT": "Carrozze di ottovolante a forma di razzi",
            "nl-NL": "Achtbaankarretjes in de vorm van een raket.",
            "sv-SE": "Raketformade berg- och dalbanevagnar",
            "ko-KR": "로켓처럼 꾸며져 있는 롤러코스터 차량",
            "zh-CN": "过山车列车的特色像火箭",
            "zh-TW": "雲霄飛車列車的特色像火箭",
            "pt-BR": "Carros de montanha-russa que se parecem com foguetes",
            "cs-CZ": "Horská dráha s vozy vypadajícími jako rakety",
            "ja-JP": "車両をロケットに見立てたローラーコースターです",
            "pl-PL": "Wagoniki w kształcie rakiet",
            "ru-RU": "Вагончики для горок в виде ракет",
            "ar-EG": "سيارات أفعوانية بشكل صواريخ",
            "eo-ZZ": "Ĉaroj de onda fervojo, temitaj por aspekti kiel raketoj",
            "ca-ES": "Muntanyes russes de cotxes tematitzats com a coets espacials."
        },
        "capacity": {
            "en-GB": "2 passengers per car",
            "fr-FR": "2 passagers par voiture",
            "de-DE": "2 Fahrgäste pro Wagen",
            "es-ES": "2 pasajeros por vagón",
            "it-IT": "2 passeggeri a carrozza",
            "nl-NL": "2 passagiers per karretje",
            "sv-SE": "2 passagerare per vagn",
            "ko-KR": "차량당 2명의 승객",
            "zh-CN": "2 位乘客/每个车厢",
            "zh-TW": "2 位乘客/每個車廂",
            "pt-BR": "2 passageiros por carro",
            "cs-CZ": "2 místa v každém voze",
            "ja-JP": "各車両2名",
            "pl-PL": "2 pasażerów na wagonik",
            "ru-RU": "2 пассажира",
            "eo-ZZ": "Po 2 pasaĝeroj por ĉaro",
            "ca-ES": "2 passatgers per cotxe"
        }
    }
}
