{
    "id": "rct2.scenery_small.ball3",
    "authors": [
        "Chris Sawyer",
        "Simon Foster"
    ],
    "version": "1.0",
    "originalId": "0A188C81|BALL3   |9DFBAB0D",
    "sourceGame": "rct2",
    "objectType": "scenery_small",
    "properties": {
        "price": 15,
        "removalPrice": -10,
        "cursor": "CURSOR_STATUE_DOWN",
        "height": 40,
        "shape": "4/4",
        "isStackable": true
    },
    "images": [
        "$RCT2:OBJDATA/BALL3.DAT[0..3]"
    ],
    "strings": {
        "name": {
            "en-GB": "Football",
            "en-US": "Soccer Ball",
            "de-DE": "Fußball",
            "es-ES": "Fútbol",
            "it-IT": "Pallone",
            "nl-NL": "Voetbal",
            "sv-SE": "Fotboll",
            "ko-KR": "축구",
            "zh-CN": "足球",
            "zh-TW": "足球",
            "pt-BR": "Bola de Futebol",
            "cs-CZ": "Fotbal",
            "ja-JP": "フットボール",
            "pl-PL": "Piłka futbolowa",
            "ru-RU": "Мяч",
            "fr-FR": "Ballon de football",
            "eo-ZZ": "Piedpilko",
            "ca-ES": "Futbol",
            "fi-FI": "Jalkapallo"
        }
    }
}
