{
    "id": "rct1.audio.title",
    "authors": [
        "Chris Sawyer",
        "Allister Brimble"
    ],
    "version": "1.0",
    "sourceGame": [
        "rct1",
        "rct1ll"
    ],
    "objectType": "audio",
    "samples": [
        "$RCT1:DATA/CSS17.DAT"
    ],
    "strings": {
        "name": {
            "en-GB": "Title screen music for RollerCoaster Tycoon (Loopy Landscapes).",
            "de-DE": "Titelbildschirmmusik für RollerCoaster Tycoon (Loopy Landscapes).",
            "eo-ZZ": "Muziko de titola ekrano por RollerCoaster Tycoon (Loopy Landscapes).",
            "nl-NL": "Titelschermmuziek voor RollerCoaster Tycoon (Loopy Landscapes)",
            "ca-ES": "Música del menú principal del RollerCoaster Tycoon (Loopy Landscapes)."
        }
    }
}
