{
    "id": "rct2.scenery_large.sps",
    "authors": [
        "Chris Sawyer",
        "Simon Foster"
    ],
    "version": "1.0",
    "originalId": "0A188C82|SPS     |9F210296",
    "sourceGame": [
        "rct2",
        "rct1ll"
    ],
    "objectType": "scenery_large",
    "properties": {
        "price": 110,
        "removalPrice": 90,
        "cursor": "CURSOR_HOUSE_DOWN",
        "tiles": [
            {
                "x": 0,
                "y": 0,
                "clearance": 64,
                "hasSupports": true,
                "walls": 9
            },
            {
                "x": 0,
                "y": 32,
                "clearance": 64,
                "hasSupports": true,
                "walls": 3
            },
            {
                "x": 32,
                "y": 0,
                "clearance": 64,
                "hasSupports": true,
                "walls": 12
            },
            {
                "x": 32,
                "y": 32,
                "clearance": 64,
                "hasSupports": true,
                "walls": 6
            }
        ]
    },
    "images": [
        "$RCT2:OBJDATA/SPS.DAT[0..19]"
    ],
    "strings": {
        "name": {
            "en-GB": "Petrol station",
            "en-US": "Gas station",
            "fr-FR": "Station service",
            "de-DE": "Tankstelle",
            "es-ES": "Gasolinera",
            "it-IT": "Stazione di rifornimento",
            "nl-NL": "Benzinepomp",
            "sv-SE": "Bensinstation",
            "ko-KR": "주유소",
            "zh-CN": "加油站",
            "zh-TW": "加油站",
            "pt-BR": "Posto de Gasolina",
            "cs-CZ": "Čerpací stanice",
            "ja-JP": "ガソリンスタンド",
            "pl-PL": "Stacja benzynowa",
            "ru-RU": "Заправка",
            "eo-ZZ": "Benzinejo",
            "ca-ES": "Gasolinera",
            "fi-FI": "Bensa-asema"
        }
    }
}
