{
    "id": "rct2.scenery_large.spg",
    "authors": [
        "Chris Sawyer",
        "Simon Foster"
    ],
    "version": "1.0",
    "originalId": "0A188C82|SPG     |B61FF733",
    "sourceGame": [
        "rct2",
        "rct1ll"
    ],
    "objectType": "scenery_large",
    "properties": {
        "price": 140,
        "removalPrice": 100,
        "cursor": "CURSOR_HOUSE_DOWN",
        "isPhotogenic": true,
        "tiles": [
            {
                "x": 0,
                "y": 0,
                "clearance": 160,
                "hasSupports": true,
                "walls": 9
            },
            {
                "x": 0,
                "y": 32,
                "clearance": 160,
                "hasSupports": true,
                "walls": 3
            },
            {
                "x": 32,
                "y": 0,
                "clearance": 160,
                "hasSupports": true,
                "walls": 12
            },
            {
                "x": 32,
                "y": 32,
                "clearance": 160,
                "hasSupports": true,
                "walls": 6
            }
        ]
    },
    "images": [
        "$RCT2:OBJDATA/SPG.DAT[0..19]"
    ],
    "strings": {
        "name": {
            "en-GB": "Pagoda",
            "fr-FR": "Pagode",
            "de-DE": "Pagode",
            "nl-NL": "Pagode",
            "sv-SE": "Pagod",
            "ko-KR": "탑",
            "zh-CN": "凉亭",
            "zh-TW": "涼亭",
            "pt-BR": "Pagode",
            "cs-CZ": "Pagoda",
            "ja-JP": "パゴダ",
            "pl-PL": "Pagoda",
            "ru-RU": "Пагода",
            "eo-ZZ": "Pagodo",
            "fi-FI": "Pagodi"
        }
    }
}
