{
    "id": "rct2.scenery_large.svlc",
    "authors": [
        "Chris Sawyer",
        "Simon Foster"
    ],
    "version": "1.0",
    "originalId": "0A188C82|SVLC    |238F1F22",
    "sourceGame": "rct2",
    "objectType": "scenery_large",
    "properties": {
        "price": 250,
        "removalPrice": -200,
        "cursor": "CURSOR_VOLCANO_DOWN",
        "isPhotogenic": true,
        "tiles": [
            {
                "x": 0,
                "y": 0,
                "clearance": 64,
                "hasSupports": true,
                "walls": 9,
                "corners": 1
            },
            {
                "x": 0,
                "y": 32,
                "clearance": 64,
                "hasSupports": true,
                "walls": 5,
                "corners": 11
            },
            {
                "x": 0,
                "y": 64,
                "clearance": 64,
                "hasSupports": true,
                "walls": 5,
                "corners": 7
            },
            {
                "x": 0,
                "y": 96,
                "clearance": 64,
                "hasSupports": true,
                "walls": 3,
                "corners": 2
            },
            {
                "x": 32,
                "y": 96,
                "clearance": 64,
                "hasSupports": true,
                "walls": 10,
                "corners": 7
            },
            {
                "x": 64,
                "y": 96,
                "clearance": 64,
                "hasSupports": true,
                "walls": 10,
                "corners": 14
            },
            {
                "x": 96,
                "y": 96,
                "clearance": 64,
                "hasSupports": true,
                "walls": 6,
                "corners": 4
            },
            {
                "x": 96,
                "y": 64,
                "clearance": 64,
                "hasSupports": true,
                "walls": 5,
                "corners": 14
            },
            {
                "x": 96,
                "y": 32,
                "clearance": 64,
                "hasSupports": true,
                "walls": 5,
                "corners": 13
            },
            {
                "x": 96,
                "y": 0,
                "clearance": 64,
                "hasSupports": true,
                "walls": 12,
                "corners": 8
            },
            {
                "x": 64,
                "y": 0,
                "clearance": 64,
                "hasSupports": true,
                "walls": 10,
                "corners": 13
            },
            {
                "x": 32,
                "y": 0,
                "clearance": 64,
                "hasSupports": true,
                "walls": 10,
                "corners": 11
            }
        ]
    },
    "images": [
        "$RCT2:OBJDATA/SVLC.DAT[0..51]"
    ],
    "strings": {
        "name": {
            "en-GB": "Volcano",
            "fr-FR": "Volcan",
            "de-DE": "Vulkan",
            "es-ES": "Volcán",
            "it-IT": "Vulcano",
            "nl-NL": "Vulkaan",
            "sv-SE": "Vulkan",
            "ko-KR": "화산",
            "zh-CN": "火山",
            "zh-TW": "火山",
            "pt-BR": "Vulcão",
            "cs-CZ": "Sopka",
            "ja-JP": "火山",
            "pl-PL": "Wulkan",
            "ru-RU": "Вулкан",
            "eo-ZZ": "Vulkano",
            "ca-ES": "Volcà",
            "fi-FI": "Tulivuori",
            "ar-EG": "بركان"
        }
    }
}
