{
    "id": "rct2.scenery_large.sst",
    "authors": [
        "Chris Sawyer",
        "Simon Foster"
    ],
    "version": "1.0",
    "originalId": "0A188C82|SST     |FB257B21",
    "sourceGame": [
        "rct2",
        "rct1ll"
    ],
    "objectType": "scenery_large",
    "properties": {
        "price": 140,
        "removalPrice": -120,
        "cursor": "CURSOR_HOUSE_DOWN",
        "tiles": [
            {
                "x": 0,
                "y": 0,
                "clearance": 64,
                "hasSupports": true,
                "walls": 9
            },
            {
                "x": 0,
                "y": 32,
                "clearance": 64,
                "hasSupports": true,
                "walls": 3
            },
            {
                "x": 32,
                "y": 0,
                "clearance": 64,
                "hasSupports": true,
                "walls": 12
            },
            {
                "x": 32,
                "y": 32,
                "clearance": 64,
                "hasSupports": true,
                "walls": 6
            }
        ]
    },
    "images": [
        "$RCT2:OBJDATA/SST.DAT[0..19]"
    ],
    "strings": {
        "name": {
            "en-GB": "Satellite",
            "de-DE": "Satellit",
            "es-ES": "Satélite",
            "nl-NL": "Satelliet",
            "sv-SE": "Satellit",
            "ko-KR": "위성",
            "zh-CN": "卫星",
            "zh-TW": "衛星",
            "pt-BR": "Satélite",
            "cs-CZ": "Satelit",
            "ja-JP": "衛星",
            "pl-PL": "Satelita",
            "ru-RU": "Спутник",
            "fr-FR": "Satellite",
            "eo-ZZ": "Satelito",
            "ca-ES": "Satèl·lit",
            "fi-FI": "Satelliitti",
            "ar-EG": "قمر صناعي"
        }
    }
}
