{
    "id": "rct2.scenery_large.sth",
    "authors": [
        "Chris Sawyer",
        "Simon Foster"
    ],
    "version": "1.0",
    "originalId": "0A188C82|STH     |0A20D974",
    "sourceGame": [
        "rct2",
        "rct1ll"
    ],
    "objectType": "scenery_large",
    "properties": {
        "price": 165,
        "removalPrice": 100,
        "cursor": "CURSOR_HOUSE_DOWN",
        "tiles": [
            {
                "x": 0,
                "y": 0,
                "clearance": 112,
                "hasSupports": true,
                "walls": 9
            },
            {
                "x": 0,
                "y": 32,
                "clearance": 112,
                "hasSupports": true,
                "walls": 3
            },
            {
                "x": 32,
                "y": 0,
                "clearance": 112,
                "hasSupports": true,
                "walls": 12
            },
            {
                "x": 32,
                "y": 32,
                "clearance": 112,
                "hasSupports": true,
                "walls": 6
            }
        ]
    },
    "images": [
        "$RCT2:OBJDATA/STH.DAT[0..19]"
    ],
    "strings": {
        "name": {
            "en-GB": "Town Hall",
            "fr-FR": "Hôtel de ville",
            "de-DE": "Rathaus",
            "es-ES": "Ayuntamiento",
            "it-IT": "Municipio",
            "nl-NL": "Stadhuis",
            "sv-SE": "Rådhus",
            "ko-KR": "시청",
            "zh-CN": "市政厅",
            "zh-TW": "市政府",
            "pt-BR": "Prefeitura",
            "cs-CZ": "Radnice",
            "ja-JP": "公会堂",
            "pl-PL": "Ratusz",
            "ru-RU": "Ратуша",
            "eo-ZZ": "Urbdomo",
            "ca-ES": "Ajuntament",
            "fi-FI": "Kaupungintalo",
            "ar-EG": "قاعة المدينة"
        }
    }
}
