{
    "id": "rct2.scenery_large.sah3",
    "authors": [
        "Chris Sawyer",
        "Simon Foster"
    ],
    "version": "1.0",
    "originalId": "0A188C82|SAH3    |92069BB5",
    "sourceGame": [
        "rct2",
        "rct1ll"
    ],
    "objectType": "scenery_large",
    "properties": {
        "price": 85,
        "removalPrice": 60,
        "cursor": "CURSOR_HOUSE_DOWN",
        "tiles": [
            {
                "x": 0,
                "y": 0,
                "clearance": 112,
                "hasSupports": true
            }
        ]
    },
    "images": [
        "$RCT2:OBJDATA/SAH3.DAT[0..7]"
    ],
    "strings": {
        "name": {
            "en-GB": "Tenement",
            "fr-FR": "Immeuble",
            "de-DE": "Mietshaus",
            "es-ES": "Habitación",
            "it-IT": "Abitazione",
            "nl-NL": "Woonhuis",
            "sv-SE": "Hyreshus",
            "ko-KR": "다세대 주택",
            "zh-CN": "租屋",
            "zh-TW": "租屋",
            "pt-BR": "Casa de Cômodos",
            "cs-CZ": "Činžovní dům",
            "ja-JP": "アパート",
            "pl-PL": "Czynszówka",
            "ru-RU": "Дом",
            "eo-ZZ": "Konstruaĵo",
            "ca-ES": "Bloc d’edificis",
            "fi-FI": "Vuokratalo"
        }
    }
}
