{
    "id": "rct1.ride.logs",
    "authors": ["Chris Sawyer", "Simon Foster"],
    "version": "1.0",
    "originalId": "00000000|#RCT1LFB|00000000",
    "sourceGame": "rct1",
    "isCompatibilityObject": true,
    "objectType": "ride",
    "properties": {
        "type": "log_flume",
        "category": "water",
        "playSplashSound": true,
        "noCollisionCrashes": true,
        "carColours": [
            [
                ["dark_brown", "black", "black"]
            ],
            [
                ["light_brown", "black", "black"]
            ],
            [
                ["saturated_brown", "black", "black"]
            ]
        ],
        "cars": [
            {
                "rotationFrameMask": 15,
                "spacing": 251904,
                "mass": 250,
                "numSeats": 4,
                "numSeatRows": 2,
                "logFlumeReverserVehicleType": 1,
                "soundRange": 0,
                "poweredAcceleration": 100,
                "poweredMaxSpeed": 4,
                "effectVisual": 12,
                "drawOrder": 9,
                "spriteGroups": {
                    "slopeFlat":16,
                    "slopes12":4,
                    "slopes25":4
                },
                "isPowered": true,
                "hasScreamingRiders": true,
                "isWaterRide": true,
                "loadingPositions": [6, 4, -7, -9]
            },
            {
                "rotationFrameMask": 31,
                "spacing": 251904,
                "mass": 250,
                "numSeats": 4,
                "numSeatRows": 2,
                "soundRange": 0,
                "poweredAcceleration": 100,
                "poweredMaxSpeed": 4,
                "effectVisual": 12,
                "drawOrder": 9,
                "spriteGroups": {
                    "slopeFlat":16,
                    "slopes12":4,
                    "slopes25":4
                },
                "isPowered": true,
                "hasScreamingRiders": true,
                "isWaterRide": true,
                "loadingPositions": [6, 4, -7, -9]
            }
        ],
        "buildMenuPriority": 1
    },
    "images": [
        { "path": "images/preview.png", "format": "raw" },
        "",
        "",
        "$CSG[34169..34184]",

        "$CSG[34185]",
        "$CSG[34189]",
        "$CSG[34193]",
        "$CSG[34197]",

        "$CSG[34187]",
        "$CSG[34191]",
        "$CSG[34195]",
        "$CSG[34199]", 

        "$CSG[34186]",
        "$CSG[34190]",
        "$CSG[34194]",
        "$CSG[34198]",

        "$CSG[34188]",
        "$CSG[34192]",
        "$CSG[34196]",
        "$CSG[34200]",

        "$CSG[34201..34216]",

        "$CSG[34217]",
        "$CSG[34221]",
        "$CSG[34225]",
        "$CSG[34229]",

        "$CSG[34219]",
        "$CSG[34223]",
        "$CSG[34227]",
        "$CSG[34231]", 

        "$CSG[34218]",
        "$CSG[34222]",
        "$CSG[34226]",
        "$CSG[34230]",

        "$CSG[34220]",
        "$CSG[34224]",
        "$CSG[34228]",
        "$CSG[34232]",

        "$CSG[34233..34248]",

        "$CSG[34249]",
        "$CSG[34253]",
        "$CSG[34257]",
        "$CSG[34261]",

        "$CSG[34251]",
        "$CSG[34255]",
        "$CSG[34259]",
        "$CSG[34263]", 

        "$CSG[34250]",
        "$CSG[34254]",
        "$CSG[34258]",
        "$CSG[34262]",

        "$CSG[34252]",
        "$CSG[34256]",
        "$CSG[34260]",
        "$CSG[34264]",

        "$CSG[34177]",
        "$CSG[34178]",
        "$CSG[34179]",
        "$CSG[34180]",
        "$CSG[34181]",
        "$CSG[34182]",
        "$CSG[34183]",
        "$CSG[34184]",
        "$CSG[34169]",
        "$CSG[34170]",
        "$CSG[34171]",
        "$CSG[34172]",
        "$CSG[34173]",
        "$CSG[34174]",
        "$CSG[34175]",
        "$CSG[34176]",
        "$CSG[34195]",
        "$CSG[34199]",
        "$CSG[34187]",
        "$CSG[34191]",
        "$CSG[34193]",
        "$CSG[34197]",
        "$CSG[34185]",
        "$CSG[34189]",
        "$CSG[34196]",
        "$CSG[34200]",
        "$CSG[34188]",
        "$CSG[34192]",
        "$CSG[34194]",
        "$CSG[34198]",
        "$CSG[34186]",
        "$CSG[34190]",
        "$CSG[34209]",
        "$CSG[34210]",
        "$CSG[34211]",
        "$CSG[34212]",
        "$CSG[34213]",
        "$CSG[34214]",
        "$CSG[34215]",
        "$CSG[34216]",
        "$CSG[34201]",
        "$CSG[34202]",
        "$CSG[34203]",
        "$CSG[34204]",
        "$CSG[34205]",
        "$CSG[34206]",
        "$CSG[34207]",
        "$CSG[34208]",
        "$CSG[34227]",
        "$CSG[34231]",
        "$CSG[34219]",
        "$CSG[34223]",
        "$CSG[34225]",
        "$CSG[34229]",
        "$CSG[34217]",
        "$CSG[34221]",
        "$CSG[34228]",
        "$CSG[34232]",
        "$CSG[34220]",
        "$CSG[34224]",
        "$CSG[34226]",
        "$CSG[34230]",
        "$CSG[34218]",
        "$CSG[34222]",
        "$CSG[34241]",
        "$CSG[34242]",
        "$CSG[34243]",
        "$CSG[34244]",
        "$CSG[34245]",
        "$CSG[34246]",
        "$CSG[34247]",
        "$CSG[34248]",
        "$CSG[34233]",
        "$CSG[34234]",
        "$CSG[34235]",
        "$CSG[34236]",
        "$CSG[34237]",
        "$CSG[34238]",
        "$CSG[34239]",
        "$CSG[34240]",
        "$CSG[34259]",
        "$CSG[34263]",
        "$CSG[34251]",
        "$CSG[34255]",
        "$CSG[34257]",
        "$CSG[34261]",
        "$CSG[34249]",
        "$CSG[34253]",
        "$CSG[34260]",
        "$CSG[34264]",
        "$CSG[34252]",
        "$CSG[34256]",
        "$CSG[34258]",
        "$CSG[34262]",
        "$CSG[34250]",
        "$CSG[34254]"
    ],
    "noCsgImages": [
        { "path": "images/preview.png", "format": "raw" },
        "",
        "",
        "$RCT2:OBJDATA/LFB1.DAT[3]",
        "$RCT2:OBJDATA/LFB1.DAT[5]",
        "$RCT2:OBJDATA/LFB1.DAT[7]",
        "$RCT2:OBJDATA/LFB1.DAT[9]",
        "$RCT2:OBJDATA/LFB1.DAT[11]",
        "$RCT2:OBJDATA/LFB1.DAT[13]",
        "$RCT2:OBJDATA/LFB1.DAT[15]",
        "$RCT2:OBJDATA/LFB1.DAT[17]",
        "$RCT2:OBJDATA/LFB1.DAT[19]",
        "$RCT2:OBJDATA/LFB1.DAT[21]",
        "$RCT2:OBJDATA/LFB1.DAT[23]",
        "$RCT2:OBJDATA/LFB1.DAT[25]",
        "$RCT2:OBJDATA/LFB1.DAT[27]",
        "$RCT2:OBJDATA/LFB1.DAT[29]",
        "$RCT2:OBJDATA/LFB1.DAT[31]",
        "$RCT2:OBJDATA/LFB1.DAT[33]",

        "$RCT2:OBJDATA/LFB1.DAT[35..42]",

        "$RCT2:OBJDATA/LFB1.DAT[43]",
        "$RCT2:OBJDATA/LFB1.DAT[51]",
        "$RCT2:OBJDATA/LFB1.DAT[59]",
        "$RCT2:OBJDATA/LFB1.DAT[67]",
        "$RCT2:OBJDATA/LFB1.DAT[75]",
        "$RCT2:OBJDATA/LFB1.DAT[83]",
        "$RCT2:OBJDATA/LFB1.DAT[91]",
        "$RCT2:OBJDATA/LFB1.DAT[99]",

        "$RCT2:OBJDATA/LFB1.DAT[107]",
        "$RCT2:OBJDATA/LFB1.DAT[109]",
        "$RCT2:OBJDATA/LFB1.DAT[111]",
        "$RCT2:OBJDATA/LFB1.DAT[113]",
        "$RCT2:OBJDATA/LFB1.DAT[115]",
        "$RCT2:OBJDATA/LFB1.DAT[117]",
        "$RCT2:OBJDATA/LFB1.DAT[119]",
        "$RCT2:OBJDATA/LFB1.DAT[121]",
        "$RCT2:OBJDATA/LFB1.DAT[123]",
        "$RCT2:OBJDATA/LFB1.DAT[125]",
        "$RCT2:OBJDATA/LFB1.DAT[127]",
        "$RCT2:OBJDATA/LFB1.DAT[129]",
        "$RCT2:OBJDATA/LFB1.DAT[131]",
        "$RCT2:OBJDATA/LFB1.DAT[133]",
        "$RCT2:OBJDATA/LFB1.DAT[135]",
        "$RCT2:OBJDATA/LFB1.DAT[137]",

        "$RCT2:OBJDATA/LFB1.DAT[139..146]",

        "$RCT2:OBJDATA/LFB1.DAT[147]",
        "$RCT2:OBJDATA/LFB1.DAT[155]",
        "$RCT2:OBJDATA/LFB1.DAT[163]",
        "$RCT2:OBJDATA/LFB1.DAT[171]",
        "$RCT2:OBJDATA/LFB1.DAT[179]",
        "$RCT2:OBJDATA/LFB1.DAT[187]",
        "$RCT2:OBJDATA/LFB1.DAT[195]",
        "$RCT2:OBJDATA/LFB1.DAT[203]",

        "$RCT2:OBJDATA/LFB1.DAT[211]",
        "$RCT2:OBJDATA/LFB1.DAT[213]",
        "$RCT2:OBJDATA/LFB1.DAT[215]",
        "$RCT2:OBJDATA/LFB1.DAT[217]",
        "$RCT2:OBJDATA/LFB1.DAT[219]",
        "$RCT2:OBJDATA/LFB1.DAT[221]",
        "$RCT2:OBJDATA/LFB1.DAT[223]",
        "$RCT2:OBJDATA/LFB1.DAT[225]",
        "$RCT2:OBJDATA/LFB1.DAT[227]",
        "$RCT2:OBJDATA/LFB1.DAT[229]",
        "$RCT2:OBJDATA/LFB1.DAT[231]",
        "$RCT2:OBJDATA/LFB1.DAT[233]",
        "$RCT2:OBJDATA/LFB1.DAT[235]",
        "$RCT2:OBJDATA/LFB1.DAT[237]",
        "$RCT2:OBJDATA/LFB1.DAT[239]",
        "$RCT2:OBJDATA/LFB1.DAT[241]",

        "$RCT2:OBJDATA/LFB1.DAT[243..250]",

        "$RCT2:OBJDATA/LFB1.DAT[251]",
        "$RCT2:OBJDATA/LFB1.DAT[259]",
        "$RCT2:OBJDATA/LFB1.DAT[267]",
        "$RCT2:OBJDATA/LFB1.DAT[275]",
        "$RCT2:OBJDATA/LFB1.DAT[283]",
        "$RCT2:OBJDATA/LFB1.DAT[291]",
        "$RCT2:OBJDATA/LFB1.DAT[299]",
        "$RCT2:OBJDATA/LFB1.DAT[307]",

        "$RCT2:OBJDATA/LFB1.DAT[315]",
        "$RCT2:OBJDATA/LFB1.DAT[317]",
        "$RCT2:OBJDATA/LFB1.DAT[319]",
        "$RCT2:OBJDATA/LFB1.DAT[321]",
        "$RCT2:OBJDATA/LFB1.DAT[323]",
        "$RCT2:OBJDATA/LFB1.DAT[325]",
        "$RCT2:OBJDATA/LFB1.DAT[327]",
        "$RCT2:OBJDATA/LFB1.DAT[329]",
        "$RCT2:OBJDATA/LFB1.DAT[331]",
        "$RCT2:OBJDATA/LFB1.DAT[333]",
        "$RCT2:OBJDATA/LFB1.DAT[335]",
        "$RCT2:OBJDATA/LFB1.DAT[337]",
        "$RCT2:OBJDATA/LFB1.DAT[339]",
        "$RCT2:OBJDATA/LFB1.DAT[341]",
        "$RCT2:OBJDATA/LFB1.DAT[343]",
        "$RCT2:OBJDATA/LFB1.DAT[345]",

        "$RCT2:OBJDATA/LFB1.DAT[347..354]",

        "$RCT2:OBJDATA/LFB1.DAT[355]",
        "$RCT2:OBJDATA/LFB1.DAT[363]",
        "$RCT2:OBJDATA/LFB1.DAT[371]",
        "$RCT2:OBJDATA/LFB1.DAT[379]",
        "$RCT2:OBJDATA/LFB1.DAT[387]",
        "$RCT2:OBJDATA/LFB1.DAT[395]",
        "$RCT2:OBJDATA/LFB1.DAT[403]",
        "$RCT2:OBJDATA/LFB1.DAT[411]",

        "$RCT2:OBJDATA/LFB1.DAT[419]",
        "$RCT2:OBJDATA/LFB1.DAT[421]",
        "$RCT2:OBJDATA/LFB1.DAT[423]",
        "$RCT2:OBJDATA/LFB1.DAT[425]",
        "$RCT2:OBJDATA/LFB1.DAT[427]",
        "$RCT2:OBJDATA/LFB1.DAT[429]",
        "$RCT2:OBJDATA/LFB1.DAT[431]",
        "$RCT2:OBJDATA/LFB1.DAT[433]",
        "$RCT2:OBJDATA/LFB1.DAT[435]",
        "$RCT2:OBJDATA/LFB1.DAT[437]",
        "$RCT2:OBJDATA/LFB1.DAT[439]",
        "$RCT2:OBJDATA/LFB1.DAT[441]",
        "$RCT2:OBJDATA/LFB1.DAT[443]",
        "$RCT2:OBJDATA/LFB1.DAT[445]",
        "$RCT2:OBJDATA/LFB1.DAT[447]",
        "$RCT2:OBJDATA/LFB1.DAT[449]",

        "$RCT2:OBJDATA/LFB1.DAT[451..458]",

        "$RCT2:OBJDATA/LFB1.DAT[459]",
        "$RCT2:OBJDATA/LFB1.DAT[467]",
        "$RCT2:OBJDATA/LFB1.DAT[475]",
        "$RCT2:OBJDATA/LFB1.DAT[483]",
        "$RCT2:OBJDATA/LFB1.DAT[491]",
        "$RCT2:OBJDATA/LFB1.DAT[499]",
        "$RCT2:OBJDATA/LFB1.DAT[507]",
        "$RCT2:OBJDATA/LFB1.DAT[515]",

        "$RCT2:OBJDATA/LFB1.DAT[523]",
        "$RCT2:OBJDATA/LFB1.DAT[525]",
        "$RCT2:OBJDATA/LFB1.DAT[527]",
        "$RCT2:OBJDATA/LFB1.DAT[529]",
        "$RCT2:OBJDATA/LFB1.DAT[531]",
        "$RCT2:OBJDATA/LFB1.DAT[533]",
        "$RCT2:OBJDATA/LFB1.DAT[535]",
        "$RCT2:OBJDATA/LFB1.DAT[537]",
        "$RCT2:OBJDATA/LFB1.DAT[539]",
        "$RCT2:OBJDATA/LFB1.DAT[541]",
        "$RCT2:OBJDATA/LFB1.DAT[543]",
        "$RCT2:OBJDATA/LFB1.DAT[545]",
        "$RCT2:OBJDATA/LFB1.DAT[547]",
        "$RCT2:OBJDATA/LFB1.DAT[549]",
        "$RCT2:OBJDATA/LFB1.DAT[551]",
        "$RCT2:OBJDATA/LFB1.DAT[553]",

        "$RCT2:OBJDATA/LFB1.DAT[555..562]",

        "$RCT2:OBJDATA/LFB1.DAT[563]",
        "$RCT2:OBJDATA/LFB1.DAT[571]",
        "$RCT2:OBJDATA/LFB1.DAT[579]",
        "$RCT2:OBJDATA/LFB1.DAT[587]",
        "$RCT2:OBJDATA/LFB1.DAT[595]",
        "$RCT2:OBJDATA/LFB1.DAT[603]",
        "$RCT2:OBJDATA/LFB1.DAT[611]",
        "$RCT2:OBJDATA/LFB1.DAT[619]"
    ],
    "strings": {
        "name": {
            "en-GB": "Logs",
            "fr-FR": "Bûches",
            "de-DE": "Baumstämme",
            "es-ES": "Leños de agua",
            "it-IT": "Canale con i tronchi",
            "nl-NL": "Boomstammen",
            "sv-SE": "Stockar",
            "ko-KR": "통나무 보트",
            "zh-CN": "原木溪谷",
            "zh-TW": "原木溪谷",
            "pt-BR": "Troncos",
            "cs-CZ": "Divoká řeka",
            "ja-JP": "ログ・フリューム",
            "pl-PL": "Jazda flisacka",
            "ru-RU": "Ущелье",
            "eo-ZZ": "Ŝtipoj"
        },
        "description": {
            "en-GB": "Log-shaped boats built for running in water channels",
            "fr-FR": "Bateaux en forme de bûches géantes parcourant un tube aquatique dont les pentes abruptes auront pour effet de tremper les passagers",
            "de-DE": "Baumstammförmige Boote, die für die Fahrt in Wasserkanälen ausgelegt sind",
            "es-ES": "Barcos con forma de tronco que viajan por un canal de agua, salpicando hasta empapar a los pasajeros",
            "it-IT": "Barche a forma di tronco viaggiano lungo un canale d'acqua, generando al termine delle discese enormi spruzzi che inzuppano i passeggeri",
            "nl-NL": "Boten in de vorm van een boomstam varen door een waterbak, waarbij ze van steile hellingen afdalen om de passagiers te doorweken.",
            "sv-SE": "Stockformade båtar byggda för vattenkanaler",
            "ko-KR": "수로를 따라 이동하다가 긴 낙하를 지나며 물을 튀겨 탑승객을 홀딱 젖게 만드는 통나무 모양의 보트",
            "zh-CN": "原木风格的船延着水道在陡峭斜坡急速下滑水溢四溅喷洒到游客",
            "zh-TW": "原木風格的船延著水道在陡峭斜坡急速下滑水溢四濺噴灑到遊客",
            "pt-BR": "Barcos em forma de tronco construídos para flutuar por canais d'água",
            "cs-CZ": "Lodě ve tvaru klád se plaví po vodním kanálu a cákají. Nikdo nezůstane suchý",
            "ja-JP": "水路を進む丸太舟で、急傾斜から水に飛び込み、乗客はずぶぬれになります",
            "pl-PL": "Łódki w kształcie pni płyną wodnym kanałem, spadając z pluskiem ze stromych spadków, aby zamoczyć pasażerów",
            "ru-RU": "Лодки в виде бревен плывут по каналу, периодически плюхаясь со склонов.",
            "eo-ZZ": "Ŝtipoformaj boatoj konstruitaj por veturi en akvokanaloj"
        },
        "capacity": {
            "en-GB": "4 passengers per boat",
            "fr-FR": "4 passagers par bateau",
            "de-DE": "4 Fahrgäste pro Boot",
            "es-ES": "4 pasajeros por vagón",
            "it-IT": "4 passeggeri per barca",
            "nl-NL": "4 passagiers per boot",
            "sv-SE": "4 passagerare per båt",
            "ko-KR": "보트당 4명의 승객",
            "zh-CN": "4 位乘客 /每艘船",
            "zh-TW": "4 位乘客 /每艘船",
            "pt-BR": "4 passageiros por barco",
            "cs-CZ": "4 místa v každé lodi",
            "ja-JP": "各ボート4名",
            "pl-PL": "4 pasażerów na łódkę",
            "ru-RU": "4 пассажира",
            "eo-ZZ": "Po 4 pasaĝeroj por boato"
        }
    }
}
