{
    "id": "couger.scenery_wall.acwwf32",
    "authors": [
        "Simon Foster",
        "Couger"
    ],
    "version": "1.0",
    "originalId": "09F55B03|ACWWF32 |053F7DCC",
    "sourceGame": "official",
    "objectType": "scenery_wall",
    "properties": {
        "isAllowedOnSlope": true,
        "height": 4,
        "price": 80,
        "sceneryGroup": "rct2.scenery_group.scgwalls"
    },
    "images": [
        { "path": "images.png", "srcX": 0, "srcY": 0, "srcWidth": 33, "srcHeight": 48, "x": -31, "y": -33 },
        { "path": "images.png", "srcX": 33, "srcY": 0, "srcWidth": 33, "srcHeight": 47, "x": -1, "y": -31 },
        { "path": "images.png", "srcX": 66, "srcY": 0, "srcWidth": 33, "srcHeight": 64, "x": -31, "y": -49 },
        { "path": "images.png", "srcX": 99, "srcY": 0, "srcWidth": 33, "srcHeight": 63, "x": -1, "y": -47 },
        { "path": "images.png", "srcX": 132, "srcY": 0, "srcWidth": 33, "srcHeight": 34, "x": -31, "y": -34 },
        { "path": "images.png", "srcX": 165, "srcY": 0, "srcWidth": 33, "srcHeight": 33, "x": -1, "y": -32 }
    ],
    "strings": {
        "name": {
            "en-GB": "Wooden Post Wall",
            "fr-FR": "Tableau d’affichage en bois",
            "de-DE": "Holzpfostenwand",
            "es-ES": "Pared de Madera",
            "it-IT": "Muro di pali di legno",
            "nl-NL": "Muur van houten palen",
            "sv-SE": "Träpalissadvägg",
            "ko-KR": "나무 기둥 벽",
            "zh-CN": "木柱墙",
            "pt-BR": "Parede de Poste de Madeira",
            "ja-JP": "木製のポスト壁",
            "eo-ZZ": "Muro el Lignaj Fostoj",
            "ar-EG": "حائط خشبي",
            "ca-ES": "Paret de pals de fusta",
            "da-DK": "Træ stolpe væg",
            "fi-FI": "Puinen tolppaseinä",
            "hu-HU": "Fa sánckerítés",
            "tr-TR": "Direkli ahşap duvar"
        }
    }
}
