{
    "id": "rct1aa.ride.reverser_cars",
    "authors": [
        "Chris Sawyer",
        "Simon Foster"
    ],
    "version": "1.0",
    "originalId": "00000000|#RCT1REV|00000000",
    "sourceGame": "rct1aa",
    "isCompatibilityObject": true,
    "objectType": "ride",
    "properties": {
        "type": "reverser_rc",
        "category": "rollercoaster",
        "minCarsPerTrain": 3,
        "maxCarsPerTrain": 3,
        "numEmptyCars": 2,
        "tabCar": 1,
        "headCars": 2,
        "tailCars": 2,
        "carColours": [
            [
                [
                    "bright_red",
                    "dark_green",
                    "black"
                ]
            ],
            [
                [
                    "yellow",
                    "dark_brown",
                    "black"
                ]
            ],
            [
                [
                    "light_blue",
                    "dark_green",
                    "black"
                ]
            ],
            [
                [
                    "white",
                    "bordeaux_red",
                    "black"
                ]
            ]
        ],
        "cars": [
            {
                "rotationFrameMask": 15,
                "spacing": 87040,
                "mass": 900,
                "numSeats": 6,
                "spriteWidth": 31,
                "spriteHeightNegative": 40,
                "spriteHeightPositive": 15,
                "numSeatRows": 3,
                "frictionSoundId": 1,
                "logFlumeReverserVehicleType": 1,
                "soundRange": 1,
                "carVisual": 7,
                "drawOrder": 12,
                "spriteGroups": {
                    "slopeFlat": 16,
                    "slopes12": 4,
                    "slopes25": 4
                },
                "hasNoUpstopWheelsBobsleigh": true,
                "isReverserPassengerCar": true,
                "recalculateSpriteBounds": true,
                "hasAdditionalColour1": true,
                "hasScreamingRiders": true,
                "loadingPositions": [
                    11,
                    7,
                    2,
                    -2,
                    -7,
                    -11
                ]
            },
            {
                "rotationFrameMask": 15,
                "spacing": 87040,
                "mass": 900,
                "numSeats": 6,
                "spriteWidth": 31,
                "spriteHeightNegative": 40,
                "spriteHeightPositive": 15,
                "numSeatRows": 3,
                "frictionSoundId": 1,
                "soundRange": 1,
                "carVisual": 7,
                "drawOrder": 12,
                "spriteGroups": {
                    "slopeFlat": 16,
                    "slopes12": 4,
                    "slopes25": 4
                },
                "hasNoUpstopWheelsBobsleigh": true,
                "isReverserPassengerCar": true,
                "recalculateSpriteBounds": true,
                "hasAdditionalColour1": true,
                "hasScreamingRiders": true,
                "loadingPositions": [
                    -7,
                    -11,
                    2,
                    -2,
                    11,
                    7
                ]
            },
            {
                "rotationFrameMask": 15,
                "spacing": 95232,
                "spriteWidth": 13,
                "spriteHeightNegative": 8,
                "spriteHeightPositive": 12,
                "frictionSoundId": 1,
                "soundRange": 1,
                "drawOrder": 13,
                "spriteGroups": {
                    "slopeFlat": 16,
                    "slopes12": 4,
                    "slopes25": 4
                },
                "hasNoUpstopWheelsBobsleigh": true,
                "isReverserBogie": true,
                "recalculateSpriteBounds": true,
                "hasAdditionalColour1": true
            }
        ],
        "buildMenuPriority": 1
    },
    "images": [
        { "path": "images/preview.png", "format": "raw" },
        "",
        "",
        "$CSG[29861..29876]",
        "$CSG[29877]",
        "$CSG[29881]",
        "$CSG[29885]",
        "$CSG[29889]",
        "$CSG[29879]",
        "$CSG[29883]",
        "$CSG[29887]",
        "$CSG[29891]",
        "$CSG[29878]",
        "$CSG[29882]",
        "$CSG[29886]",
        "$CSG[29890]",
        "$CSG[29880]",
        "$CSG[29884]",
        "$CSG[29888]",
        "$CSG[29892]",
        "$CSG[29893..29908]",
        "$CSG[29909]",
        "$CSG[29913]",
        "$CSG[29917]",
        "$CSG[29921]",
        "$CSG[29911]",
        "$CSG[29915]",
        "$CSG[29919]",
        "$CSG[29923]",
        "$CSG[29910]",
        "$CSG[29914]",
        "$CSG[29918]",
        "$CSG[29922]",
        "$CSG[29912]",
        "$CSG[29916]",
        "$CSG[29920]",
        "$CSG[29924]",
        "$CSG[29925..29940]",
        "$CSG[29941]",
        "$CSG[29945]",
        "$CSG[29949]",
        "$CSG[29953]",
        "$CSG[29943]",
        "$CSG[29947]",
        "$CSG[29951]",
        "$CSG[29955]",
        "$CSG[29942]",
        "$CSG[29946]",
        "$CSG[29950]",
        "$CSG[29954]",
        "$CSG[29944]",
        "$CSG[29948]",
        "$CSG[29952]",
        "$CSG[29956]",
        "$CSG[29957..29972]",
        "$CSG[29973]",
        "$CSG[29977]",
        "$CSG[29981]",
        "$CSG[29985]",
        "$CSG[29975]",
        "$CSG[29979]",
        "$CSG[29983]",
        "$CSG[29987]",
        "$CSG[29974]",
        "$CSG[29978]",
        "$CSG[29982]",
        "$CSG[29986]",
        "$CSG[29976]",
        "$CSG[29980]",
        "$CSG[29984]",
        "$CSG[29988]",
        "$CSG[29869..29876]",
        "$CSG[29861..29868]",
        "$CSG[29887]",
        "$CSG[29891]",
        "$CSG[29879]",
        "$CSG[29883]",
        "$CSG[29885]",
        "$CSG[29889]",
        "$CSG[29877]",
        "$CSG[29881]",
        "$CSG[29888]",
        "$CSG[29892]",
        "$CSG[29880]",
        "$CSG[29884]",
        "$CSG[29886]",
        "$CSG[29890]",
        "$CSG[29878]",
        "$CSG[29882]",
        "$CSG[29901..29908]",
        "$CSG[29893..29900]",
        "$CSG[29919]",
        "$CSG[29923]",
        "$CSG[29911]",
        "$CSG[29915]",
        "$CSG[29917]",
        "$CSG[29921]",
        "$CSG[29909]",
        "$CSG[29913]",
        "$CSG[29920]",
        "$CSG[29924]",
        "$CSG[29912]",
        "$CSG[29916]",
        "$CSG[29918]",
        "$CSG[29922]",
        "$CSG[29910]",
        "$CSG[29914]",
        "$CSG[29933..29940]",
        "$CSG[29925..29929]",
        "$CSG[29930]",
        "$CSG[29931]",
        "$CSG[29932]",
        "$CSG[29951]",
        "$CSG[29955]",
        "$CSG[29943]",
        "$CSG[29947]",
        "$CSG[29949]",
        "$CSG[29953]",
        "$CSG[29941]",
        "$CSG[29945]",
        "$CSG[29952]",
        "$CSG[29956]",
        "$CSG[29944]",
        "$CSG[29948]",
        "$CSG[29950]",
        "$CSG[29954]",
        "$CSG[29942]",
        "$CSG[29946]",
        "$CSG[29965..29972]",
        "$CSG[29957..29964]",
        "$CSG[29983]",
        "$CSG[29987]",
        "$CSG[29975]",
        "$CSG[29979]",
        "$CSG[29981]",
        "$CSG[29985]",
        "$CSG[29973]",
        "$CSG[29977]",
        "$CSG[29984]",
        "$CSG[29988]",
        "$CSG[29976]",
        "$CSG[29980]",
        "$CSG[29982]",
        "$CSG[29986]",
        "$CSG[29974]",
        "$CSG[29978]",
        "$CSG[29829..29844]",
        "$CSG[29845]",
        "$CSG[29849]",
        "$CSG[29853]",
        "$CSG[29857]",
        "$CSG[29847]",
        "$CSG[29851]",
        "$CSG[29855]",
        "$CSG[29859]",
        "$CSG[29846]",
        "$CSG[29850]",
        "$CSG[29854]",
        "$CSG[29858]",
        "$CSG[29848]",
        "$CSG[29852]",
        "$CSG[29856]",
        "$CSG[29860]"
    ],
    "strings": {
        "name": {
            "en-GB": "Reverser Cars",
            "fr-FR": "Inverseur",
            "de-DE": "Umkehrwagen",
            "es-ES": "Montaña Rusa Inversora",
            "it-IT": "Ottovolante alla rovescia",
            "nl-NL": "Omkeerbare karretjes",
            "sv-SE": "Vändvagnar",
            "ko-KR": "반전 차량",
            "zh-CN": "倒退式过山车",
            "zh-TW": "倒退式雲霄飛車",
            "pt-BR": "Carros Reversos",
            "cs-CZ": "Otáčivá horská dráha",
            "ja-JP": "逆向きジェットコースター",
            "pl-PL": "Zawracajka",
            "ru-RU": "Горки с 4м измерением",
            "eo-ZZ": "Inversiĝantaj Ĉaroj"
        },
        "description": {
            "en-GB": "Bogied cars capable of turning around on special reversing sections",
            "fr-FR": "Chariot dévalant une voie en bois, tournant à des sections inverseuses spéciales",
            "de-DE": "Wagen mit Drehgestell fahren auf einer Holzstrecke und rotieren dabei auf speziellen Umkehrabschnitten",
            "es-ES": "Vagones que corren por una vía de madera girando en secciones especiales de inversión",
            "it-IT": "Dei carrelli corrono su un tracciato di legno, ruotando di 180° in speciali sezioni",
            "nl-NL": "Karretjes met draaistellen rijden op een houten baan en kunnen omkeren op speciale stukken baan.",
            "sv-SE": "Boggivagnar som kan vändas om på speciella vändsektioner",
            "ko-KR": "특수한 반전 섹션 위에서 앞뒤가 뒤집히는 나무 트랙 위를 운행하는 불안한 차량",
            "zh-CN": "妖怪列车在木架轨道上运行,转进特殊倒转区域",
            "zh-TW": "妖怪列車在木架軌道上運行,轉進特殊倒轉區域",
            "pt-BR": "Carros Truque capaz de virar em torno de si em seções de reversão especiais",
            "ar-EG": "Bogied cars capable of turning around on special reversing sections",
            "cs-CZ": "Horská dráha s vozy, které se ve speciálních místech se otočí a jedou pozpátku",
            "en-US": "Bogied cars capable of turning around on special reversing sections",
            "ja-JP": "特殊な反転ターンがある木製のコースをボギー車両が走行するコースターです",
            "pl-PL": "Wózki kopalniane jeżdżące po drewnianych torach, zawracające na specjalnych obrotowych sekcjach",
            "ru-RU": "Вагончики на деревянных рельсах, меняющие направление на середине трека.",
            "eo-ZZ": "Boĝiĉaroj kapablas je turniĝi ĉirkaŭ specialaj inversigantaj partoj"
        },
        "capacity": {
            "en-GB": "6 passengers per car",
            "fr-FR": "6 passagers par voiture",
            "de-DE": "6 Fahrgäste pro Wagen",
            "es-ES": "6 pasajeros por vagón",
            "it-IT": "6 passeggeri a carrozza",
            "nl-NL": "6 passagiers per karretje",
            "sv-SE": "6 passagerare per vagn",
            "ko-KR": "차량당 6명의 승객",
            "zh-CN": "6 位乘客/每个车厢",
            "zh-TW": "6 位乘客/每個車廂",
            "pt-BR": "6 passageiros por vagão",
            "cs-CZ": "6 míst v každém voze",
            "ja-JP": "各車両6名",
            "pl-PL": "6 pasażerów na wagonik",
            "ru-RU": "6 пассажиров",
            "eo-ZZ": "Po 6 pasaĝeroj por ĉaro"
        }
    },
    "noCsgImages": [
        { "path": "images/preview.png", "format": "raw" },
        "",
        "",
        "$RCT2:OBJDATA/REVCAR.DAT[3]",
        "$RCT2:OBJDATA/REVCAR.DAT[5]",
        "$RCT2:OBJDATA/REVCAR.DAT[7]",
        "$RCT2:OBJDATA/REVCAR.DAT[9]",
        "$RCT2:OBJDATA/REVCAR.DAT[11]",
        "$RCT2:OBJDATA/REVCAR.DAT[13]",
        "$RCT2:OBJDATA/REVCAR.DAT[15]",
        "$RCT2:OBJDATA/REVCAR.DAT[17]",
        "$RCT2:OBJDATA/REVCAR.DAT[19]",
        "$RCT2:OBJDATA/REVCAR.DAT[21]",
        "$RCT2:OBJDATA/REVCAR.DAT[23]",
        "$RCT2:OBJDATA/REVCAR.DAT[25]",
        "$RCT2:OBJDATA/REVCAR.DAT[27]",
        "$RCT2:OBJDATA/REVCAR.DAT[29]",
        "$RCT2:OBJDATA/REVCAR.DAT[31]",
        "$RCT2:OBJDATA/REVCAR.DAT[33]",
        "$RCT2:OBJDATA/REVCAR.DAT[35..43]",
        "$RCT2:OBJDATA/REVCAR.DAT[51]",
        "$RCT2:OBJDATA/REVCAR.DAT[59]",
        "$RCT2:OBJDATA/REVCAR.DAT[67]",
        "$RCT2:OBJDATA/REVCAR.DAT[75]",
        "$RCT2:OBJDATA/REVCAR.DAT[83]",
        "$RCT2:OBJDATA/REVCAR.DAT[91]",
        "$RCT2:OBJDATA/REVCAR.DAT[99]",
        "$RCT2:OBJDATA/REVCAR.DAT[107]",
        "$RCT2:OBJDATA/REVCAR.DAT[109]",
        "$RCT2:OBJDATA/REVCAR.DAT[111]",
        "$RCT2:OBJDATA/REVCAR.DAT[113]",
        "$RCT2:OBJDATA/REVCAR.DAT[115]",
        "$RCT2:OBJDATA/REVCAR.DAT[117]",
        "$RCT2:OBJDATA/REVCAR.DAT[119]",
        "$RCT2:OBJDATA/REVCAR.DAT[121]",
        "$RCT2:OBJDATA/REVCAR.DAT[123]",
        "$RCT2:OBJDATA/REVCAR.DAT[125]",
        "$RCT2:OBJDATA/REVCAR.DAT[127]",
        "$RCT2:OBJDATA/REVCAR.DAT[129]",
        "$RCT2:OBJDATA/REVCAR.DAT[131]",
        "$RCT2:OBJDATA/REVCAR.DAT[133]",
        "$RCT2:OBJDATA/REVCAR.DAT[135]",
        "$RCT2:OBJDATA/REVCAR.DAT[137]",
        "$RCT2:OBJDATA/REVCAR.DAT[139..147]",
        "$RCT2:OBJDATA/REVCAR.DAT[155]",
        "$RCT2:OBJDATA/REVCAR.DAT[163]",
        "$RCT2:OBJDATA/REVCAR.DAT[171]",
        "$RCT2:OBJDATA/REVCAR.DAT[179]",
        "$RCT2:OBJDATA/REVCAR.DAT[187]",
        "$RCT2:OBJDATA/REVCAR.DAT[195]",
        "$RCT2:OBJDATA/REVCAR.DAT[203]",
        "$RCT2:OBJDATA/REVCAR.DAT[211]",
        "$RCT2:OBJDATA/REVCAR.DAT[213]",
        "$RCT2:OBJDATA/REVCAR.DAT[215]",
        "$RCT2:OBJDATA/REVCAR.DAT[217]",
        "$RCT2:OBJDATA/REVCAR.DAT[219]",
        "$RCT2:OBJDATA/REVCAR.DAT[221]",
        "$RCT2:OBJDATA/REVCAR.DAT[223]",
        "$RCT2:OBJDATA/REVCAR.DAT[225]",
        "$RCT2:OBJDATA/REVCAR.DAT[227]",
        "$RCT2:OBJDATA/REVCAR.DAT[229]",
        "$RCT2:OBJDATA/REVCAR.DAT[231]",
        "$RCT2:OBJDATA/REVCAR.DAT[233]",
        "$RCT2:OBJDATA/REVCAR.DAT[235]",
        "$RCT2:OBJDATA/REVCAR.DAT[237]",
        "$RCT2:OBJDATA/REVCAR.DAT[239]",
        "$RCT2:OBJDATA/REVCAR.DAT[241]",
        "$RCT2:OBJDATA/REVCAR.DAT[243..251]",
        "$RCT2:OBJDATA/REVCAR.DAT[259]",
        "$RCT2:OBJDATA/REVCAR.DAT[267]",
        "$RCT2:OBJDATA/REVCAR.DAT[275]",
        "$RCT2:OBJDATA/REVCAR.DAT[283]",
        "$RCT2:OBJDATA/REVCAR.DAT[291]",
        "$RCT2:OBJDATA/REVCAR.DAT[299]",
        "$RCT2:OBJDATA/REVCAR.DAT[307]",
        "$RCT2:OBJDATA/REVCAR.DAT[315]",
        "$RCT2:OBJDATA/REVCAR.DAT[317]",
        "$RCT2:OBJDATA/REVCAR.DAT[319]",
        "$RCT2:OBJDATA/REVCAR.DAT[321]",
        "$RCT2:OBJDATA/REVCAR.DAT[323]",
        "$RCT2:OBJDATA/REVCAR.DAT[325]",
        "$RCT2:OBJDATA/REVCAR.DAT[327]",
        "$RCT2:OBJDATA/REVCAR.DAT[329]",
        "$RCT2:OBJDATA/REVCAR.DAT[331]",
        "$RCT2:OBJDATA/REVCAR.DAT[333]",
        "$RCT2:OBJDATA/REVCAR.DAT[335]",
        "$RCT2:OBJDATA/REVCAR.DAT[337]",
        "$RCT2:OBJDATA/REVCAR.DAT[339]",
        "$RCT2:OBJDATA/REVCAR.DAT[341]",
        "$RCT2:OBJDATA/REVCAR.DAT[343]",
        "$RCT2:OBJDATA/REVCAR.DAT[345]",
        "$RCT2:OBJDATA/REVCAR.DAT[347..355]",
        "$RCT2:OBJDATA/REVCAR.DAT[363]",
        "$RCT2:OBJDATA/REVCAR.DAT[371]",
        "$RCT2:OBJDATA/REVCAR.DAT[379]",
        "$RCT2:OBJDATA/REVCAR.DAT[387]",
        "$RCT2:OBJDATA/REVCAR.DAT[395]",
        "$RCT2:OBJDATA/REVCAR.DAT[403]",
        "$RCT2:OBJDATA/REVCAR.DAT[411]",
        "$RCT2:OBJDATA/REVCAR.DAT[419]",
        "$RCT2:OBJDATA/REVCAR.DAT[421]",
        "$RCT2:OBJDATA/REVCAR.DAT[423]",
        "$RCT2:OBJDATA/REVCAR.DAT[425]",
        "$RCT2:OBJDATA/REVCAR.DAT[427]",
        "$RCT2:OBJDATA/REVCAR.DAT[429]",
        "$RCT2:OBJDATA/REVCAR.DAT[431]",
        "$RCT2:OBJDATA/REVCAR.DAT[433]",
        "$RCT2:OBJDATA/REVCAR.DAT[435]",
        "$RCT2:OBJDATA/REVCAR.DAT[437]",
        "$RCT2:OBJDATA/REVCAR.DAT[439]",
        "$RCT2:OBJDATA/REVCAR.DAT[441]",
        "$RCT2:OBJDATA/REVCAR.DAT[443]",
        "$RCT2:OBJDATA/REVCAR.DAT[445]",
        "$RCT2:OBJDATA/REVCAR.DAT[447]",
        "$RCT2:OBJDATA/REVCAR.DAT[449]",
        "$RCT2:OBJDATA/REVCAR.DAT[451..459]",
        "$RCT2:OBJDATA/REVCAR.DAT[467]",
        "$RCT2:OBJDATA/REVCAR.DAT[475]",
        "$RCT2:OBJDATA/REVCAR.DAT[483]",
        "$RCT2:OBJDATA/REVCAR.DAT[491]",
        "$RCT2:OBJDATA/REVCAR.DAT[499]",
        "$RCT2:OBJDATA/REVCAR.DAT[507]",
        "$RCT2:OBJDATA/REVCAR.DAT[515]",
        "$RCT2:OBJDATA/REVCAR.DAT[523]",
        "$RCT2:OBJDATA/REVCAR.DAT[525]",
        "$RCT2:OBJDATA/REVCAR.DAT[527]",
        "$RCT2:OBJDATA/REVCAR.DAT[529]",
        "$RCT2:OBJDATA/REVCAR.DAT[531]",
        "$RCT2:OBJDATA/REVCAR.DAT[533]",
        "$RCT2:OBJDATA/REVCAR.DAT[535]",
        "$RCT2:OBJDATA/REVCAR.DAT[537]",
        "$RCT2:OBJDATA/REVCAR.DAT[539]",
        "$RCT2:OBJDATA/REVCAR.DAT[541]",
        "$RCT2:OBJDATA/REVCAR.DAT[543]",
        "$RCT2:OBJDATA/REVCAR.DAT[545]",
        "$RCT2:OBJDATA/REVCAR.DAT[547]",
        "$RCT2:OBJDATA/REVCAR.DAT[549]",
        "$RCT2:OBJDATA/REVCAR.DAT[551]",
        "$RCT2:OBJDATA/REVCAR.DAT[553]",
        "$RCT2:OBJDATA/REVCAR.DAT[555..563]",
        "$RCT2:OBJDATA/REVCAR.DAT[571]",
        "$RCT2:OBJDATA/REVCAR.DAT[579]",
        "$RCT2:OBJDATA/REVCAR.DAT[587]",
        "$RCT2:OBJDATA/REVCAR.DAT[595]",
        "$RCT2:OBJDATA/REVCAR.DAT[603]",
        "$RCT2:OBJDATA/REVCAR.DAT[611]",
        "$RCT2:OBJDATA/REVCAR.DAT[619]",
        "$RCT2:OBJDATA/REVCAR.DAT[627]",
        "$RCT2:OBJDATA/REVCAR.DAT[629]",
        "$RCT2:OBJDATA/REVCAR.DAT[631]",
        "$RCT2:OBJDATA/REVCAR.DAT[633]",
        "$RCT2:OBJDATA/REVCAR.DAT[635]",
        "$RCT2:OBJDATA/REVCAR.DAT[637]",
        "$RCT2:OBJDATA/REVCAR.DAT[639]",
        "$RCT2:OBJDATA/REVCAR.DAT[641]",
        "$RCT2:OBJDATA/REVCAR.DAT[643]",
        "$RCT2:OBJDATA/REVCAR.DAT[645]",
        "$RCT2:OBJDATA/REVCAR.DAT[647]",
        "$RCT2:OBJDATA/REVCAR.DAT[649]",
        "$RCT2:OBJDATA/REVCAR.DAT[651]",
        "$RCT2:OBJDATA/REVCAR.DAT[653]",
        "$RCT2:OBJDATA/REVCAR.DAT[655]",
        "$RCT2:OBJDATA/REVCAR.DAT[657]",
        "$RCT2:OBJDATA/REVCAR.DAT[659..667]",
        "$RCT2:OBJDATA/REVCAR.DAT[675]",
        "$RCT2:OBJDATA/REVCAR.DAT[683]",
        "$RCT2:OBJDATA/REVCAR.DAT[691]",
        "$RCT2:OBJDATA/REVCAR.DAT[699]",
        "$RCT2:OBJDATA/REVCAR.DAT[707]",
        "$RCT2:OBJDATA/REVCAR.DAT[715]",
        "$RCT2:OBJDATA/REVCAR.DAT[723]",
        "$RCT2:OBJDATA/REVCAR.DAT[731]",
        "$RCT2:OBJDATA/REVCAR.DAT[733]",
        "$RCT2:OBJDATA/REVCAR.DAT[735]",
        "$RCT2:OBJDATA/REVCAR.DAT[737]",
        "$RCT2:OBJDATA/REVCAR.DAT[739]",
        "$RCT2:OBJDATA/REVCAR.DAT[741]",
        "$RCT2:OBJDATA/REVCAR.DAT[743]",
        "$RCT2:OBJDATA/REVCAR.DAT[745]",
        "$RCT2:OBJDATA/REVCAR.DAT[747]",
        "$RCT2:OBJDATA/REVCAR.DAT[749]",
        "$RCT2:OBJDATA/REVCAR.DAT[751]",
        "$RCT2:OBJDATA/REVCAR.DAT[753]",
        "$RCT2:OBJDATA/REVCAR.DAT[755]",
        "$RCT2:OBJDATA/REVCAR.DAT[757]",
        "$RCT2:OBJDATA/REVCAR.DAT[759]",
        "$RCT2:OBJDATA/REVCAR.DAT[761]",
        "$RCT2:OBJDATA/REVCAR.DAT[763..771]",
        "$RCT2:OBJDATA/REVCAR.DAT[779]",
        "$RCT2:OBJDATA/REVCAR.DAT[787]",
        "$RCT2:OBJDATA/REVCAR.DAT[795]",
        "$RCT2:OBJDATA/REVCAR.DAT[803]",
        "$RCT2:OBJDATA/REVCAR.DAT[811]",
        "$RCT2:OBJDATA/REVCAR.DAT[819]",
        "$RCT2:OBJDATA/REVCAR.DAT[827]",
        "$RCT2:OBJDATA/REVCAR.DAT[835]",
        "$RCT2:OBJDATA/REVCAR.DAT[837]",
        "$RCT2:OBJDATA/REVCAR.DAT[839]",
        "$RCT2:OBJDATA/REVCAR.DAT[841]",
        "$RCT2:OBJDATA/REVCAR.DAT[843]",
        "$RCT2:OBJDATA/REVCAR.DAT[845]",
        "$RCT2:OBJDATA/REVCAR.DAT[847]",
        "$RCT2:OBJDATA/REVCAR.DAT[849]",
        "$RCT2:OBJDATA/REVCAR.DAT[851]",
        "$RCT2:OBJDATA/REVCAR.DAT[853]",
        "$RCT2:OBJDATA/REVCAR.DAT[855]",
        "$RCT2:OBJDATA/REVCAR.DAT[857]",
        "$RCT2:OBJDATA/REVCAR.DAT[859]",
        "$RCT2:OBJDATA/REVCAR.DAT[861]",
        "$RCT2:OBJDATA/REVCAR.DAT[863]",
        "$RCT2:OBJDATA/REVCAR.DAT[865]",
        "$RCT2:OBJDATA/REVCAR.DAT[867..875]",
        "$RCT2:OBJDATA/REVCAR.DAT[883]",
        "$RCT2:OBJDATA/REVCAR.DAT[891]",
        "$RCT2:OBJDATA/REVCAR.DAT[899]",
        "$RCT2:OBJDATA/REVCAR.DAT[907]",
        "$RCT2:OBJDATA/REVCAR.DAT[915]",
        "$RCT2:OBJDATA/REVCAR.DAT[923]",
        "$RCT2:OBJDATA/REVCAR.DAT[931]"
    ]
}
