{
    "id": "rct1ll.ride.inverted_hairpin_cars",
    "authors": [
        "Chris Sawyer",
        "Simon Foster"
    ],
    "version": "1.0",
    "originalId": "00000000|#RCT1IVM|00000000",
    "sourceGame": "rct1ll",
    "isCompatibilityObject": true,
    "objectType": "ride",
    "properties": {
        "type": "inverted_hairpin_rc",
        "category": "rollercoaster",
        "limitAirTimeBonus": true,
        "carColours": [
            [
                [
                    "dark_blue",
                    "bright_yellow",
                    "black"
                ]
            ],
            [
                [
                    "bright_red",
                    "white",
                    "black"
                ]
            ],
            [
                [
                    "black",
                    "light_orange",
                    "black"
                ]
            ]
        ],
        "cars": {
            "rotationFrameMask": 15,
            "spacing": 156672,
            "mass": 570,
            "tabOffset": -22,
            "numSeats": 4,
            "numSeatRows": 2,
            "frictionSoundId": 2,
            "soundRange": 2,
            "drawOrder": 2,
            "spriteGroups": {
                "slopeFlat": 16,
                "slopes12": 4,
                "slopes25": 16,
                "slopes42": 4,
                "slopes60": 4,
                "restraintAnimation": 4
            },
            "hasAdditionalColour1": true,
            "hasScreamingRiders": true,
            "loadingPositions": [
                1,
                3,
                1,
                3
            ]
        },
        "buildMenuPriority": 1
    },
    "images": [
        { "path": "images/preview.png", "format": "raw" },
        "",
        "",
        "$CSG[19830..19845]",
        "$CSG[19846]",
        "$CSG[19854]",
        "$CSG[19862]",
        "$CSG[19870]",
        "$CSG[19850]",
        "$CSG[19858]",
        "$CSG[19866]",
        "$CSG[19874]",
        "$CSG[19847]",
        "$CSG[19878..19880]",
        "$CSG[19855]",
        "$CSG[19881..19883]",
        "$CSG[19863]",
        "$CSG[19884..19886]",
        "$CSG[19871]",
        "$CSG[19887..19889]",
        "$CSG[19851]",
        "$CSG[19890..19892]",
        "$CSG[19859]",
        "$CSG[19893..19895]",
        "$CSG[19867]",
        "$CSG[19896..19898]",
        "$CSG[19875]",
        "$CSG[19899..19901]",
        "$CSG[19848]",
        "$CSG[19856]",
        "$CSG[19864]",
        "$CSG[19872]",
        "$CSG[19852]",
        "$CSG[19860]",
        "$CSG[19868]",
        "$CSG[19876]",
        "$CSG[19849]",
        "$CSG[19857]",
        "$CSG[19865]",
        "$CSG[19873]",
        "$CSG[19853]",
        "$CSG[19861]",
        "$CSG[19869]",
        "$CSG[19877]",
        "$CSG[19902]",
        "$CSG[19905]",
        "$CSG[19908]",
        "$CSG[19911]",
        "$CSG[19903]",
        "$CSG[19906]",
        "$CSG[19909]",
        "$CSG[19912]",
        "$CSG[19904]",
        "$CSG[19907]",
        "$CSG[19910]",
        "$CSG[19913]",
        "$CSG[19914..19929]",
        "$CSG[19930]",
        "$CSG[19938]",
        "$CSG[19946]",
        "$CSG[19954]",
        "$CSG[19934]",
        "$CSG[19942]",
        "$CSG[19950]",
        "$CSG[19958]",
        "$CSG[19931]",
        "$CSG[19962..19964]",
        "$CSG[19939]",
        "$CSG[19965..19967]",
        "$CSG[19947]",
        "$CSG[19968..19970]",
        "$CSG[19955]",
        "$CSG[19971..19973]",
        "$CSG[19935]",
        "$CSG[19974..19976]",
        "$CSG[19943]",
        "$CSG[19977..19979]",
        "$CSG[19951]",
        "$CSG[19980..19982]",
        "$CSG[19959]",
        "$CSG[19983..19985]",
        "$CSG[19932]",
        "$CSG[19940]",
        "$CSG[19948]",
        "$CSG[19956]",
        "$CSG[19936]",
        "$CSG[19944]",
        "$CSG[19952]",
        "$CSG[19960]",
        "$CSG[19933]",
        "$CSG[19941]",
        "$CSG[19949]",
        "$CSG[19957]",
        "$CSG[19937]",
        "$CSG[19945]",
        "$CSG[19953]",
        "$CSG[19961]",
        "$CSG[19986]",
        "$CSG[19989]",
        "$CSG[19992]",
        "$CSG[19995]",
        "$CSG[19987]",
        "$CSG[19990]",
        "$CSG[19993]",
        "$CSG[19996]",
        "$CSG[19988]",
        "$CSG[19991]",
        "$CSG[19994]",
        "$CSG[19997]",
        "$CSG[19998..20013]",
        "$CSG[20014]",
        "$CSG[20022]",
        "$CSG[20030]",
        "$CSG[20038]",
        "$CSG[20018]",
        "$CSG[20026]",
        "$CSG[20034]",
        "$CSG[20042]",
        "$CSG[20015]",
        "$CSG[20046..20048]",
        "$CSG[20023]",
        "$CSG[20049..20051]",
        "$CSG[20031]",
        "$CSG[20052..20054]",
        "$CSG[20039]",
        "$CSG[20055..20057]",
        "$CSG[20019]",
        "$CSG[20058..20060]",
        "$CSG[20027]",
        "$CSG[20061..20063]",
        "$CSG[20035]",
        "$CSG[20064..20066]",
        "$CSG[20043]",
        "$CSG[20067..20069]",
        "$CSG[20016]",
        "$CSG[20024]",
        "$CSG[20032]",
        "$CSG[20040]",
        "$CSG[20020]",
        "$CSG[20028]",
        "$CSG[20036]",
        "$CSG[20044]",
        "$CSG[20017]",
        "$CSG[20025]",
        "$CSG[20033]",
        "$CSG[20041]",
        "$CSG[20021]",
        "$CSG[20029]",
        "$CSG[20037]",
        "$CSG[20045]",
        "$CSG[20070]",
        "$CSG[20073]",
        "$CSG[20076]",
        "$CSG[20079]",
        "$CSG[20071]",
        "$CSG[20074]",
        "$CSG[20077]",
        "$CSG[20080]",
        "$CSG[20072]",
        "$CSG[20075]",
        "$CSG[20078]",
        "$CSG[20081]"
    ],
    "strings": {
        "name": {
            "en-GB": "Four-seater Cars",
            "fr-FR": "Epingle à cheveux inversée",
            "de-DE": "Viersitzer-Wagen",
            "es-ES": "Horquilla Invertida",
            "it-IT": "Corsa a U invertita",
            "nl-NL": "Vierpersoonskarretje",
            "sv-SE": "Fyrsitsiga vagnar",
            "ko-KR": "4인승 인버티드 헤어핀 차량",
            "zh-CN": "反转U型过山车",
            "zh-TW": "反轉U型飛車",
            "pt-BR": "Carros com 4 assentos",
            "cs-CZ": "Čtyřmístná horská dráha",
            "ja-JP": "ヘアピン・コースター",
            "pl-PL": "Kolejka serpentynowa",
            "ru-RU": "Обратные поворот. горки",
            "eo-ZZ": "Ĉaroj kun Kvar Seĝoj"
        },
        "description": {
            "en-GB": "Individual roller coaster cars built for tracks with hairpin turns and sharp drops",
            "fr-FR": "Des voitures individuelles placées sous la voie zigzaguent à travers les virages en épingle à cheveux et les chutes abruptes",
            "de-DE": "Einzelne Achterbahnwagen, die für Strecken mit Haarnadelkurven und steilen Gefällen ausgelegt sind",
            "es-ES": "Vagones individuales corren bajo una vía zig-zageante",
            "it-IT": "Carrozze individuali corrono sotto un tracciato a zig-zag con curve a U e ripide discese",
            "nl-NL": "Losse karretjes hangen onder een zigzaggende baan met haarspeldbochten en scherpe afdalingen.",
            "sv-SE": "Individuella vagnar byggda för spår med hårnålssvängar och plötsliga stup",
            "ko-KR": "급회전과 급경사를 가진 지그재그 모양의 트랙 아래를 달리는 개별 차량",
            "zh-CN": "反转过山车在U型回转及垂直向下急转轨道上运行",
            "zh-TW": "反轉飛車在U型迴轉及垂直向下急轉軌道上運行",
            "pt-BR": "Vagões individuais construídos para pistas de zigue-zague com curvas fechadas e quedas íngremes",
            "cs-CZ": "Vozy jsou zavěšeny na kolejnicích s ostrými zatáčkami a ostrými pády",
            "ja-JP": "個別の車両がヘアピン回転や急降下するコースターです",
            "pl-PL": "Pojedyncze wagoniki jeżdżą podwieszone pod torem z ostrymi zakrętami i gwałtownymi spadkami",
            "ru-RU": "Отдельные вагончики едут по зигзагообразному треку с разворотами и падениями",
            "eo-ZZ": "Individuaj ĉaroj de onda fervojo, konstruitaj por trakoj kun harpingloformaj kurboj kaj krutaj malleviĝoj"
        },
        "capacity": {
            "en-GB": "4 passengers per car",
            "fr-FR": "4 passagers par voiture",
            "de-DE": "4 Fahrgäste pro Wagen",
            "es-ES": "4 pasajeros por vagón",
            "it-IT": "4 passeggeri a carrozza",
            "nl-NL": "4 passagiers per karretje",
            "sv-SE": "4 passagerare per vagn",
            "ko-KR": "차량당 4명의 승객",
            "zh-CN": "4 位乘客/每个车厢",
            "zh-TW": "4 位乘客/每個車廂",
            "pt-BR": "4 passageiros por vagão",
            "cs-CZ": "4 místa v každém voze",
            "ja-JP": "各車両4名",
            "pl-PL": "4 pasażerów na wagonik",
            "ru-RU": "4 пассажира",
            "eo-ZZ": "Po 4 pasaĝeroj por ĉaro"
        }
    },
    "noCsgImages": [
        { "path": "images/preview.png", "format": "raw" },
        "",
        "",
        "$RCT2:OBJDATA/IVMC1.DAT[3]",
        "$RCT2:OBJDATA/IVMC1.DAT[5]",
        "$RCT2:OBJDATA/IVMC1.DAT[7]",
        "$RCT2:OBJDATA/IVMC1.DAT[9]",
        "$RCT2:OBJDATA/IVMC1.DAT[11]",
        "$RCT2:OBJDATA/IVMC1.DAT[13]",
        "$RCT2:OBJDATA/IVMC1.DAT[15]",
        "$RCT2:OBJDATA/IVMC1.DAT[17]",
        "$RCT2:OBJDATA/IVMC1.DAT[19]",
        "$RCT2:OBJDATA/IVMC1.DAT[21]",
        "$RCT2:OBJDATA/IVMC1.DAT[23]",
        "$RCT2:OBJDATA/IVMC1.DAT[25]",
        "$RCT2:OBJDATA/IVMC1.DAT[27]",
        "$RCT2:OBJDATA/IVMC1.DAT[29]",
        "$RCT2:OBJDATA/IVMC1.DAT[31]",
        "$RCT2:OBJDATA/IVMC1.DAT[33]",
        "$RCT2:OBJDATA/IVMC1.DAT[35..43]",
        "$RCT2:OBJDATA/IVMC1.DAT[45]",
        "$RCT2:OBJDATA/IVMC1.DAT[47]",
        "$RCT2:OBJDATA/IVMC1.DAT[49]",
        "$RCT2:OBJDATA/IVMC1.DAT[51]",
        "$RCT2:OBJDATA/IVMC1.DAT[53]",
        "$RCT2:OBJDATA/IVMC1.DAT[55]",
        "$RCT2:OBJDATA/IVMC1.DAT[57]",
        "$RCT2:OBJDATA/IVMC1.DAT[59]",
        "$RCT2:OBJDATA/IVMC1.DAT[61]",
        "$RCT2:OBJDATA/IVMC1.DAT[63]",
        "$RCT2:OBJDATA/IVMC1.DAT[65]",
        "$RCT2:OBJDATA/IVMC1.DAT[67]",
        "$RCT2:OBJDATA/IVMC1.DAT[69]",
        "$RCT2:OBJDATA/IVMC1.DAT[71]",
        "$RCT2:OBJDATA/IVMC1.DAT[73]",
        "$RCT2:OBJDATA/IVMC1.DAT[75]",
        "$RCT2:OBJDATA/IVMC1.DAT[77]",
        "$RCT2:OBJDATA/IVMC1.DAT[79]",
        "$RCT2:OBJDATA/IVMC1.DAT[81]",
        "$RCT2:OBJDATA/IVMC1.DAT[83]",
        "$RCT2:OBJDATA/IVMC1.DAT[85]",
        "$RCT2:OBJDATA/IVMC1.DAT[87]",
        "$RCT2:OBJDATA/IVMC1.DAT[89]",
        "$RCT2:OBJDATA/IVMC1.DAT[91]",
        "$RCT2:OBJDATA/IVMC1.DAT[93]",
        "$RCT2:OBJDATA/IVMC1.DAT[95]",
        "$RCT2:OBJDATA/IVMC1.DAT[97]",
        "$RCT2:OBJDATA/IVMC1.DAT[99]",
        "$RCT2:OBJDATA/IVMC1.DAT[101]",
        "$RCT2:OBJDATA/IVMC1.DAT[103]",
        "$RCT2:OBJDATA/IVMC1.DAT[105]",
        "$RCT2:OBJDATA/IVMC1.DAT[107]",
        "$RCT2:OBJDATA/IVMC1.DAT[109]",
        "$RCT2:OBJDATA/IVMC1.DAT[111]",
        "$RCT2:OBJDATA/IVMC1.DAT[113]",
        "$RCT2:OBJDATA/IVMC1.DAT[115]",
        "$RCT2:OBJDATA/IVMC1.DAT[117]",
        "$RCT2:OBJDATA/IVMC1.DAT[119]",
        "$RCT2:OBJDATA/IVMC1.DAT[121]",
        "$RCT2:OBJDATA/IVMC1.DAT[123]",
        "$RCT2:OBJDATA/IVMC1.DAT[131]",
        "$RCT2:OBJDATA/IVMC1.DAT[139]",
        "$RCT2:OBJDATA/IVMC1.DAT[147]",
        "$RCT2:OBJDATA/IVMC1.DAT[155]",
        "$RCT2:OBJDATA/IVMC1.DAT[163]",
        "$RCT2:OBJDATA/IVMC1.DAT[171]",
        "$RCT2:OBJDATA/IVMC1.DAT[179]",
        "$RCT2:OBJDATA/IVMC1.DAT[187..199]",
        "$RCT2:OBJDATA/IVMC1.DAT[201]",
        "$RCT2:OBJDATA/IVMC1.DAT[203]",
        "$RCT2:OBJDATA/IVMC1.DAT[205]",
        "$RCT2:OBJDATA/IVMC1.DAT[207]",
        "$RCT2:OBJDATA/IVMC1.DAT[209]",
        "$RCT2:OBJDATA/IVMC1.DAT[211]",
        "$RCT2:OBJDATA/IVMC1.DAT[213]",
        "$RCT2:OBJDATA/IVMC1.DAT[215]",
        "$RCT2:OBJDATA/IVMC1.DAT[217]",
        "$RCT2:OBJDATA/IVMC1.DAT[219]",
        "$RCT2:OBJDATA/IVMC1.DAT[221]",
        "$RCT2:OBJDATA/IVMC1.DAT[223]",
        "$RCT2:OBJDATA/IVMC1.DAT[225]",
        "$RCT2:OBJDATA/IVMC1.DAT[227]",
        "$RCT2:OBJDATA/IVMC1.DAT[229]",
        "$RCT2:OBJDATA/IVMC1.DAT[231..239]",
        "$RCT2:OBJDATA/IVMC1.DAT[241]",
        "$RCT2:OBJDATA/IVMC1.DAT[243]",
        "$RCT2:OBJDATA/IVMC1.DAT[245]",
        "$RCT2:OBJDATA/IVMC1.DAT[247]",
        "$RCT2:OBJDATA/IVMC1.DAT[249]",
        "$RCT2:OBJDATA/IVMC1.DAT[251]",
        "$RCT2:OBJDATA/IVMC1.DAT[253]",
        "$RCT2:OBJDATA/IVMC1.DAT[255]",
        "$RCT2:OBJDATA/IVMC1.DAT[257]",
        "$RCT2:OBJDATA/IVMC1.DAT[259]",
        "$RCT2:OBJDATA/IVMC1.DAT[261]",
        "$RCT2:OBJDATA/IVMC1.DAT[263]",
        "$RCT2:OBJDATA/IVMC1.DAT[265]",
        "$RCT2:OBJDATA/IVMC1.DAT[267]",
        "$RCT2:OBJDATA/IVMC1.DAT[269]",
        "$RCT2:OBJDATA/IVMC1.DAT[271]",
        "$RCT2:OBJDATA/IVMC1.DAT[273]",
        "$RCT2:OBJDATA/IVMC1.DAT[275]",
        "$RCT2:OBJDATA/IVMC1.DAT[277]",
        "$RCT2:OBJDATA/IVMC1.DAT[279]",
        "$RCT2:OBJDATA/IVMC1.DAT[281]",
        "$RCT2:OBJDATA/IVMC1.DAT[283]",
        "$RCT2:OBJDATA/IVMC1.DAT[285]",
        "$RCT2:OBJDATA/IVMC1.DAT[287]",
        "$RCT2:OBJDATA/IVMC1.DAT[289]",
        "$RCT2:OBJDATA/IVMC1.DAT[291]",
        "$RCT2:OBJDATA/IVMC1.DAT[293]",
        "$RCT2:OBJDATA/IVMC1.DAT[295]",
        "$RCT2:OBJDATA/IVMC1.DAT[297]",
        "$RCT2:OBJDATA/IVMC1.DAT[299]",
        "$RCT2:OBJDATA/IVMC1.DAT[301]",
        "$RCT2:OBJDATA/IVMC1.DAT[303]",
        "$RCT2:OBJDATA/IVMC1.DAT[305]",
        "$RCT2:OBJDATA/IVMC1.DAT[307]",
        "$RCT2:OBJDATA/IVMC1.DAT[309]",
        "$RCT2:OBJDATA/IVMC1.DAT[311]",
        "$RCT2:OBJDATA/IVMC1.DAT[313]",
        "$RCT2:OBJDATA/IVMC1.DAT[315]",
        "$RCT2:OBJDATA/IVMC1.DAT[317]",
        "$RCT2:OBJDATA/IVMC1.DAT[319]",
        "$RCT2:OBJDATA/IVMC1.DAT[327]",
        "$RCT2:OBJDATA/IVMC1.DAT[335]",
        "$RCT2:OBJDATA/IVMC1.DAT[343]",
        "$RCT2:OBJDATA/IVMC1.DAT[351]",
        "$RCT2:OBJDATA/IVMC1.DAT[359]",
        "$RCT2:OBJDATA/IVMC1.DAT[367]",
        "$RCT2:OBJDATA/IVMC1.DAT[375]",
        "$RCT2:OBJDATA/IVMC1.DAT[383..395]",
        "$RCT2:OBJDATA/IVMC1.DAT[397]",
        "$RCT2:OBJDATA/IVMC1.DAT[399]",
        "$RCT2:OBJDATA/IVMC1.DAT[401]",
        "$RCT2:OBJDATA/IVMC1.DAT[403]",
        "$RCT2:OBJDATA/IVMC1.DAT[405]",
        "$RCT2:OBJDATA/IVMC1.DAT[407]",
        "$RCT2:OBJDATA/IVMC1.DAT[409]",
        "$RCT2:OBJDATA/IVMC1.DAT[411]",
        "$RCT2:OBJDATA/IVMC1.DAT[413]",
        "$RCT2:OBJDATA/IVMC1.DAT[415]",
        "$RCT2:OBJDATA/IVMC1.DAT[417]",
        "$RCT2:OBJDATA/IVMC1.DAT[419]",
        "$RCT2:OBJDATA/IVMC1.DAT[421]",
        "$RCT2:OBJDATA/IVMC1.DAT[423]",
        "$RCT2:OBJDATA/IVMC1.DAT[425]",
        "$RCT2:OBJDATA/IVMC1.DAT[427..435]",
        "$RCT2:OBJDATA/IVMC1.DAT[437]",
        "$RCT2:OBJDATA/IVMC1.DAT[439]",
        "$RCT2:OBJDATA/IVMC1.DAT[441]",
        "$RCT2:OBJDATA/IVMC1.DAT[443]",
        "$RCT2:OBJDATA/IVMC1.DAT[445]",
        "$RCT2:OBJDATA/IVMC1.DAT[447]",
        "$RCT2:OBJDATA/IVMC1.DAT[449]",
        "$RCT2:OBJDATA/IVMC1.DAT[451]",
        "$RCT2:OBJDATA/IVMC1.DAT[453]",
        "$RCT2:OBJDATA/IVMC1.DAT[455]",
        "$RCT2:OBJDATA/IVMC1.DAT[457]",
        "$RCT2:OBJDATA/IVMC1.DAT[459]",
        "$RCT2:OBJDATA/IVMC1.DAT[461]",
        "$RCT2:OBJDATA/IVMC1.DAT[463]",
        "$RCT2:OBJDATA/IVMC1.DAT[465]",
        "$RCT2:OBJDATA/IVMC1.DAT[467]",
        "$RCT2:OBJDATA/IVMC1.DAT[469]",
        "$RCT2:OBJDATA/IVMC1.DAT[471]",
        "$RCT2:OBJDATA/IVMC1.DAT[473]",
        "$RCT2:OBJDATA/IVMC1.DAT[475]",
        "$RCT2:OBJDATA/IVMC1.DAT[477]",
        "$RCT2:OBJDATA/IVMC1.DAT[479]",
        "$RCT2:OBJDATA/IVMC1.DAT[481]",
        "$RCT2:OBJDATA/IVMC1.DAT[483]",
        "$RCT2:OBJDATA/IVMC1.DAT[485]",
        "$RCT2:OBJDATA/IVMC1.DAT[487]",
        "$RCT2:OBJDATA/IVMC1.DAT[489]",
        "$RCT2:OBJDATA/IVMC1.DAT[491]",
        "$RCT2:OBJDATA/IVMC1.DAT[493]",
        "$RCT2:OBJDATA/IVMC1.DAT[495]",
        "$RCT2:OBJDATA/IVMC1.DAT[497]",
        "$RCT2:OBJDATA/IVMC1.DAT[499]",
        "$RCT2:OBJDATA/IVMC1.DAT[501]",
        "$RCT2:OBJDATA/IVMC1.DAT[503]",
        "$RCT2:OBJDATA/IVMC1.DAT[505]",
        "$RCT2:OBJDATA/IVMC1.DAT[507]",
        "$RCT2:OBJDATA/IVMC1.DAT[509]",
        "$RCT2:OBJDATA/IVMC1.DAT[511]",
        "$RCT2:OBJDATA/IVMC1.DAT[513]",
        "$RCT2:OBJDATA/IVMC1.DAT[515]",
        "$RCT2:OBJDATA/IVMC1.DAT[523]",
        "$RCT2:OBJDATA/IVMC1.DAT[531]",
        "$RCT2:OBJDATA/IVMC1.DAT[539]",
        "$RCT2:OBJDATA/IVMC1.DAT[547]",
        "$RCT2:OBJDATA/IVMC1.DAT[555]",
        "$RCT2:OBJDATA/IVMC1.DAT[563]",
        "$RCT2:OBJDATA/IVMC1.DAT[571]",
        "$RCT2:OBJDATA/IVMC1.DAT[579..590]"
    ]
}
