{
    "id": "rct1.ride.corkscrew_trains",
    "authors": [
        "Chris Sawyer",
        "Simon Foster"
    ],
    "version": "1.0",
    "originalId": "00000000|#RCT1CRK|00000000",
    "sourceGame": "rct1",
    "objectType": "ride",
    "properties": {
        "type": "corkscrew_rc",
        "category": "rollercoaster",
        "limitAirTimeBonus": true,
        "minCarsPerTrain": 1,
        "maxCarsPerTrain": 8,
        "defaultCar": 1,
        "headCars": 0,
        "carColours": [
            [
                [
                    "bright_red",
                    "white",
                    "black"
                ]
            ],
            [
                [
                    "bordeaux_red",
                    "yellow",
                    "black"
                ]
            ],
            [
                [
                    "dark_green",
                    "yellow",
                    "black"
                ]
            ],
            [
                [
                    "white",
                    "light_blue",
                    "black"
                ]
            ]
        ],
        "cars": [
            {
                "rotationFrameMask": 15,
                "spacing": 278528,
                "mass": 550,
                "numSeats": 4,
                "numSeatRows": 2,
                "frictionSoundId": 2,
                "soundRange": 2,
                "drawOrder": 5,
                "spriteGroups": {
                    "slopeFlat": 16,
                    "slopes12": 4,
                    "slopes25": 16,
                    "slopes42": 8,
                    "slopes60": 16,
                    "slopes75": 4,
                    "slopes90": 4,
                    "slopesLoop": 4,
                    "slopeInverted": 4,
                    "slopes8": 4,
                    "slopes16": 4,
                    "slopes50": 4,
                    "flatBanked22": 8,
                    "flatBanked45": 16,
                    "slopes12Banked22": 4,
                    "slopes8Banked22": 4,
                    "corkscrews": 4,
                    "restraintAnimation": 4
                },
                "hasAdditionalColour1": true,
                "hasScreamingRiders": true,
                "loadingPositions": [
                    5,
                    3,
                    -7,
                    -9
                ]
            },
            {
                "rotationFrameMask": 15,
                "spacing": 208896,
                "mass": 525,
                "numSeats": 4,
                "numSeatRows": 2,
                "frictionSoundId": 2,
                "soundRange": 2,
                "drawOrder": 6,
                "spriteGroups": {
                    "slopeFlat": 16,
                    "slopes12": 4,
                    "slopes25": 16,
                    "slopes42": 8,
                    "slopes60": 16,
                    "slopes75": 4,
                    "slopes90": 4,
                    "slopesLoop": 4,
                    "slopeInverted": 4,
                    "slopes8": 4,
                    "slopes16": 4,
                    "slopes50": 4,
                    "flatBanked22": 8,
                    "flatBanked45": 16,
                    "slopes12Banked22": 4,
                    "slopes8Banked22": 4,
                    "corkscrews": 4,
                    "restraintAnimation": 4
                },
                "hasAdditionalColour1": true,
                "hasScreamingRiders": true,
                "loadingPositions": [
                    7,
                    9,
                    -3,
                    -1
                ]
            }
        ],
        "buildMenuPriority": 2
    },
    "images": [
        { "path": "images/preview.png", "format": "raw" },
        "",
        "",
        "$CSG[13542..13557]",
        "$CSG[13558]",
        "$CSG[13566]",
        "$CSG[13574]",
        "$CSG[13582]",
        "$CSG[13562]",
        "$CSG[13570]",
        "$CSG[13578]",
        "$CSG[13586]",
        "$CSG[13559]",
        "$CSG[13646..13648]",
        "$CSG[13567]",
        "$CSG[13649..13651]",
        "$CSG[13575]",
        "$CSG[13652..13654]",
        "$CSG[13583]",
        "$CSG[13655..13657]",
        "$CSG[13563]",
        "$CSG[13658..13660]",
        "$CSG[13571]",
        "$CSG[13661..13663]",
        "$CSG[13579]",
        "$CSG[13664..13666]",
        "$CSG[13587]",
        "$CSG[13667..13669]",
        "$CSG[13560]",
        "$CSG[13854]",
        "$CSG[13568]",
        "$CSG[13855]",
        "$CSG[13576]",
        "$CSG[13856]",
        "$CSG[13584]",
        "$CSG[13867]",
        "$CSG[13564]",
        "$CSG[13870]",
        "$CSG[13572]",
        "$CSG[13871]",
        "$CSG[13580]",
        "$CSG[13872]",
        "$CSG[13588]",
        "$CSG[13873]",
        "$CSG[13561]",
        "$CSG[13810..13812]",
        "$CSG[13569]",
        "$CSG[13813..13815]",
        "$CSG[13577]",
        "$CSG[13816..13818]",
        "$CSG[13585]",
        "$CSG[13819..13821]",
        "$CSG[13565]",
        "$CSG[13822..13824]",
        "$CSG[13573]",
        "$CSG[13825..13827]",
        "$CSG[13581]",
        "$CSG[13828..13830]",
        "$CSG[13589]",
        "$CSG[13831..13833]",
        "$CSG[13670..13673]",
        "$CSG[13702..13705]",
        "$CSG[13674]",
        "$CSG[13675]",
        "$CSG[13676]",
        "$CSG[13677]",
        "$CSG[13706]",
        "$CSG[13707]",
        "$CSG[13708]",
        "$CSG[13709]",
        "$CSG[13678..13681]",
        "$CSG[13710..13713]",
        "$CSG[13682..13685]",
        "$CSG[13714..13717]",
        "$CSG[13686..13689]",
        "$CSG[13718..13721]",
        "$CSG[13690..13693]",
        "$CSG[13722..13725]",
        "$CSG[13694..13697]",
        "$CSG[13726..13729]",
        "$CSG[13698..13701]",
        "$CSG[13846..13849]",
        "$CSG[13862..13865]",
        "$CSG[13850..13853]",
        "$CSG[13866..13869]",
        "$CSG[13858..13861]",
        "$CSG[13874..13877]",
        "$CSG[13622]",
        "$CSG[13894]",
        "$CSG[13623]",
        "$CSG[13895]",
        "$CSG[13624]",
        "$CSG[13896]",
        "$CSG[13625]",
        "$CSG[13897]",
        "$CSG[13626]",
        "$CSG[13898]",
        "$CSG[13627]",
        "$CSG[13899]",
        "$CSG[13628]",
        "$CSG[13900]",
        "$CSG[13629]",
        "$CSG[13901]",
        "$CSG[13590..13621]",
        "$CSG[13630..13645]",
        "$CSG[13878..13893]",
        "$CSG[13730..13809]",
        "$CSG[13834]",
        "$CSG[13837]",
        "$CSG[13840]",
        "$CSG[13843]",
        "$CSG[13835]",
        "$CSG[13838]",
        "$CSG[13841]",
        "$CSG[13844]",
        "$CSG[13836]",
        "$CSG[13839]",
        "$CSG[13842]",
        "$CSG[13845]",
        "$CSG[13902..13917]",
        "$CSG[13918]",
        "$CSG[13926]",
        "$CSG[13934]",
        "$CSG[13942]",
        "$CSG[13922]",
        "$CSG[13930]",
        "$CSG[13938]",
        "$CSG[13946]",
        "$CSG[13919]",
        "$CSG[14006..14008]",
        "$CSG[13927]",
        "$CSG[14009..14011]",
        "$CSG[13935]",
        "$CSG[14012..14014]",
        "$CSG[13943]",
        "$CSG[14015..14017]",
        "$CSG[13923]",
        "$CSG[14018..14020]",
        "$CSG[13931]",
        "$CSG[14021..14023]",
        "$CSG[13939]",
        "$CSG[14024..14026]",
        "$CSG[13947]",
        "$CSG[14027..14029]",
        "$CSG[13920]",
        "$CSG[14214]",
        "$CSG[13928]",
        "$CSG[14215]",
        "$CSG[13936]",
        "$CSG[14216]",
        "$CSG[13944]",
        "$CSG[14227]",
        "$CSG[13924]",
        "$CSG[14230]",
        "$CSG[13932]",
        "$CSG[14231]",
        "$CSG[13940]",
        "$CSG[14232]",
        "$CSG[13948]",
        "$CSG[14233]",
        "$CSG[13921]",
        "$CSG[14170..14172]",
        "$CSG[13929]",
        "$CSG[14173..14175]",
        "$CSG[13937]",
        "$CSG[14176..14178]",
        "$CSG[13945]",
        "$CSG[14179..14181]",
        "$CSG[13925]",
        "$CSG[14182..14184]",
        "$CSG[13933]",
        "$CSG[14185..14187]",
        "$CSG[13941]",
        "$CSG[14188..14190]",
        "$CSG[13949]",
        "$CSG[14191..14193]",
        "$CSG[14030..14033]",
        "$CSG[14062..14065]",
        "$CSG[14034]",
        "$CSG[14035]",
        "$CSG[14036]",
        "$CSG[14037]",
        "$CSG[14066]",
        "$CSG[14067]",
        "$CSG[14068]",
        "$CSG[14069]",
        "$CSG[14038..14041]",
        "$CSG[14070..14073]",
        "$CSG[14042..14045]",
        "$CSG[14074..14077]",
        "$CSG[14046..14049]",
        "$CSG[14078..14081]",
        "$CSG[14050..14053]",
        "$CSG[14082..14085]",
        "$CSG[14054..14057]",
        "$CSG[14086..14089]",
        "$CSG[14058..14061]",
        "$CSG[14206..14209]",
        "$CSG[14222..14225]",
        "$CSG[14210..14213]",
        "$CSG[14226..14229]",
        "$CSG[14218..14221]",
        "$CSG[14234..14237]",
        "$CSG[13982]",
        "$CSG[14254]",
        "$CSG[13983]",
        "$CSG[14255]",
        "$CSG[13984]",
        "$CSG[14256]",
        "$CSG[13985]",
        "$CSG[14257]",
        "$CSG[13986]",
        "$CSG[14258]",
        "$CSG[13987]",
        "$CSG[14259]",
        "$CSG[13988]",
        "$CSG[14260]",
        "$CSG[13989]",
        "$CSG[14261]",
        "$CSG[13950..13981]",
        "$CSG[13990..14005]",
        "$CSG[14238..14253]",
        "$CSG[14090..14169]",
        "$CSG[14194]",
        "$CSG[14197]",
        "$CSG[14200]",
        "$CSG[14203]",
        "$CSG[14195]",
        "$CSG[14198]",
        "$CSG[14201]",
        "$CSG[14204]",
        "$CSG[14196]",
        "$CSG[14199]",
        "$CSG[14202]",
        "$CSG[14205]",
        "$CSG[14262..14277]",
        "$CSG[14278]",
        "$CSG[14286]",
        "$CSG[14294]",
        "$CSG[14302]",
        "$CSG[14282]",
        "$CSG[14290]",
        "$CSG[14298]",
        "$CSG[14306]",
        "$CSG[14279]",
        "$CSG[14366..14368]",
        "$CSG[14287]",
        "$CSG[14369..14371]",
        "$CSG[14295]",
        "$CSG[14372..14374]",
        "$CSG[14303]",
        "$CSG[14375..14377]",
        "$CSG[14283]",
        "$CSG[14378..14380]",
        "$CSG[14291]",
        "$CSG[14381..14383]",
        "$CSG[14299]",
        "$CSG[14384..14386]",
        "$CSG[14307]",
        "$CSG[14387..14389]",
        "$CSG[14280]",
        "$CSG[14574]",
        "$CSG[14288]",
        "$CSG[14575]",
        "$CSG[14296]",
        "$CSG[14576]",
        "$CSG[14304]",
        "$CSG[14587]",
        "$CSG[14284]",
        "$CSG[14590]",
        "$CSG[14292]",
        "$CSG[14591]",
        "$CSG[14300]",
        "$CSG[14592]",
        "$CSG[14308]",
        "$CSG[14593]",
        "$CSG[14281]",
        "$CSG[14530..14532]",
        "$CSG[14289]",
        "$CSG[14533..14535]",
        "$CSG[14297]",
        "$CSG[14536..14538]",
        "$CSG[14305]",
        "$CSG[14539..14541]",
        "$CSG[14285]",
        "$CSG[14542..14544]",
        "$CSG[14293]",
        "$CSG[14545..14547]",
        "$CSG[14301]",
        "$CSG[14548..14550]",
        "$CSG[14309]",
        "$CSG[14551..14553]",
        "$CSG[14390..14393]",
        "$CSG[14422..14425]",
        "$CSG[14394]",
        "$CSG[14395]",
        "$CSG[14396]",
        "$CSG[14397]",
        "$CSG[14426]",
        "$CSG[14427]",
        "$CSG[14428]",
        "$CSG[14429]",
        "$CSG[14398..14401]",
        "$CSG[14430..14433]",
        "$CSG[14402..14405]",
        "$CSG[14434..14437]",
        "$CSG[14406..14409]",
        "$CSG[14438..14441]",
        "$CSG[14410..14413]",
        "$CSG[14442..14445]",
        "$CSG[14414..14417]",
        "$CSG[14446..14449]",
        "$CSG[14418..14421]",
        "$CSG[14566..14569]",
        "$CSG[14582..14585]",
        "$CSG[14570..14573]",
        "$CSG[14586..14589]",
        "$CSG[14578..14581]",
        "$CSG[14594..14597]",
        "$CSG[14342]",
        "$CSG[14614]",
        "$CSG[14343]",
        "$CSG[14615]",
        "$CSG[14344]",
        "$CSG[14616]",
        "$CSG[14345]",
        "$CSG[14617]",
        "$CSG[14346]",
        "$CSG[14618]",
        "$CSG[14347]",
        "$CSG[14619]",
        "$CSG[14348]",
        "$CSG[14620]",
        "$CSG[14349]",
        "$CSG[14621]",
        "$CSG[14310..14341]",
        "$CSG[14350..14365]",
        "$CSG[14598..14613]",
        "$CSG[14450..14529]",
        "$CSG[14554]",
        "$CSG[14557]",
        "$CSG[14560]",
        "$CSG[14563]",
        "$CSG[14555]",
        "$CSG[14558]",
        "$CSG[14561]",
        "$CSG[14564]",
        "$CSG[14556]",
        "$CSG[14559]",
        "$CSG[14562]",
        "$CSG[14565]",
        "$CSG[14622..14637]",
        "$CSG[14638]",
        "$CSG[14646]",
        "$CSG[14654]",
        "$CSG[14662]",
        "$CSG[14642]",
        "$CSG[14650]",
        "$CSG[14658]",
        "$CSG[14666]",
        "$CSG[14639]",
        "$CSG[14726..14728]",
        "$CSG[14647]",
        "$CSG[14729..14731]",
        "$CSG[14655]",
        "$CSG[14732..14734]",
        "$CSG[14663]",
        "$CSG[14735..14737]",
        "$CSG[14643]",
        "$CSG[14738..14740]",
        "$CSG[14651]",
        "$CSG[14741..14743]",
        "$CSG[14659]",
        "$CSG[14744..14746]",
        "$CSG[14667]",
        "$CSG[14747..14749]",
        "$CSG[14640]",
        "$CSG[14934]",
        "$CSG[14648]",
        "$CSG[14935]",
        "$CSG[14656]",
        "$CSG[14936]",
        "$CSG[14664]",
        "$CSG[14947]",
        "$CSG[14644]",
        "$CSG[14950]",
        "$CSG[14652]",
        "$CSG[14951]",
        "$CSG[14660]",
        "$CSG[14952]",
        "$CSG[14668]",
        "$CSG[14953]",
        "$CSG[14641]",
        "$CSG[14890..14892]",
        "$CSG[14649]",
        "$CSG[14893..14895]",
        "$CSG[14657]",
        "$CSG[14896..14898]",
        "$CSG[14665]",
        "$CSG[14899..14901]",
        "$CSG[14645]",
        "$CSG[14902..14904]",
        "$CSG[14653]",
        "$CSG[14905..14907]",
        "$CSG[14661]",
        "$CSG[14908..14910]",
        "$CSG[14669]",
        "$CSG[14911..14913]",
        "$CSG[14750..14753]",
        "$CSG[14782..14785]",
        "$CSG[14754]",
        "$CSG[14755]",
        "$CSG[14756]",
        "$CSG[14757]",
        "$CSG[14786]",
        "$CSG[14787]",
        "$CSG[14788]",
        "$CSG[14789]",
        "$CSG[14758..14761]",
        "$CSG[14790..14793]",
        "$CSG[14762..14765]",
        "$CSG[14794..14797]",
        "$CSG[14766..14769]",
        "$CSG[14798..14801]",
        "$CSG[14770..14773]",
        "$CSG[14802..14805]",
        "$CSG[14774..14777]",
        "$CSG[14806..14809]",
        "$CSG[14778..14781]",
        "$CSG[14926..14929]",
        "$CSG[14942..14945]",
        "$CSG[14930..14933]",
        "$CSG[14946..14949]",
        "$CSG[14938..14941]",
        "$CSG[14954..14957]",
        "$CSG[14702]",
        "$CSG[14974]",
        "$CSG[14703]",
        "$CSG[14975]",
        "$CSG[14704]",
        "$CSG[14976]",
        "$CSG[14705]",
        "$CSG[14977]",
        "$CSG[14706]",
        "$CSG[14978]",
        "$CSG[14707]",
        "$CSG[14979]",
        "$CSG[14708]",
        "$CSG[14980]",
        "$CSG[14709]",
        "$CSG[14981]",
        "$CSG[14670..14701]",
        "$CSG[14710..14725]",
        "$CSG[14958..14973]",
        "$CSG[14810..14889]",
        "$CSG[14914]",
        "$CSG[14917]",
        "$CSG[14920]",
        "$CSG[14923]",
        "$CSG[14915]",
        "$CSG[14918]",
        "$CSG[14921]",
        "$CSG[14924]",
        "$CSG[14916]",
        "$CSG[14919]",
        "$CSG[14922]",
        "$CSG[14925]",
        "$CSG[14982..14997]",
        "$CSG[14998]",
        "$CSG[15006]",
        "$CSG[15014]",
        "$CSG[15022]",
        "$CSG[15002]",
        "$CSG[15010]",
        "$CSG[15018]",
        "$CSG[15026]",
        "$CSG[14999]",
        "$CSG[15086..15088]",
        "$CSG[15007]",
        "$CSG[15089..15091]",
        "$CSG[15015]",
        "$CSG[15092..15094]",
        "$CSG[15023]",
        "$CSG[15095..15097]",
        "$CSG[15003]",
        "$CSG[15098..15100]",
        "$CSG[15011]",
        "$CSG[15101..15103]",
        "$CSG[15019]",
        "$CSG[15104..15106]",
        "$CSG[15027]",
        "$CSG[15107..15109]",
        "$CSG[15000]",
        "$CSG[15294]",
        "$CSG[15008]",
        "$CSG[15295]",
        "$CSG[15016]",
        "$CSG[15296]",
        "$CSG[15024]",
        "$CSG[15307]",
        "$CSG[15004]",
        "$CSG[15310]",
        "$CSG[15012]",
        "$CSG[15311]",
        "$CSG[15020]",
        "$CSG[15312]",
        "$CSG[15028]",
        "$CSG[15313]",
        "$CSG[15001]",
        "$CSG[15250..15252]",
        "$CSG[15009]",
        "$CSG[15253..15255]",
        "$CSG[15017]",
        "$CSG[15256..15258]",
        "$CSG[15025]",
        "$CSG[15259..15261]",
        "$CSG[15005]",
        "$CSG[15262..15264]",
        "$CSG[15013]",
        "$CSG[15265..15267]",
        "$CSG[15021]",
        "$CSG[15268..15270]",
        "$CSG[15029]",
        "$CSG[15271..15273]",
        "$CSG[15110..15113]",
        "$CSG[15142..15145]",
        "$CSG[15114]",
        "$CSG[15115]",
        "$CSG[15116]",
        "$CSG[15117]",
        "$CSG[15146]",
        "$CSG[15147]",
        "$CSG[15148]",
        "$CSG[15149]",
        "$CSG[15118..15121]",
        "$CSG[15150..15153]",
        "$CSG[15122..15125]",
        "$CSG[15154..15157]",
        "$CSG[15126..15129]",
        "$CSG[15158..15161]",
        "$CSG[15130..15133]",
        "$CSG[15162..15165]",
        "$CSG[15134..15137]",
        "$CSG[15166..15169]",
        "$CSG[15138..15141]",
        "$CSG[15286..15289]",
        "$CSG[15302..15305]",
        "$CSG[15290..15293]",
        "$CSG[15306..15309]",
        "$CSG[15298..15301]",
        "$CSG[15314..15317]",
        "$CSG[15062]",
        "$CSG[15334]",
        "$CSG[15063]",
        "$CSG[15335]",
        "$CSG[15064]",
        "$CSG[15336]",
        "$CSG[15065]",
        "$CSG[15337]",
        "$CSG[15066]",
        "$CSG[15338]",
        "$CSG[15067]",
        "$CSG[15339]",
        "$CSG[15068]",
        "$CSG[15340]",
        "$CSG[15069]",
        "$CSG[15341]",
        "$CSG[15030..15061]",
        "$CSG[15070..15085]",
        "$CSG[15318..15333]",
        "$CSG[15170..15249]",
        "$CSG[15274]",
        "$CSG[15277]",
        "$CSG[15280]",
        "$CSG[15283]",
        "$CSG[15275]",
        "$CSG[15278]",
        "$CSG[15281]",
        "$CSG[15284]",
        "$CSG[15276]",
        "$CSG[15279]",
        "$CSG[15282]",
        "$CSG[15285]",
        "$CSG[15342..15357]",
        "$CSG[15358]",
        "$CSG[15366]",
        "$CSG[15374]",
        "$CSG[15382]",
        "$CSG[15362]",
        "$CSG[15370]",
        "$CSG[15378]",
        "$CSG[15386]",
        "$CSG[15359]",
        "$CSG[15446..15448]",
        "$CSG[15367]",
        "$CSG[15449..15451]",
        "$CSG[15375]",
        "$CSG[15452..15454]",
        "$CSG[15383]",
        "$CSG[15455..15457]",
        "$CSG[15363]",
        "$CSG[15458..15460]",
        "$CSG[15371]",
        "$CSG[15461..15463]",
        "$CSG[15379]",
        "$CSG[15464..15466]",
        "$CSG[15387]",
        "$CSG[15467..15469]",
        "$CSG[15360]",
        "$CSG[15654]",
        "$CSG[15368]",
        "$CSG[15655]",
        "$CSG[15376]",
        "$CSG[15656]",
        "$CSG[15384]",
        "$CSG[15667]",
        "$CSG[15364]",
        "$CSG[15670]",
        "$CSG[15372]",
        "$CSG[15671]",
        "$CSG[15380]",
        "$CSG[15672]",
        "$CSG[15388]",
        "$CSG[15673]",
        "$CSG[15361]",
        "$CSG[15610..15612]",
        "$CSG[15369]",
        "$CSG[15613..15615]",
        "$CSG[15377]",
        "$CSG[15616..15618]",
        "$CSG[15385]",
        "$CSG[15619..15621]",
        "$CSG[15365]",
        "$CSG[15622..15624]",
        "$CSG[15373]",
        "$CSG[15625..15627]",
        "$CSG[15381]",
        "$CSG[15628..15630]",
        "$CSG[15389]",
        "$CSG[15631..15633]",
        "$CSG[15470..15473]",
        "$CSG[15502..15505]",
        "$CSG[15474]",
        "$CSG[15475]",
        "$CSG[15476]",
        "$CSG[15477]",
        "$CSG[15506]",
        "$CSG[15507]",
        "$CSG[15508]",
        "$CSG[15509]",
        "$CSG[15478..15481]",
        "$CSG[15510..15513]",
        "$CSG[15482..15485]",
        "$CSG[15514..15517]",
        "$CSG[15486..15489]",
        "$CSG[15518..15521]",
        "$CSG[15490..15493]",
        "$CSG[15522..15525]",
        "$CSG[15494..15497]",
        "$CSG[15526..15529]",
        "$CSG[15498..15501]",
        "$CSG[15646..15649]",
        "$CSG[15662..15665]",
        "$CSG[15650..15653]",
        "$CSG[15666..15669]",
        "$CSG[15658..15661]",
        "$CSG[15674..15677]",
        "$CSG[15422]",
        "$CSG[15694]",
        "$CSG[15423]",
        "$CSG[15695]",
        "$CSG[15424]",
        "$CSG[15696]",
        "$CSG[15425]",
        "$CSG[15697]",
        "$CSG[15426]",
        "$CSG[15698]",
        "$CSG[15427]",
        "$CSG[15699]",
        "$CSG[15428]",
        "$CSG[15700]",
        "$CSG[15429]",
        "$CSG[15701]",
        "$CSG[15390..15421]",
        "$CSG[15430..15445]",
        "$CSG[15678..15693]",
        "$CSG[15530..15609]",
        "$CSG[15634]",
        "$CSG[15637]",
        "$CSG[15640]",
        "$CSG[15643]",
        "$CSG[15635]",
        "$CSG[15638]",
        "$CSG[15641]",
        "$CSG[15644]",
        "$CSG[15636]",
        "$CSG[15639]",
        "$CSG[15642]",
        "$CSG[15645]"
    ],
    "noCsgImages": [
        { "path": "images/preview.png", "format": "raw" },
        "",
        "",
        "$RCT2:OBJDATA/ARRT1.DAT[3]",
        "$RCT2:OBJDATA/ARRT1.DAT[5]",
        "$RCT2:OBJDATA/ARRT1.DAT[7]",
        "$RCT2:OBJDATA/ARRT1.DAT[9]",
        "$RCT2:OBJDATA/ARRT1.DAT[11]",
        "$RCT2:OBJDATA/ARRT1.DAT[13]",
        "$RCT2:OBJDATA/ARRT1.DAT[15]",
        "$RCT2:OBJDATA/ARRT1.DAT[17]",
        "$RCT2:OBJDATA/ARRT1.DAT[19]",
        "$RCT2:OBJDATA/ARRT1.DAT[21]",
        "$RCT2:OBJDATA/ARRT1.DAT[23]",
        "$RCT2:OBJDATA/ARRT1.DAT[25]",
        "$RCT2:OBJDATA/ARRT1.DAT[27]",
        "$RCT2:OBJDATA/ARRT1.DAT[29]",
        "$RCT2:OBJDATA/ARRT1.DAT[31]",
        "$RCT2:OBJDATA/ARRT1.DAT[33]",
        "$RCT2:OBJDATA/ARRT1.DAT[35..42]",
        "$RCT2:OBJDATA/ARRT1.DAT[43]",
        "$RCT2:OBJDATA/ARRT1.DAT[45]",
        "$RCT2:OBJDATA/ARRT1.DAT[47]",
        "$RCT2:OBJDATA/ARRT1.DAT[49]",
        "$RCT2:OBJDATA/ARRT1.DAT[51]",
        "$RCT2:OBJDATA/ARRT1.DAT[53]",
        "$RCT2:OBJDATA/ARRT1.DAT[55]",
        "$RCT2:OBJDATA/ARRT1.DAT[57]",
        "$RCT2:OBJDATA/ARRT1.DAT[59]",
        "$RCT2:OBJDATA/ARRT1.DAT[61]",
        "$RCT2:OBJDATA/ARRT1.DAT[63]",
        "$RCT2:OBJDATA/ARRT1.DAT[65]",
        "$RCT2:OBJDATA/ARRT1.DAT[67]",
        "$RCT2:OBJDATA/ARRT1.DAT[69]",
        "$RCT2:OBJDATA/ARRT1.DAT[71]",
        "$RCT2:OBJDATA/ARRT1.DAT[73]",
        "$RCT2:OBJDATA/ARRT1.DAT[75]",
        "$RCT2:OBJDATA/ARRT1.DAT[77]",
        "$RCT2:OBJDATA/ARRT1.DAT[79]",
        "$RCT2:OBJDATA/ARRT1.DAT[81]",
        "$RCT2:OBJDATA/ARRT1.DAT[83]",
        "$RCT2:OBJDATA/ARRT1.DAT[85]",
        "$RCT2:OBJDATA/ARRT1.DAT[87]",
        "$RCT2:OBJDATA/ARRT1.DAT[89]",
        "$RCT2:OBJDATA/ARRT1.DAT[91]",
        "$RCT2:OBJDATA/ARRT1.DAT[93]",
        "$RCT2:OBJDATA/ARRT1.DAT[95]",
        "$RCT2:OBJDATA/ARRT1.DAT[97]",
        "$RCT2:OBJDATA/ARRT1.DAT[99]",
        "$RCT2:OBJDATA/ARRT1.DAT[101]",
        "$RCT2:OBJDATA/ARRT1.DAT[103]",
        "$RCT2:OBJDATA/ARRT1.DAT[105]",
        "$RCT2:OBJDATA/ARRT1.DAT[107..122]",
        "$RCT2:OBJDATA/ARRT1.DAT[123]",
        "$RCT2:OBJDATA/ARRT1.DAT[125]",
        "$RCT2:OBJDATA/ARRT1.DAT[127]",
        "$RCT2:OBJDATA/ARRT1.DAT[129]",
        "$RCT2:OBJDATA/ARRT1.DAT[131]",
        "$RCT2:OBJDATA/ARRT1.DAT[133]",
        "$RCT2:OBJDATA/ARRT1.DAT[135]",
        "$RCT2:OBJDATA/ARRT1.DAT[137]",
        "$RCT2:OBJDATA/ARRT1.DAT[139]",
        "$RCT2:OBJDATA/ARRT1.DAT[141]",
        "$RCT2:OBJDATA/ARRT1.DAT[143]",
        "$RCT2:OBJDATA/ARRT1.DAT[145]",
        "$RCT2:OBJDATA/ARRT1.DAT[147]",
        "$RCT2:OBJDATA/ARRT1.DAT[149]",
        "$RCT2:OBJDATA/ARRT1.DAT[151]",
        "$RCT2:OBJDATA/ARRT1.DAT[153]",
        "$RCT2:OBJDATA/ARRT1.DAT[155]",
        "$RCT2:OBJDATA/ARRT1.DAT[157]",
        "$RCT2:OBJDATA/ARRT1.DAT[159]",
        "$RCT2:OBJDATA/ARRT1.DAT[161]",
        "$RCT2:OBJDATA/ARRT1.DAT[163]",
        "$RCT2:OBJDATA/ARRT1.DAT[165]",
        "$RCT2:OBJDATA/ARRT1.DAT[167]",
        "$RCT2:OBJDATA/ARRT1.DAT[169]",
        "$RCT2:OBJDATA/ARRT1.DAT[171]",
        "$RCT2:OBJDATA/ARRT1.DAT[173]",
        "$RCT2:OBJDATA/ARRT1.DAT[175]",
        "$RCT2:OBJDATA/ARRT1.DAT[177]",
        "$RCT2:OBJDATA/ARRT1.DAT[179]",
        "$RCT2:OBJDATA/ARRT1.DAT[181]",
        "$RCT2:OBJDATA/ARRT1.DAT[183]",
        "$RCT2:OBJDATA/ARRT1.DAT[185]",
        "$RCT2:OBJDATA/ARRT1.DAT[187..194]",
        "$RCT2:OBJDATA/ARRT1.DAT[195]",
        "$RCT2:OBJDATA/ARRT1.DAT[203]",
        "$RCT2:OBJDATA/ARRT1.DAT[211]",
        "$RCT2:OBJDATA/ARRT1.DAT[219]",
        "$RCT2:OBJDATA/ARRT1.DAT[227]",
        "$RCT2:OBJDATA/ARRT1.DAT[235]",
        "$RCT2:OBJDATA/ARRT1.DAT[243]",
        "$RCT2:OBJDATA/ARRT1.DAT[251]",
        "$RCT2:OBJDATA/ARRT1.DAT[259..342]",
        "$RCT2:OBJDATA/ARRT1.DAT[343]",
        "$RCT2:OBJDATA/ARRT1.DAT[345]",
        "$RCT2:OBJDATA/ARRT1.DAT[347]",
        "$RCT2:OBJDATA/ARRT1.DAT[349]",
        "$RCT2:OBJDATA/ARRT1.DAT[351]",
        "$RCT2:OBJDATA/ARRT1.DAT[353]",
        "$RCT2:OBJDATA/ARRT1.DAT[355]",
        "$RCT2:OBJDATA/ARRT1.DAT[357]",
        "$RCT2:OBJDATA/ARRT1.DAT[359]",
        "$RCT2:OBJDATA/ARRT1.DAT[361]",
        "$RCT2:OBJDATA/ARRT1.DAT[363]",
        "$RCT2:OBJDATA/ARRT1.DAT[365]",
        "$RCT2:OBJDATA/ARRT1.DAT[367]",
        "$RCT2:OBJDATA/ARRT1.DAT[369]",
        "$RCT2:OBJDATA/ARRT1.DAT[371]",
        "$RCT2:OBJDATA/ARRT1.DAT[373]",
        "$RCT2:OBJDATA/ARRT1.DAT[375]",
        "$RCT2:OBJDATA/ARRT1.DAT[377]",
        "$RCT2:OBJDATA/ARRT1.DAT[379]",
        "$RCT2:OBJDATA/ARRT1.DAT[381]",
        "$RCT2:OBJDATA/ARRT1.DAT[383]",
        "$RCT2:OBJDATA/ARRT1.DAT[385]",
        "$RCT2:OBJDATA/ARRT1.DAT[387]",
        "$RCT2:OBJDATA/ARRT1.DAT[389]",
        "$RCT2:OBJDATA/ARRT1.DAT[391]",
        "$RCT2:OBJDATA/ARRT1.DAT[393]",
        "$RCT2:OBJDATA/ARRT1.DAT[395]",
        "$RCT2:OBJDATA/ARRT1.DAT[397]",
        "$RCT2:OBJDATA/ARRT1.DAT[399]",
        "$RCT2:OBJDATA/ARRT1.DAT[401]",
        "$RCT2:OBJDATA/ARRT1.DAT[403]",
        "$RCT2:OBJDATA/ARRT1.DAT[405]",
        "$RCT2:OBJDATA/ARRT1.DAT[407]",
        "$RCT2:OBJDATA/ARRT1.DAT[415]",
        "$RCT2:OBJDATA/ARRT1.DAT[423]",
        "$RCT2:OBJDATA/ARRT1.DAT[431]",
        "$RCT2:OBJDATA/ARRT1.DAT[439]",
        "$RCT2:OBJDATA/ARRT1.DAT[447]",
        "$RCT2:OBJDATA/ARRT1.DAT[455]",
        "$RCT2:OBJDATA/ARRT1.DAT[463]",
        "$RCT2:OBJDATA/ARRT1.DAT[471]",
        "$RCT2:OBJDATA/ARRT1.DAT[479]",
        "$RCT2:OBJDATA/ARRT1.DAT[487]",
        "$RCT2:OBJDATA/ARRT1.DAT[495]",
        "$RCT2:OBJDATA/ARRT1.DAT[503]",
        "$RCT2:OBJDATA/ARRT1.DAT[511]",
        "$RCT2:OBJDATA/ARRT1.DAT[519]",
        "$RCT2:OBJDATA/ARRT1.DAT[527]",
        "$RCT2:OBJDATA/ARRT1.DAT[535..642]",
        "$RCT2:OBJDATA/ARRT1.DAT[643]",
        "$RCT2:OBJDATA/ARRT1.DAT[645]",
        "$RCT2:OBJDATA/ARRT1.DAT[647]",
        "$RCT2:OBJDATA/ARRT1.DAT[649]",
        "$RCT2:OBJDATA/ARRT1.DAT[651]",
        "$RCT2:OBJDATA/ARRT1.DAT[653]",
        "$RCT2:OBJDATA/ARRT1.DAT[655]",
        "$RCT2:OBJDATA/ARRT1.DAT[657]",
        "$RCT2:OBJDATA/ARRT1.DAT[659]",
        "$RCT2:OBJDATA/ARRT1.DAT[661]",
        "$RCT2:OBJDATA/ARRT1.DAT[663]",
        "$RCT2:OBJDATA/ARRT1.DAT[665]",
        "$RCT2:OBJDATA/ARRT1.DAT[667]",
        "$RCT2:OBJDATA/ARRT1.DAT[669]",
        "$RCT2:OBJDATA/ARRT1.DAT[671]",
        "$RCT2:OBJDATA/ARRT1.DAT[673]",
        "$RCT2:OBJDATA/ARRT1.DAT[675..682]",
        "$RCT2:OBJDATA/ARRT1.DAT[683]",
        "$RCT2:OBJDATA/ARRT1.DAT[685]",
        "$RCT2:OBJDATA/ARRT1.DAT[687]",
        "$RCT2:OBJDATA/ARRT1.DAT[689]",
        "$RCT2:OBJDATA/ARRT1.DAT[691]",
        "$RCT2:OBJDATA/ARRT1.DAT[693]",
        "$RCT2:OBJDATA/ARRT1.DAT[695]",
        "$RCT2:OBJDATA/ARRT1.DAT[697]",
        "$RCT2:OBJDATA/ARRT1.DAT[699]",
        "$RCT2:OBJDATA/ARRT1.DAT[701]",
        "$RCT2:OBJDATA/ARRT1.DAT[703]",
        "$RCT2:OBJDATA/ARRT1.DAT[705]",
        "$RCT2:OBJDATA/ARRT1.DAT[707]",
        "$RCT2:OBJDATA/ARRT1.DAT[709]",
        "$RCT2:OBJDATA/ARRT1.DAT[711]",
        "$RCT2:OBJDATA/ARRT1.DAT[713]",
        "$RCT2:OBJDATA/ARRT1.DAT[715]",
        "$RCT2:OBJDATA/ARRT1.DAT[717]",
        "$RCT2:OBJDATA/ARRT1.DAT[719]",
        "$RCT2:OBJDATA/ARRT1.DAT[721]",
        "$RCT2:OBJDATA/ARRT1.DAT[723]",
        "$RCT2:OBJDATA/ARRT1.DAT[725]",
        "$RCT2:OBJDATA/ARRT1.DAT[727]",
        "$RCT2:OBJDATA/ARRT1.DAT[729]",
        "$RCT2:OBJDATA/ARRT1.DAT[731]",
        "$RCT2:OBJDATA/ARRT1.DAT[733]",
        "$RCT2:OBJDATA/ARRT1.DAT[735]",
        "$RCT2:OBJDATA/ARRT1.DAT[737]",
        "$RCT2:OBJDATA/ARRT1.DAT[739]",
        "$RCT2:OBJDATA/ARRT1.DAT[741]",
        "$RCT2:OBJDATA/ARRT1.DAT[743]",
        "$RCT2:OBJDATA/ARRT1.DAT[745]",
        "$RCT2:OBJDATA/ARRT1.DAT[747..762]",
        "$RCT2:OBJDATA/ARRT1.DAT[763]",
        "$RCT2:OBJDATA/ARRT1.DAT[765]",
        "$RCT2:OBJDATA/ARRT1.DAT[767]",
        "$RCT2:OBJDATA/ARRT1.DAT[769]",
        "$RCT2:OBJDATA/ARRT1.DAT[771]",
        "$RCT2:OBJDATA/ARRT1.DAT[773]",
        "$RCT2:OBJDATA/ARRT1.DAT[775]",
        "$RCT2:OBJDATA/ARRT1.DAT[777]",
        "$RCT2:OBJDATA/ARRT1.DAT[779]",
        "$RCT2:OBJDATA/ARRT1.DAT[781]",
        "$RCT2:OBJDATA/ARRT1.DAT[783]",
        "$RCT2:OBJDATA/ARRT1.DAT[785]",
        "$RCT2:OBJDATA/ARRT1.DAT[787]",
        "$RCT2:OBJDATA/ARRT1.DAT[789]",
        "$RCT2:OBJDATA/ARRT1.DAT[791]",
        "$RCT2:OBJDATA/ARRT1.DAT[793]",
        "$RCT2:OBJDATA/ARRT1.DAT[795]",
        "$RCT2:OBJDATA/ARRT1.DAT[797]",
        "$RCT2:OBJDATA/ARRT1.DAT[799]",
        "$RCT2:OBJDATA/ARRT1.DAT[801]",
        "$RCT2:OBJDATA/ARRT1.DAT[803]",
        "$RCT2:OBJDATA/ARRT1.DAT[805]",
        "$RCT2:OBJDATA/ARRT1.DAT[807]",
        "$RCT2:OBJDATA/ARRT1.DAT[809]",
        "$RCT2:OBJDATA/ARRT1.DAT[811]",
        "$RCT2:OBJDATA/ARRT1.DAT[813]",
        "$RCT2:OBJDATA/ARRT1.DAT[815]",
        "$RCT2:OBJDATA/ARRT1.DAT[817]",
        "$RCT2:OBJDATA/ARRT1.DAT[819]",
        "$RCT2:OBJDATA/ARRT1.DAT[821]",
        "$RCT2:OBJDATA/ARRT1.DAT[823]",
        "$RCT2:OBJDATA/ARRT1.DAT[825]",
        "$RCT2:OBJDATA/ARRT1.DAT[827..834]",
        "$RCT2:OBJDATA/ARRT1.DAT[835]",
        "$RCT2:OBJDATA/ARRT1.DAT[843]",
        "$RCT2:OBJDATA/ARRT1.DAT[851]",
        "$RCT2:OBJDATA/ARRT1.DAT[859]",
        "$RCT2:OBJDATA/ARRT1.DAT[867]",
        "$RCT2:OBJDATA/ARRT1.DAT[875]",
        "$RCT2:OBJDATA/ARRT1.DAT[883]",
        "$RCT2:OBJDATA/ARRT1.DAT[891]",
        "$RCT2:OBJDATA/ARRT1.DAT[899..982]",
        "$RCT2:OBJDATA/ARRT1.DAT[983]",
        "$RCT2:OBJDATA/ARRT1.DAT[985]",
        "$RCT2:OBJDATA/ARRT1.DAT[987]",
        "$RCT2:OBJDATA/ARRT1.DAT[989]",
        "$RCT2:OBJDATA/ARRT1.DAT[991]",
        "$RCT2:OBJDATA/ARRT1.DAT[993]",
        "$RCT2:OBJDATA/ARRT1.DAT[995]",
        "$RCT2:OBJDATA/ARRT1.DAT[997]",
        "$RCT2:OBJDATA/ARRT1.DAT[999]",
        "$RCT2:OBJDATA/ARRT1.DAT[1001]",
        "$RCT2:OBJDATA/ARRT1.DAT[1003]",
        "$RCT2:OBJDATA/ARRT1.DAT[1005]",
        "$RCT2:OBJDATA/ARRT1.DAT[1007]",
        "$RCT2:OBJDATA/ARRT1.DAT[1009]",
        "$RCT2:OBJDATA/ARRT1.DAT[1011]",
        "$RCT2:OBJDATA/ARRT1.DAT[1013]",
        "$RCT2:OBJDATA/ARRT1.DAT[1015]",
        "$RCT2:OBJDATA/ARRT1.DAT[1017]",
        "$RCT2:OBJDATA/ARRT1.DAT[1019]",
        "$RCT2:OBJDATA/ARRT1.DAT[1021]",
        "$RCT2:OBJDATA/ARRT1.DAT[1023]",
        "$RCT2:OBJDATA/ARRT1.DAT[1025]",
        "$RCT2:OBJDATA/ARRT1.DAT[1027]",
        "$RCT2:OBJDATA/ARRT1.DAT[1029]",
        "$RCT2:OBJDATA/ARRT1.DAT[1031]",
        "$RCT2:OBJDATA/ARRT1.DAT[1033]",
        "$RCT2:OBJDATA/ARRT1.DAT[1035]",
        "$RCT2:OBJDATA/ARRT1.DAT[1037]",
        "$RCT2:OBJDATA/ARRT1.DAT[1039]",
        "$RCT2:OBJDATA/ARRT1.DAT[1041]",
        "$RCT2:OBJDATA/ARRT1.DAT[1043]",
        "$RCT2:OBJDATA/ARRT1.DAT[1045]",
        "$RCT2:OBJDATA/ARRT1.DAT[1047]",
        "$RCT2:OBJDATA/ARRT1.DAT[1055]",
        "$RCT2:OBJDATA/ARRT1.DAT[1063]",
        "$RCT2:OBJDATA/ARRT1.DAT[1071]",
        "$RCT2:OBJDATA/ARRT1.DAT[1079]",
        "$RCT2:OBJDATA/ARRT1.DAT[1087]",
        "$RCT2:OBJDATA/ARRT1.DAT[1095]",
        "$RCT2:OBJDATA/ARRT1.DAT[1103]",
        "$RCT2:OBJDATA/ARRT1.DAT[1111]",
        "$RCT2:OBJDATA/ARRT1.DAT[1119]",
        "$RCT2:OBJDATA/ARRT1.DAT[1127]",
        "$RCT2:OBJDATA/ARRT1.DAT[1135]",
        "$RCT2:OBJDATA/ARRT1.DAT[1143]",
        "$RCT2:OBJDATA/ARRT1.DAT[1151]",
        "$RCT2:OBJDATA/ARRT1.DAT[1159]",
        "$RCT2:OBJDATA/ARRT1.DAT[1167]",
        "$RCT2:OBJDATA/ARRT1.DAT[1175..1282]",
        "$RCT2:OBJDATA/ARRT1.DAT[1283]",
        "$RCT2:OBJDATA/ARRT1.DAT[1285]",
        "$RCT2:OBJDATA/ARRT1.DAT[1287]",
        "$RCT2:OBJDATA/ARRT1.DAT[1289]",
        "$RCT2:OBJDATA/ARRT1.DAT[1291]",
        "$RCT2:OBJDATA/ARRT1.DAT[1293]",
        "$RCT2:OBJDATA/ARRT1.DAT[1295]",
        "$RCT2:OBJDATA/ARRT1.DAT[1297]",
        "$RCT2:OBJDATA/ARRT1.DAT[1299]",
        "$RCT2:OBJDATA/ARRT1.DAT[1301]",
        "$RCT2:OBJDATA/ARRT1.DAT[1303]",
        "$RCT2:OBJDATA/ARRT1.DAT[1305]",
        "$RCT2:OBJDATA/ARRT1.DAT[1307]",
        "$RCT2:OBJDATA/ARRT1.DAT[1309]",
        "$RCT2:OBJDATA/ARRT1.DAT[1311]",
        "$RCT2:OBJDATA/ARRT1.DAT[1313]",
        "$RCT2:OBJDATA/ARRT1.DAT[1315..1322]",
        "$RCT2:OBJDATA/ARRT1.DAT[1323]",
        "$RCT2:OBJDATA/ARRT1.DAT[1325]",
        "$RCT2:OBJDATA/ARRT1.DAT[1327]",
        "$RCT2:OBJDATA/ARRT1.DAT[1329]",
        "$RCT2:OBJDATA/ARRT1.DAT[1331]",
        "$RCT2:OBJDATA/ARRT1.DAT[1333]",
        "$RCT2:OBJDATA/ARRT1.DAT[1335]",
        "$RCT2:OBJDATA/ARRT1.DAT[1337]",
        "$RCT2:OBJDATA/ARRT1.DAT[1339]",
        "$RCT2:OBJDATA/ARRT1.DAT[1341]",
        "$RCT2:OBJDATA/ARRT1.DAT[1343]",
        "$RCT2:OBJDATA/ARRT1.DAT[1345]",
        "$RCT2:OBJDATA/ARRT1.DAT[1347]",
        "$RCT2:OBJDATA/ARRT1.DAT[1349]",
        "$RCT2:OBJDATA/ARRT1.DAT[1351]",
        "$RCT2:OBJDATA/ARRT1.DAT[1353]",
        "$RCT2:OBJDATA/ARRT1.DAT[1355]",
        "$RCT2:OBJDATA/ARRT1.DAT[1357]",
        "$RCT2:OBJDATA/ARRT1.DAT[1359]",
        "$RCT2:OBJDATA/ARRT1.DAT[1361]",
        "$RCT2:OBJDATA/ARRT1.DAT[1363]",
        "$RCT2:OBJDATA/ARRT1.DAT[1365]",
        "$RCT2:OBJDATA/ARRT1.DAT[1367]",
        "$RCT2:OBJDATA/ARRT1.DAT[1369]",
        "$RCT2:OBJDATA/ARRT1.DAT[1371]",
        "$RCT2:OBJDATA/ARRT1.DAT[1373]",
        "$RCT2:OBJDATA/ARRT1.DAT[1375]",
        "$RCT2:OBJDATA/ARRT1.DAT[1377]",
        "$RCT2:OBJDATA/ARRT1.DAT[1379]",
        "$RCT2:OBJDATA/ARRT1.DAT[1381]",
        "$RCT2:OBJDATA/ARRT1.DAT[1383]",
        "$RCT2:OBJDATA/ARRT1.DAT[1385]",
        "$RCT2:OBJDATA/ARRT1.DAT[1387..1402]",
        "$RCT2:OBJDATA/ARRT1.DAT[1403]",
        "$RCT2:OBJDATA/ARRT1.DAT[1405]",
        "$RCT2:OBJDATA/ARRT1.DAT[1407]",
        "$RCT2:OBJDATA/ARRT1.DAT[1409]",
        "$RCT2:OBJDATA/ARRT1.DAT[1411]",
        "$RCT2:OBJDATA/ARRT1.DAT[1413]",
        "$RCT2:OBJDATA/ARRT1.DAT[1415]",
        "$RCT2:OBJDATA/ARRT1.DAT[1417]",
        "$RCT2:OBJDATA/ARRT1.DAT[1419]",
        "$RCT2:OBJDATA/ARRT1.DAT[1421]",
        "$RCT2:OBJDATA/ARRT1.DAT[1423]",
        "$RCT2:OBJDATA/ARRT1.DAT[1425]",
        "$RCT2:OBJDATA/ARRT1.DAT[1427]",
        "$RCT2:OBJDATA/ARRT1.DAT[1429]",
        "$RCT2:OBJDATA/ARRT1.DAT[1431]",
        "$RCT2:OBJDATA/ARRT1.DAT[1433]",
        "$RCT2:OBJDATA/ARRT1.DAT[1435]",
        "$RCT2:OBJDATA/ARRT1.DAT[1437]",
        "$RCT2:OBJDATA/ARRT1.DAT[1439]",
        "$RCT2:OBJDATA/ARRT1.DAT[1441]",
        "$RCT2:OBJDATA/ARRT1.DAT[1443]",
        "$RCT2:OBJDATA/ARRT1.DAT[1445]",
        "$RCT2:OBJDATA/ARRT1.DAT[1447]",
        "$RCT2:OBJDATA/ARRT1.DAT[1449]",
        "$RCT2:OBJDATA/ARRT1.DAT[1451]",
        "$RCT2:OBJDATA/ARRT1.DAT[1453]",
        "$RCT2:OBJDATA/ARRT1.DAT[1455]",
        "$RCT2:OBJDATA/ARRT1.DAT[1457]",
        "$RCT2:OBJDATA/ARRT1.DAT[1459]",
        "$RCT2:OBJDATA/ARRT1.DAT[1461]",
        "$RCT2:OBJDATA/ARRT1.DAT[1463]",
        "$RCT2:OBJDATA/ARRT1.DAT[1465]",
        "$RCT2:OBJDATA/ARRT1.DAT[1467..1474]",
        "$RCT2:OBJDATA/ARRT1.DAT[1475]",
        "$RCT2:OBJDATA/ARRT1.DAT[1483]",
        "$RCT2:OBJDATA/ARRT1.DAT[1491]",
        "$RCT2:OBJDATA/ARRT1.DAT[1499]",
        "$RCT2:OBJDATA/ARRT1.DAT[1507]",
        "$RCT2:OBJDATA/ARRT1.DAT[1515]",
        "$RCT2:OBJDATA/ARRT1.DAT[1523]",
        "$RCT2:OBJDATA/ARRT1.DAT[1531]",
        "$RCT2:OBJDATA/ARRT1.DAT[1539..1622]",
        "$RCT2:OBJDATA/ARRT1.DAT[1623]",
        "$RCT2:OBJDATA/ARRT1.DAT[1625]",
        "$RCT2:OBJDATA/ARRT1.DAT[1627]",
        "$RCT2:OBJDATA/ARRT1.DAT[1629]",
        "$RCT2:OBJDATA/ARRT1.DAT[1631]",
        "$RCT2:OBJDATA/ARRT1.DAT[1633]",
        "$RCT2:OBJDATA/ARRT1.DAT[1635]",
        "$RCT2:OBJDATA/ARRT1.DAT[1637]",
        "$RCT2:OBJDATA/ARRT1.DAT[1639]",
        "$RCT2:OBJDATA/ARRT1.DAT[1641]",
        "$RCT2:OBJDATA/ARRT1.DAT[1643]",
        "$RCT2:OBJDATA/ARRT1.DAT[1645]",
        "$RCT2:OBJDATA/ARRT1.DAT[1647]",
        "$RCT2:OBJDATA/ARRT1.DAT[1649]",
        "$RCT2:OBJDATA/ARRT1.DAT[1651]",
        "$RCT2:OBJDATA/ARRT1.DAT[1653]",
        "$RCT2:OBJDATA/ARRT1.DAT[1655]",
        "$RCT2:OBJDATA/ARRT1.DAT[1657]",
        "$RCT2:OBJDATA/ARRT1.DAT[1659]",
        "$RCT2:OBJDATA/ARRT1.DAT[1661]",
        "$RCT2:OBJDATA/ARRT1.DAT[1663]",
        "$RCT2:OBJDATA/ARRT1.DAT[1665]",
        "$RCT2:OBJDATA/ARRT1.DAT[1667]",
        "$RCT2:OBJDATA/ARRT1.DAT[1669]",
        "$RCT2:OBJDATA/ARRT1.DAT[1671]",
        "$RCT2:OBJDATA/ARRT1.DAT[1673]",
        "$RCT2:OBJDATA/ARRT1.DAT[1675]",
        "$RCT2:OBJDATA/ARRT1.DAT[1677]",
        "$RCT2:OBJDATA/ARRT1.DAT[1679]",
        "$RCT2:OBJDATA/ARRT1.DAT[1681]",
        "$RCT2:OBJDATA/ARRT1.DAT[1683]",
        "$RCT2:OBJDATA/ARRT1.DAT[1685]",
        "$RCT2:OBJDATA/ARRT1.DAT[1687]",
        "$RCT2:OBJDATA/ARRT1.DAT[1695]",
        "$RCT2:OBJDATA/ARRT1.DAT[1703]",
        "$RCT2:OBJDATA/ARRT1.DAT[1711]",
        "$RCT2:OBJDATA/ARRT1.DAT[1719]",
        "$RCT2:OBJDATA/ARRT1.DAT[1727]",
        "$RCT2:OBJDATA/ARRT1.DAT[1735]",
        "$RCT2:OBJDATA/ARRT1.DAT[1743]",
        "$RCT2:OBJDATA/ARRT1.DAT[1751]",
        "$RCT2:OBJDATA/ARRT1.DAT[1759]",
        "$RCT2:OBJDATA/ARRT1.DAT[1767]",
        "$RCT2:OBJDATA/ARRT1.DAT[1775]",
        "$RCT2:OBJDATA/ARRT1.DAT[1783]",
        "$RCT2:OBJDATA/ARRT1.DAT[1791]",
        "$RCT2:OBJDATA/ARRT1.DAT[1799]",
        "$RCT2:OBJDATA/ARRT1.DAT[1807]",
        "$RCT2:OBJDATA/ARRT1.DAT[1815..1922]",
        "$RCT2:OBJDATA/ARRT1.DAT[1923]",
        "$RCT2:OBJDATA/ARRT1.DAT[1925]",
        "$RCT2:OBJDATA/ARRT1.DAT[1927]",
        "$RCT2:OBJDATA/ARRT1.DAT[1929]",
        "$RCT2:OBJDATA/ARRT1.DAT[1931]",
        "$RCT2:OBJDATA/ARRT1.DAT[1933]",
        "$RCT2:OBJDATA/ARRT1.DAT[1935]",
        "$RCT2:OBJDATA/ARRT1.DAT[1937]",
        "$RCT2:OBJDATA/ARRT1.DAT[1939]",
        "$RCT2:OBJDATA/ARRT1.DAT[1941]",
        "$RCT2:OBJDATA/ARRT1.DAT[1943]",
        "$RCT2:OBJDATA/ARRT1.DAT[1945]",
        "$RCT2:OBJDATA/ARRT1.DAT[1947]",
        "$RCT2:OBJDATA/ARRT1.DAT[1949]",
        "$RCT2:OBJDATA/ARRT1.DAT[1951]",
        "$RCT2:OBJDATA/ARRT1.DAT[1953]",
        "$RCT2:OBJDATA/ARRT1.DAT[1955..1962]",
        "$RCT2:OBJDATA/ARRT1.DAT[1963]",
        "$RCT2:OBJDATA/ARRT1.DAT[1965]",
        "$RCT2:OBJDATA/ARRT1.DAT[1967]",
        "$RCT2:OBJDATA/ARRT1.DAT[1969]",
        "$RCT2:OBJDATA/ARRT1.DAT[1971]",
        "$RCT2:OBJDATA/ARRT1.DAT[1973]",
        "$RCT2:OBJDATA/ARRT1.DAT[1975]",
        "$RCT2:OBJDATA/ARRT1.DAT[1977]",
        "$RCT2:OBJDATA/ARRT1.DAT[1979]",
        "$RCT2:OBJDATA/ARRT1.DAT[1981]",
        "$RCT2:OBJDATA/ARRT1.DAT[1983]",
        "$RCT2:OBJDATA/ARRT1.DAT[1985]",
        "$RCT2:OBJDATA/ARRT1.DAT[1987]",
        "$RCT2:OBJDATA/ARRT1.DAT[1989]",
        "$RCT2:OBJDATA/ARRT1.DAT[1991]",
        "$RCT2:OBJDATA/ARRT1.DAT[1993]",
        "$RCT2:OBJDATA/ARRT1.DAT[1995]",
        "$RCT2:OBJDATA/ARRT1.DAT[1997]",
        "$RCT2:OBJDATA/ARRT1.DAT[1999]",
        "$RCT2:OBJDATA/ARRT1.DAT[2001]",
        "$RCT2:OBJDATA/ARRT1.DAT[2003]",
        "$RCT2:OBJDATA/ARRT1.DAT[2005]",
        "$RCT2:OBJDATA/ARRT1.DAT[2007]",
        "$RCT2:OBJDATA/ARRT1.DAT[2009]",
        "$RCT2:OBJDATA/ARRT1.DAT[2011]",
        "$RCT2:OBJDATA/ARRT1.DAT[2013]",
        "$RCT2:OBJDATA/ARRT1.DAT[2015]",
        "$RCT2:OBJDATA/ARRT1.DAT[2017]",
        "$RCT2:OBJDATA/ARRT1.DAT[2019]",
        "$RCT2:OBJDATA/ARRT1.DAT[2021]",
        "$RCT2:OBJDATA/ARRT1.DAT[2023]",
        "$RCT2:OBJDATA/ARRT1.DAT[2025]",
        "$RCT2:OBJDATA/ARRT1.DAT[2027..2042]",
        "$RCT2:OBJDATA/ARRT1.DAT[2043]",
        "$RCT2:OBJDATA/ARRT1.DAT[2045]",
        "$RCT2:OBJDATA/ARRT1.DAT[2047]",
        "$RCT2:OBJDATA/ARRT1.DAT[2049]",
        "$RCT2:OBJDATA/ARRT1.DAT[2051]",
        "$RCT2:OBJDATA/ARRT1.DAT[2053]",
        "$RCT2:OBJDATA/ARRT1.DAT[2055]",
        "$RCT2:OBJDATA/ARRT1.DAT[2057]",
        "$RCT2:OBJDATA/ARRT1.DAT[2059]",
        "$RCT2:OBJDATA/ARRT1.DAT[2061]",
        "$RCT2:OBJDATA/ARRT1.DAT[2063]",
        "$RCT2:OBJDATA/ARRT1.DAT[2065]",
        "$RCT2:OBJDATA/ARRT1.DAT[2067]",
        "$RCT2:OBJDATA/ARRT1.DAT[2069]",
        "$RCT2:OBJDATA/ARRT1.DAT[2071]",
        "$RCT2:OBJDATA/ARRT1.DAT[2073]",
        "$RCT2:OBJDATA/ARRT1.DAT[2075]",
        "$RCT2:OBJDATA/ARRT1.DAT[2077]",
        "$RCT2:OBJDATA/ARRT1.DAT[2079]",
        "$RCT2:OBJDATA/ARRT1.DAT[2081]",
        "$RCT2:OBJDATA/ARRT1.DAT[2083]",
        "$RCT2:OBJDATA/ARRT1.DAT[2085]",
        "$RCT2:OBJDATA/ARRT1.DAT[2087]",
        "$RCT2:OBJDATA/ARRT1.DAT[2089]",
        "$RCT2:OBJDATA/ARRT1.DAT[2091]",
        "$RCT2:OBJDATA/ARRT1.DAT[2093]",
        "$RCT2:OBJDATA/ARRT1.DAT[2095]",
        "$RCT2:OBJDATA/ARRT1.DAT[2097]",
        "$RCT2:OBJDATA/ARRT1.DAT[2099]",
        "$RCT2:OBJDATA/ARRT1.DAT[2101]",
        "$RCT2:OBJDATA/ARRT1.DAT[2103]",
        "$RCT2:OBJDATA/ARRT1.DAT[2105]",
        "$RCT2:OBJDATA/ARRT1.DAT[2107..2114]",
        "$RCT2:OBJDATA/ARRT1.DAT[2115]",
        "$RCT2:OBJDATA/ARRT1.DAT[2123]",
        "$RCT2:OBJDATA/ARRT1.DAT[2131]",
        "$RCT2:OBJDATA/ARRT1.DAT[2139]",
        "$RCT2:OBJDATA/ARRT1.DAT[2147]",
        "$RCT2:OBJDATA/ARRT1.DAT[2155]",
        "$RCT2:OBJDATA/ARRT1.DAT[2163]",
        "$RCT2:OBJDATA/ARRT1.DAT[2171]",
        "$RCT2:OBJDATA/ARRT1.DAT[2179..2262]",
        "$RCT2:OBJDATA/ARRT1.DAT[2263]",
        "$RCT2:OBJDATA/ARRT1.DAT[2265]",
        "$RCT2:OBJDATA/ARRT1.DAT[2267]",
        "$RCT2:OBJDATA/ARRT1.DAT[2269]",
        "$RCT2:OBJDATA/ARRT1.DAT[2271]",
        "$RCT2:OBJDATA/ARRT1.DAT[2273]",
        "$RCT2:OBJDATA/ARRT1.DAT[2275]",
        "$RCT2:OBJDATA/ARRT1.DAT[2277]",
        "$RCT2:OBJDATA/ARRT1.DAT[2279]",
        "$RCT2:OBJDATA/ARRT1.DAT[2281]",
        "$RCT2:OBJDATA/ARRT1.DAT[2283]",
        "$RCT2:OBJDATA/ARRT1.DAT[2285]",
        "$RCT2:OBJDATA/ARRT1.DAT[2287]",
        "$RCT2:OBJDATA/ARRT1.DAT[2289]",
        "$RCT2:OBJDATA/ARRT1.DAT[2291]",
        "$RCT2:OBJDATA/ARRT1.DAT[2293]",
        "$RCT2:OBJDATA/ARRT1.DAT[2295]",
        "$RCT2:OBJDATA/ARRT1.DAT[2297]",
        "$RCT2:OBJDATA/ARRT1.DAT[2299]",
        "$RCT2:OBJDATA/ARRT1.DAT[2301]",
        "$RCT2:OBJDATA/ARRT1.DAT[2303]",
        "$RCT2:OBJDATA/ARRT1.DAT[2305]",
        "$RCT2:OBJDATA/ARRT1.DAT[2307]",
        "$RCT2:OBJDATA/ARRT1.DAT[2309]",
        "$RCT2:OBJDATA/ARRT1.DAT[2311]",
        "$RCT2:OBJDATA/ARRT1.DAT[2313]",
        "$RCT2:OBJDATA/ARRT1.DAT[2315]",
        "$RCT2:OBJDATA/ARRT1.DAT[2317]",
        "$RCT2:OBJDATA/ARRT1.DAT[2319]",
        "$RCT2:OBJDATA/ARRT1.DAT[2321]",
        "$RCT2:OBJDATA/ARRT1.DAT[2323]",
        "$RCT2:OBJDATA/ARRT1.DAT[2325]",
        "$RCT2:OBJDATA/ARRT1.DAT[2327]",
        "$RCT2:OBJDATA/ARRT1.DAT[2335]",
        "$RCT2:OBJDATA/ARRT1.DAT[2343]",
        "$RCT2:OBJDATA/ARRT1.DAT[2351]",
        "$RCT2:OBJDATA/ARRT1.DAT[2359]",
        "$RCT2:OBJDATA/ARRT1.DAT[2367]",
        "$RCT2:OBJDATA/ARRT1.DAT[2375]",
        "$RCT2:OBJDATA/ARRT1.DAT[2383]",
        "$RCT2:OBJDATA/ARRT1.DAT[2391]",
        "$RCT2:OBJDATA/ARRT1.DAT[2399]",
        "$RCT2:OBJDATA/ARRT1.DAT[2407]",
        "$RCT2:OBJDATA/ARRT1.DAT[2415]",
        "$RCT2:OBJDATA/ARRT1.DAT[2423]",
        "$RCT2:OBJDATA/ARRT1.DAT[2431]",
        "$RCT2:OBJDATA/ARRT1.DAT[2439]",
        "$RCT2:OBJDATA/ARRT1.DAT[2447]",
        "$RCT2:OBJDATA/ARRT1.DAT[2455..2562]",
        "$RCT2:OBJDATA/ARRT1.DAT[2563]",
        "$RCT2:OBJDATA/ARRT1.DAT[2565]",
        "$RCT2:OBJDATA/ARRT1.DAT[2567]",
        "$RCT2:OBJDATA/ARRT1.DAT[2569]",
        "$RCT2:OBJDATA/ARRT1.DAT[2571]",
        "$RCT2:OBJDATA/ARRT1.DAT[2573]",
        "$RCT2:OBJDATA/ARRT1.DAT[2575]",
        "$RCT2:OBJDATA/ARRT1.DAT[2577]",
        "$RCT2:OBJDATA/ARRT1.DAT[2579]",
        "$RCT2:OBJDATA/ARRT1.DAT[2581]",
        "$RCT2:OBJDATA/ARRT1.DAT[2583]",
        "$RCT2:OBJDATA/ARRT1.DAT[2585]",
        "$RCT2:OBJDATA/ARRT1.DAT[2587]",
        "$RCT2:OBJDATA/ARRT1.DAT[2589]",
        "$RCT2:OBJDATA/ARRT1.DAT[2591]",
        "$RCT2:OBJDATA/ARRT1.DAT[2593]",
        "$RCT2:OBJDATA/ARRT1.DAT[2595..2602]",
        "$RCT2:OBJDATA/ARRT1.DAT[2603]",
        "$RCT2:OBJDATA/ARRT1.DAT[2605]",
        "$RCT2:OBJDATA/ARRT1.DAT[2607]",
        "$RCT2:OBJDATA/ARRT1.DAT[2609]",
        "$RCT2:OBJDATA/ARRT1.DAT[2611]",
        "$RCT2:OBJDATA/ARRT1.DAT[2613]",
        "$RCT2:OBJDATA/ARRT1.DAT[2615]",
        "$RCT2:OBJDATA/ARRT1.DAT[2617]",
        "$RCT2:OBJDATA/ARRT1.DAT[2619]",
        "$RCT2:OBJDATA/ARRT1.DAT[2621]",
        "$RCT2:OBJDATA/ARRT1.DAT[2623]",
        "$RCT2:OBJDATA/ARRT1.DAT[2625]",
        "$RCT2:OBJDATA/ARRT1.DAT[2627]",
        "$RCT2:OBJDATA/ARRT1.DAT[2629]",
        "$RCT2:OBJDATA/ARRT1.DAT[2631]",
        "$RCT2:OBJDATA/ARRT1.DAT[2633]",
        "$RCT2:OBJDATA/ARRT1.DAT[2635]",
        "$RCT2:OBJDATA/ARRT1.DAT[2637]",
        "$RCT2:OBJDATA/ARRT1.DAT[2639]",
        "$RCT2:OBJDATA/ARRT1.DAT[2641]",
        "$RCT2:OBJDATA/ARRT1.DAT[2643]",
        "$RCT2:OBJDATA/ARRT1.DAT[2645]",
        "$RCT2:OBJDATA/ARRT1.DAT[2647]",
        "$RCT2:OBJDATA/ARRT1.DAT[2649]",
        "$RCT2:OBJDATA/ARRT1.DAT[2651]",
        "$RCT2:OBJDATA/ARRT1.DAT[2653]",
        "$RCT2:OBJDATA/ARRT1.DAT[2655]",
        "$RCT2:OBJDATA/ARRT1.DAT[2657]",
        "$RCT2:OBJDATA/ARRT1.DAT[2659]",
        "$RCT2:OBJDATA/ARRT1.DAT[2661]",
        "$RCT2:OBJDATA/ARRT1.DAT[2663]",
        "$RCT2:OBJDATA/ARRT1.DAT[2665]",
        "$RCT2:OBJDATA/ARRT1.DAT[2667..2682]",
        "$RCT2:OBJDATA/ARRT1.DAT[2683]",
        "$RCT2:OBJDATA/ARRT1.DAT[2685]",
        "$RCT2:OBJDATA/ARRT1.DAT[2687]",
        "$RCT2:OBJDATA/ARRT1.DAT[2689]",
        "$RCT2:OBJDATA/ARRT1.DAT[2691]",
        "$RCT2:OBJDATA/ARRT1.DAT[2693]",
        "$RCT2:OBJDATA/ARRT1.DAT[2695]",
        "$RCT2:OBJDATA/ARRT1.DAT[2697]",
        "$RCT2:OBJDATA/ARRT1.DAT[2699]",
        "$RCT2:OBJDATA/ARRT1.DAT[2701]",
        "$RCT2:OBJDATA/ARRT1.DAT[2703]",
        "$RCT2:OBJDATA/ARRT1.DAT[2705]",
        "$RCT2:OBJDATA/ARRT1.DAT[2707]",
        "$RCT2:OBJDATA/ARRT1.DAT[2709]",
        "$RCT2:OBJDATA/ARRT1.DAT[2711]",
        "$RCT2:OBJDATA/ARRT1.DAT[2713]",
        "$RCT2:OBJDATA/ARRT1.DAT[2715]",
        "$RCT2:OBJDATA/ARRT1.DAT[2717]",
        "$RCT2:OBJDATA/ARRT1.DAT[2719]",
        "$RCT2:OBJDATA/ARRT1.DAT[2721]",
        "$RCT2:OBJDATA/ARRT1.DAT[2723]",
        "$RCT2:OBJDATA/ARRT1.DAT[2725]",
        "$RCT2:OBJDATA/ARRT1.DAT[2727]",
        "$RCT2:OBJDATA/ARRT1.DAT[2729]",
        "$RCT2:OBJDATA/ARRT1.DAT[2731]",
        "$RCT2:OBJDATA/ARRT1.DAT[2733]",
        "$RCT2:OBJDATA/ARRT1.DAT[2735]",
        "$RCT2:OBJDATA/ARRT1.DAT[2737]",
        "$RCT2:OBJDATA/ARRT1.DAT[2739]",
        "$RCT2:OBJDATA/ARRT1.DAT[2741]",
        "$RCT2:OBJDATA/ARRT1.DAT[2743]",
        "$RCT2:OBJDATA/ARRT1.DAT[2745]",
        "$RCT2:OBJDATA/ARRT1.DAT[2747..2754]",
        "$RCT2:OBJDATA/ARRT1.DAT[2755]",
        "$RCT2:OBJDATA/ARRT1.DAT[2763]",
        "$RCT2:OBJDATA/ARRT1.DAT[2771]",
        "$RCT2:OBJDATA/ARRT1.DAT[2779]",
        "$RCT2:OBJDATA/ARRT1.DAT[2787]",
        "$RCT2:OBJDATA/ARRT1.DAT[2795]",
        "$RCT2:OBJDATA/ARRT1.DAT[2803]",
        "$RCT2:OBJDATA/ARRT1.DAT[2811]",
        "$RCT2:OBJDATA/ARRT1.DAT[2819..2902]",
        "$RCT2:OBJDATA/ARRT1.DAT[2903]",
        "$RCT2:OBJDATA/ARRT1.DAT[2905]",
        "$RCT2:OBJDATA/ARRT1.DAT[2907]",
        "$RCT2:OBJDATA/ARRT1.DAT[2909]",
        "$RCT2:OBJDATA/ARRT1.DAT[2911]",
        "$RCT2:OBJDATA/ARRT1.DAT[2913]",
        "$RCT2:OBJDATA/ARRT1.DAT[2915]",
        "$RCT2:OBJDATA/ARRT1.DAT[2917]",
        "$RCT2:OBJDATA/ARRT1.DAT[2919]",
        "$RCT2:OBJDATA/ARRT1.DAT[2921]",
        "$RCT2:OBJDATA/ARRT1.DAT[2923]",
        "$RCT2:OBJDATA/ARRT1.DAT[2925]",
        "$RCT2:OBJDATA/ARRT1.DAT[2927]",
        "$RCT2:OBJDATA/ARRT1.DAT[2929]",
        "$RCT2:OBJDATA/ARRT1.DAT[2931]",
        "$RCT2:OBJDATA/ARRT1.DAT[2933]",
        "$RCT2:OBJDATA/ARRT1.DAT[2935]",
        "$RCT2:OBJDATA/ARRT1.DAT[2937]",
        "$RCT2:OBJDATA/ARRT1.DAT[2939]",
        "$RCT2:OBJDATA/ARRT1.DAT[2941]",
        "$RCT2:OBJDATA/ARRT1.DAT[2943]",
        "$RCT2:OBJDATA/ARRT1.DAT[2945]",
        "$RCT2:OBJDATA/ARRT1.DAT[2947]",
        "$RCT2:OBJDATA/ARRT1.DAT[2949]",
        "$RCT2:OBJDATA/ARRT1.DAT[2951]",
        "$RCT2:OBJDATA/ARRT1.DAT[2953]",
        "$RCT2:OBJDATA/ARRT1.DAT[2955]",
        "$RCT2:OBJDATA/ARRT1.DAT[2957]",
        "$RCT2:OBJDATA/ARRT1.DAT[2959]",
        "$RCT2:OBJDATA/ARRT1.DAT[2961]",
        "$RCT2:OBJDATA/ARRT1.DAT[2963]",
        "$RCT2:OBJDATA/ARRT1.DAT[2965]",
        "$RCT2:OBJDATA/ARRT1.DAT[2967]",
        "$RCT2:OBJDATA/ARRT1.DAT[2975]",
        "$RCT2:OBJDATA/ARRT1.DAT[2983]",
        "$RCT2:OBJDATA/ARRT1.DAT[2991]",
        "$RCT2:OBJDATA/ARRT1.DAT[2999]",
        "$RCT2:OBJDATA/ARRT1.DAT[3007]",
        "$RCT2:OBJDATA/ARRT1.DAT[3015]",
        "$RCT2:OBJDATA/ARRT1.DAT[3023]",
        "$RCT2:OBJDATA/ARRT1.DAT[3031]",
        "$RCT2:OBJDATA/ARRT1.DAT[3039]",
        "$RCT2:OBJDATA/ARRT1.DAT[3047]",
        "$RCT2:OBJDATA/ARRT1.DAT[3055]",
        "$RCT2:OBJDATA/ARRT1.DAT[3063]",
        "$RCT2:OBJDATA/ARRT1.DAT[3071]",
        "$RCT2:OBJDATA/ARRT1.DAT[3079]",
        "$RCT2:OBJDATA/ARRT1.DAT[3087]",
        "$RCT2:OBJDATA/ARRT1.DAT[3095..3202]",
        "$RCT2:OBJDATA/ARRT1.DAT[3203]",
        "$RCT2:OBJDATA/ARRT1.DAT[3205]",
        "$RCT2:OBJDATA/ARRT1.DAT[3207]",
        "$RCT2:OBJDATA/ARRT1.DAT[3209]",
        "$RCT2:OBJDATA/ARRT1.DAT[3211]",
        "$RCT2:OBJDATA/ARRT1.DAT[3213]",
        "$RCT2:OBJDATA/ARRT1.DAT[3215]",
        "$RCT2:OBJDATA/ARRT1.DAT[3217]",
        "$RCT2:OBJDATA/ARRT1.DAT[3219]",
        "$RCT2:OBJDATA/ARRT1.DAT[3221]",
        "$RCT2:OBJDATA/ARRT1.DAT[3223]",
        "$RCT2:OBJDATA/ARRT1.DAT[3225]",
        "$RCT2:OBJDATA/ARRT1.DAT[3227]",
        "$RCT2:OBJDATA/ARRT1.DAT[3229]",
        "$RCT2:OBJDATA/ARRT1.DAT[3231]",
        "$RCT2:OBJDATA/ARRT1.DAT[3233]",
        "$RCT2:OBJDATA/ARRT1.DAT[3235..3242]",
        "$RCT2:OBJDATA/ARRT1.DAT[3243]",
        "$RCT2:OBJDATA/ARRT1.DAT[3245]",
        "$RCT2:OBJDATA/ARRT1.DAT[3247]",
        "$RCT2:OBJDATA/ARRT1.DAT[3249]",
        "$RCT2:OBJDATA/ARRT1.DAT[3251]",
        "$RCT2:OBJDATA/ARRT1.DAT[3253]",
        "$RCT2:OBJDATA/ARRT1.DAT[3255]",
        "$RCT2:OBJDATA/ARRT1.DAT[3257]",
        "$RCT2:OBJDATA/ARRT1.DAT[3259]",
        "$RCT2:OBJDATA/ARRT1.DAT[3261]",
        "$RCT2:OBJDATA/ARRT1.DAT[3263]",
        "$RCT2:OBJDATA/ARRT1.DAT[3265]",
        "$RCT2:OBJDATA/ARRT1.DAT[3267]",
        "$RCT2:OBJDATA/ARRT1.DAT[3269]",
        "$RCT2:OBJDATA/ARRT1.DAT[3271]",
        "$RCT2:OBJDATA/ARRT1.DAT[3273]",
        "$RCT2:OBJDATA/ARRT1.DAT[3275]",
        "$RCT2:OBJDATA/ARRT1.DAT[3277]",
        "$RCT2:OBJDATA/ARRT1.DAT[3279]",
        "$RCT2:OBJDATA/ARRT1.DAT[3281]",
        "$RCT2:OBJDATA/ARRT1.DAT[3283]",
        "$RCT2:OBJDATA/ARRT1.DAT[3285]",
        "$RCT2:OBJDATA/ARRT1.DAT[3287]",
        "$RCT2:OBJDATA/ARRT1.DAT[3289]",
        "$RCT2:OBJDATA/ARRT1.DAT[3291]",
        "$RCT2:OBJDATA/ARRT1.DAT[3293]",
        "$RCT2:OBJDATA/ARRT1.DAT[3295]",
        "$RCT2:OBJDATA/ARRT1.DAT[3297]",
        "$RCT2:OBJDATA/ARRT1.DAT[3299]",
        "$RCT2:OBJDATA/ARRT1.DAT[3301]",
        "$RCT2:OBJDATA/ARRT1.DAT[3303]",
        "$RCT2:OBJDATA/ARRT1.DAT[3305]",
        "$RCT2:OBJDATA/ARRT1.DAT[3307..3322]",
        "$RCT2:OBJDATA/ARRT1.DAT[3323]",
        "$RCT2:OBJDATA/ARRT1.DAT[3325]",
        "$RCT2:OBJDATA/ARRT1.DAT[3327]",
        "$RCT2:OBJDATA/ARRT1.DAT[3329]",
        "$RCT2:OBJDATA/ARRT1.DAT[3331]",
        "$RCT2:OBJDATA/ARRT1.DAT[3333]",
        "$RCT2:OBJDATA/ARRT1.DAT[3335]",
        "$RCT2:OBJDATA/ARRT1.DAT[3337]",
        "$RCT2:OBJDATA/ARRT1.DAT[3339]",
        "$RCT2:OBJDATA/ARRT1.DAT[3341]",
        "$RCT2:OBJDATA/ARRT1.DAT[3343]",
        "$RCT2:OBJDATA/ARRT1.DAT[3345]",
        "$RCT2:OBJDATA/ARRT1.DAT[3347]",
        "$RCT2:OBJDATA/ARRT1.DAT[3349]",
        "$RCT2:OBJDATA/ARRT1.DAT[3351]",
        "$RCT2:OBJDATA/ARRT1.DAT[3353]",
        "$RCT2:OBJDATA/ARRT1.DAT[3355]",
        "$RCT2:OBJDATA/ARRT1.DAT[3357]",
        "$RCT2:OBJDATA/ARRT1.DAT[3359]",
        "$RCT2:OBJDATA/ARRT1.DAT[3361]",
        "$RCT2:OBJDATA/ARRT1.DAT[3363]",
        "$RCT2:OBJDATA/ARRT1.DAT[3365]",
        "$RCT2:OBJDATA/ARRT1.DAT[3367]",
        "$RCT2:OBJDATA/ARRT1.DAT[3369]",
        "$RCT2:OBJDATA/ARRT1.DAT[3371]",
        "$RCT2:OBJDATA/ARRT1.DAT[3373]",
        "$RCT2:OBJDATA/ARRT1.DAT[3375]",
        "$RCT2:OBJDATA/ARRT1.DAT[3377]",
        "$RCT2:OBJDATA/ARRT1.DAT[3379]",
        "$RCT2:OBJDATA/ARRT1.DAT[3381]",
        "$RCT2:OBJDATA/ARRT1.DAT[3383]",
        "$RCT2:OBJDATA/ARRT1.DAT[3385]",
        "$RCT2:OBJDATA/ARRT1.DAT[3387..3394]",
        "$RCT2:OBJDATA/ARRT1.DAT[3395]",
        "$RCT2:OBJDATA/ARRT1.DAT[3403]",
        "$RCT2:OBJDATA/ARRT1.DAT[3411]",
        "$RCT2:OBJDATA/ARRT1.DAT[3419]",
        "$RCT2:OBJDATA/ARRT1.DAT[3427]",
        "$RCT2:OBJDATA/ARRT1.DAT[3435]",
        "$RCT2:OBJDATA/ARRT1.DAT[3443]",
        "$RCT2:OBJDATA/ARRT1.DAT[3451]",
        "$RCT2:OBJDATA/ARRT1.DAT[3459..3542]",
        "$RCT2:OBJDATA/ARRT1.DAT[3543]",
        "$RCT2:OBJDATA/ARRT1.DAT[3545]",
        "$RCT2:OBJDATA/ARRT1.DAT[3547]",
        "$RCT2:OBJDATA/ARRT1.DAT[3549]",
        "$RCT2:OBJDATA/ARRT1.DAT[3551]",
        "$RCT2:OBJDATA/ARRT1.DAT[3553]",
        "$RCT2:OBJDATA/ARRT1.DAT[3555]",
        "$RCT2:OBJDATA/ARRT1.DAT[3557]",
        "$RCT2:OBJDATA/ARRT1.DAT[3559]",
        "$RCT2:OBJDATA/ARRT1.DAT[3561]",
        "$RCT2:OBJDATA/ARRT1.DAT[3563]",
        "$RCT2:OBJDATA/ARRT1.DAT[3565]",
        "$RCT2:OBJDATA/ARRT1.DAT[3567]",
        "$RCT2:OBJDATA/ARRT1.DAT[3569]",
        "$RCT2:OBJDATA/ARRT1.DAT[3571]",
        "$RCT2:OBJDATA/ARRT1.DAT[3573]",
        "$RCT2:OBJDATA/ARRT1.DAT[3575]",
        "$RCT2:OBJDATA/ARRT1.DAT[3577]",
        "$RCT2:OBJDATA/ARRT1.DAT[3579]",
        "$RCT2:OBJDATA/ARRT1.DAT[3581]",
        "$RCT2:OBJDATA/ARRT1.DAT[3583]",
        "$RCT2:OBJDATA/ARRT1.DAT[3585]",
        "$RCT2:OBJDATA/ARRT1.DAT[3587]",
        "$RCT2:OBJDATA/ARRT1.DAT[3589]",
        "$RCT2:OBJDATA/ARRT1.DAT[3591]",
        "$RCT2:OBJDATA/ARRT1.DAT[3593]",
        "$RCT2:OBJDATA/ARRT1.DAT[3595]",
        "$RCT2:OBJDATA/ARRT1.DAT[3597]",
        "$RCT2:OBJDATA/ARRT1.DAT[3599]",
        "$RCT2:OBJDATA/ARRT1.DAT[3601]",
        "$RCT2:OBJDATA/ARRT1.DAT[3603]",
        "$RCT2:OBJDATA/ARRT1.DAT[3605]",
        "$RCT2:OBJDATA/ARRT1.DAT[3607]",
        "$RCT2:OBJDATA/ARRT1.DAT[3615]",
        "$RCT2:OBJDATA/ARRT1.DAT[3623]",
        "$RCT2:OBJDATA/ARRT1.DAT[3631]",
        "$RCT2:OBJDATA/ARRT1.DAT[3639]",
        "$RCT2:OBJDATA/ARRT1.DAT[3647]",
        "$RCT2:OBJDATA/ARRT1.DAT[3655]",
        "$RCT2:OBJDATA/ARRT1.DAT[3663]",
        "$RCT2:OBJDATA/ARRT1.DAT[3671]",
        "$RCT2:OBJDATA/ARRT1.DAT[3679]",
        "$RCT2:OBJDATA/ARRT1.DAT[3687]",
        "$RCT2:OBJDATA/ARRT1.DAT[3695]",
        "$RCT2:OBJDATA/ARRT1.DAT[3703]",
        "$RCT2:OBJDATA/ARRT1.DAT[3711]",
        "$RCT2:OBJDATA/ARRT1.DAT[3719]",
        "$RCT2:OBJDATA/ARRT1.DAT[3727]",
        "$RCT2:OBJDATA/ARRT1.DAT[3735..3842]"
    ],
    "strings": {
        "name": {
            "en-GB": "Corkscrew Roller Coaster Trains"
        },
        "description": {
            "en-GB": "Roller coaster trains with shoulder restraints"
        },
        "capacity": {
            "en-GB": "4 passengers per car"
        }
    }
}
