{
    "id": "rct1ll.terrain_surface.wood",
    "authors": [
        "Chris Sawyer",
        "Simon Foster"
    ],
    "version": "1.0",
    "originalId": "0000008B|#RCT1SWO|00000000",
    "sourceGame": "rct1ll",
    "objectType": "terrain_surface",
    "properties": {
        "price": 100,
        "mapColours": [
            108,
            108
        ],
        "special": [
            {
                "rotation": 1,
                "index": 3
            },
            {
                "rotation": 1,
                "grid": true,
                "index": 4
            },
            {
                "rotation": 1,
                "underground": true,
                "index": 5
            },
            {
                "rotation": 3,
                "index": 3
            },
            {
                "rotation": 3,
                "grid": true,
                "index": 4
            },
            {
                "rotation": 3,
                "underground": true,
                "index": 5
            }
        ]
    },
    "images": [
        { "path": "icon.png", "format": "raw", "x": 2, "y": 2 },
        "$CSG[42261..42300]",
        "$CSG[42301..42374]"
    ],
    "noCsgImages": [
        { "path": "icon.png", "format": "raw", "x": 2, "y": 2 },
        "$G1[2485..2541]",
        "$G1[2485..2541]"
    ],
    "strings": {
        "name": {
            "en-GB": "Wood",
            "de-DE": "Holz",
            "nl-NL": "Hout",
            "pt-BR": "Madeira",
            "ja-JP": "木",
            "fr-FR": "Bois",
            "pl-PL": "Drewno",
            "ko-KR": "나무",
            "eo-ZZ": "Ligno",
            "sv-SE": "Trä",
            "ca-ES": "Fusta",
            "fi-FI": "Puu",
            "zh-CN": "木头",
            "ar-EG": "خشب"
        }
    }
}
