{
    "id": "rct1ll.ride.air_powered_trains",
    "authors": [
        "Chris Sawyer",
        "Simon Foster"
    ],
    "version": "1.0",
    "originalId": "00000000|#RCT1APV|00000000",
    "sourceGame": "rct1ll",
    "isCompatibilityObject": true,
    "objectType": "ride",
    "properties": {
        "type": "air_powered_vertical_rc",
        "category": "rollercoaster",
        "limitAirTimeBonus": true,
        "minCarsPerTrain": 5,
        "maxCarsPerTrain": 9,
        "numEmptyCars": 1,
        "tabCar": 1,
        "headCars": 1,
        "carColours": [
            [
                [
                    "bright_red",
                    "bright_yellow",
                    "black"
                ]
            ],
            [
                [
                    "light_blue",
                    "bright_red",
                    "black"
                ]
            ],
            [
                [
                    "yellow",
                    "bright_red",
                    "black"
                ]
            ]
        ],
        "cars": [
            {
                "rotationFrameMask": 15,
                "spacing": 95232,
                "mass": 600,
                "numSeats": 2,
                "numSeatRows": 1,
                "frictionSoundId": 2,
                "soundRange": 0,
                "drawOrder": 8,
                "spriteGroups": {
                    "slopeFlat": 16,
                    "slopes12": 4,
                    "slopes25": 4,
                    "slopes42": 4,
                    "slopes60": 4,
                    "slopes75": 4,
                    "slopes90": 4,
                    "flatBanked22": 4,
                    "flatBanked45": 16,
                    "restraintAnimation": 4
                },
                "hasAdditionalColour1": true,
                "hasScreamingRiders": true,
                "loadingPositions": [
                    3,
                    -3
                ]
            },
            {
                "rotationFrameMask": 15,
                "spacing": 95232,
                "mass": 500,
                "frictionSoundId": 2,
                "soundRange": 0,
                "drawOrder": 8,
                "spriteGroups": {
                    "slopeFlat": 16,
                    "slopes12": 4,
                    "slopes25": 4,
                    "slopes42": 4,
                    "slopes60": 4,
                    "slopes75": 4,
                    "slopes90": 4,
                    "flatBanked22": 4,
                    "flatBanked45": 16
                },
                "hasAdditionalColour1": true,
                "hasScreamingRiders": true
            }
        ],
        "buildMenuPriority": 1
    },
    "images": [
    { "path": "images/preview.png", "format": "raw"},
        "",
        "",
        "$CSG[39745..39768]",
        "$CSG[39769]",
        "$CSG[39773]",
        "$CSG[39777]",
        "$CSG[39781]",
        "$CSG[39785]",
        "$CSG[39789]",
        "$CSG[39793]",
        "$CSG[39797]",
        "$CSG[39801..39808]",
        "$CSG[39809]",
        "$CSG[39813]",
        "$CSG[39817]",
        "$CSG[39821]",
        "$CSG[39825]",
        "$CSG[39829]",
        "$CSG[39833]",
        "$CSG[39837]",
        "$CSG[39841..39896]",
        "$CSG[40005]",
        "$CSG[40008]",
        "$CSG[40011]",
        "$CSG[40014]",
        "$CSG[40006]",
        "$CSG[40009]",
        "$CSG[40012]",
        "$CSG[40015]",
        "$CSG[40007]",
        "$CSG[40010]",
        "$CSG[40013]",
        "$CSG[40016]",
        "$CSG[40017..40040]",
        "$CSG[40041]",
        "$CSG[40045]",
        "$CSG[40049]",
        "$CSG[40053]",
        "$CSG[40057]",
        "$CSG[40061]",
        "$CSG[40065]",
        "$CSG[40069]",
        "$CSG[40073..40080]",
        "$CSG[40081]",
        "$CSG[40085]",
        "$CSG[40089]",
        "$CSG[40093]",
        "$CSG[40097]",
        "$CSG[40101]",
        "$CSG[40105]",
        "$CSG[40109]",
        "$CSG[40113..40168]",
        "$CSG[40277]",
        "$CSG[40280]",
        "$CSG[40283]",
        "$CSG[40286]",
        "$CSG[40278]",
        "$CSG[40281]",
        "$CSG[40284]",
        "$CSG[40287]",
        "$CSG[40279]",
        "$CSG[40282]",
        "$CSG[40285]",
        "$CSG[40288]",
        "$CSG[39485..39508]",
        "$CSG[39509]",
        "$CSG[39513]",
        "$CSG[39517]",
        "$CSG[39521]",
        "$CSG[39525]",
        "$CSG[39529]",
        "$CSG[39533]",
        "$CSG[39537]",
        "$CSG[39541..39548]",
        "$CSG[39549]",
        "$CSG[39553]",
        "$CSG[39557]",
        "$CSG[39561]",
        "$CSG[39565]",
        "$CSG[39569]",
        "$CSG[39573]",
        "$CSG[39577]",
        "$CSG[39581..39636]"
    ],
    "strings": {
        "name": {
            "en-GB": "Air Powered Vertical Coaster Trains",
            "fr-FR": "Voiture propulsée dans les airs",
            "de-DE": "Luftbetriebene Vertikalbahnzüge",
            "es-ES": "Montaña Rusa Vertical de Aire",
            "it-IT": "Corsa verticale ad aria",
            "nl-NL": "Trein voor luchtaangedreven verticale achtbaan",
            "sv-SE": "Vagnar för tryckluftsdriven vertikal bana",
            "ko-KR": "에어 파워드 버티컬 코스터 차량",
            "zh-CN": "气压式垂直过山车",
            "zh-TW": "氣壓式垂直飛車",
            "pt-BR": "Trens Montanha Vertical de Propulsão Hidráulica",
            "cs-CZ": "Svislá dráha na stlačený vzduch",
            "ja-JP": "エアーパワード・バーティカル・コースター",
            "pl-PL": "Pneumatyczna kolejka pionowa",
            "ru-RU": "Воздушные горки",
            "eo-ZZ": "Trajnoj de Aerofunkciigita Vertikala Onda Fervojo"
        },
        "description": {
            "en-GB": "Air-powered launched roller coaster trains",
            "fr-FR": "Après avoir été propulsé dans les airs, le train accélère sur une voie verticale, passe le sommet, et retombe de l'autre côté en direction de la station",
            "de-DE": "Achterbahnzüge, die luftbetrieben gestartet werden",
            "es-ES": "Tras un excitante lanzamiento el vagón corre por una vía vertical hasta el tope y baja vertical por el otro lado",
            "it-IT": "Dopo un esilarante lancio effettuato sfruttando l'aria, il treno accelera lungo una salita verticale, supera la cima e scende per un pendio verticale per tornare infine alla stazione",
            "nl-NL": "Na een enerverende pneumatische lancering rijdt de trein met hogere snelheid over een verticale baan, over de top, en vervolgens over de andere kant weer naar beneden om terug te keren naar het station.",
            "sv-SE": "Vagnar för luftdriven vertikal bana",
            "ko-KR": "아주 짜릿한 공기 압축 방식으로 발진하여 차량이 수직 트랙을 향해 속력을 높인 뒤, 꼭대기에 다다르면 다시 수직으로 하강하며 다시 탑승장에 도착하는 놀이기구",
            "zh-CN": "在令人振奋的气压式发射後,列车冲向垂直轨道,并垂直下冲到另一侧再回到车站",
            "zh-TW": "在令人振奮的氣壓式發射後,列車衝向垂直軌道,並垂直下衝到另一側再回到車站",
            "pt-BR": "Vagões para montanhas-russas com propulsão a ar",
            "cs-CZ": "Po mocném startu na stlačený vzduch se vozy rozjedou po svislé dráze, přes vrchol a svisle dolů zpět do stanice",
            "ja-JP": "空気圧で勢いよく発進した後、コースを垂直に駆け上り、また反対側を駆け下りて発着所に戻ってくるコースターです",
            "pl-PL": "Po rozrywkowym starcie z wyrzutni pneumatycznej wagoniki wjeżdżają po pionowym torze, po czym wykonują pionowy zjazd w dół, z powrotem do stacji",
            "ru-RU": "После воздушного запуска поезд устремляется на вертикальный трек и затем падает с другой стороны и возвращается на станцию.",
            "eo-ZZ": "Trajnoj de onda fervojo lanĉitaj per aero"
        },
        "capacity": {
            "en-GB": "2 passengers per car",
            "fr-FR": "2 passagers par voiture",
            "de-DE": "2 Fahrgäste pro Wagen",
            "es-ES": "2 pasajeros por vagón",
            "it-IT": "2 passeggeri a carrozza",
            "nl-NL": "2 passagiers per karretje",
            "sv-SE": "2 passagerare per vagn",
            "ko-KR": "차량당 2명의 승객",
            "zh-CN": "2 位乘客/每个车厢",
            "zh-TW": "2 位乘客/每個車廂",
            "pt-BR": "2 passageiros por vagão",
            "cs-CZ": "2 místa v každém vozu",
            "ja-JP": "各車両2名",
            "pl-PL": "2 pasażerów na wagonik",
            "ru-RU": "2 пассажира",
            "eo-ZZ": "Po 2 pasaĝeroj por ĉaro"
        }
    },
    "noCsgImages": [
    { "path": "images/preview.png", "format": "raw"},
        "",
        "",
        "$RCT2:OBJDATA/THCAR.DAT[3]",
        "$RCT2:OBJDATA/THCAR.DAT[5]",
        "$RCT2:OBJDATA/THCAR.DAT[7]",
        "$RCT2:OBJDATA/THCAR.DAT[9]",
        "$RCT2:OBJDATA/THCAR.DAT[11]",
        "$RCT2:OBJDATA/THCAR.DAT[13]",
        "$RCT2:OBJDATA/THCAR.DAT[15]",
        "$RCT2:OBJDATA/THCAR.DAT[17]",
        "$RCT2:OBJDATA/THCAR.DAT[19]",
        "$RCT2:OBJDATA/THCAR.DAT[21]",
        "$RCT2:OBJDATA/THCAR.DAT[23]",
        "$RCT2:OBJDATA/THCAR.DAT[25]",
        "$RCT2:OBJDATA/THCAR.DAT[27]",
        "$RCT2:OBJDATA/THCAR.DAT[29]",
        "$RCT2:OBJDATA/THCAR.DAT[31]",
        "$RCT2:OBJDATA/THCAR.DAT[33]",
        "$RCT2:OBJDATA/THCAR.DAT[35..43]",
        "$RCT2:OBJDATA/THCAR.DAT[51]",
        "$RCT2:OBJDATA/THCAR.DAT[59]",
        "$RCT2:OBJDATA/THCAR.DAT[67]",
        "$RCT2:OBJDATA/THCAR.DAT[75]",
        "$RCT2:OBJDATA/THCAR.DAT[83]",
        "$RCT2:OBJDATA/THCAR.DAT[91]",
        "$RCT2:OBJDATA/THCAR.DAT[99]",
        "$RCT2:OBJDATA/THCAR.DAT[107]",
        "$RCT2:OBJDATA/THCAR.DAT[109]",
        "$RCT2:OBJDATA/THCAR.DAT[111]",
        "$RCT2:OBJDATA/THCAR.DAT[113]",
        "$RCT2:OBJDATA/THCAR.DAT[115]",
        "$RCT2:OBJDATA/THCAR.DAT[117]",
        "$RCT2:OBJDATA/THCAR.DAT[119]",
        "$RCT2:OBJDATA/THCAR.DAT[121]",
        "$RCT2:OBJDATA/THCAR.DAT[123]",
        "$RCT2:OBJDATA/THCAR.DAT[131]",
        "$RCT2:OBJDATA/THCAR.DAT[139]",
        "$RCT2:OBJDATA/THCAR.DAT[147]",
        "$RCT2:OBJDATA/THCAR.DAT[155]",
        "$RCT2:OBJDATA/THCAR.DAT[163]",
        "$RCT2:OBJDATA/THCAR.DAT[171]",
        "$RCT2:OBJDATA/THCAR.DAT[179]",
        "$RCT2:OBJDATA/THCAR.DAT[187..195]",
        "$RCT2:OBJDATA/THCAR.DAT[203]",
        "$RCT2:OBJDATA/THCAR.DAT[211]",
        "$RCT2:OBJDATA/THCAR.DAT[219]",
        "$RCT2:OBJDATA/THCAR.DAT[227]",
        "$RCT2:OBJDATA/THCAR.DAT[235]",
        "$RCT2:OBJDATA/THCAR.DAT[243]",
        "$RCT2:OBJDATA/THCAR.DAT[251]",
        "$RCT2:OBJDATA/THCAR.DAT[303]",
        "$RCT2:OBJDATA/THCAR.DAT[305]",
        "$RCT2:OBJDATA/THCAR.DAT[307]",
        "$RCT2:OBJDATA/THCAR.DAT[309]",
        "$RCT2:OBJDATA/THCAR.DAT[311]",
        "$RCT2:OBJDATA/THCAR.DAT[313]",
        "$RCT2:OBJDATA/THCAR.DAT[315]",
        "$RCT2:OBJDATA/THCAR.DAT[317]",
        "$RCT2:OBJDATA/THCAR.DAT[319]",
        "$RCT2:OBJDATA/THCAR.DAT[321]",
        "$RCT2:OBJDATA/THCAR.DAT[323]",
        "$RCT2:OBJDATA/THCAR.DAT[325]",
        "$RCT2:OBJDATA/THCAR.DAT[327]",
        "$RCT2:OBJDATA/THCAR.DAT[329]",
        "$RCT2:OBJDATA/THCAR.DAT[331]",
        "$RCT2:OBJDATA/THCAR.DAT[333]",
        "$RCT2:OBJDATA/THCAR.DAT[335]",
        "$RCT2:OBJDATA/THCAR.DAT[337]",
        "$RCT2:OBJDATA/THCAR.DAT[339]",
        "$RCT2:OBJDATA/THCAR.DAT[341]",
        "$RCT2:OBJDATA/THCAR.DAT[343]",
        "$RCT2:OBJDATA/THCAR.DAT[345]",
        "$RCT2:OBJDATA/THCAR.DAT[347]",
        "$RCT2:OBJDATA/THCAR.DAT[349]",
        "$RCT2:OBJDATA/THCAR.DAT[351]",
        "$RCT2:OBJDATA/THCAR.DAT[353]",
        "$RCT2:OBJDATA/THCAR.DAT[355]",
        "$RCT2:OBJDATA/THCAR.DAT[357]",
        "$RCT2:OBJDATA/THCAR.DAT[359]",
        "$RCT2:OBJDATA/THCAR.DAT[361]",
        "$RCT2:OBJDATA/THCAR.DAT[363]",
        "$RCT2:OBJDATA/THCAR.DAT[365]",
        "$RCT2:OBJDATA/THCAR.DAT[367]",
        "$RCT2:OBJDATA/THCAR.DAT[369]",
        "$RCT2:OBJDATA/THCAR.DAT[371]",
        "$RCT2:OBJDATA/THCAR.DAT[373]",
        "$RCT2:OBJDATA/THCAR.DAT[375]",
        "$RCT2:OBJDATA/THCAR.DAT[377]",
        "$RCT2:OBJDATA/THCAR.DAT[379]",
        "$RCT2:OBJDATA/THCAR.DAT[381]",
        "$RCT2:OBJDATA/THCAR.DAT[383..395]",
        "$RCT2:OBJDATA/THCAR.DAT[397]",
        "$RCT2:OBJDATA/THCAR.DAT[399]",
        "$RCT2:OBJDATA/THCAR.DAT[401]",
        "$RCT2:OBJDATA/THCAR.DAT[403]",
        "$RCT2:OBJDATA/THCAR.DAT[405]",
        "$RCT2:OBJDATA/THCAR.DAT[407]",
        "$RCT2:OBJDATA/THCAR.DAT[409]",
        "$RCT2:OBJDATA/THCAR.DAT[411]",
        "$RCT2:OBJDATA/THCAR.DAT[413]",
        "$RCT2:OBJDATA/THCAR.DAT[415]",
        "$RCT2:OBJDATA/THCAR.DAT[417]",
        "$RCT2:OBJDATA/THCAR.DAT[419]",
        "$RCT2:OBJDATA/THCAR.DAT[421]",
        "$RCT2:OBJDATA/THCAR.DAT[423]",
        "$RCT2:OBJDATA/THCAR.DAT[425]",
        "$RCT2:OBJDATA/THCAR.DAT[427..435]",
        "$RCT2:OBJDATA/THCAR.DAT[443]",
        "$RCT2:OBJDATA/THCAR.DAT[451]",
        "$RCT2:OBJDATA/THCAR.DAT[459]",
        "$RCT2:OBJDATA/THCAR.DAT[467]",
        "$RCT2:OBJDATA/THCAR.DAT[475]",
        "$RCT2:OBJDATA/THCAR.DAT[483]",
        "$RCT2:OBJDATA/THCAR.DAT[491]",
        "$RCT2:OBJDATA/THCAR.DAT[499]",
        "$RCT2:OBJDATA/THCAR.DAT[501]",
        "$RCT2:OBJDATA/THCAR.DAT[503]",
        "$RCT2:OBJDATA/THCAR.DAT[505]",
        "$RCT2:OBJDATA/THCAR.DAT[507]",
        "$RCT2:OBJDATA/THCAR.DAT[509]",
        "$RCT2:OBJDATA/THCAR.DAT[511]",
        "$RCT2:OBJDATA/THCAR.DAT[513]",
        "$RCT2:OBJDATA/THCAR.DAT[515]",
        "$RCT2:OBJDATA/THCAR.DAT[523]",
        "$RCT2:OBJDATA/THCAR.DAT[531]",
        "$RCT2:OBJDATA/THCAR.DAT[539]",
        "$RCT2:OBJDATA/THCAR.DAT[547]",
        "$RCT2:OBJDATA/THCAR.DAT[555]",
        "$RCT2:OBJDATA/THCAR.DAT[563]",
        "$RCT2:OBJDATA/THCAR.DAT[571]",
        "$RCT2:OBJDATA/THCAR.DAT[579..587]",
        "$RCT2:OBJDATA/THCAR.DAT[595]",
        "$RCT2:OBJDATA/THCAR.DAT[603]",
        "$RCT2:OBJDATA/THCAR.DAT[611]",
        "$RCT2:OBJDATA/THCAR.DAT[619]",
        "$RCT2:OBJDATA/THCAR.DAT[627]",
        "$RCT2:OBJDATA/THCAR.DAT[635]",
        "$RCT2:OBJDATA/THCAR.DAT[643]",
        "$RCT2:OBJDATA/THCAR.DAT[695]",
        "$RCT2:OBJDATA/THCAR.DAT[697]",
        "$RCT2:OBJDATA/THCAR.DAT[699]",
        "$RCT2:OBJDATA/THCAR.DAT[701]",
        "$RCT2:OBJDATA/THCAR.DAT[703]",
        "$RCT2:OBJDATA/THCAR.DAT[705]",
        "$RCT2:OBJDATA/THCAR.DAT[707]",
        "$RCT2:OBJDATA/THCAR.DAT[709]",
        "$RCT2:OBJDATA/THCAR.DAT[711]",
        "$RCT2:OBJDATA/THCAR.DAT[713]",
        "$RCT2:OBJDATA/THCAR.DAT[715]",
        "$RCT2:OBJDATA/THCAR.DAT[717]",
        "$RCT2:OBJDATA/THCAR.DAT[719]",
        "$RCT2:OBJDATA/THCAR.DAT[721]",
        "$RCT2:OBJDATA/THCAR.DAT[723]",
        "$RCT2:OBJDATA/THCAR.DAT[725]",
        "$RCT2:OBJDATA/THCAR.DAT[727]",
        "$RCT2:OBJDATA/THCAR.DAT[729]",
        "$RCT2:OBJDATA/THCAR.DAT[731]",
        "$RCT2:OBJDATA/THCAR.DAT[733]",
        "$RCT2:OBJDATA/THCAR.DAT[735]",
        "$RCT2:OBJDATA/THCAR.DAT[737]",
        "$RCT2:OBJDATA/THCAR.DAT[739]",
        "$RCT2:OBJDATA/THCAR.DAT[741]",
        "$RCT2:OBJDATA/THCAR.DAT[743]",
        "$RCT2:OBJDATA/THCAR.DAT[745]",
        "$RCT2:OBJDATA/THCAR.DAT[747]",
        "$RCT2:OBJDATA/THCAR.DAT[749]",
        "$RCT2:OBJDATA/THCAR.DAT[751]",
        "$RCT2:OBJDATA/THCAR.DAT[753]",
        "$RCT2:OBJDATA/THCAR.DAT[755]",
        "$RCT2:OBJDATA/THCAR.DAT[757]",
        "$RCT2:OBJDATA/THCAR.DAT[759]",
        "$RCT2:OBJDATA/THCAR.DAT[761]",
        "$RCT2:OBJDATA/THCAR.DAT[763]",
        "$RCT2:OBJDATA/THCAR.DAT[765]",
        "$RCT2:OBJDATA/THCAR.DAT[767]",
        "$RCT2:OBJDATA/THCAR.DAT[769]",
        "$RCT2:OBJDATA/THCAR.DAT[771]",
        "$RCT2:OBJDATA/THCAR.DAT[773]",
        "$RCT2:OBJDATA/THCAR.DAT[775..787]",
        "$RCT2:OBJDATA/THCAR.DAT[789]",
        "$RCT2:OBJDATA/THCAR.DAT[791]",
        "$RCT2:OBJDATA/THCAR.DAT[793]",
        "$RCT2:OBJDATA/THCAR.DAT[795]",
        "$RCT2:OBJDATA/THCAR.DAT[797]",
        "$RCT2:OBJDATA/THCAR.DAT[799]",
        "$RCT2:OBJDATA/THCAR.DAT[801]",
        "$RCT2:OBJDATA/THCAR.DAT[803]",
        "$RCT2:OBJDATA/THCAR.DAT[805]",
        "$RCT2:OBJDATA/THCAR.DAT[807]",
        "$RCT2:OBJDATA/THCAR.DAT[809]",
        "$RCT2:OBJDATA/THCAR.DAT[811]",
        "$RCT2:OBJDATA/THCAR.DAT[813]",
        "$RCT2:OBJDATA/THCAR.DAT[815]",
        "$RCT2:OBJDATA/THCAR.DAT[817]",
        "$RCT2:OBJDATA/THCAR.DAT[819..827]",
        "$RCT2:OBJDATA/THCAR.DAT[835]",
        "$RCT2:OBJDATA/THCAR.DAT[843]",
        "$RCT2:OBJDATA/THCAR.DAT[851]",
        "$RCT2:OBJDATA/THCAR.DAT[859]",
        "$RCT2:OBJDATA/THCAR.DAT[867]",
        "$RCT2:OBJDATA/THCAR.DAT[875]",
        "$RCT2:OBJDATA/THCAR.DAT[883]",
        "$RCT2:OBJDATA/THCAR.DAT[891]",
        "$RCT2:OBJDATA/THCAR.DAT[893]",
        "$RCT2:OBJDATA/THCAR.DAT[895]",
        "$RCT2:OBJDATA/THCAR.DAT[897]",
        "$RCT2:OBJDATA/THCAR.DAT[899]",
        "$RCT2:OBJDATA/THCAR.DAT[901]",
        "$RCT2:OBJDATA/THCAR.DAT[903]",
        "$RCT2:OBJDATA/THCAR.DAT[905]",
        "$RCT2:OBJDATA/THCAR.DAT[907]",
        "$RCT2:OBJDATA/THCAR.DAT[915]",
        "$RCT2:OBJDATA/THCAR.DAT[923]",
        "$RCT2:OBJDATA/THCAR.DAT[931]",
        "$RCT2:OBJDATA/THCAR.DAT[939]",
        "$RCT2:OBJDATA/THCAR.DAT[947]",
        "$RCT2:OBJDATA/THCAR.DAT[955]",
        "$RCT2:OBJDATA/THCAR.DAT[963]",
        "$RCT2:OBJDATA/THCAR.DAT[971..979]",
        "$RCT2:OBJDATA/THCAR.DAT[987]",
        "$RCT2:OBJDATA/THCAR.DAT[995]",
        "$RCT2:OBJDATA/THCAR.DAT[1003]",
        "$RCT2:OBJDATA/THCAR.DAT[1011]",
        "$RCT2:OBJDATA/THCAR.DAT[1019]",
        "$RCT2:OBJDATA/THCAR.DAT[1027]",
        "$RCT2:OBJDATA/THCAR.DAT[1035]",
        "$RCT2:OBJDATA/THCAR.DAT[1087]",
        "$RCT2:OBJDATA/THCAR.DAT[1089]",
        "$RCT2:OBJDATA/THCAR.DAT[1091]",
        "$RCT2:OBJDATA/THCAR.DAT[1093]",
        "$RCT2:OBJDATA/THCAR.DAT[1095]",
        "$RCT2:OBJDATA/THCAR.DAT[1097]",
        "$RCT2:OBJDATA/THCAR.DAT[1099]",
        "$RCT2:OBJDATA/THCAR.DAT[1101]",
        "$RCT2:OBJDATA/THCAR.DAT[1103]",
        "$RCT2:OBJDATA/THCAR.DAT[1105]",
        "$RCT2:OBJDATA/THCAR.DAT[1107]",
        "$RCT2:OBJDATA/THCAR.DAT[1109]",
        "$RCT2:OBJDATA/THCAR.DAT[1111]",
        "$RCT2:OBJDATA/THCAR.DAT[1113]",
        "$RCT2:OBJDATA/THCAR.DAT[1115]",
        "$RCT2:OBJDATA/THCAR.DAT[1117]",
        "$RCT2:OBJDATA/THCAR.DAT[1119]",
        "$RCT2:OBJDATA/THCAR.DAT[1121]",
        "$RCT2:OBJDATA/THCAR.DAT[1123]",
        "$RCT2:OBJDATA/THCAR.DAT[1125]",
        "$RCT2:OBJDATA/THCAR.DAT[1127]",
        "$RCT2:OBJDATA/THCAR.DAT[1129]",
        "$RCT2:OBJDATA/THCAR.DAT[1131]",
        "$RCT2:OBJDATA/THCAR.DAT[1133]",
        "$RCT2:OBJDATA/THCAR.DAT[1135]",
        "$RCT2:OBJDATA/THCAR.DAT[1137]",
        "$RCT2:OBJDATA/THCAR.DAT[1139]",
        "$RCT2:OBJDATA/THCAR.DAT[1141]",
        "$RCT2:OBJDATA/THCAR.DAT[1143]",
        "$RCT2:OBJDATA/THCAR.DAT[1145]",
        "$RCT2:OBJDATA/THCAR.DAT[1147]",
        "$RCT2:OBJDATA/THCAR.DAT[1149]",
        "$RCT2:OBJDATA/THCAR.DAT[1151]",
        "$RCT2:OBJDATA/THCAR.DAT[1153]",
        "$RCT2:OBJDATA/THCAR.DAT[1155]",
        "$RCT2:OBJDATA/THCAR.DAT[1157]",
        "$RCT2:OBJDATA/THCAR.DAT[1159]",
        "$RCT2:OBJDATA/THCAR.DAT[1161]",
        "$RCT2:OBJDATA/THCAR.DAT[1163]",
        "$RCT2:OBJDATA/THCAR.DAT[1165]"
    ]
}
