{
    "id": "rct1.ride.reverse_freefall_car",
    "authors": [
        "Chris Sawyer",
        "Simon Foster"
    ],
    "version": "1.0",
    "originalId": "00000000|#RCT1RVF|00000000",
    "sourceGame": "rct1",
    "isCompatibilityObject": true,
    "objectType": "ride",
    "properties": {
        "type": "reverse_freefall_rc",
        "category": "rollercoaster",
        "tabScale": 0.5,
        "carsPerFlatRide": 1,
        "carColours": [
            [
                [
                    "bright_red",
                    "grey",
                    "black"
                ]
            ],
            [
                [
                    "yellow",
                    "bordeaux_red",
                    "black"
                ]
            ],
            [
                [
                    "bright_purple",
                    "yellow",
                    "black"
                ]
            ]
        ],
        "cars": {
            "rotationFrameMask": 15,
            "spacing": 348160,
            "mass": 5500,
            "numSeats": 8,
            "numSeatRows": 4,
            "frictionSoundId": 2,
            "soundRange": 0,
            "drawOrder": 5,
            "spriteGroups": {
                "slopeFlat": 16,
                "slopes12": 4,
                "slopes25": 4,
                "slopes42": 4,
                "slopes60": 4,
                "slopes75": 4,
                "slopes90": 4,
                "restraintAnimation": 4
            },
            "hasAdditionalColour1": true,
            "hasScreamingRiders": true,
            "loadingPositions": [
                7,
                5,
                2,
                0,
                -5,
                -7,
                -6,
                1
            ]
        },
        "buildMenuPriority": 1
    },
    "images": [
        { "path": "images/preview.png", "format": "raw" },
        "",
        "",
        "$CSG[37913..37928]",
        "$CSG[37929]",
        "$CSG[37935]",
        "$CSG[37941]",
        "$CSG[37947]",
        "$CSG[37913]",
        "$CSG[37917]",
        "$CSG[37921]",
        "$CSG[37925]",
        "$CSG[37930]",
        "$CSG[37936]",
        "$CSG[37942]",
        "$CSG[37948]",
        "$CSG[37913]",
        "$CSG[37917]",
        "$CSG[37921]",
        "$CSG[37925]",
        "$CSG[37931]",
        "$CSG[37937]",
        "$CSG[37943]",
        "$CSG[37949]",
        "$CSG[37913]",
        "$CSG[37917]",
        "$CSG[37921]",
        "$CSG[37925]",
        "$CSG[37932]",
        "$CSG[37938]",
        "$CSG[37944]",
        "$CSG[37950]",
        "$CSG[37913]",
        "$CSG[37917]",
        "$CSG[37921]",
        "$CSG[37925]",
        "$CSG[37933]",
        "$CSG[37939]",
        "$CSG[37945]",
        "$CSG[37951]",
        "$CSG[37913]",
        "$CSG[37917]",
        "$CSG[37921]",
        "$CSG[37925]",
        "$CSG[37934]",
        "$CSG[37940]",
        "$CSG[37946]",
        "$CSG[37952]",
        "$CSG[37913]",
        "$CSG[37917]",
        "$CSG[37921]",
        "$CSG[37925]",
        "$CSG[37953]",
        "$CSG[37956]",
        "$CSG[37959]",
        "$CSG[37962]",
        "$CSG[37954]",
        "$CSG[37957]",
        "$CSG[37960]",
        "$CSG[37963]",
        "$CSG[37955]",
        "$CSG[37958]",
        "$CSG[37961]",
        "$CSG[37964]",
        "$CSG[37965..37980]",
        "$CSG[37981]",
        "$CSG[37987]",
        "$CSG[37993]",
        "$CSG[37999]",
        "$CSG[37965]",
        "$CSG[37969]",
        "$CSG[37973]",
        "$CSG[37977]",
        "$CSG[37982]",
        "$CSG[37988]",
        "$CSG[37994]",
        "$CSG[38000]",
        "$CSG[37965]",
        "$CSG[37969]",
        "$CSG[37973]",
        "$CSG[37977]",
        "$CSG[37983]",
        "$CSG[37989]",
        "$CSG[37995]",
        "$CSG[38001]",
        "$CSG[37965]",
        "$CSG[37969]",
        "$CSG[37973]",
        "$CSG[37977]",
        "$CSG[37984]",
        "$CSG[37990]",
        "$CSG[37996]",
        "$CSG[38002]",
        "$CSG[37965]",
        "$CSG[37969]",
        "$CSG[37973]",
        "$CSG[37977]",
        "$CSG[37985]",
        "$CSG[37991]",
        "$CSG[37997]",
        "$CSG[38003]",
        "$CSG[37965]",
        "$CSG[37969]",
        "$CSG[37973]",
        "$CSG[37977]",
        "$CSG[37986]",
        "$CSG[37992]",
        "$CSG[37998]",
        "$CSG[38004]",
        "$CSG[37965]",
        "$CSG[37969]",
        "$CSG[37973]",
        "$CSG[37977]",
        "$CSG[38005]",
        "$CSG[38008]",
        "$CSG[38011]",
        "$CSG[38014]",
        "$CSG[38006]",
        "$CSG[38009]",
        "$CSG[38012]",
        "$CSG[38015]",
        "$CSG[38007]",
        "$CSG[38010]",
        "$CSG[38013]",
        "$CSG[38016]",
        "$CSG[38017..38032]",
        "$CSG[38033]",
        "$CSG[38039]",
        "$CSG[38045]",
        "$CSG[38051]",
        "$CSG[38017]",
        "$CSG[38021]",
        "$CSG[38025]",
        "$CSG[38029]",
        "$CSG[38034]",
        "$CSG[38040]",
        "$CSG[38046]",
        "$CSG[38052]",
        "$CSG[38017]",
        "$CSG[38021]",
        "$CSG[38025]",
        "$CSG[38029]",
        "$CSG[38035]",
        "$CSG[38041]",
        "$CSG[38047]",
        "$CSG[38053]",
        "$CSG[38017]",
        "$CSG[38021]",
        "$CSG[38025]",
        "$CSG[38029]",
        "$CSG[38036]",
        "$CSG[38042]",
        "$CSG[38048]",
        "$CSG[38054]",
        "$CSG[38017]",
        "$CSG[38021]",
        "$CSG[38025]",
        "$CSG[38029]",
        "$CSG[38037]",
        "$CSG[38043]",
        "$CSG[38049]",
        "$CSG[38055]",
        "$CSG[38017]",
        "$CSG[38021]",
        "$CSG[38025]",
        "$CSG[38029]",
        "$CSG[38038]",
        "$CSG[38044]",
        "$CSG[38050]",
        "$CSG[38056]",
        "$CSG[38017]",
        "$CSG[38021]",
        "$CSG[38025]",
        "$CSG[38029]",
        "$CSG[38057]",
        "$CSG[38060]",
        "$CSG[38063]",
        "$CSG[38066]",
        "$CSG[38058]",
        "$CSG[38061]",
        "$CSG[38064]",
        "$CSG[38067]",
        "$CSG[38059]",
        "$CSG[38062]",
        "$CSG[38065]",
        "$CSG[38068]",
        "$CSG[38069..38084]",
        "$CSG[38085]",
        "$CSG[38091]",
        "$CSG[38097]",
        "$CSG[38103]",
        "$CSG[38069]",
        "$CSG[38073]",
        "$CSG[38077]",
        "$CSG[38081]",
        "$CSG[38086]",
        "$CSG[38092]",
        "$CSG[38098]",
        "$CSG[38104]",
        "$CSG[38069]",
        "$CSG[38073]",
        "$CSG[38077]",
        "$CSG[38081]",
        "$CSG[38087]",
        "$CSG[38093]",
        "$CSG[38099]",
        "$CSG[38105]",
        "$CSG[38069]",
        "$CSG[38073]",
        "$CSG[38077]",
        "$CSG[38081]",
        "$CSG[38088]",
        "$CSG[38094]",
        "$CSG[38100]",
        "$CSG[38106]",
        "$CSG[38069]",
        "$CSG[38073]",
        "$CSG[38077]",
        "$CSG[38081]",
        "$CSG[38089]",
        "$CSG[38095]",
        "$CSG[38101]",
        "$CSG[38107]",
        "$CSG[38069]",
        "$CSG[38073]",
        "$CSG[38077]",
        "$CSG[38081]",
        "$CSG[38090]",
        "$CSG[38096]",
        "$CSG[38102]",
        "$CSG[38108]",
        "$CSG[38069]",
        "$CSG[38073]",
        "$CSG[38077]",
        "$CSG[38081]",
        "$CSG[38109]",
        "$CSG[38112]",
        "$CSG[38115]",
        "$CSG[38118]",
        "$CSG[38110]",
        "$CSG[38113]",
        "$CSG[38116]",
        "$CSG[38119]",
        "$CSG[38111]",
        "$CSG[38114]",
        "$CSG[38117]",
        "$CSG[38120]",
        "$CSG[38121..38136]",
        "$CSG[38137]",
        "$CSG[38143]",
        "$CSG[38149]",
        "$CSG[38155]",
        "$CSG[38121]",
        "$CSG[38125]",
        "$CSG[38129]",
        "$CSG[38133]",
        "$CSG[38138]",
        "$CSG[38144]",
        "$CSG[38150]",
        "$CSG[38156]",
        "$CSG[38121]",
        "$CSG[38125]",
        "$CSG[38129]",
        "$CSG[38133]",
        "$CSG[38139]",
        "$CSG[38145]",
        "$CSG[38151]",
        "$CSG[38157]",
        "$CSG[38121]",
        "$CSG[38125]",
        "$CSG[38129]",
        "$CSG[38133]",
        "$CSG[38140]",
        "$CSG[38146]",
        "$CSG[38152]",
        "$CSG[38158]",
        "$CSG[38121]",
        "$CSG[38125]",
        "$CSG[38129]",
        "$CSG[38133]",
        "$CSG[38141]",
        "$CSG[38147]",
        "$CSG[38153]",
        "$CSG[38159]",
        "$CSG[38121]",
        "$CSG[38125]",
        "$CSG[38129]",
        "$CSG[38133]",
        "$CSG[38142]",
        "$CSG[38148]",
        "$CSG[38154]",
        "$CSG[38160]",
        "$CSG[38121]",
        "$CSG[38125]",
        "$CSG[38129]",
        "$CSG[38133]",
        "$CSG[38161]",
        "$CSG[38164]",
        "$CSG[38167]",
        "$CSG[38170]",
        "$CSG[38162]",
        "$CSG[38165]",
        "$CSG[38168]",
        "$CSG[38171]",
        "$CSG[38163]",
        "$CSG[38166]",
        "$CSG[38169]",
        "$CSG[38172]"
    ],
    "strings": {
        "name": {
            "en-GB": "Reverse Freefall Car",
            "fr-FR": "Voiture CLR",
            "de-DE": "Umgekehrter Freefall-Wagen",
            "es-ES": "Coche Caída Libre Inversa",
            "it-IT": "Carr. a caduta libera rovesciata",
            "nl-NL": "Wagen voor achterwaartse vrije val",
            "sv-SE": "Omvänt fritt fall-vagn",
            "ko-KR": "역방향 자유낙하 차량",
            "zh-CN": "倒退式自由落体",
            "zh-TW": "倒退式自由落體",
            "pt-BR": "Carro de Queda Livre Reversa",
            "cs-CZ": "Volný pád pozpátku",
            "ja-JP": "逆向きフリーフォールカー",
            "pl-PL": "Wagonik",
            "ru-RU": "Обратный вагончик",
            "eo-ZZ": "Ĉaro de Onda Fervojo kun Dorsantaŭa Libera Falo"
        },
        "description": {
            "en-GB": "Large coaster car for the Reverse Freefall Coaster",
            "fr-FR": "Voiture destinée à la Chute libre renversée",
            "de-DE": "Großer Wagen für die umgekehrte Freefall-Bahn",
            "es-ES": "Montaña Rusa Invertida",
            "it-IT": "Grande carrozza usata nell'ottovolante a caduta libera rovesciata",
            "nl-NL": "Grote wagen voor de achterwaartstevrijevalachtbaan.",
            "sv-SE": "Stor vagn för bakvänd fritt fall-bana",
            "ko-KR": "역방향 자유낙하 코스터를 위한 대형 코스터 차량",
            "zh-CN": "大型的车辆是倒退式自由落体设施",
            "zh-TW": "大型的車輛是倒退式自由落體設施",
            "pt-BR": "Grande carro de montanha-russa para a Queda Livre Reversa",
            "cs-CZ": "Velká dráha s vozem pro volný pád pozpátku",
            "ja-JP": "逆向きフリーフォールのある、大型コースターです",
            "pl-PL": "Duży wagonik dla kolejki o swobodnym spadku",
            "ru-RU": "Большой вагончик для реверсивных горок",
            "eo-ZZ": "Granda ĉaro de onda fervojo por la Onda Fervojo kun Dorsantaŭa Libera Falo"
        },
        "capacity": {
            "en-GB": "8 passengers",
            "fr-FR": "8 passagers",
            "de-DE": "8 Fahrgäste",
            "es-ES": "8 pasajeros",
            "it-IT": "8 passeggeri",
            "nl-NL": "8 passagiers",
            "sv-SE": "8 passagerare",
            "ko-KR": "승객 8명",
            "zh-CN": "8 位乘客",
            "zh-TW": "8 位乘客",
            "pt-BR": "8 passageiros",
            "cs-CZ": "8 návštěvníků",
            "ja-JP": "各車両8名",
            "pl-PL": "8 pasażerów",
            "ru-RU": "8 пассажиров",
            "eo-ZZ": "8 pasaĝeroj"
        }
    },
    "noCsgImages": [
        { "path": "images/preview.png", "format": "raw" },
        "",
        "",
        "$RCT2:OBJDATA/REVF1.DAT[3]",
        "$RCT2:OBJDATA/REVF1.DAT[5]",
        "$RCT2:OBJDATA/REVF1.DAT[7]",
        "$RCT2:OBJDATA/REVF1.DAT[9]",
        "$RCT2:OBJDATA/REVF1.DAT[11]",
        "$RCT2:OBJDATA/REVF1.DAT[13]",
        "$RCT2:OBJDATA/REVF1.DAT[15]",
        "$RCT2:OBJDATA/REVF1.DAT[17]",
        "$RCT2:OBJDATA/REVF1.DAT[19]",
        "$RCT2:OBJDATA/REVF1.DAT[21]",
        "$RCT2:OBJDATA/REVF1.DAT[23]",
        "$RCT2:OBJDATA/REVF1.DAT[25]",
        "$RCT2:OBJDATA/REVF1.DAT[27]",
        "$RCT2:OBJDATA/REVF1.DAT[29]",
        "$RCT2:OBJDATA/REVF1.DAT[31]",
        "$RCT2:OBJDATA/REVF1.DAT[33]",
        "$RCT2:OBJDATA/REVF1.DAT[35..43]",
        "$RCT2:OBJDATA/REVF1.DAT[51]",
        "$RCT2:OBJDATA/REVF1.DAT[59]",
        "$RCT2:OBJDATA/REVF1.DAT[67]",
        "$RCT2:OBJDATA/REVF1.DAT[75]",
        "$RCT2:OBJDATA/REVF1.DAT[83]",
        "$RCT2:OBJDATA/REVF1.DAT[91]",
        "$RCT2:OBJDATA/REVF1.DAT[99]",
        "$RCT2:OBJDATA/REVF1.DAT[107]",
        "$RCT2:OBJDATA/REVF1.DAT[109]",
        "$RCT2:OBJDATA/REVF1.DAT[111]",
        "$RCT2:OBJDATA/REVF1.DAT[113]",
        "$RCT2:OBJDATA/REVF1.DAT[115]",
        "$RCT2:OBJDATA/REVF1.DAT[117]",
        "$RCT2:OBJDATA/REVF1.DAT[119]",
        "$RCT2:OBJDATA/REVF1.DAT[121]",
        "$RCT2:OBJDATA/REVF1.DAT[123]",
        "$RCT2:OBJDATA/REVF1.DAT[131]",
        "$RCT2:OBJDATA/REVF1.DAT[139]",
        "$RCT2:OBJDATA/REVF1.DAT[147]",
        "$RCT2:OBJDATA/REVF1.DAT[155]",
        "$RCT2:OBJDATA/REVF1.DAT[163]",
        "$RCT2:OBJDATA/REVF1.DAT[171]",
        "$RCT2:OBJDATA/REVF1.DAT[179]",
        "$RCT2:OBJDATA/REVF1.DAT[187..195]",
        "$RCT2:OBJDATA/REVF1.DAT[203]",
        "$RCT2:OBJDATA/REVF1.DAT[211]",
        "$RCT2:OBJDATA/REVF1.DAT[219]",
        "$RCT2:OBJDATA/REVF1.DAT[227]",
        "$RCT2:OBJDATA/REVF1.DAT[235]",
        "$RCT2:OBJDATA/REVF1.DAT[243]",
        "$RCT2:OBJDATA/REVF1.DAT[251]",
        "$RCT2:OBJDATA/REVF1.DAT[303..315]",
        "$RCT2:OBJDATA/REVF1.DAT[317]",
        "$RCT2:OBJDATA/REVF1.DAT[319]",
        "$RCT2:OBJDATA/REVF1.DAT[321]",
        "$RCT2:OBJDATA/REVF1.DAT[323]",
        "$RCT2:OBJDATA/REVF1.DAT[325]",
        "$RCT2:OBJDATA/REVF1.DAT[327]",
        "$RCT2:OBJDATA/REVF1.DAT[329]",
        "$RCT2:OBJDATA/REVF1.DAT[331]",
        "$RCT2:OBJDATA/REVF1.DAT[333]",
        "$RCT2:OBJDATA/REVF1.DAT[335]",
        "$RCT2:OBJDATA/REVF1.DAT[337]",
        "$RCT2:OBJDATA/REVF1.DAT[339]",
        "$RCT2:OBJDATA/REVF1.DAT[341]",
        "$RCT2:OBJDATA/REVF1.DAT[343]",
        "$RCT2:OBJDATA/REVF1.DAT[345]",
        "$RCT2:OBJDATA/REVF1.DAT[347..355]",
        "$RCT2:OBJDATA/REVF1.DAT[363]",
        "$RCT2:OBJDATA/REVF1.DAT[371]",
        "$RCT2:OBJDATA/REVF1.DAT[379]",
        "$RCT2:OBJDATA/REVF1.DAT[387]",
        "$RCT2:OBJDATA/REVF1.DAT[395]",
        "$RCT2:OBJDATA/REVF1.DAT[403]",
        "$RCT2:OBJDATA/REVF1.DAT[411]",
        "$RCT2:OBJDATA/REVF1.DAT[419]",
        "$RCT2:OBJDATA/REVF1.DAT[421]",
        "$RCT2:OBJDATA/REVF1.DAT[423]",
        "$RCT2:OBJDATA/REVF1.DAT[425]",
        "$RCT2:OBJDATA/REVF1.DAT[427]",
        "$RCT2:OBJDATA/REVF1.DAT[429]",
        "$RCT2:OBJDATA/REVF1.DAT[431]",
        "$RCT2:OBJDATA/REVF1.DAT[433]",
        "$RCT2:OBJDATA/REVF1.DAT[435]",
        "$RCT2:OBJDATA/REVF1.DAT[443]",
        "$RCT2:OBJDATA/REVF1.DAT[451]",
        "$RCT2:OBJDATA/REVF1.DAT[459]",
        "$RCT2:OBJDATA/REVF1.DAT[467]",
        "$RCT2:OBJDATA/REVF1.DAT[475]",
        "$RCT2:OBJDATA/REVF1.DAT[483]",
        "$RCT2:OBJDATA/REVF1.DAT[491]",
        "$RCT2:OBJDATA/REVF1.DAT[499..507]",
        "$RCT2:OBJDATA/REVF1.DAT[515]",
        "$RCT2:OBJDATA/REVF1.DAT[523]",
        "$RCT2:OBJDATA/REVF1.DAT[531]",
        "$RCT2:OBJDATA/REVF1.DAT[539]",
        "$RCT2:OBJDATA/REVF1.DAT[547]",
        "$RCT2:OBJDATA/REVF1.DAT[555]",
        "$RCT2:OBJDATA/REVF1.DAT[563]",
        "$RCT2:OBJDATA/REVF1.DAT[615..627]",
        "$RCT2:OBJDATA/REVF1.DAT[629]",
        "$RCT2:OBJDATA/REVF1.DAT[631]",
        "$RCT2:OBJDATA/REVF1.DAT[633]",
        "$RCT2:OBJDATA/REVF1.DAT[635]",
        "$RCT2:OBJDATA/REVF1.DAT[637]",
        "$RCT2:OBJDATA/REVF1.DAT[639]",
        "$RCT2:OBJDATA/REVF1.DAT[641]",
        "$RCT2:OBJDATA/REVF1.DAT[643]",
        "$RCT2:OBJDATA/REVF1.DAT[645]",
        "$RCT2:OBJDATA/REVF1.DAT[647]",
        "$RCT2:OBJDATA/REVF1.DAT[649]",
        "$RCT2:OBJDATA/REVF1.DAT[651]",
        "$RCT2:OBJDATA/REVF1.DAT[653]",
        "$RCT2:OBJDATA/REVF1.DAT[655]",
        "$RCT2:OBJDATA/REVF1.DAT[657]",
        "$RCT2:OBJDATA/REVF1.DAT[659..667]",
        "$RCT2:OBJDATA/REVF1.DAT[675]",
        "$RCT2:OBJDATA/REVF1.DAT[683]",
        "$RCT2:OBJDATA/REVF1.DAT[691]",
        "$RCT2:OBJDATA/REVF1.DAT[699]",
        "$RCT2:OBJDATA/REVF1.DAT[707]",
        "$RCT2:OBJDATA/REVF1.DAT[715]",
        "$RCT2:OBJDATA/REVF1.DAT[723]",
        "$RCT2:OBJDATA/REVF1.DAT[731]",
        "$RCT2:OBJDATA/REVF1.DAT[733]",
        "$RCT2:OBJDATA/REVF1.DAT[735]",
        "$RCT2:OBJDATA/REVF1.DAT[737]",
        "$RCT2:OBJDATA/REVF1.DAT[739]",
        "$RCT2:OBJDATA/REVF1.DAT[741]",
        "$RCT2:OBJDATA/REVF1.DAT[743]",
        "$RCT2:OBJDATA/REVF1.DAT[745]",
        "$RCT2:OBJDATA/REVF1.DAT[747]",
        "$RCT2:OBJDATA/REVF1.DAT[755]",
        "$RCT2:OBJDATA/REVF1.DAT[763]",
        "$RCT2:OBJDATA/REVF1.DAT[771]",
        "$RCT2:OBJDATA/REVF1.DAT[779]",
        "$RCT2:OBJDATA/REVF1.DAT[787]",
        "$RCT2:OBJDATA/REVF1.DAT[795]",
        "$RCT2:OBJDATA/REVF1.DAT[803]",
        "$RCT2:OBJDATA/REVF1.DAT[811..819]",
        "$RCT2:OBJDATA/REVF1.DAT[827]",
        "$RCT2:OBJDATA/REVF1.DAT[835]",
        "$RCT2:OBJDATA/REVF1.DAT[843]",
        "$RCT2:OBJDATA/REVF1.DAT[851]",
        "$RCT2:OBJDATA/REVF1.DAT[859]",
        "$RCT2:OBJDATA/REVF1.DAT[867]",
        "$RCT2:OBJDATA/REVF1.DAT[875]",
        "$RCT2:OBJDATA/REVF1.DAT[927..939]",
        "$RCT2:OBJDATA/REVF1.DAT[941]",
        "$RCT2:OBJDATA/REVF1.DAT[943]",
        "$RCT2:OBJDATA/REVF1.DAT[945]",
        "$RCT2:OBJDATA/REVF1.DAT[947]",
        "$RCT2:OBJDATA/REVF1.DAT[949]",
        "$RCT2:OBJDATA/REVF1.DAT[951]",
        "$RCT2:OBJDATA/REVF1.DAT[953]",
        "$RCT2:OBJDATA/REVF1.DAT[955]",
        "$RCT2:OBJDATA/REVF1.DAT[957]",
        "$RCT2:OBJDATA/REVF1.DAT[959]",
        "$RCT2:OBJDATA/REVF1.DAT[961]",
        "$RCT2:OBJDATA/REVF1.DAT[963]",
        "$RCT2:OBJDATA/REVF1.DAT[965]",
        "$RCT2:OBJDATA/REVF1.DAT[967]",
        "$RCT2:OBJDATA/REVF1.DAT[969]",
        "$RCT2:OBJDATA/REVF1.DAT[971..979]",
        "$RCT2:OBJDATA/REVF1.DAT[987]",
        "$RCT2:OBJDATA/REVF1.DAT[995]",
        "$RCT2:OBJDATA/REVF1.DAT[1003]",
        "$RCT2:OBJDATA/REVF1.DAT[1011]",
        "$RCT2:OBJDATA/REVF1.DAT[1019]",
        "$RCT2:OBJDATA/REVF1.DAT[1027]",
        "$RCT2:OBJDATA/REVF1.DAT[1035]",
        "$RCT2:OBJDATA/REVF1.DAT[1043]",
        "$RCT2:OBJDATA/REVF1.DAT[1045]",
        "$RCT2:OBJDATA/REVF1.DAT[1047]",
        "$RCT2:OBJDATA/REVF1.DAT[1049]",
        "$RCT2:OBJDATA/REVF1.DAT[1051]",
        "$RCT2:OBJDATA/REVF1.DAT[1053]",
        "$RCT2:OBJDATA/REVF1.DAT[1055]",
        "$RCT2:OBJDATA/REVF1.DAT[1057]",
        "$RCT2:OBJDATA/REVF1.DAT[1059]",
        "$RCT2:OBJDATA/REVF1.DAT[1067]",
        "$RCT2:OBJDATA/REVF1.DAT[1075]",
        "$RCT2:OBJDATA/REVF1.DAT[1083]",
        "$RCT2:OBJDATA/REVF1.DAT[1091]",
        "$RCT2:OBJDATA/REVF1.DAT[1099]",
        "$RCT2:OBJDATA/REVF1.DAT[1107]",
        "$RCT2:OBJDATA/REVF1.DAT[1115]",
        "$RCT2:OBJDATA/REVF1.DAT[1123..1131]",
        "$RCT2:OBJDATA/REVF1.DAT[1139]",
        "$RCT2:OBJDATA/REVF1.DAT[1147]",
        "$RCT2:OBJDATA/REVF1.DAT[1155]",
        "$RCT2:OBJDATA/REVF1.DAT[1163]",
        "$RCT2:OBJDATA/REVF1.DAT[1171]",
        "$RCT2:OBJDATA/REVF1.DAT[1179]",
        "$RCT2:OBJDATA/REVF1.DAT[1187]",
        "$RCT2:OBJDATA/REVF1.DAT[1239..1251]",
        "$RCT2:OBJDATA/REVF1.DAT[1253]",
        "$RCT2:OBJDATA/REVF1.DAT[1255]",
        "$RCT2:OBJDATA/REVF1.DAT[1257]",
        "$RCT2:OBJDATA/REVF1.DAT[1259]",
        "$RCT2:OBJDATA/REVF1.DAT[1261]",
        "$RCT2:OBJDATA/REVF1.DAT[1263]",
        "$RCT2:OBJDATA/REVF1.DAT[1265]",
        "$RCT2:OBJDATA/REVF1.DAT[1267]",
        "$RCT2:OBJDATA/REVF1.DAT[1269]",
        "$RCT2:OBJDATA/REVF1.DAT[1271]",
        "$RCT2:OBJDATA/REVF1.DAT[1273]",
        "$RCT2:OBJDATA/REVF1.DAT[1275]",
        "$RCT2:OBJDATA/REVF1.DAT[1277]",
        "$RCT2:OBJDATA/REVF1.DAT[1279]",
        "$RCT2:OBJDATA/REVF1.DAT[1281]",
        "$RCT2:OBJDATA/REVF1.DAT[1283..1291]",
        "$RCT2:OBJDATA/REVF1.DAT[1299]",
        "$RCT2:OBJDATA/REVF1.DAT[1307]",
        "$RCT2:OBJDATA/REVF1.DAT[1315]",
        "$RCT2:OBJDATA/REVF1.DAT[1323]",
        "$RCT2:OBJDATA/REVF1.DAT[1331]",
        "$RCT2:OBJDATA/REVF1.DAT[1339]",
        "$RCT2:OBJDATA/REVF1.DAT[1347]",
        "$RCT2:OBJDATA/REVF1.DAT[1355]",
        "$RCT2:OBJDATA/REVF1.DAT[1357]",
        "$RCT2:OBJDATA/REVF1.DAT[1359]",
        "$RCT2:OBJDATA/REVF1.DAT[1361]",
        "$RCT2:OBJDATA/REVF1.DAT[1363]",
        "$RCT2:OBJDATA/REVF1.DAT[1365]",
        "$RCT2:OBJDATA/REVF1.DAT[1367]",
        "$RCT2:OBJDATA/REVF1.DAT[1369]",
        "$RCT2:OBJDATA/REVF1.DAT[1371]",
        "$RCT2:OBJDATA/REVF1.DAT[1379]",
        "$RCT2:OBJDATA/REVF1.DAT[1387]",
        "$RCT2:OBJDATA/REVF1.DAT[1395]",
        "$RCT2:OBJDATA/REVF1.DAT[1403]",
        "$RCT2:OBJDATA/REVF1.DAT[1411]",
        "$RCT2:OBJDATA/REVF1.DAT[1419]",
        "$RCT2:OBJDATA/REVF1.DAT[1427]",
        "$RCT2:OBJDATA/REVF1.DAT[1435..1443]",
        "$RCT2:OBJDATA/REVF1.DAT[1451]",
        "$RCT2:OBJDATA/REVF1.DAT[1459]",
        "$RCT2:OBJDATA/REVF1.DAT[1467]",
        "$RCT2:OBJDATA/REVF1.DAT[1475]",
        "$RCT2:OBJDATA/REVF1.DAT[1483]",
        "$RCT2:OBJDATA/REVF1.DAT[1491]",
        "$RCT2:OBJDATA/REVF1.DAT[1499]",
        "$RCT2:OBJDATA/REVF1.DAT[1551..1562]"
    ]
}
