{
    "id": "rct1aa.footpath_surface.ash",
    "authors": [
        "Chris Sawyer",
        "Simon Foster"
    ],
    "version": "1.0",
    "sourceGame": "rct1aa",
    "objectType": "footpath_surface",
    "properties": {
        "noSlopeRailings": true
    },
    "images": [
        { "path": "preview.png", "x": 1, "y": 1 },
        "$CSG[44391..44441]"
    ],
    "noCsgImages": [
        { "path": "preview.png", "x": 1, "y": 1 },
        "$RCT2:OBJDATA/PATHASH.DAT[0..50]"
    ],
    "strings": {
        "name": {
            "en-GB": "Ash Footpath (Square)",
            "fr-FR": "Allée en bois",
            "de-DE": "Aschefußweg (quadratisch)",
            "es-ES": "Sendero de ceniza",
            "it-IT": "Sentiero di cenere",
            "nl-NL": "Sintelpad (rechte hoeken)",
            "sv-SE": "Gångväg av aska",
            "ko-KR": "잿더미 보도",
            "zh-CN": "梣木步道",
            "zh-TW": "梣木步道",
            "pt-BR": "Caminho de Cascalho",
            "cs-CZ": "Popelavá cesta",
            "ja-JP": "灰色の歩道",
            "pl-PL": "Dróżka żwirowa",
            "ru-RU": "Гравий",
            "ar-EG": "ممشي رماد",
            "eo-ZZ": "Trotuaro el Cindropovo (Kvadrata)",
            "ca-ES": "Camí de cendra (angulós)"
        }
    }
}
