{
    "id": "rct2.footpath_surface.queue_green",
    "authors": [
        "Chris Sawyer",
        "Simon Foster"
    ],
    "version": "1.0",
    "sourceGame": "rct2",
    "objectType": "footpath_surface",
    "properties": {
        "isQueue": true,
        "noSlopeRailings": true
    },
    "images": [
        { "path": "preview.png" },
        "$RCT2:OBJDATA/TARMACG.DAT[51..70]"
    ],
    "strings": {
        "name": {
            "en-GB": "Dark Green Queue",
            "de-DE": "Dunkelgrüne Warteschlange",
            "nl-NL": "Donkergroene wachtrij",
            "eo-ZZ": "Malhela Verda Atendovico",
            "ca-ES": "Cua verd fosc"
        }
    }
}
