{
    "id": "rct1aa.ride.suspended_monorail_trains",
    "authors": [
        "Chris Sawyer",
        "Simon Foster"
    ],
    "version": "1.0",
    "originalId": "00000000|#RCT1SMO|00000000",
    "sourceGame": "rct1aa",
    "isCompatibilityObject": true,
    "objectType": "ride",
    "properties": {
        "type": "suspended_monorail",
        "category": "transport",
        "tabScale": 0.5,
        "hasShelter": true,
        "noCollisionCrashes": true,
        "maxCarsPerTrain": 4,
        "carColours": [
            [
                [
                    "white",
                    "bright_red",
                    "black"
                ]
            ],
            [
                [
                    "yellow",
                    "white",
                    "black"
                ]
            ],
            [
                [
                    "bordeaux_red",
                    "light_brown",
                    "black"
                ]
            ]
        ],
        "cars": {
            "rotationFrameMask": 15,
            "spacing": 330752,
            "mass": 1100,
            "tabOffset": -25,
            "numSeats": 8,
            "numSeatRows": 4,
            "frictionSoundId": 2,
            "poweredAcceleration": 110,
            "poweredMaxSpeed": 27,
            "drawOrder": 3,
            "spriteGroups": {
                "slopeFlat": 16,
                "slopes12": 4,
                "slopes25": 4,
                "slopes8": 4,
                "slopes16": 4,
                "restraintAnimation": 4
            },
            "hasAdditionalColour1": true,
            "isPowered": true,
            "loadingPositions": [
                -15,
                -12,
                15,
                12,
                -15,
                -12,
                15,
                12
            ]
        },
        "buildMenuPriority": 1
    },
    "images": [
        {
            "path": "images/preview.png",
            "format": "raw"
        },
        "",
        "",
        "$CSG[28779..28810]",
        "$CSG[28823..28838]",
        "$CSG[28811]",
        "$CSG[28814]",
        "$CSG[28817]",
        "$CSG[28820]",
        "$CSG[28812]",
        "$CSG[28815]",
        "$CSG[28818]",
        "$CSG[28821]",
        "$CSG[28813]",
        "$CSG[28816]",
        "$CSG[28819]",
        "$CSG[28822]",
        "$CSG[28839..28870]",
        "$CSG[28883..28898]",
        "$CSG[28871]",
        "$CSG[28874]",
        "$CSG[28877]",
        "$CSG[28880]",
        "$CSG[28872]",
        "$CSG[28875]",
        "$CSG[28878]",
        "$CSG[28881]",
        "$CSG[28873]",
        "$CSG[28876]",
        "$CSG[28879]",
        "$CSG[28882]",
        "$CSG[28899..28930]",
        "$CSG[28943..28958]",
        "$CSG[28931]",
        "$CSG[28934]",
        "$CSG[28937]",
        "$CSG[28940]",
        "$CSG[28932]",
        "$CSG[28935]",
        "$CSG[28938]",
        "$CSG[28941]",
        "$CSG[28933]",
        "$CSG[28936]",
        "$CSG[28939]",
        "$CSG[28942]",
        "$CSG[28959..28990]",
        "$CSG[29003..29018]",
        "$CSG[28991]",
        "$CSG[28994]",
        "$CSG[28997]",
        "$CSG[29000]",
        "$CSG[28992]",
        "$CSG[28995]",
        "$CSG[28998]",
        "$CSG[29001]",
        "$CSG[28993]",
        "$CSG[28996]",
        "$CSG[28999]",
        "$CSG[29002]",
        "$CSG[29019..29050]",
        "$CSG[29063..29078]",
        "$CSG[29051]",
        "$CSG[29054]",
        "$CSG[29057]",
        "$CSG[29060]",
        "$CSG[29052]",
        "$CSG[29055]",
        "$CSG[29058]",
        "$CSG[29061]",
        "$CSG[29053]",
        "$CSG[29056]",
        "$CSG[29059]",
        "$CSG[29062]"
    ],
    "strings": {
        "name": {
            "en-GB": "Suspended Monorail Trains",
            "fr-FR": "Train monorail suspendu",
            "de-DE": "Hängende Einschienenzüge",
            "es-ES": "Trenes Monorrail Suspendidos",
            "it-IT": "Treni monorotaia sospesi",
            "nl-NL": "Hangende monorailtreinen",
            "sv-SE": "Upphängda balkbanevagnar",
            "ko-KR": "서스펜디드 모노레일 차량",
            "zh-CN": "悬挂式单轨铁路列车",
            "zh-TW": "懸掛式單軌電車",
            "pt-BR": "Trens Monotrilho Suspenso",
            "cs-CZ": "Zavěšené jednokolejné vlaky",
            "ja-JP": "サスベンデッド・モノレール・トレーン",
            "pl-PL": "Podwieszane wagoniki jednoszynowe",
            "ru-RU": "Подвесные поезда",
            "eo-ZZ": "Penditaj Monorelaj Trajnoj"
        },
        "description": {
            "en-GB": "Large capacity monorail train cars",
            "fr-FR": "Grande voiture de train monorail",
            "de-DE": "Einschienenzug-Wagen mit großem Fassungsvermögen",
            "es-ES": "Vagones de monoraíl de gran capacidad",
            "it-IT": "Grandi carrozze di treni monorotaia",
            "nl-NL": "Monorailtreinen met een hoge capaciteit.",
            "sv-SE": "Upphängda balkbanevagnar med hög kapacitet",
            "ko-KR": "대용량의 모노레일 차량",
            "zh-CN": "大容量的单轨铁路车辆",
            "zh-TW": "大載客量的單軌電車",
            "pt-BR": "Vagões de trem de monotrilho de grande capacidade",
            "cs-CZ": "Velkokapacitní jednokolejné vlaky",
            "ja-JP": "大定員のモノレールです",
            "pl-PL": "Pojemne wagoniki jednoszynowe",
            "ru-RU": "Большие монорельсовые поезда",
            "eo-ZZ": "Grandspacaj monorelaj trajnoĉaroj"
        },
        "capacity": {
            "en-GB": "8 passengers per car",
            "fr-FR": "8 passagers par voiture",
            "de-DE": "8 Fahrgäste pro Wagen",
            "es-ES": "8 pasajeros por vagón",
            "it-IT": "8 passeggeri a carrozza",
            "nl-NL": "8 passagiers per karretje",
            "sv-SE": "8 passagerare per vagn",
            "ko-KR": "차량당 8명의 승객",
            "zh-CN": "8 位乘客/每个车厢",
            "zh-TW": "每車卡8位乘客",
            "pt-BR": "8 passageiros por vagão",
            "cs-CZ": "8 míst v každém vozu",
            "ja-JP": "各車両8名",
            "pl-PL": "8 pasażerów na wagonik",
            "ru-RU": "8 пассажиров",
            "eo-ZZ": "Po 8 pasaĝeroj por ĉaro"
        }
    },
    "noCsgImages": [
        {
            "path": "images/preview.png",
            "format": "raw"
        },
        "",
        "",
        "$RCT2:OBJDATA/SMONO.DAT[3]",
        "$RCT2:OBJDATA/SMONO.DAT[5]",
        "$RCT2:OBJDATA/SMONO.DAT[7]",
        "$RCT2:OBJDATA/SMONO.DAT[9]",
        "$RCT2:OBJDATA/SMONO.DAT[11]",
        "$RCT2:OBJDATA/SMONO.DAT[13]",
        "$RCT2:OBJDATA/SMONO.DAT[15]",
        "$RCT2:OBJDATA/SMONO.DAT[17]",
        "$RCT2:OBJDATA/SMONO.DAT[19]",
        "$RCT2:OBJDATA/SMONO.DAT[21]",
        "$RCT2:OBJDATA/SMONO.DAT[23]",
        "$RCT2:OBJDATA/SMONO.DAT[25]",
        "$RCT2:OBJDATA/SMONO.DAT[27]",
        "$RCT2:OBJDATA/SMONO.DAT[29]",
        "$RCT2:OBJDATA/SMONO.DAT[31]",
        "$RCT2:OBJDATA/SMONO.DAT[33]",
        "$RCT2:OBJDATA/SMONO.DAT[35..43]",
        "$RCT2:OBJDATA/SMONO.DAT[51]",
        "$RCT2:OBJDATA/SMONO.DAT[59]",
        "$RCT2:OBJDATA/SMONO.DAT[67]",
        "$RCT2:OBJDATA/SMONO.DAT[75]",
        "$RCT2:OBJDATA/SMONO.DAT[83]",
        "$RCT2:OBJDATA/SMONO.DAT[91]",
        "$RCT2:OBJDATA/SMONO.DAT[99]",
        "$RCT2:OBJDATA/SMONO.DAT[107..122]",
        "$RCT2:OBJDATA/SMONO.DAT[131..143]",
        "$RCT2:OBJDATA/SMONO.DAT[145]",
        "$RCT2:OBJDATA/SMONO.DAT[147]",
        "$RCT2:OBJDATA/SMONO.DAT[149]",
        "$RCT2:OBJDATA/SMONO.DAT[151]",
        "$RCT2:OBJDATA/SMONO.DAT[153]",
        "$RCT2:OBJDATA/SMONO.DAT[155]",
        "$RCT2:OBJDATA/SMONO.DAT[157]",
        "$RCT2:OBJDATA/SMONO.DAT[159]",
        "$RCT2:OBJDATA/SMONO.DAT[161]",
        "$RCT2:OBJDATA/SMONO.DAT[163]",
        "$RCT2:OBJDATA/SMONO.DAT[165]",
        "$RCT2:OBJDATA/SMONO.DAT[167]",
        "$RCT2:OBJDATA/SMONO.DAT[169]",
        "$RCT2:OBJDATA/SMONO.DAT[171]",
        "$RCT2:OBJDATA/SMONO.DAT[173]",
        "$RCT2:OBJDATA/SMONO.DAT[175..183]",
        "$RCT2:OBJDATA/SMONO.DAT[191]",
        "$RCT2:OBJDATA/SMONO.DAT[199]",
        "$RCT2:OBJDATA/SMONO.DAT[207]",
        "$RCT2:OBJDATA/SMONO.DAT[215]",
        "$RCT2:OBJDATA/SMONO.DAT[223]",
        "$RCT2:OBJDATA/SMONO.DAT[231]",
        "$RCT2:OBJDATA/SMONO.DAT[239]",
        "$RCT2:OBJDATA/SMONO.DAT[247..262]",
        "$RCT2:OBJDATA/SMONO.DAT[271..283]",
        "$RCT2:OBJDATA/SMONO.DAT[285]",
        "$RCT2:OBJDATA/SMONO.DAT[287]",
        "$RCT2:OBJDATA/SMONO.DAT[289]",
        "$RCT2:OBJDATA/SMONO.DAT[291]",
        "$RCT2:OBJDATA/SMONO.DAT[293]",
        "$RCT2:OBJDATA/SMONO.DAT[295]",
        "$RCT2:OBJDATA/SMONO.DAT[297]",
        "$RCT2:OBJDATA/SMONO.DAT[299]",
        "$RCT2:OBJDATA/SMONO.DAT[301]",
        "$RCT2:OBJDATA/SMONO.DAT[303]",
        "$RCT2:OBJDATA/SMONO.DAT[305]",
        "$RCT2:OBJDATA/SMONO.DAT[307]",
        "$RCT2:OBJDATA/SMONO.DAT[309]",
        "$RCT2:OBJDATA/SMONO.DAT[311]",
        "$RCT2:OBJDATA/SMONO.DAT[313]",
        "$RCT2:OBJDATA/SMONO.DAT[315..323]",
        "$RCT2:OBJDATA/SMONO.DAT[331]",
        "$RCT2:OBJDATA/SMONO.DAT[339]",
        "$RCT2:OBJDATA/SMONO.DAT[347]",
        "$RCT2:OBJDATA/SMONO.DAT[355]",
        "$RCT2:OBJDATA/SMONO.DAT[363]",
        "$RCT2:OBJDATA/SMONO.DAT[371]",
        "$RCT2:OBJDATA/SMONO.DAT[379]",
        "$RCT2:OBJDATA/SMONO.DAT[387..402]",
        "$RCT2:OBJDATA/SMONO.DAT[411..423]",
        "$RCT2:OBJDATA/SMONO.DAT[425]",
        "$RCT2:OBJDATA/SMONO.DAT[427]",
        "$RCT2:OBJDATA/SMONO.DAT[429]",
        "$RCT2:OBJDATA/SMONO.DAT[431]",
        "$RCT2:OBJDATA/SMONO.DAT[433]",
        "$RCT2:OBJDATA/SMONO.DAT[435]",
        "$RCT2:OBJDATA/SMONO.DAT[437]",
        "$RCT2:OBJDATA/SMONO.DAT[439]",
        "$RCT2:OBJDATA/SMONO.DAT[441]",
        "$RCT2:OBJDATA/SMONO.DAT[443]",
        "$RCT2:OBJDATA/SMONO.DAT[445]",
        "$RCT2:OBJDATA/SMONO.DAT[447]",
        "$RCT2:OBJDATA/SMONO.DAT[449]",
        "$RCT2:OBJDATA/SMONO.DAT[451]",
        "$RCT2:OBJDATA/SMONO.DAT[453]",
        "$RCT2:OBJDATA/SMONO.DAT[455..463]",
        "$RCT2:OBJDATA/SMONO.DAT[471]",
        "$RCT2:OBJDATA/SMONO.DAT[479]",
        "$RCT2:OBJDATA/SMONO.DAT[487]",
        "$RCT2:OBJDATA/SMONO.DAT[495]",
        "$RCT2:OBJDATA/SMONO.DAT[503]",
        "$RCT2:OBJDATA/SMONO.DAT[511]",
        "$RCT2:OBJDATA/SMONO.DAT[519]",
        "$RCT2:OBJDATA/SMONO.DAT[527..542]",
        "$RCT2:OBJDATA/SMONO.DAT[551..563]",
        "$RCT2:OBJDATA/SMONO.DAT[565]",
        "$RCT2:OBJDATA/SMONO.DAT[567]",
        "$RCT2:OBJDATA/SMONO.DAT[569]",
        "$RCT2:OBJDATA/SMONO.DAT[571]",
        "$RCT2:OBJDATA/SMONO.DAT[573]",
        "$RCT2:OBJDATA/SMONO.DAT[575]",
        "$RCT2:OBJDATA/SMONO.DAT[577]",
        "$RCT2:OBJDATA/SMONO.DAT[579]",
        "$RCT2:OBJDATA/SMONO.DAT[581]",
        "$RCT2:OBJDATA/SMONO.DAT[583]",
        "$RCT2:OBJDATA/SMONO.DAT[585]",
        "$RCT2:OBJDATA/SMONO.DAT[587]",
        "$RCT2:OBJDATA/SMONO.DAT[589]",
        "$RCT2:OBJDATA/SMONO.DAT[591]",
        "$RCT2:OBJDATA/SMONO.DAT[593]",
        "$RCT2:OBJDATA/SMONO.DAT[595..603]",
        "$RCT2:OBJDATA/SMONO.DAT[611]",
        "$RCT2:OBJDATA/SMONO.DAT[619]",
        "$RCT2:OBJDATA/SMONO.DAT[627]",
        "$RCT2:OBJDATA/SMONO.DAT[635]",
        "$RCT2:OBJDATA/SMONO.DAT[643]",
        "$RCT2:OBJDATA/SMONO.DAT[651]",
        "$RCT2:OBJDATA/SMONO.DAT[659]",
        "$RCT2:OBJDATA/SMONO.DAT[667..682]",
        "$RCT2:OBJDATA/SMONO.DAT[691..702]"
    ]
}
