{
    "id": "rct1.footpath_surface.tarmac",
    "authors": [
        "Chris Sawyer",
        "Simon Foster"
    ],
    "version": "1.0",
    "sourceGame": "rct1",
    "objectType": "footpath_surface",
    "properties": {
        "noSlopeRailings": true
    },
    "images": [
        { "path": "preview.png", "x": 1, "y": 1 },
        "$RCT2:OBJDATA/TARMAC.DAT[0..15]",
        "$RCT2:OBJDATA/ROAD.DAT[16..19]",
        "$RCT2:OBJDATA/TARMAC.DAT[20..50]"
    ],
    "strings": {
        "name": {
            "en-GB": "Tarmac Footpath (Sloped)",
            "fr-FR": "Allée en bitume",
            "de-DE": "Makadam-Fußweg (Schräge)",
            "es-ES": "Sendero asfaltado",
            "it-IT": "Sentiero di catrame",
            "nl-NL": "Voetpad van asfalt (met helling)",
            "sv-SE": "Asfalterad gångväg",
            "ko-KR": "타맥 보도",
            "zh-CN": "柏油碎石步道",
            "zh-TW": "柏油碎石步道",
            "pt-BR": "Caminho de Asfalto",
            "cs-CZ": "Asfaltová cesta",
            "ja-JP": "舗装歩道",
            "pl-PL": "Dróżka tłuczniowa",
            "ru-RU": "Асфальт",
            "ar-EG": "ممشي مُعبد",
            "eo-ZZ": "Asfalta Trotuaro (Dekliva)",
            "ca-ES": "Camí asfaltat (amb rampes)"
        }
    }
}
