{
    "id": "rct1ll.terrain_edge.purple",
    "authors": [
        "Chris Sawyer",
        "Simon Foster"
    ],
    "version": "1.0",
    "originalId": "0000008C|#RCT1EPU|00000000",
    "sourceGame": "rct1ll",
    "objectType": "terrain_edge",
    "properties": {
        "hasDoors": true,
        "doorSound": 1
    },
    "images": [
        { "path": "icon.png", "format": "raw", "x": 2, "y": 2 },
        "$CSG[41238..41341]"
    ],
    "noCsgImages": [
        { "path": "icon.png", "format": "raw", "x": 2, "y": 2 },
        "$G1[1579..1662]"
    ],
    "strings": {
        "name": {
            "en-GB": "Stucco (Purple)",
            "de-DE": "Gipsputz (lila)",
            "nl-NL": "Paars stucwerk",
            "pt-BR": "Estuque (roxo)",
            "fr-FR": "Stuc (violet)",
            "ja-JP": "スタッコ (紫)",
            "pl-PL": "Stiuk (Fioletowy)",
            "ko-KR": "흙벽 (보라색)",
            "eo-ZZ": "Stukaĵo (Purpura)",
            "sv-SE": "Stuck (lila)",
            "ca-ES": "Estuc (morat)",
            "fi-FI": "Stukki (violetti)",
            "zh-CN": "灰泥(紫色)"
        }
    }
}
