{
    "id": "rct2.footpath_railings.concrete",
    "authors": [
        "Chris Sawyer",
        "Simon Foster"
    ],
    "version": "1.0",
    "sourceGame": [
        "rct2",
        "rct1ll"
    ],
    "objectType": "footpath_railings",
    "properties": {
        "hasSupportImages": true,
        "hasElevatedPathImages": true,
        "supportType": "pole",
        "scrollingMode": 0
    },
    "images": [
        { "path": "preview.png", "x": 1, "y": 1 },
        "$RCT2:OBJDATA/TARMACB.DAT[73..164]"
    ],
    "strings": {
        "name": {
            "en-GB": "Concrete Railings (Grey-Brown)",
            "de-DE": "Betongeländer (graubraun)",
            "nl-NL": "Betonnen ondersteuningen",
            "eo-ZZ": "Betonaj Balustradoj (Griza-Bruna)",
            "ca-ES": "Baranes de ciment (verdes i marrons)",
            "en-US": "Concrete Railings (Gray-Brown)"
        }
    }
}
