{
    "id": "rct2.footpath_surface.queue_red",
    "authors": [
        "Chris Sawyer",
        "Simon Foster"
    ],
    "version": "1.0",
    "sourceGame": "rct2",
    "objectType": "footpath_surface",
    "properties": {
        "isQueue": true,
        "noSlopeRailings": true
    },
    "images": [
        { "path": "preview.png" },
        "$RCT2:OBJDATA/PATHSPCE.DAT[51..70]"
    ],
    "strings": {
        "name": {
            "en-GB": "Red Queue (Stairs)",
            "de-DE": "Rote Warteschlange (Treppe)",
            "nl-NL": "Rode wachtrij (met trappen)",
            "eo-ZZ": "Ruĝa Atendovico (Ŝtuparo)",
            "ca-ES": "Cua vermella (amb escales)"
        }
    }
}
