{
    "id": "rct1ll.ride.hypercoaster_trains",
    "authors": ["Chris Sawyer", "Simon Foster"],
    "version": "1.0",
    "originalId": "00000000|#RCT1HYP|00000000",
    "sourceGame": "rct1ll",
    "isCompatibilityObject": true,
    "objectType": "ride",
    "properties": {
        "type": "hypercoaster",
        "category": "rollercoaster",
        "noInversions": true,
        "minCarsPerTrain": 2,
        "maxCarsPerTrain": 8,
        "defaultCar": 1,
        "headCars": 0,
        "ratingMultipler": {
            "excitement": 15
        },
        "maxHeight": 45,
        "carColours": [
            [
                ["bright_red", "yellow", "black"]
            ],
            [
                ["yellow", "dark_brown", "black"]
            ],
            [
                ["teal", "aquamarine", "black"]
            ],
            [
                ["moss_green", "yellow", "black"]
            ]
        ],
        "cars": [
            {
                "rotationFrameMask": 15,
                "spacing": 286720,
                "mass": 650,
                "numSeats": 6,
                "numSeatRows": 3,
                "frictionSoundId": 2,
                "soundRange": 2,
                "drawOrder": 5,
                "spriteGroups": {
                    "slopeFlat":16,
                    "slopes12":4,
                    "slopes25":16,
                    "slopes42":8,
                    "slopes60":16,
                    "slopes8":4,
                    "slopes16":4,
                    "slopes50":4,
                    "flatBanked22":8,
                    "flatBanked45":16,
                    "slopes12Banked22":4,
                    "slopes8Banked22":4
                },
                "hasAdditionalColour1": true,
                "hasScreamingRiders": true,
                "loadingPositions": [5, 3, -1, -3, -7, -9]
            },
            {
                "rotationFrameMask": 15,
                "spacing": 226304,
                "mass": 610,
                "numSeats": 6,
                "numSeatRows": 3,
                "frictionSoundId": 2,
                "soundRange": 2,
                "drawOrder": 6,
                "spriteGroups": {
                    "slopeFlat":16,
                    "slopes12":4,
                    "slopes25":16,
                    "slopes42":8,
                    "slopes60":16,
                    "slopes8":4,
                    "slopes16":4,
                    "slopes50":4,
                    "flatBanked22":8,
                    "flatBanked45":16,
                    "slopes12Banked22":4,
                    "slopes8Banked22":4
                },
                "hasAdditionalColour1": true,
                "hasScreamingRiders": true,
                "loadingPositions": [7, 9, 2, 4, -3, -1]
            }
        ],
        "buildMenuPriority": 1
    },
    "images": [
        { "path": "images/preview.png", "format": "raw" },
        "",
        "",
        "$CSG[3738..3753]",

        "$CSG[3754]",
        "$CSG[3762]",
        "$CSG[3770]",
        "$CSG[3778]",

        "$CSG[3758]",
        "$CSG[3766]",
        "$CSG[3774]",
        "$CSG[3782]",
 
        "$CSG[3755]",
        "$CSG[3842..3844]",
        "$CSG[3763]",
        "$CSG[3845..3847]",
        "$CSG[3771]",
        "$CSG[3848..3850]",
        "$CSG[3779]",
        "$CSG[3851..3853]",

        "$CSG[3759]",
        "$CSG[3854..3856]",
        "$CSG[3767]",
        "$CSG[3857..3859]",
        "$CSG[3775]",
        "$CSG[3860..3862]",
        "$CSG[3783]",
        "$CSG[3863..3865]",

        "$CSG[3756]",
        "$CSG[3898]",
        "$CSG[3764]",
        "$CSG[3899]",
        "$CSG[3772]",
        "$CSG[3900]",
        "$CSG[3780]",
        "$CSG[3901]",
        "$CSG[3760]",
        "$CSG[3914]",
        "$CSG[3768]",
        "$CSG[3915]",
        "$CSG[3776]",
        "$CSG[3916]",
        "$CSG[3784]",
        "$CSG[3917]",

        "$CSG[3757]",
        "$CSG[3866..3868]",
        "$CSG[3765]",
        "$CSG[3869..3871]",
        "$CSG[3773]",
        "$CSG[3872..3874]",
        "$CSG[3781]",
        "$CSG[3875..3877]",
        "$CSG[3761]",
        "$CSG[3878..3880]",
        "$CSG[3769]",
        "$CSG[3881..3883]",
        "$CSG[3777]",
        "$CSG[3884..3886]",
        "$CSG[3785]",
        "$CSG[3887..3889]",

        "$CSG[3890..3893]",
        "$CSG[3906..3909]",
        "$CSG[3894..3897]",
        "$CSG[3910..3913]",
        "$CSG[3902..3905]",
        "$CSG[3918..3921]",

        "$CSG[3818]",
        "$CSG[3938]",
        "$CSG[3819]",
        "$CSG[3939]",
        "$CSG[3820]",
        "$CSG[3940]",
        "$CSG[3821]",
        "$CSG[3941]",
        "$CSG[3822]",
        "$CSG[3942]",
        "$CSG[3823]",
        "$CSG[3943]",
        "$CSG[3824]",
        "$CSG[3944]",
        "$CSG[3825]",
        "$CSG[3945]",

        "$CSG[3786..3817]",

        "$CSG[3826..3841]",

        "$CSG[3922..3937]",

        "$CSG[3946..3961]",

        "$CSG[3962]",
        "$CSG[3970]",
        "$CSG[3978]",
        "$CSG[3986]",

        "$CSG[3966]",
        "$CSG[3974]",
        "$CSG[3982]",
        "$CSG[3990]",
 
        "$CSG[3963]",
        "$CSG[4050..4052]",
        "$CSG[3971]",
        "$CSG[4053..4055]",
        "$CSG[3979]",
        "$CSG[4056..4058]",
        "$CSG[3987]",
        "$CSG[4059..4061]",

        "$CSG[3967]",
        "$CSG[4062..4064]",
        "$CSG[3975]",
        "$CSG[4065..4067]",
        "$CSG[3983]",
        "$CSG[4068..4070]",
        "$CSG[3991]",
        "$CSG[4071..4073]",

        "$CSG[3964]",
        "$CSG[4106]",
        "$CSG[3972]",
        "$CSG[4107]",
        "$CSG[3980]",
        "$CSG[4108]",
        "$CSG[3988]",
        "$CSG[4109]",
        "$CSG[3968]",
        "$CSG[4122]",
        "$CSG[3976]",
        "$CSG[4123]",
        "$CSG[3984]",
        "$CSG[4124]",
        "$CSG[3992]",
        "$CSG[4125]",

        "$CSG[3965]",
        "$CSG[4074..4076]",
        "$CSG[3973]",
        "$CSG[4077..4079]",
        "$CSG[3981]",
        "$CSG[4080..4082]",
        "$CSG[3989]",
        "$CSG[4083..4085]",
        "$CSG[3969]",
        "$CSG[4086..4088]",
        "$CSG[3977]",
        "$CSG[4089..4091]",
        "$CSG[3985]",
        "$CSG[4092..4094]",
        "$CSG[3993]",
        "$CSG[4095..4097]",

        "$CSG[4098..4101]",
        "$CSG[4114..4117]",
        "$CSG[4102..4105]",
        "$CSG[4118..4121]",
        "$CSG[4110..4113]",
        "$CSG[4126..4129]",

        "$CSG[4026]",
        "$CSG[4146]",
        "$CSG[4027]",
        "$CSG[4147]",
        "$CSG[4028]",
        "$CSG[4148]",
        "$CSG[4029]",
        "$CSG[4149]",
        "$CSG[4030]",
        "$CSG[4150]",
        "$CSG[4031]",
        "$CSG[4151]",
        "$CSG[4032]",
        "$CSG[4152]",
        "$CSG[4033]",
        "$CSG[4153]",

        "$CSG[3994..4025]",

        "$CSG[4034..4049]",

        "$CSG[4130..4145]",

        "$CSG[4154..4169]",

        "$CSG[4170]",
        "$CSG[4178]",
        "$CSG[4186]",
        "$CSG[4194]",

        "$CSG[4174]",
        "$CSG[4182]",
        "$CSG[4190]",
        "$CSG[4198]",
 
        "$CSG[4171]",
        "$CSG[4258..4260]",
        "$CSG[4179]",
        "$CSG[4261..4263]",
        "$CSG[4187]",
        "$CSG[4264..4266]",
        "$CSG[4195]",
        "$CSG[4267..4269]",

        "$CSG[4175]",
        "$CSG[4270..4272]",
        "$CSG[4183]",
        "$CSG[4273..4275]",
        "$CSG[4191]",
        "$CSG[4276..4278]",
        "$CSG[4199]",
        "$CSG[4279..4281]",

        "$CSG[4172]",
        "$CSG[4314]",
        "$CSG[4180]",
        "$CSG[4315]",
        "$CSG[4188]",
        "$CSG[4316]",
        "$CSG[4196]",
        "$CSG[4317]",
        "$CSG[4176]",
        "$CSG[4330]",
        "$CSG[4184]",
        "$CSG[4331]",
        "$CSG[4192]",
        "$CSG[4332]",
        "$CSG[4200]",
        "$CSG[4333]",

        "$CSG[4173]",
        "$CSG[4282..4284]",
        "$CSG[4181]",
        "$CSG[4285..4287]",
        "$CSG[4189]",
        "$CSG[4288..4290]",
        "$CSG[4197]",
        "$CSG[4291..4293]",
        "$CSG[4177]",
        "$CSG[4294..4296]",
        "$CSG[4185]",
        "$CSG[4297..4299]",
        "$CSG[4193]",
        "$CSG[4300..4302]",
        "$CSG[4201]",
        "$CSG[4303..4305]",

        "$CSG[4306..4309]",
        "$CSG[4322..4325]",
        "$CSG[4310..4313]",
        "$CSG[4326..4329]",
        "$CSG[4318..4321]",
        "$CSG[4334..4337]",

        "$CSG[4234]",
        "$CSG[4354]",
        "$CSG[4235]",
        "$CSG[4355]",
        "$CSG[4236]",
        "$CSG[4356]",
        "$CSG[4237]",
        "$CSG[4357]",
        "$CSG[4238]",
        "$CSG[4358]",
        "$CSG[4239]",
        "$CSG[4359]",
        "$CSG[4240]",
        "$CSG[4360]",
        "$CSG[4241]",
        "$CSG[4361]",

        "$CSG[4202..4233]",

        "$CSG[4242..4257]",

        "$CSG[4338..4353]",

        "$CSG[4362..4377]",

        "$CSG[4378]",
        "$CSG[4386]",
        "$CSG[4394]",
        "$CSG[4402]",

        "$CSG[4382]",
        "$CSG[4390]",
        "$CSG[4398]",
        "$CSG[4406]",
 
        "$CSG[4379]",
        "$CSG[4466..4468]",
        "$CSG[4387]",
        "$CSG[4469..4471]",
        "$CSG[4395]",
        "$CSG[4472..4474]",
        "$CSG[4403]",
        "$CSG[4475..4477]",

        "$CSG[4383]",
        "$CSG[4478..4480]",
        "$CSG[4391]",
        "$CSG[4481..4483]",
        "$CSG[4399]",
        "$CSG[4484..4486]",
        "$CSG[4407]",
        "$CSG[4487..4489]",

        "$CSG[4380]",
        "$CSG[4522]",
        "$CSG[4388]",
        "$CSG[4523]",
        "$CSG[4396]",
        "$CSG[4524]",
        "$CSG[4404]",
        "$CSG[4525]",
        "$CSG[4384]",
        "$CSG[4538]",
        "$CSG[4392]",
        "$CSG[4539]",
        "$CSG[4400]",
        "$CSG[4540]",
        "$CSG[4408]",
        "$CSG[4541]",

        "$CSG[4381]",
        "$CSG[4490..4492]",
        "$CSG[4389]",
        "$CSG[4493..4495]",
        "$CSG[4397]",
        "$CSG[4496..4498]",
        "$CSG[4405]",
        "$CSG[4499..4501]",
        "$CSG[4385]",
        "$CSG[4502..4504]",
        "$CSG[4393]",
        "$CSG[4505..4507]",
        "$CSG[4401]",
        "$CSG[4508..4510]",
        "$CSG[4409]",
        "$CSG[4511..4513]",

        "$CSG[4514..4517]",
        "$CSG[4530..4533]",
        "$CSG[4518..4521]",
        "$CSG[4534..4537]",
        "$CSG[4526..4529]",
        "$CSG[4542..4545]",

        "$CSG[4442]",
        "$CSG[4562]",
        "$CSG[4443]",
        "$CSG[4563]",
        "$CSG[4444]",
        "$CSG[4564]",
        "$CSG[4445]",
        "$CSG[4565]",
        "$CSG[4446]",
        "$CSG[4566]",
        "$CSG[4447]",
        "$CSG[4567]",
        "$CSG[4448]",
        "$CSG[4568]",
        "$CSG[4449]",
        "$CSG[4569]",

        "$CSG[4410..4441]",

        "$CSG[4450..4465]",

        "$CSG[4546..4561]",

        "$CSG[4570..4585]",

        "$CSG[4586]",
        "$CSG[4594]",
        "$CSG[4602]",
        "$CSG[4610]",

        "$CSG[4590]",
        "$CSG[4598]",
        "$CSG[4606]",
        "$CSG[4614]",
 
        "$CSG[4587]",
        "$CSG[4674..4676]",
        "$CSG[4595]",
        "$CSG[4677..4679]",
        "$CSG[4603]",
        "$CSG[4680..4682]",
        "$CSG[4611]",
        "$CSG[4683..4685]",

        "$CSG[4591]",
        "$CSG[4686..4688]",
        "$CSG[4599]",
        "$CSG[4689..4691]",
        "$CSG[4607]",
        "$CSG[4692..4694]",
        "$CSG[4615]",
        "$CSG[4695..4697]",

        "$CSG[4588]",
        "$CSG[4730]",
        "$CSG[4596]",
        "$CSG[4731]",
        "$CSG[4604]",
        "$CSG[4732]",
        "$CSG[4612]",
        "$CSG[4733]",
        "$CSG[4592]",
        "$CSG[4746]",
        "$CSG[4600]",
        "$CSG[4747]",
        "$CSG[4608]",
        "$CSG[4748]",
        "$CSG[4616]",
        "$CSG[4749]",

        "$CSG[4589]",
        "$CSG[4698..4700]",
        "$CSG[4597]",
        "$CSG[4701..4703]",
        "$CSG[4605]",
        "$CSG[4704..4706]",
        "$CSG[4613]",
        "$CSG[4707..4709]",
        "$CSG[4593]",
        "$CSG[4710..4712]",
        "$CSG[4601]",
        "$CSG[4713..4715]",
        "$CSG[4609]",
        "$CSG[4716..4718]",
        "$CSG[4617]",
        "$CSG[4719..4721]",

        "$CSG[4722..4725]",
        "$CSG[4738..4741]",
        "$CSG[4726..4729]",
        "$CSG[4742..4745]",
        "$CSG[4734..4737]",
        "$CSG[4750..4753]",

        "$CSG[4650]",
        "$CSG[4770]",
        "$CSG[4651]",
        "$CSG[4771]",
        "$CSG[4652]",
        "$CSG[4772]",
        "$CSG[4653]",
        "$CSG[4773]",
        "$CSG[4654]",
        "$CSG[4774]",
        "$CSG[4655]",
        "$CSG[4775]",
        "$CSG[4656]",
        "$CSG[4776]",
        "$CSG[4657]",
        "$CSG[4777]",

        "$CSG[4618..4649]",

        "$CSG[4658..4673]",

        "$CSG[4754..4769]",

        "$CSG[4778..4793]",

        "$CSG[4794]",
        "$CSG[4802]",
        "$CSG[4810]",
        "$CSG[4818]",

        "$CSG[4798]",
        "$CSG[4806]",
        "$CSG[4814]",
        "$CSG[4822]",
 
        "$CSG[4795]",
        "$CSG[4882..4884]",
        "$CSG[4803]",
        "$CSG[4885..4887]",
        "$CSG[4811]",
        "$CSG[4888..4890]",
        "$CSG[4819]",
        "$CSG[4891..4893]",

        "$CSG[4799]",
        "$CSG[4894..4896]",
        "$CSG[4807]",
        "$CSG[4897..4899]",
        "$CSG[4815]",
        "$CSG[4900..4902]",
        "$CSG[4823]",
        "$CSG[4903..4905]",

        "$CSG[4796]",
        "$CSG[4938]",
        "$CSG[4804]",
        "$CSG[4939]",
        "$CSG[4812]",
        "$CSG[4940]",
        "$CSG[4820]",
        "$CSG[4941]",
        "$CSG[4800]",
        "$CSG[4954]",
        "$CSG[4808]",
        "$CSG[4955]",
        "$CSG[4816]",
        "$CSG[4956]",
        "$CSG[4824]",
        "$CSG[4957]",

        "$CSG[4797]",
        "$CSG[4906..4908]",
        "$CSG[4805]",
        "$CSG[4909..4911]",
        "$CSG[4813]",
        "$CSG[4912..4914]",
        "$CSG[4821]",
        "$CSG[4915..4917]",
        "$CSG[4801]",
        "$CSG[4918..4920]",
        "$CSG[4809]",
        "$CSG[4921..4923]",
        "$CSG[4817]",
        "$CSG[4924..4926]",
        "$CSG[4825]",
        "$CSG[4927..4929]",

        "$CSG[4930..4933]",
        "$CSG[4946..4949]",
        "$CSG[4934..4937]",
        "$CSG[4950..4953]",
        "$CSG[4942..4945]",
        "$CSG[4958..4959]",
        "$CSG[4961]",
        "$CSG[4960]",

        "$CSG[4858]",
        "$CSG[4978]",
        "$CSG[4859]",
        "$CSG[4979]",
        "$CSG[4860]",
        "$CSG[4980]",
        "$CSG[4861]",
        "$CSG[4981]",
        "$CSG[4862]",
        "$CSG[4982]",
        "$CSG[4863]",
        "$CSG[4983]",
        "$CSG[4864]",
        "$CSG[4984]",
        "$CSG[4865]",
        "$CSG[4985]",

        "$CSG[4826..4857]",

        "$CSG[4866..4881]",

        "$CSG[4962..4977]",

        "$CSG[4986..5001]",

        "$CSG[5002]",
        "$CSG[5010]",
        "$CSG[5018]",
        "$CSG[5026]",

        "$CSG[5006]",
        "$CSG[5014]",
        "$CSG[5022]",
        "$CSG[5030]",
 
        "$CSG[5003]",
        "$CSG[5090..5092]",
        "$CSG[5011]",
        "$CSG[5093..5095]",
        "$CSG[5019]",
        "$CSG[5096..5098]",
        "$CSG[5027]",
        "$CSG[5099..5101]",

        "$CSG[5007]",
        "$CSG[5102..5104]",
        "$CSG[5015]",
        "$CSG[5105..5107]",
        "$CSG[5023]",
        "$CSG[5108..5110]",
        "$CSG[5031]",
        "$CSG[5111..5113]",

        "$CSG[5004]",
        "$CSG[5146]",
        "$CSG[5012]",
        "$CSG[5147]",
        "$CSG[5020]",
        "$CSG[5148]",
        "$CSG[5028]",
        "$CSG[5149]",
        "$CSG[5008]",
        "$CSG[5162]",
        "$CSG[5016]",
        "$CSG[5163]",
        "$CSG[5024]",
        "$CSG[5164]",
        "$CSG[5032]",
        "$CSG[5165]",

        "$CSG[5005]",
        "$CSG[5114..5116]",
        "$CSG[5013]",
        "$CSG[5117..5119]",
        "$CSG[5021]",
        "$CSG[5120..5122]",
        "$CSG[5029]",
        "$CSG[5123..5125]",
        "$CSG[5009]",
        "$CSG[5126..5128]",
        "$CSG[5017]",
        "$CSG[5129..5131]",
        "$CSG[5025]",
        "$CSG[5132..5134]",
        "$CSG[5033]",
        "$CSG[5135..5137]",

        "$CSG[5138..5141]",
        "$CSG[5154..5157]",
        "$CSG[5142..5145]",
        "$CSG[5158..5161]",
        "$CSG[5150..5153]",
        "$CSG[5166..5169]",

        "$CSG[5066]",
        "$CSG[5186]",
        "$CSG[5067]",
        "$CSG[5187]",
        "$CSG[5068]",
        "$CSG[5188]",
        "$CSG[5069]",
        "$CSG[5189]",
        "$CSG[5070]",
        "$CSG[5190]",
        "$CSG[5071]",
        "$CSG[5191]",
        "$CSG[5072]",
        "$CSG[5192]",
        "$CSG[5073]",
        "$CSG[5193]",

        "$CSG[5034..5065]",

        "$CSG[5074..5089]",

        "$CSG[5170..5185]",

        "$CSG[5194..5209]",

        "$CSG[5210]",
        "$CSG[5218]",
        "$CSG[5226]",
        "$CSG[5234]",

        "$CSG[5214]",
        "$CSG[5222]",
        "$CSG[5230]",
        "$CSG[5238]",
 
        "$CSG[5211]",
        "$CSG[5298..5300]",
        "$CSG[5219]",
        "$CSG[5301..5303]",
        "$CSG[5227]",
        "$CSG[5304..5306]",
        "$CSG[5235]",
        "$CSG[5307..5309]",

        "$CSG[5215]",
        "$CSG[5310..5312]",
        "$CSG[5223]",
        "$CSG[5313..5315]",
        "$CSG[5231]",
        "$CSG[5316..5318]",
        "$CSG[5239]",
        "$CSG[5319..5321]",

        "$CSG[5212]",
        "$CSG[5354]",
        "$CSG[5220]",
        "$CSG[5355]",
        "$CSG[5228]",
        "$CSG[5356]",
        "$CSG[5236]",
        "$CSG[5357]",
        "$CSG[5216]",
        "$CSG[5370]",
        "$CSG[5224]",
        "$CSG[5371]",
        "$CSG[5232]",
        "$CSG[5372]",
        "$CSG[5240]",
        "$CSG[5373]",

        "$CSG[5213]",
        "$CSG[5322..5324]",
        "$CSG[5221]",
        "$CSG[5325..5327]",
        "$CSG[5229]",
        "$CSG[5328..5330]",
        "$CSG[5237]",
        "$CSG[5331..5333]",
        "$CSG[5217]",
        "$CSG[5334..5336]",
        "$CSG[5225]",
        "$CSG[5337..5339]",
        "$CSG[5233]",
        "$CSG[5340..5342]",
        "$CSG[5241]",
        "$CSG[5343..5345]",

        "$CSG[5346..5349]",
        "$CSG[5362..5365]",
        "$CSG[5350..5353]",
        "$CSG[5366..5369]",
        "$CSG[5358..5361]",
        "$CSG[5374..5377]",

        "$CSG[5274]",
        "$CSG[5394]",
        "$CSG[5275]",
        "$CSG[5395]",
        "$CSG[5276]",
        "$CSG[5396]",
        "$CSG[5277]",
        "$CSG[5397]",
        "$CSG[5278]",
        "$CSG[5398]",
        "$CSG[5279]",
        "$CSG[5399]",
        "$CSG[5280]",
        "$CSG[5400]",
        "$CSG[5281]",
        "$CSG[5401]",

        "$CSG[5242..5273]",

        "$CSG[5282..5297]",

        "$CSG[5378..5393]"
    ],
    "noCsgImages": [
        { "path": "images/preview.png", "format": "raw" },
        "",
        "",
        "$RCT2:OBJDATA/ARRT2.DAT[3]",
        "$RCT2:OBJDATA/ARRT2.DAT[5]",
        "$RCT2:OBJDATA/ARRT2.DAT[7]",
        "$RCT2:OBJDATA/ARRT2.DAT[9]",
        "$RCT2:OBJDATA/ARRT2.DAT[11]",
        "$RCT2:OBJDATA/ARRT2.DAT[13]",
        "$RCT2:OBJDATA/ARRT2.DAT[15]",
        "$RCT2:OBJDATA/ARRT2.DAT[17]",
        "$RCT2:OBJDATA/ARRT2.DAT[19]",
        "$RCT2:OBJDATA/ARRT2.DAT[21]",
        "$RCT2:OBJDATA/ARRT2.DAT[23]",
        "$RCT2:OBJDATA/ARRT2.DAT[25]",
        "$RCT2:OBJDATA/ARRT2.DAT[27]",
        "$RCT2:OBJDATA/ARRT2.DAT[29]",
        "$RCT2:OBJDATA/ARRT2.DAT[31]",
        "$RCT2:OBJDATA/ARRT2.DAT[33]",

        "$RCT2:OBJDATA/ARRT2.DAT[35..42]",

        "$RCT2:OBJDATA/ARRT2.DAT[43]",
        "$RCT2:OBJDATA/ARRT2.DAT[45]",
        "$RCT2:OBJDATA/ARRT2.DAT[47]",
        "$RCT2:OBJDATA/ARRT2.DAT[49]",
        "$RCT2:OBJDATA/ARRT2.DAT[51]",
        "$RCT2:OBJDATA/ARRT2.DAT[53]",
        "$RCT2:OBJDATA/ARRT2.DAT[55]",
        "$RCT2:OBJDATA/ARRT2.DAT[57]",
        "$RCT2:OBJDATA/ARRT2.DAT[59]",
        "$RCT2:OBJDATA/ARRT2.DAT[61]",
        "$RCT2:OBJDATA/ARRT2.DAT[63]",
        "$RCT2:OBJDATA/ARRT2.DAT[65]",
        "$RCT2:OBJDATA/ARRT2.DAT[67]",
        "$RCT2:OBJDATA/ARRT2.DAT[69]",
        "$RCT2:OBJDATA/ARRT2.DAT[71]",
        "$RCT2:OBJDATA/ARRT2.DAT[73]",

        "$RCT2:OBJDATA/ARRT2.DAT[75]",
        "$RCT2:OBJDATA/ARRT2.DAT[77]",
        "$RCT2:OBJDATA/ARRT2.DAT[79]",
        "$RCT2:OBJDATA/ARRT2.DAT[81]",
        "$RCT2:OBJDATA/ARRT2.DAT[83]",
        "$RCT2:OBJDATA/ARRT2.DAT[85]",
        "$RCT2:OBJDATA/ARRT2.DAT[87]",
        "$RCT2:OBJDATA/ARRT2.DAT[89]",
        "$RCT2:OBJDATA/ARRT2.DAT[91]",
        "$RCT2:OBJDATA/ARRT2.DAT[93]",
        "$RCT2:OBJDATA/ARRT2.DAT[95]",
        "$RCT2:OBJDATA/ARRT2.DAT[97]",
        "$RCT2:OBJDATA/ARRT2.DAT[99]",
        "$RCT2:OBJDATA/ARRT2.DAT[101]",
        "$RCT2:OBJDATA/ARRT2.DAT[103]",
        "$RCT2:OBJDATA/ARRT2.DAT[105]",

        "$RCT2:OBJDATA/ARRT2.DAT[107..122]",

        "$RCT2:OBJDATA/ARRT2.DAT[123]",
        "$RCT2:OBJDATA/ARRT2.DAT[125]",
        "$RCT2:OBJDATA/ARRT2.DAT[127]",
        "$RCT2:OBJDATA/ARRT2.DAT[129]",
        "$RCT2:OBJDATA/ARRT2.DAT[131]",
        "$RCT2:OBJDATA/ARRT2.DAT[133]",
        "$RCT2:OBJDATA/ARRT2.DAT[135]",
        "$RCT2:OBJDATA/ARRT2.DAT[137]",
        "$RCT2:OBJDATA/ARRT2.DAT[139]",
        "$RCT2:OBJDATA/ARRT2.DAT[141]",
        "$RCT2:OBJDATA/ARRT2.DAT[143]",
        "$RCT2:OBJDATA/ARRT2.DAT[145]",
        "$RCT2:OBJDATA/ARRT2.DAT[147]",
        "$RCT2:OBJDATA/ARRT2.DAT[149]",
        "$RCT2:OBJDATA/ARRT2.DAT[151]",
        "$RCT2:OBJDATA/ARRT2.DAT[153]",

        "$RCT2:OBJDATA/ARRT2.DAT[155]",
        "$RCT2:OBJDATA/ARRT2.DAT[157]",
        "$RCT2:OBJDATA/ARRT2.DAT[159]",
        "$RCT2:OBJDATA/ARRT2.DAT[161]",
        "$RCT2:OBJDATA/ARRT2.DAT[163]",
        "$RCT2:OBJDATA/ARRT2.DAT[165]",
        "$RCT2:OBJDATA/ARRT2.DAT[167]",
        "$RCT2:OBJDATA/ARRT2.DAT[169]",
        "$RCT2:OBJDATA/ARRT2.DAT[171]",
        "$RCT2:OBJDATA/ARRT2.DAT[173]",
        "$RCT2:OBJDATA/ARRT2.DAT[175]",
        "$RCT2:OBJDATA/ARRT2.DAT[177]",
        "$RCT2:OBJDATA/ARRT2.DAT[179]",
        "$RCT2:OBJDATA/ARRT2.DAT[181]",
        "$RCT2:OBJDATA/ARRT2.DAT[183]",
        "$RCT2:OBJDATA/ARRT2.DAT[185]",

        "$RCT2:OBJDATA/ARRT2.DAT[187..226]",

        "$RCT2:OBJDATA/ARRT2.DAT[227]",
        "$RCT2:OBJDATA/ARRT2.DAT[229]",
        "$RCT2:OBJDATA/ARRT2.DAT[231]",
        "$RCT2:OBJDATA/ARRT2.DAT[233]",
        "$RCT2:OBJDATA/ARRT2.DAT[235]",
        "$RCT2:OBJDATA/ARRT2.DAT[237]",
        "$RCT2:OBJDATA/ARRT2.DAT[239]",
        "$RCT2:OBJDATA/ARRT2.DAT[241]",
        "$RCT2:OBJDATA/ARRT2.DAT[243]",
        "$RCT2:OBJDATA/ARRT2.DAT[245]",
        "$RCT2:OBJDATA/ARRT2.DAT[247]",
        "$RCT2:OBJDATA/ARRT2.DAT[249]",
        "$RCT2:OBJDATA/ARRT2.DAT[251]",
        "$RCT2:OBJDATA/ARRT2.DAT[253]",
        "$RCT2:OBJDATA/ARRT2.DAT[255]",
        "$RCT2:OBJDATA/ARRT2.DAT[257]",

        "$RCT2:OBJDATA/ARRT2.DAT[259]",
        "$RCT2:OBJDATA/ARRT2.DAT[261]",
        "$RCT2:OBJDATA/ARRT2.DAT[263]",
        "$RCT2:OBJDATA/ARRT2.DAT[265]",
        "$RCT2:OBJDATA/ARRT2.DAT[267]",
        "$RCT2:OBJDATA/ARRT2.DAT[269]",
        "$RCT2:OBJDATA/ARRT2.DAT[271]",
        "$RCT2:OBJDATA/ARRT2.DAT[273]",
        "$RCT2:OBJDATA/ARRT2.DAT[275]",
        "$RCT2:OBJDATA/ARRT2.DAT[277]",
        "$RCT2:OBJDATA/ARRT2.DAT[279]",
        "$RCT2:OBJDATA/ARRT2.DAT[281]",
        "$RCT2:OBJDATA/ARRT2.DAT[283]",
        "$RCT2:OBJDATA/ARRT2.DAT[285]",
        "$RCT2:OBJDATA/ARRT2.DAT[287]",
        "$RCT2:OBJDATA/ARRT2.DAT[289]",

        "$RCT2:OBJDATA/ARRT2.DAT[291]",
        "$RCT2:OBJDATA/ARRT2.DAT[299]",
        "$RCT2:OBJDATA/ARRT2.DAT[307]",
        "$RCT2:OBJDATA/ARRT2.DAT[315]",
        "$RCT2:OBJDATA/ARRT2.DAT[323]",
        "$RCT2:OBJDATA/ARRT2.DAT[331]",
        "$RCT2:OBJDATA/ARRT2.DAT[339]",
        "$RCT2:OBJDATA/ARRT2.DAT[347]",

        "$RCT2:OBJDATA/ARRT2.DAT[355]",
        "$RCT2:OBJDATA/ARRT2.DAT[363]",
        "$RCT2:OBJDATA/ARRT2.DAT[371]",
        "$RCT2:OBJDATA/ARRT2.DAT[379]",
        "$RCT2:OBJDATA/ARRT2.DAT[387]",
        "$RCT2:OBJDATA/ARRT2.DAT[395]",
        "$RCT2:OBJDATA/ARRT2.DAT[403]",
        "$RCT2:OBJDATA/ARRT2.DAT[411]",

        "$RCT2:OBJDATA/ARRT2.DAT[419..434]",

        "$RCT2:OBJDATA/ARRT2.DAT[447]",
        "$RCT2:OBJDATA/ARRT2.DAT[449]",
        "$RCT2:OBJDATA/ARRT2.DAT[451]",
        "$RCT2:OBJDATA/ARRT2.DAT[453]",
        "$RCT2:OBJDATA/ARRT2.DAT[455]",
        "$RCT2:OBJDATA/ARRT2.DAT[457]",
        "$RCT2:OBJDATA/ARRT2.DAT[459]",
        "$RCT2:OBJDATA/ARRT2.DAT[461]",
        "$RCT2:OBJDATA/ARRT2.DAT[463]",
        "$RCT2:OBJDATA/ARRT2.DAT[465]",
        "$RCT2:OBJDATA/ARRT2.DAT[467]",
        "$RCT2:OBJDATA/ARRT2.DAT[469]",
        "$RCT2:OBJDATA/ARRT2.DAT[471]",
        "$RCT2:OBJDATA/ARRT2.DAT[473]",
        "$RCT2:OBJDATA/ARRT2.DAT[475]",
        "$RCT2:OBJDATA/ARRT2.DAT[477]",

        "$RCT2:OBJDATA/ARRT2.DAT[479..486]",

        "$RCT2:OBJDATA/ARRT2.DAT[487]",
        "$RCT2:OBJDATA/ARRT2.DAT[489]",
        "$RCT2:OBJDATA/ARRT2.DAT[491]",
        "$RCT2:OBJDATA/ARRT2.DAT[493]",
        "$RCT2:OBJDATA/ARRT2.DAT[495]",
        "$RCT2:OBJDATA/ARRT2.DAT[497]",
        "$RCT2:OBJDATA/ARRT2.DAT[499]",
        "$RCT2:OBJDATA/ARRT2.DAT[501]",
        "$RCT2:OBJDATA/ARRT2.DAT[503]",
        "$RCT2:OBJDATA/ARRT2.DAT[505]",
        "$RCT2:OBJDATA/ARRT2.DAT[507]",
        "$RCT2:OBJDATA/ARRT2.DAT[509]",
        "$RCT2:OBJDATA/ARRT2.DAT[511]",
        "$RCT2:OBJDATA/ARRT2.DAT[513]",
        "$RCT2:OBJDATA/ARRT2.DAT[515]",
        "$RCT2:OBJDATA/ARRT2.DAT[517]",

        "$RCT2:OBJDATA/ARRT2.DAT[519]",
        "$RCT2:OBJDATA/ARRT2.DAT[521]",
        "$RCT2:OBJDATA/ARRT2.DAT[523]",
        "$RCT2:OBJDATA/ARRT2.DAT[525]",
        "$RCT2:OBJDATA/ARRT2.DAT[527]",
        "$RCT2:OBJDATA/ARRT2.DAT[529]",
        "$RCT2:OBJDATA/ARRT2.DAT[531]",
        "$RCT2:OBJDATA/ARRT2.DAT[533]",
        "$RCT2:OBJDATA/ARRT2.DAT[535]",
        "$RCT2:OBJDATA/ARRT2.DAT[537]",
        "$RCT2:OBJDATA/ARRT2.DAT[539]",
        "$RCT2:OBJDATA/ARRT2.DAT[541]",
        "$RCT2:OBJDATA/ARRT2.DAT[543]",
        "$RCT2:OBJDATA/ARRT2.DAT[545]",
        "$RCT2:OBJDATA/ARRT2.DAT[547]",
        "$RCT2:OBJDATA/ARRT2.DAT[549]",

        "$RCT2:OBJDATA/ARRT2.DAT[551..566]",

        "$RCT2:OBJDATA/ARRT2.DAT[567]",
        "$RCT2:OBJDATA/ARRT2.DAT[569]",
        "$RCT2:OBJDATA/ARRT2.DAT[571]",
        "$RCT2:OBJDATA/ARRT2.DAT[573]",
        "$RCT2:OBJDATA/ARRT2.DAT[575]",
        "$RCT2:OBJDATA/ARRT2.DAT[577]",
        "$RCT2:OBJDATA/ARRT2.DAT[579]",
        "$RCT2:OBJDATA/ARRT2.DAT[581]",
        "$RCT2:OBJDATA/ARRT2.DAT[583]",
        "$RCT2:OBJDATA/ARRT2.DAT[585]",
        "$RCT2:OBJDATA/ARRT2.DAT[587]",
        "$RCT2:OBJDATA/ARRT2.DAT[589]",
        "$RCT2:OBJDATA/ARRT2.DAT[591]",
        "$RCT2:OBJDATA/ARRT2.DAT[593]",
        "$RCT2:OBJDATA/ARRT2.DAT[595]",
        "$RCT2:OBJDATA/ARRT2.DAT[597]",

        "$RCT2:OBJDATA/ARRT2.DAT[599]",
        "$RCT2:OBJDATA/ARRT2.DAT[601]",
        "$RCT2:OBJDATA/ARRT2.DAT[603]",
        "$RCT2:OBJDATA/ARRT2.DAT[605]",
        "$RCT2:OBJDATA/ARRT2.DAT[607]",
        "$RCT2:OBJDATA/ARRT2.DAT[609]",
        "$RCT2:OBJDATA/ARRT2.DAT[611]",
        "$RCT2:OBJDATA/ARRT2.DAT[613]",
        "$RCT2:OBJDATA/ARRT2.DAT[615]",
        "$RCT2:OBJDATA/ARRT2.DAT[617]",
        "$RCT2:OBJDATA/ARRT2.DAT[619]",
        "$RCT2:OBJDATA/ARRT2.DAT[621]",
        "$RCT2:OBJDATA/ARRT2.DAT[623]",
        "$RCT2:OBJDATA/ARRT2.DAT[625]",
        "$RCT2:OBJDATA/ARRT2.DAT[627]",
        "$RCT2:OBJDATA/ARRT2.DAT[629]",

        "$RCT2:OBJDATA/ARRT2.DAT[631..670]",

        "$RCT2:OBJDATA/ARRT2.DAT[671]",
        "$RCT2:OBJDATA/ARRT2.DAT[673]",
        "$RCT2:OBJDATA/ARRT2.DAT[675]",
        "$RCT2:OBJDATA/ARRT2.DAT[677]",
        "$RCT2:OBJDATA/ARRT2.DAT[679]",
        "$RCT2:OBJDATA/ARRT2.DAT[681]",
        "$RCT2:OBJDATA/ARRT2.DAT[683]",
        "$RCT2:OBJDATA/ARRT2.DAT[685]",
        "$RCT2:OBJDATA/ARRT2.DAT[687]",
        "$RCT2:OBJDATA/ARRT2.DAT[689]",
        "$RCT2:OBJDATA/ARRT2.DAT[691]",
        "$RCT2:OBJDATA/ARRT2.DAT[693]",
        "$RCT2:OBJDATA/ARRT2.DAT[695]",
        "$RCT2:OBJDATA/ARRT2.DAT[697]",
        "$RCT2:OBJDATA/ARRT2.DAT[699]",
        "$RCT2:OBJDATA/ARRT2.DAT[701]",

        "$RCT2:OBJDATA/ARRT2.DAT[703]",
        "$RCT2:OBJDATA/ARRT2.DAT[705]",
        "$RCT2:OBJDATA/ARRT2.DAT[707]",
        "$RCT2:OBJDATA/ARRT2.DAT[709]",
        "$RCT2:OBJDATA/ARRT2.DAT[711]",
        "$RCT2:OBJDATA/ARRT2.DAT[713]",
        "$RCT2:OBJDATA/ARRT2.DAT[715]",
        "$RCT2:OBJDATA/ARRT2.DAT[717]",
        "$RCT2:OBJDATA/ARRT2.DAT[719]",
        "$RCT2:OBJDATA/ARRT2.DAT[721]",
        "$RCT2:OBJDATA/ARRT2.DAT[723]",
        "$RCT2:OBJDATA/ARRT2.DAT[725]",
        "$RCT2:OBJDATA/ARRT2.DAT[727]",
        "$RCT2:OBJDATA/ARRT2.DAT[729]",
        "$RCT2:OBJDATA/ARRT2.DAT[731]",
        "$RCT2:OBJDATA/ARRT2.DAT[733]",

        "$RCT2:OBJDATA/ARRT2.DAT[735]",
        "$RCT2:OBJDATA/ARRT2.DAT[743]",
        "$RCT2:OBJDATA/ARRT2.DAT[751]",
        "$RCT2:OBJDATA/ARRT2.DAT[759]",
        "$RCT2:OBJDATA/ARRT2.DAT[767]",
        "$RCT2:OBJDATA/ARRT2.DAT[775]",
        "$RCT2:OBJDATA/ARRT2.DAT[783]",
        "$RCT2:OBJDATA/ARRT2.DAT[791]",

        "$RCT2:OBJDATA/ARRT2.DAT[799]",
        "$RCT2:OBJDATA/ARRT2.DAT[807]",
        "$RCT2:OBJDATA/ARRT2.DAT[815]",
        "$RCT2:OBJDATA/ARRT2.DAT[823]",
        "$RCT2:OBJDATA/ARRT2.DAT[831]",
        "$RCT2:OBJDATA/ARRT2.DAT[839]",
        "$RCT2:OBJDATA/ARRT2.DAT[847]",
        "$RCT2:OBJDATA/ARRT2.DAT[855]",

        "$RCT2:OBJDATA/ARRT2.DAT[863..878]",

        "$RCT2:OBJDATA/ARRT2.DAT[891]",
        "$RCT2:OBJDATA/ARRT2.DAT[893]",
        "$RCT2:OBJDATA/ARRT2.DAT[895]",
        "$RCT2:OBJDATA/ARRT2.DAT[897]",
        "$RCT2:OBJDATA/ARRT2.DAT[899]",
        "$RCT2:OBJDATA/ARRT2.DAT[901]",
        "$RCT2:OBJDATA/ARRT2.DAT[903]",
        "$RCT2:OBJDATA/ARRT2.DAT[905]",
        "$RCT2:OBJDATA/ARRT2.DAT[907]",
        "$RCT2:OBJDATA/ARRT2.DAT[909]",
        "$RCT2:OBJDATA/ARRT2.DAT[911]",
        "$RCT2:OBJDATA/ARRT2.DAT[913]",
        "$RCT2:OBJDATA/ARRT2.DAT[915]",
        "$RCT2:OBJDATA/ARRT2.DAT[917]",
        "$RCT2:OBJDATA/ARRT2.DAT[919]",
        "$RCT2:OBJDATA/ARRT2.DAT[921]",

        "$RCT2:OBJDATA/ARRT2.DAT[923..930]",

        "$RCT2:OBJDATA/ARRT2.DAT[931]",
        "$RCT2:OBJDATA/ARRT2.DAT[933]",
        "$RCT2:OBJDATA/ARRT2.DAT[935]",
        "$RCT2:OBJDATA/ARRT2.DAT[937]",
        "$RCT2:OBJDATA/ARRT2.DAT[939]",
        "$RCT2:OBJDATA/ARRT2.DAT[941]",
        "$RCT2:OBJDATA/ARRT2.DAT[943]",
        "$RCT2:OBJDATA/ARRT2.DAT[945]",
        "$RCT2:OBJDATA/ARRT2.DAT[947]",
        "$RCT2:OBJDATA/ARRT2.DAT[949]",
        "$RCT2:OBJDATA/ARRT2.DAT[951]",
        "$RCT2:OBJDATA/ARRT2.DAT[953]",
        "$RCT2:OBJDATA/ARRT2.DAT[955]",
        "$RCT2:OBJDATA/ARRT2.DAT[957]",
        "$RCT2:OBJDATA/ARRT2.DAT[959]",
        "$RCT2:OBJDATA/ARRT2.DAT[961]",

        "$RCT2:OBJDATA/ARRT2.DAT[963]",
        "$RCT2:OBJDATA/ARRT2.DAT[965]",
        "$RCT2:OBJDATA/ARRT2.DAT[967]",
        "$RCT2:OBJDATA/ARRT2.DAT[969]",
        "$RCT2:OBJDATA/ARRT2.DAT[971]",
        "$RCT2:OBJDATA/ARRT2.DAT[973]",
        "$RCT2:OBJDATA/ARRT2.DAT[975]",
        "$RCT2:OBJDATA/ARRT2.DAT[977]",
        "$RCT2:OBJDATA/ARRT2.DAT[979]",
        "$RCT2:OBJDATA/ARRT2.DAT[981]",
        "$RCT2:OBJDATA/ARRT2.DAT[983]",
        "$RCT2:OBJDATA/ARRT2.DAT[985]",
        "$RCT2:OBJDATA/ARRT2.DAT[987]",
        "$RCT2:OBJDATA/ARRT2.DAT[989]",
        "$RCT2:OBJDATA/ARRT2.DAT[991]",
        "$RCT2:OBJDATA/ARRT2.DAT[993]",

        "$RCT2:OBJDATA/ARRT2.DAT[995..1010]",

        "$RCT2:OBJDATA/ARRT2.DAT[1011]",
        "$RCT2:OBJDATA/ARRT2.DAT[1013]",
        "$RCT2:OBJDATA/ARRT2.DAT[1015]",
        "$RCT2:OBJDATA/ARRT2.DAT[1017]",
        "$RCT2:OBJDATA/ARRT2.DAT[1019]",
        "$RCT2:OBJDATA/ARRT2.DAT[1021]",
        "$RCT2:OBJDATA/ARRT2.DAT[1023]",
        "$RCT2:OBJDATA/ARRT2.DAT[1025]",
        "$RCT2:OBJDATA/ARRT2.DAT[1027]",
        "$RCT2:OBJDATA/ARRT2.DAT[1029]",
        "$RCT2:OBJDATA/ARRT2.DAT[1031]",
        "$RCT2:OBJDATA/ARRT2.DAT[1033]",
        "$RCT2:OBJDATA/ARRT2.DAT[1035]",
        "$RCT2:OBJDATA/ARRT2.DAT[1037]",
        "$RCT2:OBJDATA/ARRT2.DAT[1039]",
        "$RCT2:OBJDATA/ARRT2.DAT[1041]",

        "$RCT2:OBJDATA/ARRT2.DAT[1043]",
        "$RCT2:OBJDATA/ARRT2.DAT[1045]",
        "$RCT2:OBJDATA/ARRT2.DAT[1047]",
        "$RCT2:OBJDATA/ARRT2.DAT[1049]",
        "$RCT2:OBJDATA/ARRT2.DAT[1051]",
        "$RCT2:OBJDATA/ARRT2.DAT[1053]",
        "$RCT2:OBJDATA/ARRT2.DAT[1055]",
        "$RCT2:OBJDATA/ARRT2.DAT[1057]",
        "$RCT2:OBJDATA/ARRT2.DAT[1059]",
        "$RCT2:OBJDATA/ARRT2.DAT[1061]",
        "$RCT2:OBJDATA/ARRT2.DAT[1063]",
        "$RCT2:OBJDATA/ARRT2.DAT[1065]",
        "$RCT2:OBJDATA/ARRT2.DAT[1067]",
        "$RCT2:OBJDATA/ARRT2.DAT[1069]",
        "$RCT2:OBJDATA/ARRT2.DAT[1071]",
        "$RCT2:OBJDATA/ARRT2.DAT[1073]",

        "$RCT2:OBJDATA/ARRT2.DAT[1075..1114]",

        "$RCT2:OBJDATA/ARRT2.DAT[1115]",
        "$RCT2:OBJDATA/ARRT2.DAT[1117]",
        "$RCT2:OBJDATA/ARRT2.DAT[1119]",
        "$RCT2:OBJDATA/ARRT2.DAT[1121]",
        "$RCT2:OBJDATA/ARRT2.DAT[1123]",
        "$RCT2:OBJDATA/ARRT2.DAT[1125]",
        "$RCT2:OBJDATA/ARRT2.DAT[1127]",
        "$RCT2:OBJDATA/ARRT2.DAT[1129]",
        "$RCT2:OBJDATA/ARRT2.DAT[1131]",
        "$RCT2:OBJDATA/ARRT2.DAT[1133]",
        "$RCT2:OBJDATA/ARRT2.DAT[1135]",
        "$RCT2:OBJDATA/ARRT2.DAT[1137]",
        "$RCT2:OBJDATA/ARRT2.DAT[1139]",
        "$RCT2:OBJDATA/ARRT2.DAT[1141]",
        "$RCT2:OBJDATA/ARRT2.DAT[1143]",
        "$RCT2:OBJDATA/ARRT2.DAT[1145]",

        "$RCT2:OBJDATA/ARRT2.DAT[1147]",
        "$RCT2:OBJDATA/ARRT2.DAT[1149]",
        "$RCT2:OBJDATA/ARRT2.DAT[1151]",
        "$RCT2:OBJDATA/ARRT2.DAT[1153]",
        "$RCT2:OBJDATA/ARRT2.DAT[1155]",
        "$RCT2:OBJDATA/ARRT2.DAT[1157]",
        "$RCT2:OBJDATA/ARRT2.DAT[1159]",
        "$RCT2:OBJDATA/ARRT2.DAT[1161]",
        "$RCT2:OBJDATA/ARRT2.DAT[1163]",
        "$RCT2:OBJDATA/ARRT2.DAT[1165]",
        "$RCT2:OBJDATA/ARRT2.DAT[1167]",
        "$RCT2:OBJDATA/ARRT2.DAT[1169]",
        "$RCT2:OBJDATA/ARRT2.DAT[1171]",
        "$RCT2:OBJDATA/ARRT2.DAT[1173]",
        "$RCT2:OBJDATA/ARRT2.DAT[1175]",
        "$RCT2:OBJDATA/ARRT2.DAT[1177]",

        "$RCT2:OBJDATA/ARRT2.DAT[1179]",
        "$RCT2:OBJDATA/ARRT2.DAT[1187]",
        "$RCT2:OBJDATA/ARRT2.DAT[1195]",
        "$RCT2:OBJDATA/ARRT2.DAT[1203]",
        "$RCT2:OBJDATA/ARRT2.DAT[1211]",
        "$RCT2:OBJDATA/ARRT2.DAT[1219]",
        "$RCT2:OBJDATA/ARRT2.DAT[1227]",
        "$RCT2:OBJDATA/ARRT2.DAT[1235]",

        "$RCT2:OBJDATA/ARRT2.DAT[1243]",
        "$RCT2:OBJDATA/ARRT2.DAT[1251]",
        "$RCT2:OBJDATA/ARRT2.DAT[1259]",
        "$RCT2:OBJDATA/ARRT2.DAT[1267]",
        "$RCT2:OBJDATA/ARRT2.DAT[1275]",
        "$RCT2:OBJDATA/ARRT2.DAT[1283]",
        "$RCT2:OBJDATA/ARRT2.DAT[1291]",
        "$RCT2:OBJDATA/ARRT2.DAT[1299]",

        "$RCT2:OBJDATA/ARRT2.DAT[1307..1322]",

        "$RCT2:OBJDATA/ARRT2.DAT[1335]",
        "$RCT2:OBJDATA/ARRT2.DAT[1337]",
        "$RCT2:OBJDATA/ARRT2.DAT[1339]",
        "$RCT2:OBJDATA/ARRT2.DAT[1341]",
        "$RCT2:OBJDATA/ARRT2.DAT[1343]",
        "$RCT2:OBJDATA/ARRT2.DAT[1345]",
        "$RCT2:OBJDATA/ARRT2.DAT[1347]",
        "$RCT2:OBJDATA/ARRT2.DAT[1349]",
        "$RCT2:OBJDATA/ARRT2.DAT[1351]",
        "$RCT2:OBJDATA/ARRT2.DAT[1353]",
        "$RCT2:OBJDATA/ARRT2.DAT[1355]",
        "$RCT2:OBJDATA/ARRT2.DAT[1357]",
        "$RCT2:OBJDATA/ARRT2.DAT[1359]",
        "$RCT2:OBJDATA/ARRT2.DAT[1361]",
        "$RCT2:OBJDATA/ARRT2.DAT[1363]",
        "$RCT2:OBJDATA/ARRT2.DAT[1365]",

        "$RCT2:OBJDATA/ARRT2.DAT[1367..1374]",

        "$RCT2:OBJDATA/ARRT2.DAT[1375]",
        "$RCT2:OBJDATA/ARRT2.DAT[1377]",
        "$RCT2:OBJDATA/ARRT2.DAT[1379]",
        "$RCT2:OBJDATA/ARRT2.DAT[1381]",
        "$RCT2:OBJDATA/ARRT2.DAT[1383]",
        "$RCT2:OBJDATA/ARRT2.DAT[1385]",
        "$RCT2:OBJDATA/ARRT2.DAT[1387]",
        "$RCT2:OBJDATA/ARRT2.DAT[1389]",
        "$RCT2:OBJDATA/ARRT2.DAT[1391]",
        "$RCT2:OBJDATA/ARRT2.DAT[1393]",
        "$RCT2:OBJDATA/ARRT2.DAT[1395]",
        "$RCT2:OBJDATA/ARRT2.DAT[1397]",
        "$RCT2:OBJDATA/ARRT2.DAT[1399]",
        "$RCT2:OBJDATA/ARRT2.DAT[1401]",
        "$RCT2:OBJDATA/ARRT2.DAT[1403]",
        "$RCT2:OBJDATA/ARRT2.DAT[1405]",

        "$RCT2:OBJDATA/ARRT2.DAT[1407]",
        "$RCT2:OBJDATA/ARRT2.DAT[1409]",
        "$RCT2:OBJDATA/ARRT2.DAT[1411]",
        "$RCT2:OBJDATA/ARRT2.DAT[1413]",
        "$RCT2:OBJDATA/ARRT2.DAT[1415]",
        "$RCT2:OBJDATA/ARRT2.DAT[1417]",
        "$RCT2:OBJDATA/ARRT2.DAT[1419]",
        "$RCT2:OBJDATA/ARRT2.DAT[1421]",
        "$RCT2:OBJDATA/ARRT2.DAT[1423]",
        "$RCT2:OBJDATA/ARRT2.DAT[1425]",
        "$RCT2:OBJDATA/ARRT2.DAT[1427]",
        "$RCT2:OBJDATA/ARRT2.DAT[1429]",
        "$RCT2:OBJDATA/ARRT2.DAT[1431]",
        "$RCT2:OBJDATA/ARRT2.DAT[1433]",
        "$RCT2:OBJDATA/ARRT2.DAT[1435]",
        "$RCT2:OBJDATA/ARRT2.DAT[1437]",

        "$RCT2:OBJDATA/ARRT2.DAT[1439..1454]",

        "$RCT2:OBJDATA/ARRT2.DAT[1455]",
        "$RCT2:OBJDATA/ARRT2.DAT[1457]",
        "$RCT2:OBJDATA/ARRT2.DAT[1459]",
        "$RCT2:OBJDATA/ARRT2.DAT[1461]",
        "$RCT2:OBJDATA/ARRT2.DAT[1463]",
        "$RCT2:OBJDATA/ARRT2.DAT[1465]",
        "$RCT2:OBJDATA/ARRT2.DAT[1467]",
        "$RCT2:OBJDATA/ARRT2.DAT[1469]",
        "$RCT2:OBJDATA/ARRT2.DAT[1471]",
        "$RCT2:OBJDATA/ARRT2.DAT[1473]",
        "$RCT2:OBJDATA/ARRT2.DAT[1475]",
        "$RCT2:OBJDATA/ARRT2.DAT[1477]",
        "$RCT2:OBJDATA/ARRT2.DAT[1479]",
        "$RCT2:OBJDATA/ARRT2.DAT[1481]",
        "$RCT2:OBJDATA/ARRT2.DAT[1483]",
        "$RCT2:OBJDATA/ARRT2.DAT[1485]",

        "$RCT2:OBJDATA/ARRT2.DAT[1487]",
        "$RCT2:OBJDATA/ARRT2.DAT[1489]",
        "$RCT2:OBJDATA/ARRT2.DAT[1491]",
        "$RCT2:OBJDATA/ARRT2.DAT[1493]",
        "$RCT2:OBJDATA/ARRT2.DAT[1495]",
        "$RCT2:OBJDATA/ARRT2.DAT[1497]",
        "$RCT2:OBJDATA/ARRT2.DAT[1499]",
        "$RCT2:OBJDATA/ARRT2.DAT[1501]",
        "$RCT2:OBJDATA/ARRT2.DAT[1503]",
        "$RCT2:OBJDATA/ARRT2.DAT[1505]",
        "$RCT2:OBJDATA/ARRT2.DAT[1507]",
        "$RCT2:OBJDATA/ARRT2.DAT[1509]",
        "$RCT2:OBJDATA/ARRT2.DAT[1511]",
        "$RCT2:OBJDATA/ARRT2.DAT[1513]",
        "$RCT2:OBJDATA/ARRT2.DAT[1515]",
        "$RCT2:OBJDATA/ARRT2.DAT[1517]",

        "$RCT2:OBJDATA/ARRT2.DAT[1519..1558]",

        "$RCT2:OBJDATA/ARRT2.DAT[1559]",
        "$RCT2:OBJDATA/ARRT2.DAT[1561]",
        "$RCT2:OBJDATA/ARRT2.DAT[1563]",
        "$RCT2:OBJDATA/ARRT2.DAT[1565]",
        "$RCT2:OBJDATA/ARRT2.DAT[1567]",
        "$RCT2:OBJDATA/ARRT2.DAT[1569]",
        "$RCT2:OBJDATA/ARRT2.DAT[1571]",
        "$RCT2:OBJDATA/ARRT2.DAT[1573]",
        "$RCT2:OBJDATA/ARRT2.DAT[1575]",
        "$RCT2:OBJDATA/ARRT2.DAT[1577]",
        "$RCT2:OBJDATA/ARRT2.DAT[1579]",
        "$RCT2:OBJDATA/ARRT2.DAT[1581]",
        "$RCT2:OBJDATA/ARRT2.DAT[1583]",
        "$RCT2:OBJDATA/ARRT2.DAT[1585]",
        "$RCT2:OBJDATA/ARRT2.DAT[1587]",
        "$RCT2:OBJDATA/ARRT2.DAT[1589]",

        "$RCT2:OBJDATA/ARRT2.DAT[1591]",
        "$RCT2:OBJDATA/ARRT2.DAT[1593]",
        "$RCT2:OBJDATA/ARRT2.DAT[1595]",
        "$RCT2:OBJDATA/ARRT2.DAT[1597]",
        "$RCT2:OBJDATA/ARRT2.DAT[1599]",
        "$RCT2:OBJDATA/ARRT2.DAT[1601]",
        "$RCT2:OBJDATA/ARRT2.DAT[1603]",
        "$RCT2:OBJDATA/ARRT2.DAT[1605]",
        "$RCT2:OBJDATA/ARRT2.DAT[1607]",
        "$RCT2:OBJDATA/ARRT2.DAT[1609]",
        "$RCT2:OBJDATA/ARRT2.DAT[1611]",
        "$RCT2:OBJDATA/ARRT2.DAT[1613]",
        "$RCT2:OBJDATA/ARRT2.DAT[1615]",
        "$RCT2:OBJDATA/ARRT2.DAT[1617]",
        "$RCT2:OBJDATA/ARRT2.DAT[1619]",
        "$RCT2:OBJDATA/ARRT2.DAT[1621]",

        "$RCT2:OBJDATA/ARRT2.DAT[1623]",
        "$RCT2:OBJDATA/ARRT2.DAT[1631]",
        "$RCT2:OBJDATA/ARRT2.DAT[1639]",
        "$RCT2:OBJDATA/ARRT2.DAT[1647]",
        "$RCT2:OBJDATA/ARRT2.DAT[1655]",
        "$RCT2:OBJDATA/ARRT2.DAT[1663]",
        "$RCT2:OBJDATA/ARRT2.DAT[1671]",
        "$RCT2:OBJDATA/ARRT2.DAT[1679]",

        "$RCT2:OBJDATA/ARRT2.DAT[1687]",
        "$RCT2:OBJDATA/ARRT2.DAT[1695]",
        "$RCT2:OBJDATA/ARRT2.DAT[1703]",
        "$RCT2:OBJDATA/ARRT2.DAT[1711]",
        "$RCT2:OBJDATA/ARRT2.DAT[1719]",
        "$RCT2:OBJDATA/ARRT2.DAT[1727]",
        "$RCT2:OBJDATA/ARRT2.DAT[1735]",
        "$RCT2:OBJDATA/ARRT2.DAT[1743]",

        "$RCT2:OBJDATA/ARRT2.DAT[1751..1766]",

        "$RCT2:OBJDATA/ARRT2.DAT[1779]",
        "$RCT2:OBJDATA/ARRT2.DAT[1781]",
        "$RCT2:OBJDATA/ARRT2.DAT[1783]",
        "$RCT2:OBJDATA/ARRT2.DAT[1785]",
        "$RCT2:OBJDATA/ARRT2.DAT[1787]",
        "$RCT2:OBJDATA/ARRT2.DAT[1789]",
        "$RCT2:OBJDATA/ARRT2.DAT[1791]",
        "$RCT2:OBJDATA/ARRT2.DAT[1793]",
        "$RCT2:OBJDATA/ARRT2.DAT[1795]",
        "$RCT2:OBJDATA/ARRT2.DAT[1797]",
        "$RCT2:OBJDATA/ARRT2.DAT[1799]",
        "$RCT2:OBJDATA/ARRT2.DAT[1801]",
        "$RCT2:OBJDATA/ARRT2.DAT[1803]",
        "$RCT2:OBJDATA/ARRT2.DAT[1805]",
        "$RCT2:OBJDATA/ARRT2.DAT[1807]",
        "$RCT2:OBJDATA/ARRT2.DAT[1809]",

        "$RCT2:OBJDATA/ARRT2.DAT[1811..1818]",

        "$RCT2:OBJDATA/ARRT2.DAT[1819]",
        "$RCT2:OBJDATA/ARRT2.DAT[1821]",
        "$RCT2:OBJDATA/ARRT2.DAT[1823]",
        "$RCT2:OBJDATA/ARRT2.DAT[1825]",
        "$RCT2:OBJDATA/ARRT2.DAT[1827]",
        "$RCT2:OBJDATA/ARRT2.DAT[1829]",
        "$RCT2:OBJDATA/ARRT2.DAT[1831]",
        "$RCT2:OBJDATA/ARRT2.DAT[1833]",
        "$RCT2:OBJDATA/ARRT2.DAT[1835]",
        "$RCT2:OBJDATA/ARRT2.DAT[1837]",
        "$RCT2:OBJDATA/ARRT2.DAT[1839]",
        "$RCT2:OBJDATA/ARRT2.DAT[1841]",
        "$RCT2:OBJDATA/ARRT2.DAT[1843]",
        "$RCT2:OBJDATA/ARRT2.DAT[1845]",
        "$RCT2:OBJDATA/ARRT2.DAT[1847]",
        "$RCT2:OBJDATA/ARRT2.DAT[1849]",

        "$RCT2:OBJDATA/ARRT2.DAT[1851]",
        "$RCT2:OBJDATA/ARRT2.DAT[1853]",
        "$RCT2:OBJDATA/ARRT2.DAT[1855]",
        "$RCT2:OBJDATA/ARRT2.DAT[1857]",
        "$RCT2:OBJDATA/ARRT2.DAT[1859]",
        "$RCT2:OBJDATA/ARRT2.DAT[1861]",
        "$RCT2:OBJDATA/ARRT2.DAT[1863]",
        "$RCT2:OBJDATA/ARRT2.DAT[1865]",
        "$RCT2:OBJDATA/ARRT2.DAT[1867]",
        "$RCT2:OBJDATA/ARRT2.DAT[1869]",
        "$RCT2:OBJDATA/ARRT2.DAT[1871]",
        "$RCT2:OBJDATA/ARRT2.DAT[1873]",
        "$RCT2:OBJDATA/ARRT2.DAT[1875]",
        "$RCT2:OBJDATA/ARRT2.DAT[1877]",
        "$RCT2:OBJDATA/ARRT2.DAT[1879]",
        "$RCT2:OBJDATA/ARRT2.DAT[1881]",

        "$RCT2:OBJDATA/ARRT2.DAT[1883..1898]",

        "$RCT2:OBJDATA/ARRT2.DAT[1899]",
        "$RCT2:OBJDATA/ARRT2.DAT[1901]",
        "$RCT2:OBJDATA/ARRT2.DAT[1903]",
        "$RCT2:OBJDATA/ARRT2.DAT[1905]",
        "$RCT2:OBJDATA/ARRT2.DAT[1907]",
        "$RCT2:OBJDATA/ARRT2.DAT[1909]",
        "$RCT2:OBJDATA/ARRT2.DAT[1911]",
        "$RCT2:OBJDATA/ARRT2.DAT[1913]",
        "$RCT2:OBJDATA/ARRT2.DAT[1915]",
        "$RCT2:OBJDATA/ARRT2.DAT[1917]",
        "$RCT2:OBJDATA/ARRT2.DAT[1919]",
        "$RCT2:OBJDATA/ARRT2.DAT[1921]",
        "$RCT2:OBJDATA/ARRT2.DAT[1923]",
        "$RCT2:OBJDATA/ARRT2.DAT[1925]",
        "$RCT2:OBJDATA/ARRT2.DAT[1927]",
        "$RCT2:OBJDATA/ARRT2.DAT[1929]",

        "$RCT2:OBJDATA/ARRT2.DAT[1931]",
        "$RCT2:OBJDATA/ARRT2.DAT[1933]",
        "$RCT2:OBJDATA/ARRT2.DAT[1935]",
        "$RCT2:OBJDATA/ARRT2.DAT[1937]",
        "$RCT2:OBJDATA/ARRT2.DAT[1939]",
        "$RCT2:OBJDATA/ARRT2.DAT[1941]",
        "$RCT2:OBJDATA/ARRT2.DAT[1943]",
        "$RCT2:OBJDATA/ARRT2.DAT[1945]",
        "$RCT2:OBJDATA/ARRT2.DAT[1947]",
        "$RCT2:OBJDATA/ARRT2.DAT[1949]",
        "$RCT2:OBJDATA/ARRT2.DAT[1951]",
        "$RCT2:OBJDATA/ARRT2.DAT[1953]",
        "$RCT2:OBJDATA/ARRT2.DAT[1955]",
        "$RCT2:OBJDATA/ARRT2.DAT[1957]",
        "$RCT2:OBJDATA/ARRT2.DAT[1959]",
        "$RCT2:OBJDATA/ARRT2.DAT[1961]",

        "$RCT2:OBJDATA/ARRT2.DAT[1963..2002]",

        "$RCT2:OBJDATA/ARRT2.DAT[2003]",
        "$RCT2:OBJDATA/ARRT2.DAT[2005]",
        "$RCT2:OBJDATA/ARRT2.DAT[2007]",
        "$RCT2:OBJDATA/ARRT2.DAT[2009]",
        "$RCT2:OBJDATA/ARRT2.DAT[2011]",
        "$RCT2:OBJDATA/ARRT2.DAT[2013]",
        "$RCT2:OBJDATA/ARRT2.DAT[2015]",
        "$RCT2:OBJDATA/ARRT2.DAT[2017]",
        "$RCT2:OBJDATA/ARRT2.DAT[2019]",
        "$RCT2:OBJDATA/ARRT2.DAT[2021]",
        "$RCT2:OBJDATA/ARRT2.DAT[2023]",
        "$RCT2:OBJDATA/ARRT2.DAT[2025]",
        "$RCT2:OBJDATA/ARRT2.DAT[2027]",
        "$RCT2:OBJDATA/ARRT2.DAT[2029]",
        "$RCT2:OBJDATA/ARRT2.DAT[2031]",
        "$RCT2:OBJDATA/ARRT2.DAT[2033]",

        "$RCT2:OBJDATA/ARRT2.DAT[2035]",
        "$RCT2:OBJDATA/ARRT2.DAT[2037]",
        "$RCT2:OBJDATA/ARRT2.DAT[2039]",
        "$RCT2:OBJDATA/ARRT2.DAT[2041]",
        "$RCT2:OBJDATA/ARRT2.DAT[2043]",
        "$RCT2:OBJDATA/ARRT2.DAT[2045]",
        "$RCT2:OBJDATA/ARRT2.DAT[2047]",
        "$RCT2:OBJDATA/ARRT2.DAT[2049]",
        "$RCT2:OBJDATA/ARRT2.DAT[2051]",
        "$RCT2:OBJDATA/ARRT2.DAT[2053]",
        "$RCT2:OBJDATA/ARRT2.DAT[2055]",
        "$RCT2:OBJDATA/ARRT2.DAT[2057]",
        "$RCT2:OBJDATA/ARRT2.DAT[2059]",
        "$RCT2:OBJDATA/ARRT2.DAT[2061]",
        "$RCT2:OBJDATA/ARRT2.DAT[2063]",
        "$RCT2:OBJDATA/ARRT2.DAT[2065]",

        "$RCT2:OBJDATA/ARRT2.DAT[2067]",
        "$RCT2:OBJDATA/ARRT2.DAT[2075]",
        "$RCT2:OBJDATA/ARRT2.DAT[2083]",
        "$RCT2:OBJDATA/ARRT2.DAT[2091]",
        "$RCT2:OBJDATA/ARRT2.DAT[2099]",
        "$RCT2:OBJDATA/ARRT2.DAT[2107]",
        "$RCT2:OBJDATA/ARRT2.DAT[2115]",
        "$RCT2:OBJDATA/ARRT2.DAT[2123]",

        "$RCT2:OBJDATA/ARRT2.DAT[2131]",
        "$RCT2:OBJDATA/ARRT2.DAT[2139]",
        "$RCT2:OBJDATA/ARRT2.DAT[2147]",
        "$RCT2:OBJDATA/ARRT2.DAT[2155]",
        "$RCT2:OBJDATA/ARRT2.DAT[2163]",
        "$RCT2:OBJDATA/ARRT2.DAT[2171]",
        "$RCT2:OBJDATA/ARRT2.DAT[2179]",
        "$RCT2:OBJDATA/ARRT2.DAT[2187]",

        "$RCT2:OBJDATA/ARRT2.DAT[2195..2210]",

        "$RCT2:OBJDATA/ARRT2.DAT[2223]",
        "$RCT2:OBJDATA/ARRT2.DAT[2225]",
        "$RCT2:OBJDATA/ARRT2.DAT[2227]",
        "$RCT2:OBJDATA/ARRT2.DAT[2229]",
        "$RCT2:OBJDATA/ARRT2.DAT[2231]",
        "$RCT2:OBJDATA/ARRT2.DAT[2233]",
        "$RCT2:OBJDATA/ARRT2.DAT[2235]",
        "$RCT2:OBJDATA/ARRT2.DAT[2237]",
        "$RCT2:OBJDATA/ARRT2.DAT[2239]",
        "$RCT2:OBJDATA/ARRT2.DAT[2241]",
        "$RCT2:OBJDATA/ARRT2.DAT[2243]",
        "$RCT2:OBJDATA/ARRT2.DAT[2245]",
        "$RCT2:OBJDATA/ARRT2.DAT[2247]",
        "$RCT2:OBJDATA/ARRT2.DAT[2249]",
        "$RCT2:OBJDATA/ARRT2.DAT[2251]",
        "$RCT2:OBJDATA/ARRT2.DAT[2253]",

        "$RCT2:OBJDATA/ARRT2.DAT[2255..2262]",

        "$RCT2:OBJDATA/ARRT2.DAT[2263]",
        "$RCT2:OBJDATA/ARRT2.DAT[2265]",
        "$RCT2:OBJDATA/ARRT2.DAT[2267]",
        "$RCT2:OBJDATA/ARRT2.DAT[2269]",
        "$RCT2:OBJDATA/ARRT2.DAT[2271]",
        "$RCT2:OBJDATA/ARRT2.DAT[2273]",
        "$RCT2:OBJDATA/ARRT2.DAT[2275]",
        "$RCT2:OBJDATA/ARRT2.DAT[2277]",
        "$RCT2:OBJDATA/ARRT2.DAT[2279]",
        "$RCT2:OBJDATA/ARRT2.DAT[2281]",
        "$RCT2:OBJDATA/ARRT2.DAT[2283]",
        "$RCT2:OBJDATA/ARRT2.DAT[2285]",
        "$RCT2:OBJDATA/ARRT2.DAT[2287]",
        "$RCT2:OBJDATA/ARRT2.DAT[2289]",
        "$RCT2:OBJDATA/ARRT2.DAT[2291]",
        "$RCT2:OBJDATA/ARRT2.DAT[2293]",

        "$RCT2:OBJDATA/ARRT2.DAT[2295]",
        "$RCT2:OBJDATA/ARRT2.DAT[2297]",
        "$RCT2:OBJDATA/ARRT2.DAT[2299]",
        "$RCT2:OBJDATA/ARRT2.DAT[2301]",
        "$RCT2:OBJDATA/ARRT2.DAT[2303]",
        "$RCT2:OBJDATA/ARRT2.DAT[2305]",
        "$RCT2:OBJDATA/ARRT2.DAT[2307]",
        "$RCT2:OBJDATA/ARRT2.DAT[2309]",
        "$RCT2:OBJDATA/ARRT2.DAT[2311]",
        "$RCT2:OBJDATA/ARRT2.DAT[2313]",
        "$RCT2:OBJDATA/ARRT2.DAT[2315]",
        "$RCT2:OBJDATA/ARRT2.DAT[2317]",
        "$RCT2:OBJDATA/ARRT2.DAT[2319]",
        "$RCT2:OBJDATA/ARRT2.DAT[2321]",
        "$RCT2:OBJDATA/ARRT2.DAT[2323]",
        "$RCT2:OBJDATA/ARRT2.DAT[2325]",

        "$RCT2:OBJDATA/ARRT2.DAT[2327..2342]",

        "$RCT2:OBJDATA/ARRT2.DAT[2343]",
        "$RCT2:OBJDATA/ARRT2.DAT[2345]",
        "$RCT2:OBJDATA/ARRT2.DAT[2347]",
        "$RCT2:OBJDATA/ARRT2.DAT[2349]",
        "$RCT2:OBJDATA/ARRT2.DAT[2351]",
        "$RCT2:OBJDATA/ARRT2.DAT[2353]",
        "$RCT2:OBJDATA/ARRT2.DAT[2355]",
        "$RCT2:OBJDATA/ARRT2.DAT[2357]",
        "$RCT2:OBJDATA/ARRT2.DAT[2359]",
        "$RCT2:OBJDATA/ARRT2.DAT[2361]",
        "$RCT2:OBJDATA/ARRT2.DAT[2363]",
        "$RCT2:OBJDATA/ARRT2.DAT[2365]",
        "$RCT2:OBJDATA/ARRT2.DAT[2367]",
        "$RCT2:OBJDATA/ARRT2.DAT[2369]",
        "$RCT2:OBJDATA/ARRT2.DAT[2371]",
        "$RCT2:OBJDATA/ARRT2.DAT[2373]",

        "$RCT2:OBJDATA/ARRT2.DAT[2375]",
        "$RCT2:OBJDATA/ARRT2.DAT[2377]",
        "$RCT2:OBJDATA/ARRT2.DAT[2379]",
        "$RCT2:OBJDATA/ARRT2.DAT[2381]",
        "$RCT2:OBJDATA/ARRT2.DAT[2383]",
        "$RCT2:OBJDATA/ARRT2.DAT[2385]",
        "$RCT2:OBJDATA/ARRT2.DAT[2387]",
        "$RCT2:OBJDATA/ARRT2.DAT[2389]",
        "$RCT2:OBJDATA/ARRT2.DAT[2391]",
        "$RCT2:OBJDATA/ARRT2.DAT[2393]",
        "$RCT2:OBJDATA/ARRT2.DAT[2395]",
        "$RCT2:OBJDATA/ARRT2.DAT[2397]",
        "$RCT2:OBJDATA/ARRT2.DAT[2399]",
        "$RCT2:OBJDATA/ARRT2.DAT[2401]",
        "$RCT2:OBJDATA/ARRT2.DAT[2403]",
        "$RCT2:OBJDATA/ARRT2.DAT[2405]",

        "$RCT2:OBJDATA/ARRT2.DAT[2407..2446]",

        "$RCT2:OBJDATA/ARRT2.DAT[2447]",
        "$RCT2:OBJDATA/ARRT2.DAT[2449]",
        "$RCT2:OBJDATA/ARRT2.DAT[2451]",
        "$RCT2:OBJDATA/ARRT2.DAT[2453]",
        "$RCT2:OBJDATA/ARRT2.DAT[2455]",
        "$RCT2:OBJDATA/ARRT2.DAT[2457]",
        "$RCT2:OBJDATA/ARRT2.DAT[2459]",
        "$RCT2:OBJDATA/ARRT2.DAT[2461]",
        "$RCT2:OBJDATA/ARRT2.DAT[2463]",
        "$RCT2:OBJDATA/ARRT2.DAT[2465]",
        "$RCT2:OBJDATA/ARRT2.DAT[2467]",
        "$RCT2:OBJDATA/ARRT2.DAT[2469]",
        "$RCT2:OBJDATA/ARRT2.DAT[2471]",
        "$RCT2:OBJDATA/ARRT2.DAT[2473]",
        "$RCT2:OBJDATA/ARRT2.DAT[2475]",
        "$RCT2:OBJDATA/ARRT2.DAT[2477]",

        "$RCT2:OBJDATA/ARRT2.DAT[2479]",
        "$RCT2:OBJDATA/ARRT2.DAT[2481]",
        "$RCT2:OBJDATA/ARRT2.DAT[2483]",
        "$RCT2:OBJDATA/ARRT2.DAT[2485]",
        "$RCT2:OBJDATA/ARRT2.DAT[2487]",
        "$RCT2:OBJDATA/ARRT2.DAT[2489]",
        "$RCT2:OBJDATA/ARRT2.DAT[2491]",
        "$RCT2:OBJDATA/ARRT2.DAT[2493]",
        "$RCT2:OBJDATA/ARRT2.DAT[2495]",
        "$RCT2:OBJDATA/ARRT2.DAT[2497]",
        "$RCT2:OBJDATA/ARRT2.DAT[2499]",
        "$RCT2:OBJDATA/ARRT2.DAT[2501]",
        "$RCT2:OBJDATA/ARRT2.DAT[2503]",
        "$RCT2:OBJDATA/ARRT2.DAT[2505]",
        "$RCT2:OBJDATA/ARRT2.DAT[2507]",
        "$RCT2:OBJDATA/ARRT2.DAT[2509]",

        "$RCT2:OBJDATA/ARRT2.DAT[2511]",
        "$RCT2:OBJDATA/ARRT2.DAT[2519]",
        "$RCT2:OBJDATA/ARRT2.DAT[2527]",
        "$RCT2:OBJDATA/ARRT2.DAT[2535]",
        "$RCT2:OBJDATA/ARRT2.DAT[2543]",
        "$RCT2:OBJDATA/ARRT2.DAT[2551]",
        "$RCT2:OBJDATA/ARRT2.DAT[2559]",
        "$RCT2:OBJDATA/ARRT2.DAT[2567]",

        "$RCT2:OBJDATA/ARRT2.DAT[2575]",
        "$RCT2:OBJDATA/ARRT2.DAT[2583]",
        "$RCT2:OBJDATA/ARRT2.DAT[2591]",
        "$RCT2:OBJDATA/ARRT2.DAT[2599]",
        "$RCT2:OBJDATA/ARRT2.DAT[2607]",
        "$RCT2:OBJDATA/ARRT2.DAT[2615]",
        "$RCT2:OBJDATA/ARRT2.DAT[2623]",
        "$RCT2:OBJDATA/ARRT2.DAT[2631]",

        "$RCT2:OBJDATA/ARRT2.DAT[2639..2654]",

        "$RCT2:OBJDATA/ARRT2.DAT[2667]",
        "$RCT2:OBJDATA/ARRT2.DAT[2669]",
        "$RCT2:OBJDATA/ARRT2.DAT[2671]",
        "$RCT2:OBJDATA/ARRT2.DAT[2673]",
        "$RCT2:OBJDATA/ARRT2.DAT[2675]",
        "$RCT2:OBJDATA/ARRT2.DAT[2677]",
        "$RCT2:OBJDATA/ARRT2.DAT[2679]",
        "$RCT2:OBJDATA/ARRT2.DAT[2681]",
        "$RCT2:OBJDATA/ARRT2.DAT[2683]",
        "$RCT2:OBJDATA/ARRT2.DAT[2685]",
        "$RCT2:OBJDATA/ARRT2.DAT[2687]",
        "$RCT2:OBJDATA/ARRT2.DAT[2689]",
        "$RCT2:OBJDATA/ARRT2.DAT[2691]",
        "$RCT2:OBJDATA/ARRT2.DAT[2693]",
        "$RCT2:OBJDATA/ARRT2.DAT[2695]",
        "$RCT2:OBJDATA/ARRT2.DAT[2697]",

        "$RCT2:OBJDATA/ARRT2.DAT[2699..2706]",

        "$RCT2:OBJDATA/ARRT2.DAT[2707]",
        "$RCT2:OBJDATA/ARRT2.DAT[2709]",
        "$RCT2:OBJDATA/ARRT2.DAT[2711]",
        "$RCT2:OBJDATA/ARRT2.DAT[2713]",
        "$RCT2:OBJDATA/ARRT2.DAT[2715]",
        "$RCT2:OBJDATA/ARRT2.DAT[2717]",
        "$RCT2:OBJDATA/ARRT2.DAT[2719]",
        "$RCT2:OBJDATA/ARRT2.DAT[2721]",
        "$RCT2:OBJDATA/ARRT2.DAT[2723]",
        "$RCT2:OBJDATA/ARRT2.DAT[2725]",
        "$RCT2:OBJDATA/ARRT2.DAT[2727]",
        "$RCT2:OBJDATA/ARRT2.DAT[2729]",
        "$RCT2:OBJDATA/ARRT2.DAT[2731]",
        "$RCT2:OBJDATA/ARRT2.DAT[2733]",
        "$RCT2:OBJDATA/ARRT2.DAT[2735]",
        "$RCT2:OBJDATA/ARRT2.DAT[2737]",

        "$RCT2:OBJDATA/ARRT2.DAT[2739]",
        "$RCT2:OBJDATA/ARRT2.DAT[2741]",
        "$RCT2:OBJDATA/ARRT2.DAT[2743]",
        "$RCT2:OBJDATA/ARRT2.DAT[2745]",
        "$RCT2:OBJDATA/ARRT2.DAT[2747]",
        "$RCT2:OBJDATA/ARRT2.DAT[2749]",
        "$RCT2:OBJDATA/ARRT2.DAT[2751]",
        "$RCT2:OBJDATA/ARRT2.DAT[2753]",
        "$RCT2:OBJDATA/ARRT2.DAT[2755]",
        "$RCT2:OBJDATA/ARRT2.DAT[2757]",
        "$RCT2:OBJDATA/ARRT2.DAT[2759]",
        "$RCT2:OBJDATA/ARRT2.DAT[2761]",
        "$RCT2:OBJDATA/ARRT2.DAT[2763]",
        "$RCT2:OBJDATA/ARRT2.DAT[2765]",
        "$RCT2:OBJDATA/ARRT2.DAT[2767]",
        "$RCT2:OBJDATA/ARRT2.DAT[2769]",

        "$RCT2:OBJDATA/ARRT2.DAT[2771..2786]",

        "$RCT2:OBJDATA/ARRT2.DAT[2787]",
        "$RCT2:OBJDATA/ARRT2.DAT[2789]",
        "$RCT2:OBJDATA/ARRT2.DAT[2791]",
        "$RCT2:OBJDATA/ARRT2.DAT[2793]",
        "$RCT2:OBJDATA/ARRT2.DAT[2795]",
        "$RCT2:OBJDATA/ARRT2.DAT[2797]",
        "$RCT2:OBJDATA/ARRT2.DAT[2799]",
        "$RCT2:OBJDATA/ARRT2.DAT[2801]",
        "$RCT2:OBJDATA/ARRT2.DAT[2803]",
        "$RCT2:OBJDATA/ARRT2.DAT[2805]",
        "$RCT2:OBJDATA/ARRT2.DAT[2807]",
        "$RCT2:OBJDATA/ARRT2.DAT[2809]",
        "$RCT2:OBJDATA/ARRT2.DAT[2811]",
        "$RCT2:OBJDATA/ARRT2.DAT[2813]",
        "$RCT2:OBJDATA/ARRT2.DAT[2815]",
        "$RCT2:OBJDATA/ARRT2.DAT[2817]",

        "$RCT2:OBJDATA/ARRT2.DAT[2819]",
        "$RCT2:OBJDATA/ARRT2.DAT[2821]",
        "$RCT2:OBJDATA/ARRT2.DAT[2823]",
        "$RCT2:OBJDATA/ARRT2.DAT[2825]",
        "$RCT2:OBJDATA/ARRT2.DAT[2827]",
        "$RCT2:OBJDATA/ARRT2.DAT[2829]",
        "$RCT2:OBJDATA/ARRT2.DAT[2831]",
        "$RCT2:OBJDATA/ARRT2.DAT[2833]",
        "$RCT2:OBJDATA/ARRT2.DAT[2835]",
        "$RCT2:OBJDATA/ARRT2.DAT[2837]",
        "$RCT2:OBJDATA/ARRT2.DAT[2839]",
        "$RCT2:OBJDATA/ARRT2.DAT[2841]",
        "$RCT2:OBJDATA/ARRT2.DAT[2843]",
        "$RCT2:OBJDATA/ARRT2.DAT[2845]",
        "$RCT2:OBJDATA/ARRT2.DAT[2847]",
        "$RCT2:OBJDATA/ARRT2.DAT[2849]",

        "$RCT2:OBJDATA/ARRT2.DAT[2851..2890]",

        "$RCT2:OBJDATA/ARRT2.DAT[2891]",
        "$RCT2:OBJDATA/ARRT2.DAT[2893]",
        "$RCT2:OBJDATA/ARRT2.DAT[2895]",
        "$RCT2:OBJDATA/ARRT2.DAT[2897]",
        "$RCT2:OBJDATA/ARRT2.DAT[2899]",
        "$RCT2:OBJDATA/ARRT2.DAT[2901]",
        "$RCT2:OBJDATA/ARRT2.DAT[2903]",
        "$RCT2:OBJDATA/ARRT2.DAT[2905]",
        "$RCT2:OBJDATA/ARRT2.DAT[2907]",
        "$RCT2:OBJDATA/ARRT2.DAT[2909]",
        "$RCT2:OBJDATA/ARRT2.DAT[2911]",
        "$RCT2:OBJDATA/ARRT2.DAT[2913]",
        "$RCT2:OBJDATA/ARRT2.DAT[2915]",
        "$RCT2:OBJDATA/ARRT2.DAT[2917]",
        "$RCT2:OBJDATA/ARRT2.DAT[2919]",
        "$RCT2:OBJDATA/ARRT2.DAT[2921]",

        "$RCT2:OBJDATA/ARRT2.DAT[2923]",
        "$RCT2:OBJDATA/ARRT2.DAT[2925]",
        "$RCT2:OBJDATA/ARRT2.DAT[2927]",
        "$RCT2:OBJDATA/ARRT2.DAT[2929]",
        "$RCT2:OBJDATA/ARRT2.DAT[2931]",
        "$RCT2:OBJDATA/ARRT2.DAT[2933]",
        "$RCT2:OBJDATA/ARRT2.DAT[2935]",
        "$RCT2:OBJDATA/ARRT2.DAT[2937]",
        "$RCT2:OBJDATA/ARRT2.DAT[2939]",
        "$RCT2:OBJDATA/ARRT2.DAT[2941]",
        "$RCT2:OBJDATA/ARRT2.DAT[2943]",
        "$RCT2:OBJDATA/ARRT2.DAT[2945]",
        "$RCT2:OBJDATA/ARRT2.DAT[2947]",
        "$RCT2:OBJDATA/ARRT2.DAT[2949]",
        "$RCT2:OBJDATA/ARRT2.DAT[2951]",
        "$RCT2:OBJDATA/ARRT2.DAT[2953]",

        "$RCT2:OBJDATA/ARRT2.DAT[2955]",
        "$RCT2:OBJDATA/ARRT2.DAT[2963]",
        "$RCT2:OBJDATA/ARRT2.DAT[2971]",
        "$RCT2:OBJDATA/ARRT2.DAT[2979]",
        "$RCT2:OBJDATA/ARRT2.DAT[2987]",
        "$RCT2:OBJDATA/ARRT2.DAT[2995]",
        "$RCT2:OBJDATA/ARRT2.DAT[3003]",
        "$RCT2:OBJDATA/ARRT2.DAT[3011]",

        "$RCT2:OBJDATA/ARRT2.DAT[3019]",
        "$RCT2:OBJDATA/ARRT2.DAT[3027]",
        "$RCT2:OBJDATA/ARRT2.DAT[3035]",
        "$RCT2:OBJDATA/ARRT2.DAT[3043]",
        "$RCT2:OBJDATA/ARRT2.DAT[3051]",
        "$RCT2:OBJDATA/ARRT2.DAT[3059]",
        "$RCT2:OBJDATA/ARRT2.DAT[3067]",
        "$RCT2:OBJDATA/ARRT2.DAT[3075]",

        "$RCT2:OBJDATA/ARRT2.DAT[3083..3098]",

        "$RCT2:OBJDATA/ARRT2.DAT[3111]",
        "$RCT2:OBJDATA/ARRT2.DAT[3113]",
        "$RCT2:OBJDATA/ARRT2.DAT[3115]",
        "$RCT2:OBJDATA/ARRT2.DAT[3117]",
        "$RCT2:OBJDATA/ARRT2.DAT[3119]",
        "$RCT2:OBJDATA/ARRT2.DAT[3121]",
        "$RCT2:OBJDATA/ARRT2.DAT[3123]",
        "$RCT2:OBJDATA/ARRT2.DAT[3125]",
        "$RCT2:OBJDATA/ARRT2.DAT[3127]",
        "$RCT2:OBJDATA/ARRT2.DAT[3129]",
        "$RCT2:OBJDATA/ARRT2.DAT[3131]",
        "$RCT2:OBJDATA/ARRT2.DAT[3133]",
        "$RCT2:OBJDATA/ARRT2.DAT[3135]",
        "$RCT2:OBJDATA/ARRT2.DAT[3137]",
        "$RCT2:OBJDATA/ARRT2.DAT[3139]",
        "$RCT2:OBJDATA/ARRT2.DAT[3141]",

        "$RCT2:OBJDATA/ARRT2.DAT[3143..3150]",

        "$RCT2:OBJDATA/ARRT2.DAT[3151]",
        "$RCT2:OBJDATA/ARRT2.DAT[3153]",
        "$RCT2:OBJDATA/ARRT2.DAT[3155]",
        "$RCT2:OBJDATA/ARRT2.DAT[3157]",
        "$RCT2:OBJDATA/ARRT2.DAT[3159]",
        "$RCT2:OBJDATA/ARRT2.DAT[3161]",
        "$RCT2:OBJDATA/ARRT2.DAT[3163]",
        "$RCT2:OBJDATA/ARRT2.DAT[3165]",
        "$RCT2:OBJDATA/ARRT2.DAT[3167]",
        "$RCT2:OBJDATA/ARRT2.DAT[3169]",
        "$RCT2:OBJDATA/ARRT2.DAT[3171]",
        "$RCT2:OBJDATA/ARRT2.DAT[3173]",
        "$RCT2:OBJDATA/ARRT2.DAT[3175]",
        "$RCT2:OBJDATA/ARRT2.DAT[3177]",
        "$RCT2:OBJDATA/ARRT2.DAT[3179]",
        "$RCT2:OBJDATA/ARRT2.DAT[3181]",

        "$RCT2:OBJDATA/ARRT2.DAT[3183]",
        "$RCT2:OBJDATA/ARRT2.DAT[3185]",
        "$RCT2:OBJDATA/ARRT2.DAT[3187]",
        "$RCT2:OBJDATA/ARRT2.DAT[3189]",
        "$RCT2:OBJDATA/ARRT2.DAT[3191]",
        "$RCT2:OBJDATA/ARRT2.DAT[3193]",
        "$RCT2:OBJDATA/ARRT2.DAT[3195]",
        "$RCT2:OBJDATA/ARRT2.DAT[3197]",
        "$RCT2:OBJDATA/ARRT2.DAT[3199]",
        "$RCT2:OBJDATA/ARRT2.DAT[3201]",
        "$RCT2:OBJDATA/ARRT2.DAT[3203]",
        "$RCT2:OBJDATA/ARRT2.DAT[3205]",
        "$RCT2:OBJDATA/ARRT2.DAT[3207]",
        "$RCT2:OBJDATA/ARRT2.DAT[3209]",
        "$RCT2:OBJDATA/ARRT2.DAT[3211]",
        "$RCT2:OBJDATA/ARRT2.DAT[3213]",

        "$RCT2:OBJDATA/ARRT2.DAT[3215..3230]",

        "$RCT2:OBJDATA/ARRT2.DAT[3231]",
        "$RCT2:OBJDATA/ARRT2.DAT[3233]",
        "$RCT2:OBJDATA/ARRT2.DAT[3235]",
        "$RCT2:OBJDATA/ARRT2.DAT[3237]",
        "$RCT2:OBJDATA/ARRT2.DAT[3239]",
        "$RCT2:OBJDATA/ARRT2.DAT[3241]",
        "$RCT2:OBJDATA/ARRT2.DAT[3243]",
        "$RCT2:OBJDATA/ARRT2.DAT[3245]",
        "$RCT2:OBJDATA/ARRT2.DAT[3247]",
        "$RCT2:OBJDATA/ARRT2.DAT[3249]",
        "$RCT2:OBJDATA/ARRT2.DAT[3251]",
        "$RCT2:OBJDATA/ARRT2.DAT[3253]",
        "$RCT2:OBJDATA/ARRT2.DAT[3255]",
        "$RCT2:OBJDATA/ARRT2.DAT[3257]",
        "$RCT2:OBJDATA/ARRT2.DAT[3259]",
        "$RCT2:OBJDATA/ARRT2.DAT[3261]",

        "$RCT2:OBJDATA/ARRT2.DAT[3263]",
        "$RCT2:OBJDATA/ARRT2.DAT[3265]",
        "$RCT2:OBJDATA/ARRT2.DAT[3267]",
        "$RCT2:OBJDATA/ARRT2.DAT[3269]",
        "$RCT2:OBJDATA/ARRT2.DAT[3271]",
        "$RCT2:OBJDATA/ARRT2.DAT[3273]",
        "$RCT2:OBJDATA/ARRT2.DAT[3275]",
        "$RCT2:OBJDATA/ARRT2.DAT[3277]",
        "$RCT2:OBJDATA/ARRT2.DAT[3279]",
        "$RCT2:OBJDATA/ARRT2.DAT[3281]",
        "$RCT2:OBJDATA/ARRT2.DAT[3283]",
        "$RCT2:OBJDATA/ARRT2.DAT[3285]",
        "$RCT2:OBJDATA/ARRT2.DAT[3287]",
        "$RCT2:OBJDATA/ARRT2.DAT[3289]",
        "$RCT2:OBJDATA/ARRT2.DAT[3291]",
        "$RCT2:OBJDATA/ARRT2.DAT[3293]",

        "$RCT2:OBJDATA/ARRT2.DAT[3295..3334]",

        "$RCT2:OBJDATA/ARRT2.DAT[3335]",
        "$RCT2:OBJDATA/ARRT2.DAT[3337]",
        "$RCT2:OBJDATA/ARRT2.DAT[3339]",
        "$RCT2:OBJDATA/ARRT2.DAT[3341]",
        "$RCT2:OBJDATA/ARRT2.DAT[3343]",
        "$RCT2:OBJDATA/ARRT2.DAT[3345]",
        "$RCT2:OBJDATA/ARRT2.DAT[3347]",
        "$RCT2:OBJDATA/ARRT2.DAT[3349]",
        "$RCT2:OBJDATA/ARRT2.DAT[3351]",
        "$RCT2:OBJDATA/ARRT2.DAT[3353]",
        "$RCT2:OBJDATA/ARRT2.DAT[3355]",
        "$RCT2:OBJDATA/ARRT2.DAT[3357]",
        "$RCT2:OBJDATA/ARRT2.DAT[3359]",
        "$RCT2:OBJDATA/ARRT2.DAT[3361]",
        "$RCT2:OBJDATA/ARRT2.DAT[3363]",
        "$RCT2:OBJDATA/ARRT2.DAT[3365]",

        "$RCT2:OBJDATA/ARRT2.DAT[3367]",
        "$RCT2:OBJDATA/ARRT2.DAT[3369]",
        "$RCT2:OBJDATA/ARRT2.DAT[3371]",
        "$RCT2:OBJDATA/ARRT2.DAT[3373]",
        "$RCT2:OBJDATA/ARRT2.DAT[3375]",
        "$RCT2:OBJDATA/ARRT2.DAT[3377]",
        "$RCT2:OBJDATA/ARRT2.DAT[3379]",
        "$RCT2:OBJDATA/ARRT2.DAT[3381]",
        "$RCT2:OBJDATA/ARRT2.DAT[3383]",
        "$RCT2:OBJDATA/ARRT2.DAT[3385]",
        "$RCT2:OBJDATA/ARRT2.DAT[3387]",
        "$RCT2:OBJDATA/ARRT2.DAT[3389]",
        "$RCT2:OBJDATA/ARRT2.DAT[3391]",
        "$RCT2:OBJDATA/ARRT2.DAT[3393]",
        "$RCT2:OBJDATA/ARRT2.DAT[3395]",
        "$RCT2:OBJDATA/ARRT2.DAT[3397]",

        "$RCT2:OBJDATA/ARRT2.DAT[3399]",
        "$RCT2:OBJDATA/ARRT2.DAT[3407]",
        "$RCT2:OBJDATA/ARRT2.DAT[3415]",
        "$RCT2:OBJDATA/ARRT2.DAT[3423]",
        "$RCT2:OBJDATA/ARRT2.DAT[3431]",
        "$RCT2:OBJDATA/ARRT2.DAT[3439]",
        "$RCT2:OBJDATA/ARRT2.DAT[3447]",
        "$RCT2:OBJDATA/ARRT2.DAT[3455]",

        "$RCT2:OBJDATA/ARRT2.DAT[3463]",
        "$RCT2:OBJDATA/ARRT2.DAT[3471]",
        "$RCT2:OBJDATA/ARRT2.DAT[3479]",
        "$RCT2:OBJDATA/ARRT2.DAT[3487]",
        "$RCT2:OBJDATA/ARRT2.DAT[3495]",
        "$RCT2:OBJDATA/ARRT2.DAT[3503]",
        "$RCT2:OBJDATA/ARRT2.DAT[3511]",
        "$RCT2:OBJDATA/ARRT2.DAT[3519]",

        "$RCT2:OBJDATA/ARRT2.DAT[3527..3542]"
    ],
    "strings": {
        "name": {
            "en-GB": "Hypercoaster Trains",
            "fr-FR": "Super-montagnes",
            "de-DE": "Hyper-Achterbahnzüge",
            "es-ES": "Hipermontaña Rusa",
            "it-IT": "Super-ottovolante",
            "sv-SE": "Hyperberg- och dalbanevagnar",
            "ko-KR": "하이퍼코스터 차량",
            "zh-CN": "超速过山车",
            "zh-TW": "超速飛車",
            "pt-BR": "Trens Hiper-montanha",
            "cs-CZ": "Hyper horská dráha",
            "ja-JP": "ハイパーコースター",
            "nl-NL": "Hypercoaster-trein",
            "pl-PL": "Hiperjazda",
            "ru-RU": "Гипергорки",
            "eo-ZZ": "Trajnoj de Hipergiganta Onda Fervojo"
        },
        "description": {
            "en-GB": "Comfortable trains with only lap bar restraints",
            "fr-FR": "Montagnes russes non inversées, constituées de grandes boucles très rapides et que les passagers, uniquement retenus par des barres de protection placées au niveau des jambes, franchissent à bord de trains confortables",
            "de-DE": "Komfortable Züge, die lediglich Beckenhalterungen aufweisen",
            "es-ES": "Una montaña rusa alta y que no se invierte con grandes caídas, alta velocidad y vagones confortables con sólo unas barras para sujetarse",
            "it-IT": "Un ottovolante alto, senza inversioni ma con lunghe discese, elevate velocità e carrozze confortevoli, dove l'unica misura di protezione è la barra al petto",
            "nl-NL": "Een achtbaan zonder omkeringen met grote heuvels, een hoge snelheid, en comfortabele treinen met enkel schootbeugels.",
            "sv-SE": "Komfortabla vagnar med endast enkla byglar",
            "ko-KR": "무릎 안전바만 있는 편안한 차량",
            "zh-CN": "一座超大的非倒吊式过山车只有一条压制膝部的安全条以大规模方式高速落下",
            "zh-TW": "一座超大的非倒吊式雲霄飛車只有一條壓制膝部的安全條以大規模方式高速落下",
            "pt-BR": "Trens confortáveis apenas com travas de colo",
            "cs-CZ": "Horská dráha s pohodlnými vozy vybavenými opěrkou v klíně",
            "ja-JP": "高低差もあり速度も速いですが、逆さにはならず膝にしか安全バーがないので、快適な車両です",
            "pl-PL": "Wysoka, nieobrotowa szybka kolejka górska z dużymi zjazdami i wygodnymi wagonikami, wyposażonymi w zabezpieczenia obejmujące pasażerów jedynie w pasie",
            "ru-RU": "Высокие прямые горки с глубокими падениями и большой скоростью, ремни только на колени.",
            "eo-ZZ": "Komfortaj trajnoj kun nur sinobridoj"
        },
        "capacity": {
            "en-GB": "6 passengers per car",
            "fr-FR": "6 passagers par voiture",
            "de-DE": "6 Fahrgäste pro Wagen",
            "es-ES": "6 pasajeros por vagón",
            "it-IT": "6 passeggeri a carrozza",
            "nl-NL": "6 passagiers per karretje",
            "sv-SE": "6 passagerare per vagn",
            "ko-KR": "차량당 6명의 승객",
            "zh-CN": "6 位乘客/每个车厢",
            "zh-TW": "6 位乘客/每個車廂",
            "pt-BR": "6 passageiros por carro",
            "cs-CZ": "6 míst v každém voze",
            "ja-JP": "各車両6名",
            "pl-PL": "6 pasażerów na wagonik",
            "ru-RU": "6 пассажиров",
            "eo-ZZ": "Po 6 pasaĝeroj por ĉaro"
        }
    }
}
