{
    "id": "rct1.ride.suspended_swinging_cars",
    "authors": [
        "Chris Sawyer",
        "Simon Foster"
    ],
    "version": "1.0",
    "originalId": "00000000|#RCT1AS1|00000000",
    "sourceGame": "rct1",
    "isCompatibilityObject": true,
    "objectType": "ride",
    "properties": {
        "type": "suspended_swinging_rc",
        "category": "rollercoaster",
        "tabScale": 0.5,
        "maxCarsPerTrain": 8,
        "carColours": [
            [
                [
                    "dark_green",
                    "yellow",
                    "black"
                ]
            ],
            [
                [
                    "black",
                    "white",
                    "black"
                ]
            ]
        ],
        "cars": {
            "rotationFrameMask": 15,
            "spacing": 286720,
            "mass": 950,
            "tabOffset": -22,
            "numSeats": 4,
            "numSeatRows": 2,
            "frictionSoundId": 2,
            "soundRange": 2,
            "drawOrder": 4,
            "spriteGroups": {
                "slopeFlat": 16,
                "slopes12": 4,
                "slopes25": 16,
                "slopes42": 8,
                "slopes60": 4,
                "slopes8": 4,
                "slopes16": 4,
                "slopes50": 4,
                "restraintAnimation": 4
            },
            "hasAdditionalColour1": true,
            "hasSwinging": true,
            "hasScreamingRiders": true,
            "useSuspendedSwing": true,
            "loadingPositions": [
                4,
                6,
                -6,
                -4
            ]
        },
        "buildMenuPriority": 3
    },
    "images": [
        { "path": "images/preview.png", "format": "raw"},
        "",
        "",
        "$CSG[22482..22873]",
        "$CSG[22874..22880]",
        "$CSG[23054..23060]",
        "$CSG[22881..22887]",
        "$CSG[23061..23067]",
        "$CSG[22888..22894]",
        "$CSG[23068..23074]",
        "$CSG[22895..22901]",
        "$CSG[23075..23081]",
        "$CSG[22902..22908]",
        "$CSG[23166..23172]",
        "$CSG[22909..22915]",
        "$CSG[23173..23179]",
        "$CSG[22916..22922]",
        "$CSG[23180..23186]",
        "$CSG[22923..22929]",
        "$CSG[23187..23193]",
        "$CSG[22930..22985]",
        "$CSG[22998..23025]",
        "$CSG[23110..23137]",
        "$CSG[23026..23053]",
        "$CSG[23138..23165]",
        "$CSG[23082..23109]",
        "$CSG[23194..23221]",
        "$CSG[22986]",
        "$CSG[22986]",
        "$CSG[22986]",
        "$CSG[22986]",
        "$CSG[22986]",
        "$CSG[22986]",
        "$CSG[22986]",
        "$CSG[22989]",
        "$CSG[22989]",
        "$CSG[22989]",
        "$CSG[22989]",
        "$CSG[22989]",
        "$CSG[22989]",
        "$CSG[22989]",
        "$CSG[22992]",
        "$CSG[22992]",
        "$CSG[22992]",
        "$CSG[22992]",
        "$CSG[22992]",
        "$CSG[22992]",
        "$CSG[22992]",
        "$CSG[22995]",
        "$CSG[22995]",
        "$CSG[22995]",
        "$CSG[22995]",
        "$CSG[22995]",
        "$CSG[22995]",
        "$CSG[22995]",
        "$CSG[22987]",
        "$CSG[22987]",
        "$CSG[22987]",
        "$CSG[22987]",
        "$CSG[22987]",
        "$CSG[22987]",
        "$CSG[22987]",
        "$CSG[22990]",
        "$CSG[22990]",
        "$CSG[22990]",
        "$CSG[22990]",
        "$CSG[22990]",
        "$CSG[22990]",
        "$CSG[22990]",
        "$CSG[22993]",
        "$CSG[22993]",
        "$CSG[22993]",
        "$CSG[22993]",
        "$CSG[22993]",
        "$CSG[22993]",
        "$CSG[22993]",
        "$CSG[22996]",
        "$CSG[22996]",
        "$CSG[22996]",
        "$CSG[22996]",
        "$CSG[22996]",
        "$CSG[22996]",
        "$CSG[22996]",
        "$CSG[22988]",
        "$CSG[22988]",
        "$CSG[22988]",
        "$CSG[22988]",
        "$CSG[22988]",
        "$CSG[22988]",
        "$CSG[22988]",
        "$CSG[22991]",
        "$CSG[22991]",
        "$CSG[22991]",
        "$CSG[22991]",
        "$CSG[22991]",
        "$CSG[22991]",
        "$CSG[22991]",
        "$CSG[22994]",
        "$CSG[22994]",
        "$CSG[22994]",
        "$CSG[22994]",
        "$CSG[22994]",
        "$CSG[22994]",
        "$CSG[22994]",
        "$CSG[22997]",
        "$CSG[22997]",
        "$CSG[22997]",
        "$CSG[22997]",
        "$CSG[22997]",
        "$CSG[22997]",
        "$CSG[22997]",
        "$CSG[23222..23613]",
        "$CSG[23614..23620]",
        "$CSG[23794..23800]",
        "$CSG[23621..23627]",
        "$CSG[23801..23807]",
        "$CSG[23628..23634]",
        "$CSG[23808..23814]",
        "$CSG[23635..23641]",
        "$CSG[23815..23821]",
        "$CSG[23642..23648]",
        "$CSG[23906..23912]",
        "$CSG[23649..23655]",
        "$CSG[23913..23919]",
        "$CSG[23656..23662]",
        "$CSG[23920..23926]",
        "$CSG[23663..23669]",
        "$CSG[23927..23933]",
        "$CSG[23670..23725]",
        "$CSG[23738..23765]",
        "$CSG[23850..23877]",
        "$CSG[23766..23793]",
        "$CSG[23878..23905]",
        "$CSG[23822..23849]",
        "$CSG[23934..23961]",
        "$CSG[23726]",
        "$CSG[23726]",
        "$CSG[23726]",
        "$CSG[23726]",
        "$CSG[23726]",
        "$CSG[23726]",
        "$CSG[23726]",
        "$CSG[23729]",
        "$CSG[23729]",
        "$CSG[23729]",
        "$CSG[23729]",
        "$CSG[23729]",
        "$CSG[23729]",
        "$CSG[23729]",
        "$CSG[23732]",
        "$CSG[23732]",
        "$CSG[23732]",
        "$CSG[23732]",
        "$CSG[23732]",
        "$CSG[23732]",
        "$CSG[23732]",
        "$CSG[23735]",
        "$CSG[23735]",
        "$CSG[23735]",
        "$CSG[23735]",
        "$CSG[23735]",
        "$CSG[23735]",
        "$CSG[23735]",
        "$CSG[23727]",
        "$CSG[23727]",
        "$CSG[23727]",
        "$CSG[23727]",
        "$CSG[23727]",
        "$CSG[23727]",
        "$CSG[23727]",
        "$CSG[23730]",
        "$CSG[23730]",
        "$CSG[23730]",
        "$CSG[23730]",
        "$CSG[23730]",
        "$CSG[23730]",
        "$CSG[23730]",
        "$CSG[23733]",
        "$CSG[23733]",
        "$CSG[23733]",
        "$CSG[23733]",
        "$CSG[23733]",
        "$CSG[23733]",
        "$CSG[23733]",
        "$CSG[23736]",
        "$CSG[23736]",
        "$CSG[23736]",
        "$CSG[23736]",
        "$CSG[23736]",
        "$CSG[23736]",
        "$CSG[23736]",
        "$CSG[23728]",
        "$CSG[23728]",
        "$CSG[23728]",
        "$CSG[23728]",
        "$CSG[23728]",
        "$CSG[23728]",
        "$CSG[23728]",
        "$CSG[23731]",
        "$CSG[23731]",
        "$CSG[23731]",
        "$CSG[23731]",
        "$CSG[23731]",
        "$CSG[23731]",
        "$CSG[23731]",
        "$CSG[23734]",
        "$CSG[23734]",
        "$CSG[23734]",
        "$CSG[23734]",
        "$CSG[23734]",
        "$CSG[23734]",
        "$CSG[23734]",
        "$CSG[23737]",
        "$CSG[23737]",
        "$CSG[23737]",
        "$CSG[23737]",
        "$CSG[23737]",
        "$CSG[23737]",
        "$CSG[23737]",
        "$CSG[23962..24353]",
        "$CSG[24354..24360]",
        "$CSG[24534..24540]",
        "$CSG[24361..24367]",
        "$CSG[24541..24547]",
        "$CSG[24368..24374]",
        "$CSG[24548..24554]",
        "$CSG[24375..24381]",
        "$CSG[24555..24561]",
        "$CSG[24382..24388]",
        "$CSG[24646..24652]",
        "$CSG[24389..24395]",
        "$CSG[24653..24659]",
        "$CSG[24396..24402]",
        "$CSG[24660..24666]",
        "$CSG[24403..24409]",
        "$CSG[24667..24673]",
        "$CSG[24410..24465]",
        "$CSG[24478..24505]",
        "$CSG[24590..24617]",
        "$CSG[24506..24533]",
        "$CSG[24618..24645]",
        "$CSG[24562..24589]",
        "$CSG[24674..24701]",
        "$CSG[24466]",
        "$CSG[24466]",
        "$CSG[24466]",
        "$CSG[24466]",
        "$CSG[24466]",
        "$CSG[24466]",
        "$CSG[24466]",
        "$CSG[24469]",
        "$CSG[24469]",
        "$CSG[24469]",
        "$CSG[24469]",
        "$CSG[24469]",
        "$CSG[24469]",
        "$CSG[24469]",
        "$CSG[24472]",
        "$CSG[24472]",
        "$CSG[24472]",
        "$CSG[24472]",
        "$CSG[24472]",
        "$CSG[24472]",
        "$CSG[24472]",
        "$CSG[24475]",
        "$CSG[24475]",
        "$CSG[24475]",
        "$CSG[24475]",
        "$CSG[24475]",
        "$CSG[24475]",
        "$CSG[24475]",
        "$CSG[24467]",
        "$CSG[24467]",
        "$CSG[24467]",
        "$CSG[24467]",
        "$CSG[24467]",
        "$CSG[24467]",
        "$CSG[24467]",
        "$CSG[24470]",
        "$CSG[24470]",
        "$CSG[24470]",
        "$CSG[24470]",
        "$CSG[24470]",
        "$CSG[24470]",
        "$CSG[24470]",
        "$CSG[24473]",
        "$CSG[24473]",
        "$CSG[24473]",
        "$CSG[24473]",
        "$CSG[24473]",
        "$CSG[24473]",
        "$CSG[24473]",
        "$CSG[24476]",
        "$CSG[24476]",
        "$CSG[24476]",
        "$CSG[24476]",
        "$CSG[24476]",
        "$CSG[24476]",
        "$CSG[24476]",
        "$CSG[24468]",
        "$CSG[24468]",
        "$CSG[24468]",
        "$CSG[24468]",
        "$CSG[24468]",
        "$CSG[24468]",
        "$CSG[24468]",
        "$CSG[24471]",
        "$CSG[24471]",
        "$CSG[24471]",
        "$CSG[24471]",
        "$CSG[24471]",
        "$CSG[24471]",
        "$CSG[24471]",
        "$CSG[24474]",
        "$CSG[24474]",
        "$CSG[24474]",
        "$CSG[24474]",
        "$CSG[24474]",
        "$CSG[24474]",
        "$CSG[24474]",
        "$CSG[24477]",
        "$CSG[24477]",
        "$CSG[24477]",
        "$CSG[24477]",
        "$CSG[24477]",
        "$CSG[24477]",
        "$CSG[24477]"
    ],
    "strings": {
        "name": {
            "en-GB": "Suspended Swinging Cars",
            "fr-FR": "Voitures à bascule suspendues",
            "de-DE": "Hängebahnwagen",
            "es-ES": "Coches Suspendidos",
            "it-IT": "Carrozze oscillanti sospese",
            "nl-NL": "Normale karretjes",
            "sv-SE": "Upphängda pendlande vagnar",
            "ko-KR": "서스펜디드 스윙잉 차량",
            "zh-CN": "悬晃列车",
            "zh-TW": "懸晃列車",
            "pt-BR": "Carros de Balanço Suspensos",
            "cs-CZ": "Zavěšené houpající se vozy",
            "ja-JP": "サスペンデッド・スイング車両",
            "pl-PL": "Swobodnie podwieszone wagoniki",
            "ru-RU": "Подвесные вагоны",
            "eo-ZZ": "Penditaj Svingiĝantaj Ĉaroj"
        },
        "description": {
            "en-GB": "Suspended roller coaster trains consisting of cars able to swing freely as the train goes around corners",
            "fr-FR": "Train suspendu à des montagnes russes et dont les voitures se balancent dans les virages",
            "de-DE": "Hängende Achterbahnzüge, die aus Wagen bestehen, die frei schwingen können, wenn der Zug um die Kurven fährt",
            "es-ES": "Vagones suspendidos que se balancean libremente al tomar las curvas",
            "it-IT": "I treni da ottovolante sospesi trainano carrozze capaci di oscillare liberamente quando il treno gira in una curva",
            "nl-NL": "Omgekeerde achtbaantrein bestaande uit karretjes die vrijuit kunnen schommelen als de trein door een bocht gaat.",
            "sv-SE": "Hängande vagnar som pendlar ut åt sidan i kurvorna",
            "ko-KR": "차량이 코너를 돌면 자유롭게 흔들거리게 만들어진 서스펜디드 롤러코스터 차량",
            "zh-CN": "是由当列车在转角处转弯时列车自由摇摆晃动组成的悬挂式过山车",
            "zh-TW": "是由當列車在轉角處轉彎時列車自由搖?晃動組成的懸掛式雲霄飛車",
            "pt-BR": "Trens de montanha-russa suspenso consistindo de carros capazes de balançar livremente quando o trem passa pelas curvas",
            "cs-CZ": "Zavěšená horská dráha z volné zavěšených vozů, které se naklání při jízdě do zatáček",
            "ja-JP": "車両がコーナーを回る際、大きく揺れ動くようになっている吊り下げ式のローラーコースターです",
            "pl-PL": "Kolejka górska z podwieszanymi wagonikami, które mogą się swobodnie kołysać podczas pokonywania zakrętów",
            "ru-RU": "Suspended roller coaster train consisting of cars able to swing freely as the train goes around corners",
            "eo-ZZ": "Penditaj trajnoj de onda fervojo, kiuj konsistas el ĉaroj, kiuj svingiĝas libere kiam la trajno iras ĉirkau anguloj"
        },
        "capacity": {
            "en-GB": "4 passengers per car",
            "fr-FR": "4 passagers par voiture",
            "de-DE": "4 Fahrgäste pro Wagen",
            "es-ES": "4 pasajeros por vagón",
            "it-IT": "4 passeggeri a carrozza",
            "nl-NL": "4 passagiers per karretje",
            "sv-SE": "4 passagerare per vagn",
            "ko-KR": "차량당 4명의 승객",
            "zh-CN": "4 位乘客/每个车厢",
            "zh-TW": "4 位乘客/每個車廂",
            "pt-BR": "4 passageiros por carro",
            "cs-CZ": "4 místa v každém voze",
            "ja-JP": "各車両4名",
            "pl-PL": "4 pasażerów na wagonik",
            "ru-RU": "4 пассажира",
            "eo-ZZ": "Po 4 pasaĝeroj por ĉaro"
        }
    },
    "noCsgImages": [
        { "path": "images/preview.png", "format": "raw"},
        "",
        "",
        "$RCT2:OBJDATA/ARRSW1.DAT[3..9]",
        "$RCT2:OBJDATA/ARRSW1.DAT[17..23]",
        "$RCT2:OBJDATA/ARRSW1.DAT[31..37]",
        "$RCT2:OBJDATA/ARRSW1.DAT[45..51]",
        "$RCT2:OBJDATA/ARRSW1.DAT[59..65]",
        "$RCT2:OBJDATA/ARRSW1.DAT[73..79]",
        "$RCT2:OBJDATA/ARRSW1.DAT[87..93]",
        "$RCT2:OBJDATA/ARRSW1.DAT[101..107]",
        "$RCT2:OBJDATA/ARRSW1.DAT[115..121]",
        "$RCT2:OBJDATA/ARRSW1.DAT[129..135]",
        "$RCT2:OBJDATA/ARRSW1.DAT[143..149]",
        "$RCT2:OBJDATA/ARRSW1.DAT[157..163]",
        "$RCT2:OBJDATA/ARRSW1.DAT[171..177]",
        "$RCT2:OBJDATA/ARRSW1.DAT[185..191]",
        "$RCT2:OBJDATA/ARRSW1.DAT[199..205]",
        "$RCT2:OBJDATA/ARRSW1.DAT[213..219]",
        "$RCT2:OBJDATA/ARRSW1.DAT[227..289]",
        "$RCT2:OBJDATA/ARRSW1.DAT[297..303]",
        "$RCT2:OBJDATA/ARRSW1.DAT[311..317]",
        "$RCT2:OBJDATA/ARRSW1.DAT[325..331]",
        "$RCT2:OBJDATA/ARRSW1.DAT[339..345]",
        "$RCT2:OBJDATA/ARRSW1.DAT[353..359]",
        "$RCT2:OBJDATA/ARRSW1.DAT[367..373]",
        "$RCT2:OBJDATA/ARRSW1.DAT[381..387]",
        "$RCT2:OBJDATA/ARRSW1.DAT[395..401]",
        "$RCT2:OBJDATA/ARRSW1.DAT[409..415]",
        "$RCT2:OBJDATA/ARRSW1.DAT[423..429]",
        "$RCT2:OBJDATA/ARRSW1.DAT[437..443]",
        "$RCT2:OBJDATA/ARRSW1.DAT[451..457]",
        "$RCT2:OBJDATA/ARRSW1.DAT[465..471]",
        "$RCT2:OBJDATA/ARRSW1.DAT[479..485]",
        "$RCT2:OBJDATA/ARRSW1.DAT[493..499]",
        "$RCT2:OBJDATA/ARRSW1.DAT[507..513]",
        "$RCT2:OBJDATA/ARRSW1.DAT[521..527]",
        "$RCT2:OBJDATA/ARRSW1.DAT[535..541]",
        "$RCT2:OBJDATA/ARRSW1.DAT[549..555]",
        "$RCT2:OBJDATA/ARRSW1.DAT[563..569]",
        "$RCT2:OBJDATA/ARRSW1.DAT[577..583]",
        "$RCT2:OBJDATA/ARRSW1.DAT[591..597]",
        "$RCT2:OBJDATA/ARRSW1.DAT[605..611]",
        "$RCT2:OBJDATA/ARRSW1.DAT[619..625]",
        "$RCT2:OBJDATA/ARRSW1.DAT[633..639]",
        "$RCT2:OBJDATA/ARRSW1.DAT[647..653]",
        "$RCT2:OBJDATA/ARRSW1.DAT[661..667]",
        "$RCT2:OBJDATA/ARRSW1.DAT[675..681]",
        "$RCT2:OBJDATA/ARRSW1.DAT[689..695]",
        "$RCT2:OBJDATA/ARRSW1.DAT[703..709]",
        "$RCT2:OBJDATA/ARRSW1.DAT[717..723]",
        "$RCT2:OBJDATA/ARRSW1.DAT[731..849]",
        "$RCT2:OBJDATA/ARRSW1.DAT[899..905]",
        "$RCT2:OBJDATA/ARRSW1.DAT[955..961]",
        "$RCT2:OBJDATA/ARRSW1.DAT[1011..1017]",
        "$RCT2:OBJDATA/ARRSW1.DAT[1067..1073]",
        "$RCT2:OBJDATA/ARRSW1.DAT[1123..1129]",
        "$RCT2:OBJDATA/ARRSW1.DAT[1179..1185]",
        "$RCT2:OBJDATA/ARRSW1.DAT[1235..1241]",
        "$RCT2:OBJDATA/ARRSW1.DAT[1291..1549]",
        "$RCT2:OBJDATA/ARRSW1.DAT[1557..1563]",
        "$RCT2:OBJDATA/ARRSW1.DAT[1571..1577]",
        "$RCT2:OBJDATA/ARRSW1.DAT[1585..1591]",
        "$RCT2:OBJDATA/ARRSW1.DAT[1599..1605]",
        "$RCT2:OBJDATA/ARRSW1.DAT[1613..1619]",
        "$RCT2:OBJDATA/ARRSW1.DAT[1627..1633]",
        "$RCT2:OBJDATA/ARRSW1.DAT[1641..1647]",
        "$RCT2:OBJDATA/ARRSW1.DAT[1655..1661]",
        "$RCT2:OBJDATA/ARRSW1.DAT[1669..1675]",
        "$RCT2:OBJDATA/ARRSW1.DAT[1683..1689]",
        "$RCT2:OBJDATA/ARRSW1.DAT[1697..1703]",
        "$RCT2:OBJDATA/ARRSW1.DAT[1711..1717]",
        "$RCT2:OBJDATA/ARRSW1.DAT[1725..1731]",
        "$RCT2:OBJDATA/ARRSW1.DAT[1739..1745]",
        "$RCT2:OBJDATA/ARRSW1.DAT[1753..1759]",
        "$RCT2:OBJDATA/ARRSW1.DAT[1767..1829]",
        "$RCT2:OBJDATA/ARRSW1.DAT[1837..1843]",
        "$RCT2:OBJDATA/ARRSW1.DAT[1851..1857]",
        "$RCT2:OBJDATA/ARRSW1.DAT[1865..1871]",
        "$RCT2:OBJDATA/ARRSW1.DAT[1879..1885]",
        "$RCT2:OBJDATA/ARRSW1.DAT[1893..1899]",
        "$RCT2:OBJDATA/ARRSW1.DAT[1907..1913]",
        "$RCT2:OBJDATA/ARRSW1.DAT[1921..1927]",
        "$RCT2:OBJDATA/ARRSW1.DAT[1935..1941]",
        "$RCT2:OBJDATA/ARRSW1.DAT[1949..1955]",
        "$RCT2:OBJDATA/ARRSW1.DAT[1963..1969]",
        "$RCT2:OBJDATA/ARRSW1.DAT[1977..1983]",
        "$RCT2:OBJDATA/ARRSW1.DAT[1991..1997]",
        "$RCT2:OBJDATA/ARRSW1.DAT[2005..2011]",
        "$RCT2:OBJDATA/ARRSW1.DAT[2019..2025]",
        "$RCT2:OBJDATA/ARRSW1.DAT[2033..2039]",
        "$RCT2:OBJDATA/ARRSW1.DAT[2047..2053]",
        "$RCT2:OBJDATA/ARRSW1.DAT[2061..2067]",
        "$RCT2:OBJDATA/ARRSW1.DAT[2075..2081]",
        "$RCT2:OBJDATA/ARRSW1.DAT[2089..2095]",
        "$RCT2:OBJDATA/ARRSW1.DAT[2103..2109]",
        "$RCT2:OBJDATA/ARRSW1.DAT[2117..2123]",
        "$RCT2:OBJDATA/ARRSW1.DAT[2131..2137]",
        "$RCT2:OBJDATA/ARRSW1.DAT[2145..2151]",
        "$RCT2:OBJDATA/ARRSW1.DAT[2159..2165]",
        "$RCT2:OBJDATA/ARRSW1.DAT[2173..2179]",
        "$RCT2:OBJDATA/ARRSW1.DAT[2187..2193]",
        "$RCT2:OBJDATA/ARRSW1.DAT[2201..2207]",
        "$RCT2:OBJDATA/ARRSW1.DAT[2215..2221]",
        "$RCT2:OBJDATA/ARRSW1.DAT[2229..2235]",
        "$RCT2:OBJDATA/ARRSW1.DAT[2243..2249]",
        "$RCT2:OBJDATA/ARRSW1.DAT[2257..2263]",
        "$RCT2:OBJDATA/ARRSW1.DAT[2271..2389]",
        "$RCT2:OBJDATA/ARRSW1.DAT[2439..2445]",
        "$RCT2:OBJDATA/ARRSW1.DAT[2495..2501]",
        "$RCT2:OBJDATA/ARRSW1.DAT[2551..2557]",
        "$RCT2:OBJDATA/ARRSW1.DAT[2607..2613]",
        "$RCT2:OBJDATA/ARRSW1.DAT[2663..2669]",
        "$RCT2:OBJDATA/ARRSW1.DAT[2719..2725]",
        "$RCT2:OBJDATA/ARRSW1.DAT[2775..2781]",
        "$RCT2:OBJDATA/ARRSW1.DAT[2831..3089]",
        "$RCT2:OBJDATA/ARRSW1.DAT[3097..3103]",
        "$RCT2:OBJDATA/ARRSW1.DAT[3111..3117]",
        "$RCT2:OBJDATA/ARRSW1.DAT[3125..3131]",
        "$RCT2:OBJDATA/ARRSW1.DAT[3139..3145]",
        "$RCT2:OBJDATA/ARRSW1.DAT[3153..3159]",
        "$RCT2:OBJDATA/ARRSW1.DAT[3167..3173]",
        "$RCT2:OBJDATA/ARRSW1.DAT[3181..3187]",
        "$RCT2:OBJDATA/ARRSW1.DAT[3195..3201]",
        "$RCT2:OBJDATA/ARRSW1.DAT[3209..3215]",
        "$RCT2:OBJDATA/ARRSW1.DAT[3223..3229]",
        "$RCT2:OBJDATA/ARRSW1.DAT[3237..3243]",
        "$RCT2:OBJDATA/ARRSW1.DAT[3251..3257]",
        "$RCT2:OBJDATA/ARRSW1.DAT[3265..3271]",
        "$RCT2:OBJDATA/ARRSW1.DAT[3279..3285]",
        "$RCT2:OBJDATA/ARRSW1.DAT[3293..3299]",
        "$RCT2:OBJDATA/ARRSW1.DAT[3307..3369]",
        "$RCT2:OBJDATA/ARRSW1.DAT[3377..3383]",
        "$RCT2:OBJDATA/ARRSW1.DAT[3391..3397]",
        "$RCT2:OBJDATA/ARRSW1.DAT[3405..3411]",
        "$RCT2:OBJDATA/ARRSW1.DAT[3419..3425]",
        "$RCT2:OBJDATA/ARRSW1.DAT[3433..3439]",
        "$RCT2:OBJDATA/ARRSW1.DAT[3447..3453]",
        "$RCT2:OBJDATA/ARRSW1.DAT[3461..3467]",
        "$RCT2:OBJDATA/ARRSW1.DAT[3475..3481]",
        "$RCT2:OBJDATA/ARRSW1.DAT[3489..3495]",
        "$RCT2:OBJDATA/ARRSW1.DAT[3503..3509]",
        "$RCT2:OBJDATA/ARRSW1.DAT[3517..3523]",
        "$RCT2:OBJDATA/ARRSW1.DAT[3531..3537]",
        "$RCT2:OBJDATA/ARRSW1.DAT[3545..3551]",
        "$RCT2:OBJDATA/ARRSW1.DAT[3559..3565]",
        "$RCT2:OBJDATA/ARRSW1.DAT[3573..3579]",
        "$RCT2:OBJDATA/ARRSW1.DAT[3587..3593]",
        "$RCT2:OBJDATA/ARRSW1.DAT[3601..3607]",
        "$RCT2:OBJDATA/ARRSW1.DAT[3615..3621]",
        "$RCT2:OBJDATA/ARRSW1.DAT[3629..3635]",
        "$RCT2:OBJDATA/ARRSW1.DAT[3643..3649]",
        "$RCT2:OBJDATA/ARRSW1.DAT[3657..3663]",
        "$RCT2:OBJDATA/ARRSW1.DAT[3671..3677]",
        "$RCT2:OBJDATA/ARRSW1.DAT[3685..3691]",
        "$RCT2:OBJDATA/ARRSW1.DAT[3699..3705]",
        "$RCT2:OBJDATA/ARRSW1.DAT[3713..3719]",
        "$RCT2:OBJDATA/ARRSW1.DAT[3727..3733]",
        "$RCT2:OBJDATA/ARRSW1.DAT[3741..3747]",
        "$RCT2:OBJDATA/ARRSW1.DAT[3755..3761]",
        "$RCT2:OBJDATA/ARRSW1.DAT[3769..3775]",
        "$RCT2:OBJDATA/ARRSW1.DAT[3783..3789]",
        "$RCT2:OBJDATA/ARRSW1.DAT[3797..3803]",
        "$RCT2:OBJDATA/ARRSW1.DAT[3811..3929]",
        "$RCT2:OBJDATA/ARRSW1.DAT[3979..3985]",
        "$RCT2:OBJDATA/ARRSW1.DAT[4035..4041]",
        "$RCT2:OBJDATA/ARRSW1.DAT[4091..4097]",
        "$RCT2:OBJDATA/ARRSW1.DAT[4147..4153]",
        "$RCT2:OBJDATA/ARRSW1.DAT[4203..4209]",
        "$RCT2:OBJDATA/ARRSW1.DAT[4259..4265]",
        "$RCT2:OBJDATA/ARRSW1.DAT[4315..4321]",
        "$RCT2:OBJDATA/ARRSW1.DAT[4371..4622]"
    ]
}
