{
    "id": "rct1.ride.wooden_rc_trains",
    "authors": [
        "Chris Sawyer",
        "Simon Foster"
    ],
    "version": "1.0",
    "originalId": "00000000|#RCT1PTC|00000000",
    "sourceGame": "rct1",
    "objectType": "ride",
    "properties": {
        "type": "classic_wooden_rc",
        "category": "rollercoaster",
        "minCarsPerTrain": 2,
        "maxCarsPerTrain": 7,
        "carColours": [
            [
                [
                    "bright_red",
                    "light_brown",
                    "black"
                ]
            ],
            [
                [
                    "yellow",
                    "light_brown",
                    "black"
                ]
            ],
            [
                [
                    "bright_green",
                    "light_brown",
                    "black"
                ]
            ],
            [
                [
                    "light_blue",
                    "bright_red",
                    "black"
                ]
            ],
            [
                [
                    "saturated_brown",
                    "bordeaux_red",
                    "black"
                ]
            ],
            [
                [
                    "light_purple",
                    "bordeaux_red",
                    "black"
                ]
            ]
        ],
        "cars": {
            "rotationFrameMask": 15,
            "spacing": 208896,
            "mass": 540,
            "numSeats": 4,
            "numSeatRows": 2,
            "frictionSoundId": 1,
            "soundRange": 1,
            "effectVisual": 10,
            "drawOrder": 6,
            "spriteGroups": {
                "slopeFlat": 16,
                "slopes12": 4,
                "slopes25": 16,
                "slopes42": 8,
                "slopes60": 4,
                "slopes75": 4,
                "slopes90": 4,
                "slopesLoop": 4,
                "slopeInverted": 4,
                "slopes8": 4,
                "slopes16": 4,
                "slopes50": 4,
                "flatBanked22": 8,
                "flatBanked45": 16,
                "slopes12Banked22": 4,
                "slopes8Banked22": 4,
                "restraintAnimation": 4
            },
            "hasAdditionalColour1": true,
            "hasScreamingRiders": true,
            "loadingPositions": [
                5,
                3,
                -7,
                -9
            ]
        },
        "buildMenuPriority": 1
    },
    "images": [
        { "path": "images/preview.png", "format": "raw" },
        "",
        "",
        "$CSG[16710..16725]",
        "$CSG[16726]",
        "$CSG[16734]",
        "$CSG[16742]",
        "$CSG[16750]",
        "$CSG[16730]",
        "$CSG[16738]",
        "$CSG[16746]",
        "$CSG[16754]",
        "$CSG[16727]",
        "$CSG[16814..16816]",
        "$CSG[16735]",
        "$CSG[16817..16819]",
        "$CSG[16743]",
        "$CSG[16820..16822]",
        "$CSG[16751]",
        "$CSG[16823..16825]",
        "$CSG[16731]",
        "$CSG[16826..16828]",
        "$CSG[16739]",
        "$CSG[16829..16831]",
        "$CSG[16747]",
        "$CSG[16832..16834]",
        "$CSG[16755]",
        "$CSG[16835..16837]",
        "$CSG[16728]",
        "$CSG[16918]",
        "$CSG[16736]",
        "$CSG[16919]",
        "$CSG[16744]",
        "$CSG[16920]",
        "$CSG[16752]",
        "$CSG[16921]",
        "$CSG[16732]",
        "$CSG[16934]",
        "$CSG[16740]",
        "$CSG[16935]",
        "$CSG[16748]",
        "$CSG[16936]",
        "$CSG[16756]",
        "$CSG[16937]",
        "$CSG[16729]",
        "$CSG[16737]",
        "$CSG[16745]",
        "$CSG[16753]",
        "$CSG[16733]",
        "$CSG[16741]",
        "$CSG[16749]",
        "$CSG[16757]",
        "$CSG[16838..16841]",
        "$CSG[16870..16873]",
        "$CSG[16842..16845]",
        "$CSG[16874..16877]",
        "$CSG[16846..16849]",
        "$CSG[16878..16881]",
        "$CSG[16850..16853]",
        "$CSG[16882..16885]",
        "$CSG[16854..16857]",
        "$CSG[16886..16889]",
        "$CSG[16858..16861]",
        "$CSG[16890..16893]",
        "$CSG[16862..16865]",
        "$CSG[16894..16897]",
        "$CSG[16866..16869]",
        "$CSG[16910..16913]",
        "$CSG[16926..16929]",
        "$CSG[16914..16917]",
        "$CSG[16930..16933]",
        "$CSG[16922..16925]",
        "$CSG[16938..16941]",
        "$CSG[16790]",
        "$CSG[16958]",
        "$CSG[16791]",
        "$CSG[16959]",
        "$CSG[16792]",
        "$CSG[16960]",
        "$CSG[16793]",
        "$CSG[16961]",
        "$CSG[16794]",
        "$CSG[16962]",
        "$CSG[16795]",
        "$CSG[16963]",
        "$CSG[16796]",
        "$CSG[16964]",
        "$CSG[16797]",
        "$CSG[16965]",
        "$CSG[16758..16789]",
        "$CSG[16798..16813]",
        "$CSG[16942..16957]",
        "$CSG[16898]",
        "$CSG[16901]",
        "$CSG[16904]",
        "$CSG[16907]",
        "$CSG[16899]",
        "$CSG[16902]",
        "$CSG[16905]",
        "$CSG[16908]",
        "$CSG[16900]",
        "$CSG[16903]",
        "$CSG[16906]",
        "$CSG[16909]",
        "$CSG[16966..16981]",
        "$CSG[16982]",
        "$CSG[16990]",
        "$CSG[16998]",
        "$CSG[17006]",
        "$CSG[16986]",
        "$CSG[16994]",
        "$CSG[17002]",
        "$CSG[17010]",
        "$CSG[16983]",
        "$CSG[17070..17072]",
        "$CSG[16991]",
        "$CSG[17073..17075]",
        "$CSG[16999]",
        "$CSG[17076..17078]",
        "$CSG[17007]",
        "$CSG[17079..17081]",
        "$CSG[16987]",
        "$CSG[17082..17084]",
        "$CSG[16995]",
        "$CSG[17085..17087]",
        "$CSG[17003]",
        "$CSG[17088..17090]",
        "$CSG[17011]",
        "$CSG[17091..17093]",
        "$CSG[16984]",
        "$CSG[17174]",
        "$CSG[16992]",
        "$CSG[17175]",
        "$CSG[17000]",
        "$CSG[17176]",
        "$CSG[17008]",
        "$CSG[17177]",
        "$CSG[16988]",
        "$CSG[17190]",
        "$CSG[16996]",
        "$CSG[17191]",
        "$CSG[17004]",
        "$CSG[17192]",
        "$CSG[17012]",
        "$CSG[17193]",
        "$CSG[16985]",
        "$CSG[16993]",
        "$CSG[17001]",
        "$CSG[17009]",
        "$CSG[16989]",
        "$CSG[16997]",
        "$CSG[17005]",
        "$CSG[17013]",
        "$CSG[17094..17097]",
        "$CSG[17126..17129]",
        "$CSG[17098..17101]",
        "$CSG[17130..17133]",
        "$CSG[17102..17105]",
        "$CSG[17134..17137]",
        "$CSG[17106..17109]",
        "$CSG[17138..17141]",
        "$CSG[17110..17113]",
        "$CSG[17142..17145]",
        "$CSG[17114..17117]",
        "$CSG[17146..17149]",
        "$CSG[17118..17121]",
        "$CSG[17150..17153]",
        "$CSG[17122..17125]",
        "$CSG[17166..17169]",
        "$CSG[17182..17185]",
        "$CSG[17170..17173]",
        "$CSG[17186..17189]",
        "$CSG[17178..17181]",
        "$CSG[17194..17197]",
        "$CSG[17046]",
        "$CSG[17214]",
        "$CSG[17047]",
        "$CSG[17215]",
        "$CSG[17048]",
        "$CSG[17216]",
        "$CSG[17049]",
        "$CSG[17217]",
        "$CSG[17050]",
        "$CSG[17218]",
        "$CSG[17051]",
        "$CSG[17219]",
        "$CSG[17052]",
        "$CSG[17220]",
        "$CSG[17053]",
        "$CSG[17221]",
        "$CSG[17014..17045]",
        "$CSG[17054..17069]",
        "$CSG[17198..17213]",
        "$CSG[17154]",
        "$CSG[17157]",
        "$CSG[17160]",
        "$CSG[17163]",
        "$CSG[17155]",
        "$CSG[17158]",
        "$CSG[17161]",
        "$CSG[17164]",
        "$CSG[17156]",
        "$CSG[17159]",
        "$CSG[17162]",
        "$CSG[17165]",
        "$CSG[17222..17237]",
        "$CSG[17238]",
        "$CSG[17246]",
        "$CSG[17254]",
        "$CSG[17262]",
        "$CSG[17242]",
        "$CSG[17250]",
        "$CSG[17258]",
        "$CSG[17266]",
        "$CSG[17239]",
        "$CSG[17326..17328]",
        "$CSG[17247]",
        "$CSG[17329..17331]",
        "$CSG[17255]",
        "$CSG[17332..17334]",
        "$CSG[17263]",
        "$CSG[17335..17337]",
        "$CSG[17243]",
        "$CSG[17338..17340]",
        "$CSG[17251]",
        "$CSG[17341..17343]",
        "$CSG[17259]",
        "$CSG[17344..17346]",
        "$CSG[17267]",
        "$CSG[17347..17349]",
        "$CSG[17240]",
        "$CSG[17430]",
        "$CSG[17248]",
        "$CSG[17431]",
        "$CSG[17256]",
        "$CSG[17432]",
        "$CSG[17264]",
        "$CSG[17433]",
        "$CSG[17244]",
        "$CSG[17446]",
        "$CSG[17252]",
        "$CSG[17447]",
        "$CSG[17260]",
        "$CSG[17448]",
        "$CSG[17268]",
        "$CSG[17449]",
        "$CSG[17241]",
        "$CSG[17249]",
        "$CSG[17257]",
        "$CSG[17265]",
        "$CSG[17245]",
        "$CSG[17253]",
        "$CSG[17261]",
        "$CSG[17269]",
        "$CSG[17350..17353]",
        "$CSG[17382..17385]",
        "$CSG[17354..17357]",
        "$CSG[17386..17389]",
        "$CSG[17358..17361]",
        "$CSG[17390..17393]",
        "$CSG[17362..17365]",
        "$CSG[17394..17397]",
        "$CSG[17366..17369]",
        "$CSG[17398..17401]",
        "$CSG[17370..17373]",
        "$CSG[17402..17405]",
        "$CSG[17374..17377]",
        "$CSG[17406..17409]",
        "$CSG[17378..17381]",
        "$CSG[17422..17425]",
        "$CSG[17438..17441]",
        "$CSG[17426..17429]",
        "$CSG[17442..17445]",
        "$CSG[17434..17437]",
        "$CSG[17450..17453]",
        "$CSG[17302]",
        "$CSG[17470]",
        "$CSG[17303]",
        "$CSG[17471]",
        "$CSG[17304]",
        "$CSG[17472]",
        "$CSG[17305]",
        "$CSG[17473]",
        "$CSG[17306]",
        "$CSG[17474]",
        "$CSG[17307]",
        "$CSG[17475]",
        "$CSG[17308]",
        "$CSG[17476]",
        "$CSG[17309]",
        "$CSG[17477]",
        "$CSG[17270..17301]",
        "$CSG[17310..17325]",
        "$CSG[17454..17469]",
        "$CSG[17410]",
        "$CSG[17413]",
        "$CSG[17416]",
        "$CSG[17419]",
        "$CSG[17411]",
        "$CSG[17414]",
        "$CSG[17417]",
        "$CSG[17420]",
        "$CSG[17412]",
        "$CSG[17415]",
        "$CSG[17418]",
        "$CSG[17421]"
    ],
    "noCsgImages": [
        { "path": "images/preview.png", "format": "raw" },
        "",
        "",
        "$RCT2:OBJDATA/PTCT1.DAT[3]",
        "$RCT2:OBJDATA/PTCT1.DAT[5]",
        "$RCT2:OBJDATA/PTCT1.DAT[7]",
        "$RCT2:OBJDATA/PTCT1.DAT[9]",
        "$RCT2:OBJDATA/PTCT1.DAT[11]",
        "$RCT2:OBJDATA/PTCT1.DAT[13]",
        "$RCT2:OBJDATA/PTCT1.DAT[15]",
        "$RCT2:OBJDATA/PTCT1.DAT[17]",
        "$RCT2:OBJDATA/PTCT1.DAT[19]",
        "$RCT2:OBJDATA/PTCT1.DAT[21]",
        "$RCT2:OBJDATA/PTCT1.DAT[23]",
        "$RCT2:OBJDATA/PTCT1.DAT[25]",
        "$RCT2:OBJDATA/PTCT1.DAT[27]",
        "$RCT2:OBJDATA/PTCT1.DAT[29]",
        "$RCT2:OBJDATA/PTCT1.DAT[31]",
        "$RCT2:OBJDATA/PTCT1.DAT[33]",
        "$RCT2:OBJDATA/PTCT1.DAT[35..42]",
        "$RCT2:OBJDATA/PTCT1.DAT[43]",
        "$RCT2:OBJDATA/PTCT1.DAT[45]",
        "$RCT2:OBJDATA/PTCT1.DAT[47]",
        "$RCT2:OBJDATA/PTCT1.DAT[49]",
        "$RCT2:OBJDATA/PTCT1.DAT[51]",
        "$RCT2:OBJDATA/PTCT1.DAT[53]",
        "$RCT2:OBJDATA/PTCT1.DAT[55]",
        "$RCT2:OBJDATA/PTCT1.DAT[57]",
        "$RCT2:OBJDATA/PTCT1.DAT[59]",
        "$RCT2:OBJDATA/PTCT1.DAT[61]",
        "$RCT2:OBJDATA/PTCT1.DAT[63]",
        "$RCT2:OBJDATA/PTCT1.DAT[65]",
        "$RCT2:OBJDATA/PTCT1.DAT[67]",
        "$RCT2:OBJDATA/PTCT1.DAT[69]",
        "$RCT2:OBJDATA/PTCT1.DAT[71]",
        "$RCT2:OBJDATA/PTCT1.DAT[73]",
        "$RCT2:OBJDATA/PTCT1.DAT[75]",
        "$RCT2:OBJDATA/PTCT1.DAT[77]",
        "$RCT2:OBJDATA/PTCT1.DAT[79]",
        "$RCT2:OBJDATA/PTCT1.DAT[81]",
        "$RCT2:OBJDATA/PTCT1.DAT[83]",
        "$RCT2:OBJDATA/PTCT1.DAT[85]",
        "$RCT2:OBJDATA/PTCT1.DAT[87]",
        "$RCT2:OBJDATA/PTCT1.DAT[89]",
        "$RCT2:OBJDATA/PTCT1.DAT[91]",
        "$RCT2:OBJDATA/PTCT1.DAT[93]",
        "$RCT2:OBJDATA/PTCT1.DAT[95]",
        "$RCT2:OBJDATA/PTCT1.DAT[97]",
        "$RCT2:OBJDATA/PTCT1.DAT[99]",
        "$RCT2:OBJDATA/PTCT1.DAT[101]",
        "$RCT2:OBJDATA/PTCT1.DAT[103]",
        "$RCT2:OBJDATA/PTCT1.DAT[105]",
        "$RCT2:OBJDATA/PTCT1.DAT[107..122]",
        "$RCT2:OBJDATA/PTCT1.DAT[123]",
        "$RCT2:OBJDATA/PTCT1.DAT[131]",
        "$RCT2:OBJDATA/PTCT1.DAT[139]",
        "$RCT2:OBJDATA/PTCT1.DAT[147]",
        "$RCT2:OBJDATA/PTCT1.DAT[155]",
        "$RCT2:OBJDATA/PTCT1.DAT[163]",
        "$RCT2:OBJDATA/PTCT1.DAT[171]",
        "$RCT2:OBJDATA/PTCT1.DAT[179]",
        "$RCT2:OBJDATA/PTCT1.DAT[187..194]",
        "$RCT2:OBJDATA/PTCT1.DAT[195]",
        "$RCT2:OBJDATA/PTCT1.DAT[203]",
        "$RCT2:OBJDATA/PTCT1.DAT[211]",
        "$RCT2:OBJDATA/PTCT1.DAT[219]",
        "$RCT2:OBJDATA/PTCT1.DAT[227]",
        "$RCT2:OBJDATA/PTCT1.DAT[235]",
        "$RCT2:OBJDATA/PTCT1.DAT[243]",
        "$RCT2:OBJDATA/PTCT1.DAT[251]",
        "$RCT2:OBJDATA/PTCT1.DAT[259..342]",
        "$RCT2:OBJDATA/PTCT1.DAT[343]",
        "$RCT2:OBJDATA/PTCT1.DAT[345]",
        "$RCT2:OBJDATA/PTCT1.DAT[347]",
        "$RCT2:OBJDATA/PTCT1.DAT[349]",
        "$RCT2:OBJDATA/PTCT1.DAT[351]",
        "$RCT2:OBJDATA/PTCT1.DAT[353]",
        "$RCT2:OBJDATA/PTCT1.DAT[355]",
        "$RCT2:OBJDATA/PTCT1.DAT[357]",
        "$RCT2:OBJDATA/PTCT1.DAT[359]",
        "$RCT2:OBJDATA/PTCT1.DAT[361]",
        "$RCT2:OBJDATA/PTCT1.DAT[363]",
        "$RCT2:OBJDATA/PTCT1.DAT[365]",
        "$RCT2:OBJDATA/PTCT1.DAT[367]",
        "$RCT2:OBJDATA/PTCT1.DAT[369]",
        "$RCT2:OBJDATA/PTCT1.DAT[371]",
        "$RCT2:OBJDATA/PTCT1.DAT[373]",
        "$RCT2:OBJDATA/PTCT1.DAT[375]",
        "$RCT2:OBJDATA/PTCT1.DAT[377]",
        "$RCT2:OBJDATA/PTCT1.DAT[379]",
        "$RCT2:OBJDATA/PTCT1.DAT[381]",
        "$RCT2:OBJDATA/PTCT1.DAT[383]",
        "$RCT2:OBJDATA/PTCT1.DAT[385]",
        "$RCT2:OBJDATA/PTCT1.DAT[387]",
        "$RCT2:OBJDATA/PTCT1.DAT[389]",
        "$RCT2:OBJDATA/PTCT1.DAT[391]",
        "$RCT2:OBJDATA/PTCT1.DAT[393]",
        "$RCT2:OBJDATA/PTCT1.DAT[395]",
        "$RCT2:OBJDATA/PTCT1.DAT[397]",
        "$RCT2:OBJDATA/PTCT1.DAT[399]",
        "$RCT2:OBJDATA/PTCT1.DAT[401]",
        "$RCT2:OBJDATA/PTCT1.DAT[403]",
        "$RCT2:OBJDATA/PTCT1.DAT[405]",
        "$RCT2:OBJDATA/PTCT1.DAT[407]",
        "$RCT2:OBJDATA/PTCT1.DAT[415]",
        "$RCT2:OBJDATA/PTCT1.DAT[423]",
        "$RCT2:OBJDATA/PTCT1.DAT[431]",
        "$RCT2:OBJDATA/PTCT1.DAT[439]",
        "$RCT2:OBJDATA/PTCT1.DAT[447]",
        "$RCT2:OBJDATA/PTCT1.DAT[455]",
        "$RCT2:OBJDATA/PTCT1.DAT[463]",
        "$RCT2:OBJDATA/PTCT1.DAT[471]",
        "$RCT2:OBJDATA/PTCT1.DAT[479]",
        "$RCT2:OBJDATA/PTCT1.DAT[487]",
        "$RCT2:OBJDATA/PTCT1.DAT[495]",
        "$RCT2:OBJDATA/PTCT1.DAT[503]",
        "$RCT2:OBJDATA/PTCT1.DAT[511]",
        "$RCT2:OBJDATA/PTCT1.DAT[519]",
        "$RCT2:OBJDATA/PTCT1.DAT[527]",
        "$RCT2:OBJDATA/PTCT1.DAT[535..550]",
        "$RCT2:OBJDATA/PTCT1.DAT[711..722]",
        "$RCT2:OBJDATA/PTCT1.DAT[723]",
        "$RCT2:OBJDATA/PTCT1.DAT[725]",
        "$RCT2:OBJDATA/PTCT1.DAT[727]",
        "$RCT2:OBJDATA/PTCT1.DAT[729]",
        "$RCT2:OBJDATA/PTCT1.DAT[731]",
        "$RCT2:OBJDATA/PTCT1.DAT[733]",
        "$RCT2:OBJDATA/PTCT1.DAT[735]",
        "$RCT2:OBJDATA/PTCT1.DAT[737]",
        "$RCT2:OBJDATA/PTCT1.DAT[739]",
        "$RCT2:OBJDATA/PTCT1.DAT[741]",
        "$RCT2:OBJDATA/PTCT1.DAT[743]",
        "$RCT2:OBJDATA/PTCT1.DAT[745]",
        "$RCT2:OBJDATA/PTCT1.DAT[747]",
        "$RCT2:OBJDATA/PTCT1.DAT[749]",
        "$RCT2:OBJDATA/PTCT1.DAT[751]",
        "$RCT2:OBJDATA/PTCT1.DAT[753]",
        "$RCT2:OBJDATA/PTCT1.DAT[755..762]",
        "$RCT2:OBJDATA/PTCT1.DAT[763]",
        "$RCT2:OBJDATA/PTCT1.DAT[765]",
        "$RCT2:OBJDATA/PTCT1.DAT[767]",
        "$RCT2:OBJDATA/PTCT1.DAT[769]",
        "$RCT2:OBJDATA/PTCT1.DAT[771]",
        "$RCT2:OBJDATA/PTCT1.DAT[773]",
        "$RCT2:OBJDATA/PTCT1.DAT[775]",
        "$RCT2:OBJDATA/PTCT1.DAT[777]",
        "$RCT2:OBJDATA/PTCT1.DAT[779]",
        "$RCT2:OBJDATA/PTCT1.DAT[781]",
        "$RCT2:OBJDATA/PTCT1.DAT[783]",
        "$RCT2:OBJDATA/PTCT1.DAT[785]",
        "$RCT2:OBJDATA/PTCT1.DAT[787]",
        "$RCT2:OBJDATA/PTCT1.DAT[789]",
        "$RCT2:OBJDATA/PTCT1.DAT[791]",
        "$RCT2:OBJDATA/PTCT1.DAT[793]",
        "$RCT2:OBJDATA/PTCT1.DAT[795]",
        "$RCT2:OBJDATA/PTCT1.DAT[797]",
        "$RCT2:OBJDATA/PTCT1.DAT[799]",
        "$RCT2:OBJDATA/PTCT1.DAT[801]",
        "$RCT2:OBJDATA/PTCT1.DAT[803]",
        "$RCT2:OBJDATA/PTCT1.DAT[805]",
        "$RCT2:OBJDATA/PTCT1.DAT[807]",
        "$RCT2:OBJDATA/PTCT1.DAT[809]",
        "$RCT2:OBJDATA/PTCT1.DAT[811]",
        "$RCT2:OBJDATA/PTCT1.DAT[813]",
        "$RCT2:OBJDATA/PTCT1.DAT[815]",
        "$RCT2:OBJDATA/PTCT1.DAT[817]",
        "$RCT2:OBJDATA/PTCT1.DAT[819]",
        "$RCT2:OBJDATA/PTCT1.DAT[821]",
        "$RCT2:OBJDATA/PTCT1.DAT[823]",
        "$RCT2:OBJDATA/PTCT1.DAT[825]",
        "$RCT2:OBJDATA/PTCT1.DAT[827..842]",
        "$RCT2:OBJDATA/PTCT1.DAT[843]",
        "$RCT2:OBJDATA/PTCT1.DAT[851]",
        "$RCT2:OBJDATA/PTCT1.DAT[859]",
        "$RCT2:OBJDATA/PTCT1.DAT[867]",
        "$RCT2:OBJDATA/PTCT1.DAT[875]",
        "$RCT2:OBJDATA/PTCT1.DAT[883]",
        "$RCT2:OBJDATA/PTCT1.DAT[891]",
        "$RCT2:OBJDATA/PTCT1.DAT[899]",
        "$RCT2:OBJDATA/PTCT1.DAT[907..914]",
        "$RCT2:OBJDATA/PTCT1.DAT[915]",
        "$RCT2:OBJDATA/PTCT1.DAT[923]",
        "$RCT2:OBJDATA/PTCT1.DAT[931]",
        "$RCT2:OBJDATA/PTCT1.DAT[939]",
        "$RCT2:OBJDATA/PTCT1.DAT[947]",
        "$RCT2:OBJDATA/PTCT1.DAT[955]",
        "$RCT2:OBJDATA/PTCT1.DAT[963]",
        "$RCT2:OBJDATA/PTCT1.DAT[971]",
        "$RCT2:OBJDATA/PTCT1.DAT[979..1062]",
        "$RCT2:OBJDATA/PTCT1.DAT[1063]",
        "$RCT2:OBJDATA/PTCT1.DAT[1065]",
        "$RCT2:OBJDATA/PTCT1.DAT[1067]",
        "$RCT2:OBJDATA/PTCT1.DAT[1069]",
        "$RCT2:OBJDATA/PTCT1.DAT[1071]",
        "$RCT2:OBJDATA/PTCT1.DAT[1073]",
        "$RCT2:OBJDATA/PTCT1.DAT[1075]",
        "$RCT2:OBJDATA/PTCT1.DAT[1077]",
        "$RCT2:OBJDATA/PTCT1.DAT[1079]",
        "$RCT2:OBJDATA/PTCT1.DAT[1081]",
        "$RCT2:OBJDATA/PTCT1.DAT[1083]",
        "$RCT2:OBJDATA/PTCT1.DAT[1085]",
        "$RCT2:OBJDATA/PTCT1.DAT[1087]",
        "$RCT2:OBJDATA/PTCT1.DAT[1089]",
        "$RCT2:OBJDATA/PTCT1.DAT[1091]",
        "$RCT2:OBJDATA/PTCT1.DAT[1093]",
        "$RCT2:OBJDATA/PTCT1.DAT[1095]",
        "$RCT2:OBJDATA/PTCT1.DAT[1097]",
        "$RCT2:OBJDATA/PTCT1.DAT[1099]",
        "$RCT2:OBJDATA/PTCT1.DAT[1101]",
        "$RCT2:OBJDATA/PTCT1.DAT[1103]",
        "$RCT2:OBJDATA/PTCT1.DAT[1105]",
        "$RCT2:OBJDATA/PTCT1.DAT[1107]",
        "$RCT2:OBJDATA/PTCT1.DAT[1109]",
        "$RCT2:OBJDATA/PTCT1.DAT[1111]",
        "$RCT2:OBJDATA/PTCT1.DAT[1113]",
        "$RCT2:OBJDATA/PTCT1.DAT[1115]",
        "$RCT2:OBJDATA/PTCT1.DAT[1117]",
        "$RCT2:OBJDATA/PTCT1.DAT[1119]",
        "$RCT2:OBJDATA/PTCT1.DAT[1121]",
        "$RCT2:OBJDATA/PTCT1.DAT[1123]",
        "$RCT2:OBJDATA/PTCT1.DAT[1125]",
        "$RCT2:OBJDATA/PTCT1.DAT[1127]",
        "$RCT2:OBJDATA/PTCT1.DAT[1135]",
        "$RCT2:OBJDATA/PTCT1.DAT[1143]",
        "$RCT2:OBJDATA/PTCT1.DAT[1151]",
        "$RCT2:OBJDATA/PTCT1.DAT[1159]",
        "$RCT2:OBJDATA/PTCT1.DAT[1167]",
        "$RCT2:OBJDATA/PTCT1.DAT[1175]",
        "$RCT2:OBJDATA/PTCT1.DAT[1183]",
        "$RCT2:OBJDATA/PTCT1.DAT[1191]",
        "$RCT2:OBJDATA/PTCT1.DAT[1199]",
        "$RCT2:OBJDATA/PTCT1.DAT[1207]",
        "$RCT2:OBJDATA/PTCT1.DAT[1215]",
        "$RCT2:OBJDATA/PTCT1.DAT[1223]",
        "$RCT2:OBJDATA/PTCT1.DAT[1231]",
        "$RCT2:OBJDATA/PTCT1.DAT[1239]",
        "$RCT2:OBJDATA/PTCT1.DAT[1247]",
        "$RCT2:OBJDATA/PTCT1.DAT[1255..1270]",
        "$RCT2:OBJDATA/PTCT1.DAT[1431..1442]",
        "$RCT2:OBJDATA/PTCT1.DAT[1443]",
        "$RCT2:OBJDATA/PTCT1.DAT[1445]",
        "$RCT2:OBJDATA/PTCT1.DAT[1447]",
        "$RCT2:OBJDATA/PTCT1.DAT[1449]",
        "$RCT2:OBJDATA/PTCT1.DAT[1451]",
        "$RCT2:OBJDATA/PTCT1.DAT[1453]",
        "$RCT2:OBJDATA/PTCT1.DAT[1455]",
        "$RCT2:OBJDATA/PTCT1.DAT[1457]",
        "$RCT2:OBJDATA/PTCT1.DAT[1459]",
        "$RCT2:OBJDATA/PTCT1.DAT[1461]",
        "$RCT2:OBJDATA/PTCT1.DAT[1463]",
        "$RCT2:OBJDATA/PTCT1.DAT[1465]",
        "$RCT2:OBJDATA/PTCT1.DAT[1467]",
        "$RCT2:OBJDATA/PTCT1.DAT[1469]",
        "$RCT2:OBJDATA/PTCT1.DAT[1471]",
        "$RCT2:OBJDATA/PTCT1.DAT[1473]",
        "$RCT2:OBJDATA/PTCT1.DAT[1475..1482]",
        "$RCT2:OBJDATA/PTCT1.DAT[1483]",
        "$RCT2:OBJDATA/PTCT1.DAT[1485]",
        "$RCT2:OBJDATA/PTCT1.DAT[1487]",
        "$RCT2:OBJDATA/PTCT1.DAT[1489]",
        "$RCT2:OBJDATA/PTCT1.DAT[1491]",
        "$RCT2:OBJDATA/PTCT1.DAT[1493]",
        "$RCT2:OBJDATA/PTCT1.DAT[1495]",
        "$RCT2:OBJDATA/PTCT1.DAT[1497]",
        "$RCT2:OBJDATA/PTCT1.DAT[1499]",
        "$RCT2:OBJDATA/PTCT1.DAT[1501]",
        "$RCT2:OBJDATA/PTCT1.DAT[1503]",
        "$RCT2:OBJDATA/PTCT1.DAT[1505]",
        "$RCT2:OBJDATA/PTCT1.DAT[1507]",
        "$RCT2:OBJDATA/PTCT1.DAT[1509]",
        "$RCT2:OBJDATA/PTCT1.DAT[1511]",
        "$RCT2:OBJDATA/PTCT1.DAT[1513]",
        "$RCT2:OBJDATA/PTCT1.DAT[1515]",
        "$RCT2:OBJDATA/PTCT1.DAT[1517]",
        "$RCT2:OBJDATA/PTCT1.DAT[1519]",
        "$RCT2:OBJDATA/PTCT1.DAT[1521]",
        "$RCT2:OBJDATA/PTCT1.DAT[1523]",
        "$RCT2:OBJDATA/PTCT1.DAT[1525]",
        "$RCT2:OBJDATA/PTCT1.DAT[1527]",
        "$RCT2:OBJDATA/PTCT1.DAT[1529]",
        "$RCT2:OBJDATA/PTCT1.DAT[1531]",
        "$RCT2:OBJDATA/PTCT1.DAT[1533]",
        "$RCT2:OBJDATA/PTCT1.DAT[1535]",
        "$RCT2:OBJDATA/PTCT1.DAT[1537]",
        "$RCT2:OBJDATA/PTCT1.DAT[1539]",
        "$RCT2:OBJDATA/PTCT1.DAT[1541]",
        "$RCT2:OBJDATA/PTCT1.DAT[1543]",
        "$RCT2:OBJDATA/PTCT1.DAT[1545]",
        "$RCT2:OBJDATA/PTCT1.DAT[1547..1562]",
        "$RCT2:OBJDATA/PTCT1.DAT[1563]",
        "$RCT2:OBJDATA/PTCT1.DAT[1571]",
        "$RCT2:OBJDATA/PTCT1.DAT[1579]",
        "$RCT2:OBJDATA/PTCT1.DAT[1587]",
        "$RCT2:OBJDATA/PTCT1.DAT[1595]",
        "$RCT2:OBJDATA/PTCT1.DAT[1603]",
        "$RCT2:OBJDATA/PTCT1.DAT[1611]",
        "$RCT2:OBJDATA/PTCT1.DAT[1619]",
        "$RCT2:OBJDATA/PTCT1.DAT[1627..1634]",
        "$RCT2:OBJDATA/PTCT1.DAT[1635]",
        "$RCT2:OBJDATA/PTCT1.DAT[1643]",
        "$RCT2:OBJDATA/PTCT1.DAT[1651]",
        "$RCT2:OBJDATA/PTCT1.DAT[1659]",
        "$RCT2:OBJDATA/PTCT1.DAT[1667]",
        "$RCT2:OBJDATA/PTCT1.DAT[1675]",
        "$RCT2:OBJDATA/PTCT1.DAT[1683]",
        "$RCT2:OBJDATA/PTCT1.DAT[1691]",
        "$RCT2:OBJDATA/PTCT1.DAT[1699..1782]",
        "$RCT2:OBJDATA/PTCT1.DAT[1783]",
        "$RCT2:OBJDATA/PTCT1.DAT[1785]",
        "$RCT2:OBJDATA/PTCT1.DAT[1787]",
        "$RCT2:OBJDATA/PTCT1.DAT[1789]",
        "$RCT2:OBJDATA/PTCT1.DAT[1791]",
        "$RCT2:OBJDATA/PTCT1.DAT[1793]",
        "$RCT2:OBJDATA/PTCT1.DAT[1795]",
        "$RCT2:OBJDATA/PTCT1.DAT[1797]",
        "$RCT2:OBJDATA/PTCT1.DAT[1799]",
        "$RCT2:OBJDATA/PTCT1.DAT[1801]",
        "$RCT2:OBJDATA/PTCT1.DAT[1803]",
        "$RCT2:OBJDATA/PTCT1.DAT[1805]",
        "$RCT2:OBJDATA/PTCT1.DAT[1807]",
        "$RCT2:OBJDATA/PTCT1.DAT[1809]",
        "$RCT2:OBJDATA/PTCT1.DAT[1811]",
        "$RCT2:OBJDATA/PTCT1.DAT[1813]",
        "$RCT2:OBJDATA/PTCT1.DAT[1815]",
        "$RCT2:OBJDATA/PTCT1.DAT[1817]",
        "$RCT2:OBJDATA/PTCT1.DAT[1819]",
        "$RCT2:OBJDATA/PTCT1.DAT[1821]",
        "$RCT2:OBJDATA/PTCT1.DAT[1823]",
        "$RCT2:OBJDATA/PTCT1.DAT[1825]",
        "$RCT2:OBJDATA/PTCT1.DAT[1827]",
        "$RCT2:OBJDATA/PTCT1.DAT[1829]",
        "$RCT2:OBJDATA/PTCT1.DAT[1831]",
        "$RCT2:OBJDATA/PTCT1.DAT[1833]",
        "$RCT2:OBJDATA/PTCT1.DAT[1835]",
        "$RCT2:OBJDATA/PTCT1.DAT[1837]",
        "$RCT2:OBJDATA/PTCT1.DAT[1839]",
        "$RCT2:OBJDATA/PTCT1.DAT[1841]",
        "$RCT2:OBJDATA/PTCT1.DAT[1843]",
        "$RCT2:OBJDATA/PTCT1.DAT[1845]",
        "$RCT2:OBJDATA/PTCT1.DAT[1847]",
        "$RCT2:OBJDATA/PTCT1.DAT[1855]",
        "$RCT2:OBJDATA/PTCT1.DAT[1863]",
        "$RCT2:OBJDATA/PTCT1.DAT[1871]",
        "$RCT2:OBJDATA/PTCT1.DAT[1879]",
        "$RCT2:OBJDATA/PTCT1.DAT[1887]",
        "$RCT2:OBJDATA/PTCT1.DAT[1895]",
        "$RCT2:OBJDATA/PTCT1.DAT[1903]",
        "$RCT2:OBJDATA/PTCT1.DAT[1911]",
        "$RCT2:OBJDATA/PTCT1.DAT[1919]",
        "$RCT2:OBJDATA/PTCT1.DAT[1927]",
        "$RCT2:OBJDATA/PTCT1.DAT[1935]",
        "$RCT2:OBJDATA/PTCT1.DAT[1943]",
        "$RCT2:OBJDATA/PTCT1.DAT[1951]",
        "$RCT2:OBJDATA/PTCT1.DAT[1959]",
        "$RCT2:OBJDATA/PTCT1.DAT[1967]",
        "$RCT2:OBJDATA/PTCT1.DAT[1975..1990]",
        "$RCT2:OBJDATA/PTCT1.DAT[2151..2162]"
    ],
    "strings": {
        "name": {
            "en-GB": "Wooden Roller Coaster Trains",
            "nl-NL": "Trein voor houten achtbaan"
        },
        "description": {
            "en-GB": "Wooden roller coaster trains with padded seats and lap bar restraints",
            "nl-NL": "Houten achtbaantreinen met gevoerde zittingen en heupbeugels."
        },
        "capacity": {
            "en-GB": "4 passengers per car",
            "fr-FR": "4 passagers par voiture",
            "de-DE": "4 Fahrgäste pro Wagen",
            "es-ES": "4 pasajeros por vagón",
            "it-IT": "4 passeggeri a carrozza",
            "nl-NL": "4 passagiers per karretje",
            "sv-SE": "4 passagerare per vagn",
            "ko-KR": "차량당 4명의 승객",
            "zh-CN": "4 位乘客/每个车厢",
            "zh-TW": "4 位乘客/每個車廂",
            "pt-BR": "4 passageiros por carro",
            "cs-CZ": "4 místa v každém voze",
            "ja-JP": "各車両4名",
            "pl-PL": "4 pasażerów na wagonik",
            "ru-RU": "4 пассажира",
            "eo-ZZ": "Po 4 pasaĝeroj por ĉaro"
        }
    }
}
