{
    "id": "rct1aa.ride.stand_up_twister_trains",
    "authors": [
        "Chris Sawyer",
        "Simon Foster"
    ],
    "version": "1.0",
    "originalId": "00000000|#RCT1BMU|00000000",
    "sourceGame": "rct1aa",
    "isCompatibilityObject": true,
    "objectType": "ride",
    "properties": {
        "type": "twister_rc",
        "category": "rollercoaster",
        "limitAirTimeBonus": true,
        "minCarsPerTrain": 3,
        "maxCarsPerTrain": 9,
        "numEmptyCars": 1,
        "tabCar": 1,
        "headCars": 1,
        "ratingMultipler": {
            "excitement": 2,
            "intensity": 15,
            "nausea": 10
        },
        "maxHeight": 40,
        "carColours": [
            [
                [
                    "bordeaux_red",
                    "yellow",
                    "black"
                ]
            ],
            [
                [
                    "dark_green",
                    "light_orange",
                    "black"
                ]
            ],
            [
                [
                    "dark_purple",
                    "white",
                    "black"
                ]
            ]
        ],
        "cars": [
            {
                "rotationFrameMask": 15,
                "spacing": 130048,
                "mass": 740,
                "numSeats": 4,
                "numSeatRows": 2,
                "frictionSoundId": 2,
                "soundRange": 0,
                "drawOrder": 8,
                "spriteGroups": {
                    "slopeFlat": 16,
                    "slopes12": 4,
                    "slopes25": 16,
                    "slopes42": 8,
                    "slopes60": 16,
                    "slopes75": 4,
                    "slopes90": 4,
                    "slopesLoop": 4,
                    "slopeInverted": 4,
                    "slopes8": 4,
                    "slopes16": 4,
                    "slopes50": 4,
                    "flatBanked22": 8,
                    "flatBanked45": 16,
                    "flatBanked67": 4,
                    "flatBanked90": 4,
                    "inlineTwists": 4,
                    "slopes12Banked22": 16,
                    "slopes8Banked22": 4,
                    "corkscrews": 4,
                    "restraintAnimation": 4
                },
                "hasAdditionalColour1": true,
                "hasScreamingRiders": true,
                "loadingPositions": [
                    -2,
                    -4,
                    -2,
                    -4
                ]
            },
            {
                "rotationFrameMask": 15,
                "spacing": 130048,
                "mass": 450,
                "frictionSoundId": 2,
                "soundRange": 0,
                "drawOrder": 8,
                "spriteGroups": {
                    "slopeFlat": 16,
                    "slopes12": 4,
                    "slopes25": 16,
                    "slopes42": 8,
                    "slopes60": 16,
                    "slopes75": 4,
                    "slopes90": 4,
                    "slopesLoop": 4,
                    "slopeInverted": 4,
                    "slopes8": 4,
                    "slopes16": 4,
                    "slopes50": 4,
                    "flatBanked22": 8,
                    "flatBanked45": 16,
                    "flatBanked67": 4,
                    "flatBanked90": 4,
                    "inlineTwists": 4,
                    "slopes12Banked22": 16,
                    "slopes8Banked22": 4,
                    "corkscrews": 4
                },
                "hasAdditionalColour1": true,
                "hasScreamingRiders": true
            }
        ],
        "buildMenuPriority": 4
    },
    "images": [
        {
            "path": "images/preview.png",
            "format": "raw"
        },
        "",
        "",
        "$CSG[10418..10433]",
        "$CSG[10434]",
        "$CSG[10442]",
        "$CSG[10450]",
        "$CSG[10458]",
        "$CSG[10438]",
        "$CSG[10446]",
        "$CSG[10454]",
        "$CSG[10462]",
        "$CSG[10435]",
        "$CSG[10522..10524]",
        "$CSG[10443]",
        "$CSG[10525..10527]",
        "$CSG[10451]",
        "$CSG[10528..10530]",
        "$CSG[10459]",
        "$CSG[10531..10533]",
        "$CSG[10439]",
        "$CSG[10534..10536]",
        "$CSG[10447]",
        "$CSG[10537..10539]",
        "$CSG[10455]",
        "$CSG[10540..10542]",
        "$CSG[10463]",
        "$CSG[10543..10545]",
        "$CSG[10436]",
        "$CSG[10818]",
        "$CSG[10444]",
        "$CSG[10819]",
        "$CSG[10452]",
        "$CSG[10820]",
        "$CSG[10460]",
        "$CSG[10821]",
        "$CSG[10440]",
        "$CSG[10834]",
        "$CSG[10448]",
        "$CSG[10835]",
        "$CSG[10456]",
        "$CSG[10836]",
        "$CSG[10464]",
        "$CSG[10837]",
        "$CSG[10437]",
        "$CSG[10686..10688]",
        "$CSG[10445]",
        "$CSG[10689..10691]",
        "$CSG[10453]",
        "$CSG[10692..10694]",
        "$CSG[10461]",
        "$CSG[10695..10697]",
        "$CSG[10441]",
        "$CSG[10698..10700]",
        "$CSG[10449]",
        "$CSG[10701..10703]",
        "$CSG[10457]",
        "$CSG[10704..10706]",
        "$CSG[10465]",
        "$CSG[10707..10709]",
        "$CSG[10546..10549]",
        "$CSG[10578..10581]",
        "$CSG[10550]",
        "$CSG[10551]",
        "$CSG[10552]",
        "$CSG[10553]",
        "$CSG[10582]",
        "$CSG[10583]",
        "$CSG[10584]",
        "$CSG[10585]",
        "$CSG[10554..10557]",
        "$CSG[10586..10589]",
        "$CSG[10558..10561]",
        "$CSG[10590..10593]",
        "$CSG[10562..10565]",
        "$CSG[10594..10597]",
        "$CSG[10566..10569]",
        "$CSG[10598..10601]",
        "$CSG[10570..10573]",
        "$CSG[10602..10605]",
        "$CSG[10574..10577]",
        "$CSG[10810..10813]",
        "$CSG[10826..10829]",
        "$CSG[10814..10817]",
        "$CSG[10830..10833]",
        "$CSG[10822..10825]",
        "$CSG[10838..10841]",
        "$CSG[10498]",
        "$CSG[10858]",
        "$CSG[10499]",
        "$CSG[10859]",
        "$CSG[10500]",
        "$CSG[10860]",
        "$CSG[10501]",
        "$CSG[10861]",
        "$CSG[10502]",
        "$CSG[10862]",
        "$CSG[10503]",
        "$CSG[10863]",
        "$CSG[10504]",
        "$CSG[10864]",
        "$CSG[10505]",
        "$CSG[10865]",
        "$CSG[10466..10497]",
        "$CSG[10710]",
        "$CSG[10715]",
        "$CSG[10720]",
        "$CSG[10725]",
        "$CSG[10730]",
        "$CSG[10735]",
        "$CSG[10740]",
        "$CSG[10745]",
        "$CSG[10711]",
        "$CSG[10716]",
        "$CSG[10721]",
        "$CSG[10726]",
        "$CSG[10731]",
        "$CSG[10736]",
        "$CSG[10741]",
        "$CSG[10746]",
        "$CSG[10712]",
        "$CSG[10717]",
        "$CSG[10722]",
        "$CSG[10727]",
        "$CSG[10732]",
        "$CSG[10737]",
        "$CSG[10742]",
        "$CSG[10747]",
        "$CSG[10713]",
        "$CSG[10718]",
        "$CSG[10723]",
        "$CSG[10728]",
        "$CSG[10733]",
        "$CSG[10738]",
        "$CSG[10743]",
        "$CSG[10748]",
        "$CSG[10714]",
        "$CSG[10719]",
        "$CSG[10724]",
        "$CSG[10729]",
        "$CSG[10734]",
        "$CSG[10739]",
        "$CSG[10744]",
        "$CSG[10749]",
        "$CSG[10506]",
        "$CSG[10750..10752]",
        "$CSG[10507]",
        "$CSG[10753..10755]",
        "$CSG[10508]",
        "$CSG[10756..10758]",
        "$CSG[10509]",
        "$CSG[10759..10761]",
        "$CSG[10510]",
        "$CSG[10762..10764]",
        "$CSG[10511]",
        "$CSG[10765..10767]",
        "$CSG[10512]",
        "$CSG[10768..10770]",
        "$CSG[10513]",
        "$CSG[10771..10773]",
        "$CSG[10514]",
        "$CSG[10774..10776]",
        "$CSG[10515]",
        "$CSG[10777..10779]",
        "$CSG[10516]",
        "$CSG[10780..10782]",
        "$CSG[10517]",
        "$CSG[10783..10785]",
        "$CSG[10518]",
        "$CSG[10786..10788]",
        "$CSG[10519]",
        "$CSG[10789..10791]",
        "$CSG[10520]",
        "$CSG[10792..10794]",
        "$CSG[10521]",
        "$CSG[10795..10797]",
        "$CSG[10842..10857]",
        "$CSG[10606..10685]",
        "$CSG[10798]",
        "$CSG[10801]",
        "$CSG[10804]",
        "$CSG[10807]",
        "$CSG[10799]",
        "$CSG[10802]",
        "$CSG[10805]",
        "$CSG[10808]",
        "$CSG[10800]",
        "$CSG[10803]",
        "$CSG[10806]",
        "$CSG[10809]",
        "$CSG[10866..10881]",
        "$CSG[10882]",
        "$CSG[10890]",
        "$CSG[10898]",
        "$CSG[10906]",
        "$CSG[10886]",
        "$CSG[10894]",
        "$CSG[10902]",
        "$CSG[10910]",
        "$CSG[10883]",
        "$CSG[10970..10972]",
        "$CSG[10891]",
        "$CSG[10973..10975]",
        "$CSG[10899]",
        "$CSG[10976..10978]",
        "$CSG[10907]",
        "$CSG[10979..10981]",
        "$CSG[10887]",
        "$CSG[10982..10984]",
        "$CSG[10895]",
        "$CSG[10985..10987]",
        "$CSG[10903]",
        "$CSG[10988..10990]",
        "$CSG[10911]",
        "$CSG[10991..10993]",
        "$CSG[10884]",
        "$CSG[11266]",
        "$CSG[10892]",
        "$CSG[11267]",
        "$CSG[10900]",
        "$CSG[11268]",
        "$CSG[10908]",
        "$CSG[11269]",
        "$CSG[10888]",
        "$CSG[11282]",
        "$CSG[10896]",
        "$CSG[11283]",
        "$CSG[10904]",
        "$CSG[11284]",
        "$CSG[10912]",
        "$CSG[11285]",
        "$CSG[10885]",
        "$CSG[11134..11136]",
        "$CSG[10893]",
        "$CSG[11137..11139]",
        "$CSG[10901]",
        "$CSG[11140..11142]",
        "$CSG[10909]",
        "$CSG[11143..11145]",
        "$CSG[10889]",
        "$CSG[11146..11148]",
        "$CSG[10897]",
        "$CSG[11149..11151]",
        "$CSG[10905]",
        "$CSG[11152..11154]",
        "$CSG[10913]",
        "$CSG[11155..11157]",
        "$CSG[10994..10997]",
        "$CSG[11026..11029]",
        "$CSG[10998]",
        "$CSG[10999]",
        "$CSG[11000]",
        "$CSG[11001]",
        "$CSG[11030]",
        "$CSG[11031]",
        "$CSG[11032]",
        "$CSG[11033]",
        "$CSG[11002..11005]",
        "$CSG[11034..11037]",
        "$CSG[11006..11009]",
        "$CSG[11038..11041]",
        "$CSG[11010..11013]",
        "$CSG[11042..11045]",
        "$CSG[11014..11017]",
        "$CSG[11046..11049]",
        "$CSG[11018..11021]",
        "$CSG[11050..11053]",
        "$CSG[11022..11025]",
        "$CSG[11258..11261]",
        "$CSG[11274..11277]",
        "$CSG[11262..11265]",
        "$CSG[11278..11281]",
        "$CSG[11270..11273]",
        "$CSG[11286..11289]",
        "$CSG[10946]",
        "$CSG[11306]",
        "$CSG[10947]",
        "$CSG[11307]",
        "$CSG[10948]",
        "$CSG[11308]",
        "$CSG[10949]",
        "$CSG[11309]",
        "$CSG[10950]",
        "$CSG[11310]",
        "$CSG[10951]",
        "$CSG[11311]",
        "$CSG[10952]",
        "$CSG[11312]",
        "$CSG[10953]",
        "$CSG[11313]",
        "$CSG[10914..10945]",
        "$CSG[11158]",
        "$CSG[11163]",
        "$CSG[11168]",
        "$CSG[11173]",
        "$CSG[11178]",
        "$CSG[11183]",
        "$CSG[11188]",
        "$CSG[11193]",
        "$CSG[11159]",
        "$CSG[11164]",
        "$CSG[11169]",
        "$CSG[11174]",
        "$CSG[11179]",
        "$CSG[11184]",
        "$CSG[11189]",
        "$CSG[11194]",
        "$CSG[11160]",
        "$CSG[11165]",
        "$CSG[11170]",
        "$CSG[11175]",
        "$CSG[11180]",
        "$CSG[11185]",
        "$CSG[11190]",
        "$CSG[11195]",
        "$CSG[11161]",
        "$CSG[11166]",
        "$CSG[11171]",
        "$CSG[11176]",
        "$CSG[11181]",
        "$CSG[11186]",
        "$CSG[11191]",
        "$CSG[11196]",
        "$CSG[11162]",
        "$CSG[11167]",
        "$CSG[11172]",
        "$CSG[11177]",
        "$CSG[11182]",
        "$CSG[11187]",
        "$CSG[11192]",
        "$CSG[11197]",
        "$CSG[10954]",
        "$CSG[11198..11200]",
        "$CSG[10955]",
        "$CSG[11201..11203]",
        "$CSG[10956]",
        "$CSG[11204..11206]",
        "$CSG[10957]",
        "$CSG[11207..11209]",
        "$CSG[10958]",
        "$CSG[11210..11212]",
        "$CSG[10959]",
        "$CSG[11213..11215]",
        "$CSG[10960]",
        "$CSG[11216..11218]",
        "$CSG[10961]",
        "$CSG[11219..11221]",
        "$CSG[10962]",
        "$CSG[11222..11224]",
        "$CSG[10963]",
        "$CSG[11225..11227]",
        "$CSG[10964]",
        "$CSG[11228..11230]",
        "$CSG[10965]",
        "$CSG[11231..11233]",
        "$CSG[10966]",
        "$CSG[11234..11236]",
        "$CSG[10967]",
        "$CSG[11237..11239]",
        "$CSG[10968]",
        "$CSG[11240..11242]",
        "$CSG[10969]",
        "$CSG[11243..11245]",
        "$CSG[11290..11305]",
        "$CSG[11054..11133]",
        "$CSG[11246]",
        "$CSG[11249]",
        "$CSG[11252]",
        "$CSG[11255]",
        "$CSG[11247]",
        "$CSG[11250]",
        "$CSG[11253]",
        "$CSG[11256]",
        "$CSG[11248]",
        "$CSG[11251]",
        "$CSG[11254]",
        "$CSG[11257]",
        "$CSG[11314..11329]",
        "$CSG[11330]",
        "$CSG[11338]",
        "$CSG[11346]",
        "$CSG[11354]",
        "$CSG[11334]",
        "$CSG[11342]",
        "$CSG[11350]",
        "$CSG[11358]",
        "$CSG[11331]",
        "$CSG[11418..11420]",
        "$CSG[11339]",
        "$CSG[11421..11423]",
        "$CSG[11347]",
        "$CSG[11424..11426]",
        "$CSG[11355]",
        "$CSG[11427..11429]",
        "$CSG[11335]",
        "$CSG[11430..11432]",
        "$CSG[11343]",
        "$CSG[11433..11435]",
        "$CSG[11351]",
        "$CSG[11436..11438]",
        "$CSG[11359]",
        "$CSG[11439..11441]",
        "$CSG[11332]",
        "$CSG[11714]",
        "$CSG[11340]",
        "$CSG[11715]",
        "$CSG[11348]",
        "$CSG[11716]",
        "$CSG[11356]",
        "$CSG[11717]",
        "$CSG[11336]",
        "$CSG[11730]",
        "$CSG[11344]",
        "$CSG[11731]",
        "$CSG[11352]",
        "$CSG[11732]",
        "$CSG[11360]",
        "$CSG[11733]",
        "$CSG[11333]",
        "$CSG[11582..11584]",
        "$CSG[11341]",
        "$CSG[11585..11587]",
        "$CSG[11349]",
        "$CSG[11588..11590]",
        "$CSG[11357]",
        "$CSG[11591..11593]",
        "$CSG[11337]",
        "$CSG[11594..11596]",
        "$CSG[11345]",
        "$CSG[11597..11599]",
        "$CSG[11353]",
        "$CSG[11600..11602]",
        "$CSG[11361]",
        "$CSG[11603..11605]",
        "$CSG[11442..11445]",
        "$CSG[11474..11477]",
        "$CSG[11446]",
        "$CSG[11447]",
        "$CSG[11448]",
        "$CSG[11449]",
        "$CSG[11478]",
        "$CSG[11479]",
        "$CSG[11480]",
        "$CSG[11481]",
        "$CSG[11450..11453]",
        "$CSG[11482..11485]",
        "$CSG[11454..11457]",
        "$CSG[11486..11489]",
        "$CSG[11458..11461]",
        "$CSG[11490..11493]",
        "$CSG[11462..11465]",
        "$CSG[11494..11497]",
        "$CSG[11466..11469]",
        "$CSG[11498..11501]",
        "$CSG[11470..11473]",
        "$CSG[11706..11709]",
        "$CSG[11722..11725]",
        "$CSG[11710..11713]",
        "$CSG[11726..11729]",
        "$CSG[11718..11721]",
        "$CSG[11734..11737]",
        "$CSG[11394]",
        "$CSG[11754]",
        "$CSG[11395]",
        "$CSG[11755]",
        "$CSG[11396]",
        "$CSG[11756]",
        "$CSG[11397]",
        "$CSG[11757]",
        "$CSG[11398]",
        "$CSG[11758]",
        "$CSG[11399]",
        "$CSG[11759]",
        "$CSG[11400]",
        "$CSG[11760]",
        "$CSG[11401]",
        "$CSG[11761]",
        "$CSG[11362..11393]",
        "$CSG[11606]",
        "$CSG[11611]",
        "$CSG[11616]",
        "$CSG[11621]",
        "$CSG[11626]",
        "$CSG[11631]",
        "$CSG[11636]",
        "$CSG[11641]",
        "$CSG[11607]",
        "$CSG[11612]",
        "$CSG[11617]",
        "$CSG[11622]",
        "$CSG[11627]",
        "$CSG[11632]",
        "$CSG[11637]",
        "$CSG[11642]",
        "$CSG[11608]",
        "$CSG[11613]",
        "$CSG[11618]",
        "$CSG[11623]",
        "$CSG[11628]",
        "$CSG[11633]",
        "$CSG[11638]",
        "$CSG[11643]",
        "$CSG[11609]",
        "$CSG[11614]",
        "$CSG[11619]",
        "$CSG[11624]",
        "$CSG[11629]",
        "$CSG[11634]",
        "$CSG[11639]",
        "$CSG[11644]",
        "$CSG[11610]",
        "$CSG[11615]",
        "$CSG[11620]",
        "$CSG[11625]",
        "$CSG[11630]",
        "$CSG[11635]",
        "$CSG[11640]",
        "$CSG[11645]",
        "$CSG[11402]",
        "$CSG[11646..11648]",
        "$CSG[11403]",
        "$CSG[11649..11651]",
        "$CSG[11404]",
        "$CSG[11652..11654]",
        "$CSG[11405]",
        "$CSG[11655..11657]",
        "$CSG[11406]",
        "$CSG[11658..11660]",
        "$CSG[11407]",
        "$CSG[11661..11663]",
        "$CSG[11408]",
        "$CSG[11664..11666]",
        "$CSG[11409]",
        "$CSG[11667..11669]",
        "$CSG[11410]",
        "$CSG[11670..11672]",
        "$CSG[11411]",
        "$CSG[11673..11675]",
        "$CSG[11412]",
        "$CSG[11676..11678]",
        "$CSG[11413]",
        "$CSG[11679..11681]",
        "$CSG[11414]",
        "$CSG[11682..11684]",
        "$CSG[11415]",
        "$CSG[11685..11687]",
        "$CSG[11416]",
        "$CSG[11688..11690]",
        "$CSG[11417]",
        "$CSG[11691..11693]",
        "$CSG[11738..11753]",
        "$CSG[11502..11581]",
        "$CSG[11694]",
        "$CSG[11697]",
        "$CSG[11700]",
        "$CSG[11703]",
        "$CSG[11695]",
        "$CSG[11698]",
        "$CSG[11701]",
        "$CSG[11704]",
        "$CSG[11696]",
        "$CSG[11699]",
        "$CSG[11702]",
        "$CSG[11705]",
        "$CSG[13106..13121]",
        "$CSG[13122]",
        "$CSG[13130]",
        "$CSG[13138]",
        "$CSG[13146]",
        "$CSG[13126]",
        "$CSG[13134]",
        "$CSG[13142]",
        "$CSG[13150]",
        "$CSG[13123]",
        "$CSG[13210..13212]",
        "$CSG[13131]",
        "$CSG[13213..13215]",
        "$CSG[13139]",
        "$CSG[13216..13218]",
        "$CSG[13147]",
        "$CSG[13219..13221]",
        "$CSG[13127]",
        "$CSG[13222..13224]",
        "$CSG[13135]",
        "$CSG[13225..13227]",
        "$CSG[13143]",
        "$CSG[13228..13230]",
        "$CSG[13151]",
        "$CSG[13231..13233]",
        "$CSG[13124]",
        "$CSG[13498]",
        "$CSG[13132]",
        "$CSG[13499]",
        "$CSG[13140]",
        "$CSG[13500]",
        "$CSG[13148]",
        "$CSG[13501]",
        "$CSG[13128]",
        "$CSG[13510]",
        "$CSG[13136]",
        "$CSG[13511]",
        "$CSG[13144]",
        "$CSG[13512]",
        "$CSG[13152]",
        "$CSG[13513]",
        "$CSG[13125]",
        "$CSG[13374..13376]",
        "$CSG[13133]",
        "$CSG[13377..13379]",
        "$CSG[13141]",
        "$CSG[13380..13382]",
        "$CSG[13149]",
        "$CSG[13383..13385]",
        "$CSG[13129]",
        "$CSG[13386..13388]",
        "$CSG[13137]",
        "$CSG[13389..13391]",
        "$CSG[13145]",
        "$CSG[13392..13394]",
        "$CSG[13153]",
        "$CSG[13395..13397]",
        "$CSG[13234..13237]",
        "$CSG[13266..13269]",
        "$CSG[13238]",
        "$CSG[13239]",
        "$CSG[13240]",
        "$CSG[13241]",
        "$CSG[13270]",
        "$CSG[13271]",
        "$CSG[13272]",
        "$CSG[13273]",
        "$CSG[13242..13245]",
        "$CSG[13274..13277]",
        "$CSG[13246..13249]",
        "$CSG[13278..13281]",
        "$CSG[13250..13253]",
        "$CSG[13282..13285]",
        "$CSG[13254..13257]",
        "$CSG[13286..13289]",
        "$CSG[13258..13261]",
        "$CSG[13290..13293]",
        "$CSG[13262..13265]",
        "$CSG[13486..13489]",
        "$CSG[13502..13505]",
        "$CSG[13490..13493]",
        "$CSG[13506..13509]",
        "$CSG[13498..13501]",
        "$CSG[13514..13517]",
        "$CSG[13186]",
        "$CSG[13534]",
        "$CSG[13187]",
        "$CSG[13535]",
        "$CSG[13188]",
        "$CSG[13536]",
        "$CSG[13189]",
        "$CSG[13537]",
        "$CSG[13190]",
        "$CSG[13538]",
        "$CSG[13191]",
        "$CSG[13539]",
        "$CSG[13192]",
        "$CSG[13540]",
        "$CSG[13193]",
        "$CSG[13541]",
        "$CSG[13154..13185]",
        "$CSG[13398]",
        "$CSG[13403]",
        "$CSG[13408]",
        "$CSG[13413]",
        "$CSG[13418]",
        "$CSG[13423]",
        "$CSG[13428]",
        "$CSG[13433]",
        "$CSG[13399]",
        "$CSG[13404]",
        "$CSG[13409]",
        "$CSG[13414]",
        "$CSG[13419]",
        "$CSG[13424]",
        "$CSG[13429]",
        "$CSG[13434]",
        "$CSG[13400]",
        "$CSG[13405]",
        "$CSG[13410]",
        "$CSG[13415]",
        "$CSG[13420]",
        "$CSG[13425]",
        "$CSG[13430]",
        "$CSG[13435]",
        "$CSG[13401]",
        "$CSG[13406]",
        "$CSG[13411]",
        "$CSG[13416]",
        "$CSG[13421]",
        "$CSG[13426]",
        "$CSG[13431]",
        "$CSG[13436]",
        "$CSG[13402]",
        "$CSG[13407]",
        "$CSG[13412]",
        "$CSG[13417]",
        "$CSG[13422]",
        "$CSG[13427]",
        "$CSG[13432]",
        "$CSG[13437]",
        "$CSG[13194]",
        "$CSG[13438..13440]",
        "$CSG[13195]",
        "$CSG[13441..13443]",
        "$CSG[13196]",
        "$CSG[13444..13446]",
        "$CSG[13197]",
        "$CSG[13447..13449]",
        "$CSG[13198]",
        "$CSG[13450..13452]",
        "$CSG[13199]",
        "$CSG[13453..13455]",
        "$CSG[13200]",
        "$CSG[13456..13458]",
        "$CSG[13201]",
        "$CSG[13459..13461]",
        "$CSG[13202]",
        "$CSG[13462..13464]",
        "$CSG[13203]",
        "$CSG[13465..13467]",
        "$CSG[13204]",
        "$CSG[13468..13470]",
        "$CSG[13205]",
        "$CSG[13471..13473]",
        "$CSG[13206]",
        "$CSG[13474..13476]",
        "$CSG[13207]",
        "$CSG[13477..13479]",
        "$CSG[13208]",
        "$CSG[13480..13482]",
        "$CSG[13209]",
        "$CSG[13483..13485]",
        "$CSG[13518..13533]",
        "$CSG[13294..13373]"
    ],
    "strings": {
        "name": {
            "en-GB": "Stand-up Twister Trains",
            "fr-FR": "Montagnes tornado debout",
            "de-DE": "Steh-Twister-Züge",
            "es-ES": "Montaña Rusa En Pie Tornado",
            "it-IT": "Serpentone in pos..eretta",
            "nl-NL": "Staande twistertrein",
            "sv-SE": "Stående skruvbanevagnar",
            "ko-KR": "스탠드 업 트위스터 열차",
            "zh-CN": "站立式旋转过山车",
            "zh-TW": "站立式旋轉飛車",
            "pt-BR": "Trens Tornado em Pé",
            "cs-CZ": "Zakroucená horská dráha \"na stojáka\"",
            "ja-JP": "立ち乗り・ツイスター・コースター",
            "pl-PL": "Kolejka stojąca",
            "ru-RU": "Стоячие горки",
            "eo-ZZ": "Stariĝantaj Tvisto-Trajnoj",
            "ca-ES": "Trens Tornado a peu dret",
            "fi-FI": "Seisomakiehkuravaunut"
        },
        "description": {
            "en-GB": "A train with shoulder restraints, in which the riders stand up",
            "fr-FR": "Les passagers suivent un parcours jalonné de pentes régulières et de multiples inversions, debout dans de grands trains disposant de protections spéciales",
            "de-DE": "Ein Zug mit Schulterhalterungen; die Fahrgäste stehen",
            "es-ES": "Los pasajeros permanecen de pie en unos vagones con sujeciones especiales atravesando caídas y múltiples inversiones",
            "it-IT": "I passeggeri si muovono stando in posizione eretta sopra grandi treni da ottovolante forniti di speciali misure di sicurezza, percorrendo lunghe discese e subendo numerose inversioni consecutive",
            "nl-NL": "Brede achtbaantrein met speciaal ontworpen beugels waarin de passagiers moeten staan.",
            "sv-SE": "Vagnar med axelbyglar, där passagerarna åker stående",
            "ko-KR": "탑승자들이 선 자세로 낙하와 여러 특수 트랙을 즐길 수 있도록 특수하게 디자인된 안전바가 있는 넓은 롤러코스터 차량",
            "zh-CN": "乘客搭乘在站立式的列车内以特殊设计的安全装置以确保在疾迅下坠及穿过多样式反转轨道时的安全",
            "zh-TW": "乘客搭乘在站立式的列車內以特殊設計的安全裝置以確保在疾迅下墜及穿過多樣式反轉軌道時的安全",
            "pt-BR": "Um trem com travas de ombro, onde passageiros passeiam em pé",
            "cs-CZ": "Návštěvníci jedou ve stoje ve vozech vybavenými ramenními opěrkami",
            "ja-JP": "特殊な安全装置の付いた幅広の立ち乗りコースターで、スムーズな降下や複数の反転のあるコースを疾走します",
            "pl-PL": "Pasażerowie jadą w pozycji stojącej w szerokich wagonikach ze specjalnie zaprojektowanymi zabezpieczeniami, pokonując gładkie spadki i liczne ostre zakręty",
            "ru-RU": "Посетители едут стоя в широких поездах в специальных креплениях.",
            "eo-ZZ": "Trajno kun ŝultrobridoj, en kiuj la rajdantoj stariĝas",
            "ca-ES": "Un tren amb subjecció per l’espatlla en la qual els passatgers van drets.",
            "fi-FI": "Seisoma-asennossa matkustettavat vaunut olkaturvakaiteilla"
        },
        "capacity": {
            "en-GB": "4 passengers per car",
            "fr-FR": "4 passagers par voiture",
            "de-DE": "4 Fahrgäste pro Wagen",
            "es-ES": "4 pasajeros por vagón",
            "it-IT": "4 passeggeri a carrozza",
            "nl-NL": "4 passagiers per karretje",
            "sv-SE": "4 passagerare per vagn",
            "ko-KR": "차량당 4명의 승객",
            "zh-CN": "4位乘客/车",
            "zh-TW": "4 位乘客/每個車廂",
            "pt-BR": "4 passageiros por vagão",
            "cs-CZ": "4 místa v každém voze",
            "ja-JP": "各車両4名",
            "pl-PL": "4 pasażerów na wagonik",
            "ru-RU": "4 пассажира",
            "eo-ZZ": "Po 4 pasaĝeroj por ĉaro",
            "ca-ES": "4 passatgers per cotxe",
            "fi-FI": "4 matkustajaa per vaunu"
        }
    },
    "noCsgImages": [
        {
            "path": "images/preview.png",
            "format": "raw"
        },
        "",
        "",
        "$RCT2:OBJDATA/BMSU.DAT[3]",
        "$RCT2:OBJDATA/BMSU.DAT[5]",
        "$RCT2:OBJDATA/BMSU.DAT[7]",
        "$RCT2:OBJDATA/BMSU.DAT[9]",
        "$RCT2:OBJDATA/BMSU.DAT[11]",
        "$RCT2:OBJDATA/BMSU.DAT[13]",
        "$RCT2:OBJDATA/BMSU.DAT[15]",
        "$RCT2:OBJDATA/BMSU.DAT[17]",
        "$RCT2:OBJDATA/BMSU.DAT[19]",
        "$RCT2:OBJDATA/BMSU.DAT[21]",
        "$RCT2:OBJDATA/BMSU.DAT[23]",
        "$RCT2:OBJDATA/BMSU.DAT[25]",
        "$RCT2:OBJDATA/BMSU.DAT[27]",
        "$RCT2:OBJDATA/BMSU.DAT[29]",
        "$RCT2:OBJDATA/BMSU.DAT[31]",
        "$RCT2:OBJDATA/BMSU.DAT[33]",
        "$RCT2:OBJDATA/BMSU.DAT[35..43]",
        "$RCT2:OBJDATA/BMSU.DAT[45]",
        "$RCT2:OBJDATA/BMSU.DAT[47]",
        "$RCT2:OBJDATA/BMSU.DAT[49]",
        "$RCT2:OBJDATA/BMSU.DAT[51]",
        "$RCT2:OBJDATA/BMSU.DAT[53]",
        "$RCT2:OBJDATA/BMSU.DAT[55]",
        "$RCT2:OBJDATA/BMSU.DAT[57]",
        "$RCT2:OBJDATA/BMSU.DAT[59]",
        "$RCT2:OBJDATA/BMSU.DAT[61]",
        "$RCT2:OBJDATA/BMSU.DAT[63]",
        "$RCT2:OBJDATA/BMSU.DAT[65]",
        "$RCT2:OBJDATA/BMSU.DAT[67]",
        "$RCT2:OBJDATA/BMSU.DAT[69]",
        "$RCT2:OBJDATA/BMSU.DAT[71]",
        "$RCT2:OBJDATA/BMSU.DAT[73]",
        "$RCT2:OBJDATA/BMSU.DAT[75]",
        "$RCT2:OBJDATA/BMSU.DAT[77]",
        "$RCT2:OBJDATA/BMSU.DAT[79]",
        "$RCT2:OBJDATA/BMSU.DAT[81]",
        "$RCT2:OBJDATA/BMSU.DAT[83]",
        "$RCT2:OBJDATA/BMSU.DAT[85]",
        "$RCT2:OBJDATA/BMSU.DAT[87]",
        "$RCT2:OBJDATA/BMSU.DAT[89]",
        "$RCT2:OBJDATA/BMSU.DAT[91]",
        "$RCT2:OBJDATA/BMSU.DAT[93]",
        "$RCT2:OBJDATA/BMSU.DAT[95]",
        "$RCT2:OBJDATA/BMSU.DAT[97]",
        "$RCT2:OBJDATA/BMSU.DAT[99]",
        "$RCT2:OBJDATA/BMSU.DAT[101]",
        "$RCT2:OBJDATA/BMSU.DAT[103]",
        "$RCT2:OBJDATA/BMSU.DAT[105]",
        "$RCT2:OBJDATA/BMSU.DAT[107..123]",
        "$RCT2:OBJDATA/BMSU.DAT[125]",
        "$RCT2:OBJDATA/BMSU.DAT[127]",
        "$RCT2:OBJDATA/BMSU.DAT[129]",
        "$RCT2:OBJDATA/BMSU.DAT[131]",
        "$RCT2:OBJDATA/BMSU.DAT[133]",
        "$RCT2:OBJDATA/BMSU.DAT[135]",
        "$RCT2:OBJDATA/BMSU.DAT[137]",
        "$RCT2:OBJDATA/BMSU.DAT[139]",
        "$RCT2:OBJDATA/BMSU.DAT[141]",
        "$RCT2:OBJDATA/BMSU.DAT[143]",
        "$RCT2:OBJDATA/BMSU.DAT[145]",
        "$RCT2:OBJDATA/BMSU.DAT[147]",
        "$RCT2:OBJDATA/BMSU.DAT[149]",
        "$RCT2:OBJDATA/BMSU.DAT[151]",
        "$RCT2:OBJDATA/BMSU.DAT[153]",
        "$RCT2:OBJDATA/BMSU.DAT[155]",
        "$RCT2:OBJDATA/BMSU.DAT[157]",
        "$RCT2:OBJDATA/BMSU.DAT[159]",
        "$RCT2:OBJDATA/BMSU.DAT[161]",
        "$RCT2:OBJDATA/BMSU.DAT[163]",
        "$RCT2:OBJDATA/BMSU.DAT[165]",
        "$RCT2:OBJDATA/BMSU.DAT[167]",
        "$RCT2:OBJDATA/BMSU.DAT[169]",
        "$RCT2:OBJDATA/BMSU.DAT[171]",
        "$RCT2:OBJDATA/BMSU.DAT[173]",
        "$RCT2:OBJDATA/BMSU.DAT[175]",
        "$RCT2:OBJDATA/BMSU.DAT[177]",
        "$RCT2:OBJDATA/BMSU.DAT[179]",
        "$RCT2:OBJDATA/BMSU.DAT[181]",
        "$RCT2:OBJDATA/BMSU.DAT[183]",
        "$RCT2:OBJDATA/BMSU.DAT[185]",
        "$RCT2:OBJDATA/BMSU.DAT[187..195]",
        "$RCT2:OBJDATA/BMSU.DAT[203]",
        "$RCT2:OBJDATA/BMSU.DAT[211]",
        "$RCT2:OBJDATA/BMSU.DAT[219]",
        "$RCT2:OBJDATA/BMSU.DAT[227]",
        "$RCT2:OBJDATA/BMSU.DAT[235]",
        "$RCT2:OBJDATA/BMSU.DAT[243]",
        "$RCT2:OBJDATA/BMSU.DAT[251]",
        "$RCT2:OBJDATA/BMSU.DAT[259..343]",
        "$RCT2:OBJDATA/BMSU.DAT[345]",
        "$RCT2:OBJDATA/BMSU.DAT[347]",
        "$RCT2:OBJDATA/BMSU.DAT[349]",
        "$RCT2:OBJDATA/BMSU.DAT[351]",
        "$RCT2:OBJDATA/BMSU.DAT[353]",
        "$RCT2:OBJDATA/BMSU.DAT[355]",
        "$RCT2:OBJDATA/BMSU.DAT[357]",
        "$RCT2:OBJDATA/BMSU.DAT[359]",
        "$RCT2:OBJDATA/BMSU.DAT[361]",
        "$RCT2:OBJDATA/BMSU.DAT[363]",
        "$RCT2:OBJDATA/BMSU.DAT[365]",
        "$RCT2:OBJDATA/BMSU.DAT[367]",
        "$RCT2:OBJDATA/BMSU.DAT[369]",
        "$RCT2:OBJDATA/BMSU.DAT[371]",
        "$RCT2:OBJDATA/BMSU.DAT[373]",
        "$RCT2:OBJDATA/BMSU.DAT[375]",
        "$RCT2:OBJDATA/BMSU.DAT[377]",
        "$RCT2:OBJDATA/BMSU.DAT[379]",
        "$RCT2:OBJDATA/BMSU.DAT[381]",
        "$RCT2:OBJDATA/BMSU.DAT[383]",
        "$RCT2:OBJDATA/BMSU.DAT[385]",
        "$RCT2:OBJDATA/BMSU.DAT[387]",
        "$RCT2:OBJDATA/BMSU.DAT[389]",
        "$RCT2:OBJDATA/BMSU.DAT[391]",
        "$RCT2:OBJDATA/BMSU.DAT[393]",
        "$RCT2:OBJDATA/BMSU.DAT[395]",
        "$RCT2:OBJDATA/BMSU.DAT[397]",
        "$RCT2:OBJDATA/BMSU.DAT[399]",
        "$RCT2:OBJDATA/BMSU.DAT[401]",
        "$RCT2:OBJDATA/BMSU.DAT[403]",
        "$RCT2:OBJDATA/BMSU.DAT[405]",
        "$RCT2:OBJDATA/BMSU.DAT[407..447]",
        "$RCT2:OBJDATA/BMSU.DAT[449]",
        "$RCT2:OBJDATA/BMSU.DAT[451]",
        "$RCT2:OBJDATA/BMSU.DAT[453]",
        "$RCT2:OBJDATA/BMSU.DAT[455]",
        "$RCT2:OBJDATA/BMSU.DAT[457]",
        "$RCT2:OBJDATA/BMSU.DAT[459]",
        "$RCT2:OBJDATA/BMSU.DAT[461]",
        "$RCT2:OBJDATA/BMSU.DAT[463]",
        "$RCT2:OBJDATA/BMSU.DAT[465]",
        "$RCT2:OBJDATA/BMSU.DAT[467]",
        "$RCT2:OBJDATA/BMSU.DAT[469]",
        "$RCT2:OBJDATA/BMSU.DAT[471]",
        "$RCT2:OBJDATA/BMSU.DAT[473]",
        "$RCT2:OBJDATA/BMSU.DAT[475]",
        "$RCT2:OBJDATA/BMSU.DAT[477]",
        "$RCT2:OBJDATA/BMSU.DAT[479]",
        "$RCT2:OBJDATA/BMSU.DAT[481]",
        "$RCT2:OBJDATA/BMSU.DAT[483]",
        "$RCT2:OBJDATA/BMSU.DAT[485]",
        "$RCT2:OBJDATA/BMSU.DAT[487]",
        "$RCT2:OBJDATA/BMSU.DAT[489]",
        "$RCT2:OBJDATA/BMSU.DAT[491]",
        "$RCT2:OBJDATA/BMSU.DAT[493]",
        "$RCT2:OBJDATA/BMSU.DAT[495]",
        "$RCT2:OBJDATA/BMSU.DAT[497]",
        "$RCT2:OBJDATA/BMSU.DAT[499]",
        "$RCT2:OBJDATA/BMSU.DAT[501]",
        "$RCT2:OBJDATA/BMSU.DAT[503]",
        "$RCT2:OBJDATA/BMSU.DAT[505]",
        "$RCT2:OBJDATA/BMSU.DAT[507]",
        "$RCT2:OBJDATA/BMSU.DAT[509]",
        "$RCT2:OBJDATA/BMSU.DAT[511]",
        "$RCT2:OBJDATA/BMSU.DAT[513]",
        "$RCT2:OBJDATA/BMSU.DAT[515]",
        "$RCT2:OBJDATA/BMSU.DAT[517]",
        "$RCT2:OBJDATA/BMSU.DAT[519]",
        "$RCT2:OBJDATA/BMSU.DAT[521]",
        "$RCT2:OBJDATA/BMSU.DAT[523]",
        "$RCT2:OBJDATA/BMSU.DAT[525]",
        "$RCT2:OBJDATA/BMSU.DAT[527]",
        "$RCT2:OBJDATA/BMSU.DAT[529]",
        "$RCT2:OBJDATA/BMSU.DAT[531]",
        "$RCT2:OBJDATA/BMSU.DAT[533]",
        "$RCT2:OBJDATA/BMSU.DAT[535]",
        "$RCT2:OBJDATA/BMSU.DAT[537]",
        "$RCT2:OBJDATA/BMSU.DAT[539]",
        "$RCT2:OBJDATA/BMSU.DAT[541]",
        "$RCT2:OBJDATA/BMSU.DAT[543]",
        "$RCT2:OBJDATA/BMSU.DAT[545]",
        "$RCT2:OBJDATA/BMSU.DAT[547]",
        "$RCT2:OBJDATA/BMSU.DAT[549]",
        "$RCT2:OBJDATA/BMSU.DAT[551]",
        "$RCT2:OBJDATA/BMSU.DAT[553]",
        "$RCT2:OBJDATA/BMSU.DAT[555]",
        "$RCT2:OBJDATA/BMSU.DAT[557]",
        "$RCT2:OBJDATA/BMSU.DAT[559]",
        "$RCT2:OBJDATA/BMSU.DAT[561]",
        "$RCT2:OBJDATA/BMSU.DAT[563]",
        "$RCT2:OBJDATA/BMSU.DAT[565]",
        "$RCT2:OBJDATA/BMSU.DAT[567]",
        "$RCT2:OBJDATA/BMSU.DAT[569]",
        "$RCT2:OBJDATA/BMSU.DAT[571]",
        "$RCT2:OBJDATA/BMSU.DAT[573]",
        "$RCT2:OBJDATA/BMSU.DAT[575..590]",
        "$RCT2:OBJDATA/BMSU.DAT[751..843]",
        "$RCT2:OBJDATA/BMSU.DAT[845]",
        "$RCT2:OBJDATA/BMSU.DAT[847]",
        "$RCT2:OBJDATA/BMSU.DAT[849]",
        "$RCT2:OBJDATA/BMSU.DAT[851]",
        "$RCT2:OBJDATA/BMSU.DAT[853]",
        "$RCT2:OBJDATA/BMSU.DAT[855]",
        "$RCT2:OBJDATA/BMSU.DAT[857]",
        "$RCT2:OBJDATA/BMSU.DAT[859]",
        "$RCT2:OBJDATA/BMSU.DAT[861]",
        "$RCT2:OBJDATA/BMSU.DAT[863]",
        "$RCT2:OBJDATA/BMSU.DAT[865]",
        "$RCT2:OBJDATA/BMSU.DAT[867]",
        "$RCT2:OBJDATA/BMSU.DAT[869]",
        "$RCT2:OBJDATA/BMSU.DAT[871]",
        "$RCT2:OBJDATA/BMSU.DAT[873]",
        "$RCT2:OBJDATA/BMSU.DAT[875..883]",
        "$RCT2:OBJDATA/BMSU.DAT[885]",
        "$RCT2:OBJDATA/BMSU.DAT[887]",
        "$RCT2:OBJDATA/BMSU.DAT[889]",
        "$RCT2:OBJDATA/BMSU.DAT[891]",
        "$RCT2:OBJDATA/BMSU.DAT[893]",
        "$RCT2:OBJDATA/BMSU.DAT[895]",
        "$RCT2:OBJDATA/BMSU.DAT[897]",
        "$RCT2:OBJDATA/BMSU.DAT[899]",
        "$RCT2:OBJDATA/BMSU.DAT[901]",
        "$RCT2:OBJDATA/BMSU.DAT[903]",
        "$RCT2:OBJDATA/BMSU.DAT[905]",
        "$RCT2:OBJDATA/BMSU.DAT[907]",
        "$RCT2:OBJDATA/BMSU.DAT[909]",
        "$RCT2:OBJDATA/BMSU.DAT[911]",
        "$RCT2:OBJDATA/BMSU.DAT[913]",
        "$RCT2:OBJDATA/BMSU.DAT[915]",
        "$RCT2:OBJDATA/BMSU.DAT[917]",
        "$RCT2:OBJDATA/BMSU.DAT[919]",
        "$RCT2:OBJDATA/BMSU.DAT[921]",
        "$RCT2:OBJDATA/BMSU.DAT[923]",
        "$RCT2:OBJDATA/BMSU.DAT[925]",
        "$RCT2:OBJDATA/BMSU.DAT[927]",
        "$RCT2:OBJDATA/BMSU.DAT[929]",
        "$RCT2:OBJDATA/BMSU.DAT[931]",
        "$RCT2:OBJDATA/BMSU.DAT[933]",
        "$RCT2:OBJDATA/BMSU.DAT[935]",
        "$RCT2:OBJDATA/BMSU.DAT[937]",
        "$RCT2:OBJDATA/BMSU.DAT[939]",
        "$RCT2:OBJDATA/BMSU.DAT[941]",
        "$RCT2:OBJDATA/BMSU.DAT[943]",
        "$RCT2:OBJDATA/BMSU.DAT[945]",
        "$RCT2:OBJDATA/BMSU.DAT[947..963]",
        "$RCT2:OBJDATA/BMSU.DAT[965]",
        "$RCT2:OBJDATA/BMSU.DAT[967]",
        "$RCT2:OBJDATA/BMSU.DAT[969]",
        "$RCT2:OBJDATA/BMSU.DAT[971]",
        "$RCT2:OBJDATA/BMSU.DAT[973]",
        "$RCT2:OBJDATA/BMSU.DAT[975]",
        "$RCT2:OBJDATA/BMSU.DAT[977]",
        "$RCT2:OBJDATA/BMSU.DAT[979]",
        "$RCT2:OBJDATA/BMSU.DAT[981]",
        "$RCT2:OBJDATA/BMSU.DAT[983]",
        "$RCT2:OBJDATA/BMSU.DAT[985]",
        "$RCT2:OBJDATA/BMSU.DAT[987]",
        "$RCT2:OBJDATA/BMSU.DAT[989]",
        "$RCT2:OBJDATA/BMSU.DAT[991]",
        "$RCT2:OBJDATA/BMSU.DAT[993]",
        "$RCT2:OBJDATA/BMSU.DAT[995]",
        "$RCT2:OBJDATA/BMSU.DAT[997]",
        "$RCT2:OBJDATA/BMSU.DAT[999]",
        "$RCT2:OBJDATA/BMSU.DAT[1001]",
        "$RCT2:OBJDATA/BMSU.DAT[1003]",
        "$RCT2:OBJDATA/BMSU.DAT[1005]",
        "$RCT2:OBJDATA/BMSU.DAT[1007]",
        "$RCT2:OBJDATA/BMSU.DAT[1009]",
        "$RCT2:OBJDATA/BMSU.DAT[1011]",
        "$RCT2:OBJDATA/BMSU.DAT[1013]",
        "$RCT2:OBJDATA/BMSU.DAT[1015]",
        "$RCT2:OBJDATA/BMSU.DAT[1017]",
        "$RCT2:OBJDATA/BMSU.DAT[1019]",
        "$RCT2:OBJDATA/BMSU.DAT[1021]",
        "$RCT2:OBJDATA/BMSU.DAT[1023]",
        "$RCT2:OBJDATA/BMSU.DAT[1025]",
        "$RCT2:OBJDATA/BMSU.DAT[1027..1035]",
        "$RCT2:OBJDATA/BMSU.DAT[1043]",
        "$RCT2:OBJDATA/BMSU.DAT[1051]",
        "$RCT2:OBJDATA/BMSU.DAT[1059]",
        "$RCT2:OBJDATA/BMSU.DAT[1067]",
        "$RCT2:OBJDATA/BMSU.DAT[1075]",
        "$RCT2:OBJDATA/BMSU.DAT[1083]",
        "$RCT2:OBJDATA/BMSU.DAT[1091]",
        "$RCT2:OBJDATA/BMSU.DAT[1099..1183]",
        "$RCT2:OBJDATA/BMSU.DAT[1185]",
        "$RCT2:OBJDATA/BMSU.DAT[1187]",
        "$RCT2:OBJDATA/BMSU.DAT[1189]",
        "$RCT2:OBJDATA/BMSU.DAT[1191]",
        "$RCT2:OBJDATA/BMSU.DAT[1193]",
        "$RCT2:OBJDATA/BMSU.DAT[1195]",
        "$RCT2:OBJDATA/BMSU.DAT[1197]",
        "$RCT2:OBJDATA/BMSU.DAT[1199]",
        "$RCT2:OBJDATA/BMSU.DAT[1201]",
        "$RCT2:OBJDATA/BMSU.DAT[1203]",
        "$RCT2:OBJDATA/BMSU.DAT[1205]",
        "$RCT2:OBJDATA/BMSU.DAT[1207]",
        "$RCT2:OBJDATA/BMSU.DAT[1209]",
        "$RCT2:OBJDATA/BMSU.DAT[1211]",
        "$RCT2:OBJDATA/BMSU.DAT[1213]",
        "$RCT2:OBJDATA/BMSU.DAT[1215]",
        "$RCT2:OBJDATA/BMSU.DAT[1217]",
        "$RCT2:OBJDATA/BMSU.DAT[1219]",
        "$RCT2:OBJDATA/BMSU.DAT[1221]",
        "$RCT2:OBJDATA/BMSU.DAT[1223]",
        "$RCT2:OBJDATA/BMSU.DAT[1225]",
        "$RCT2:OBJDATA/BMSU.DAT[1227]",
        "$RCT2:OBJDATA/BMSU.DAT[1229]",
        "$RCT2:OBJDATA/BMSU.DAT[1231]",
        "$RCT2:OBJDATA/BMSU.DAT[1233]",
        "$RCT2:OBJDATA/BMSU.DAT[1235]",
        "$RCT2:OBJDATA/BMSU.DAT[1237]",
        "$RCT2:OBJDATA/BMSU.DAT[1239]",
        "$RCT2:OBJDATA/BMSU.DAT[1241]",
        "$RCT2:OBJDATA/BMSU.DAT[1243]",
        "$RCT2:OBJDATA/BMSU.DAT[1245]",
        "$RCT2:OBJDATA/BMSU.DAT[1247..1287]",
        "$RCT2:OBJDATA/BMSU.DAT[1289]",
        "$RCT2:OBJDATA/BMSU.DAT[1291]",
        "$RCT2:OBJDATA/BMSU.DAT[1293]",
        "$RCT2:OBJDATA/BMSU.DAT[1295]",
        "$RCT2:OBJDATA/BMSU.DAT[1297]",
        "$RCT2:OBJDATA/BMSU.DAT[1299]",
        "$RCT2:OBJDATA/BMSU.DAT[1301]",
        "$RCT2:OBJDATA/BMSU.DAT[1303]",
        "$RCT2:OBJDATA/BMSU.DAT[1305]",
        "$RCT2:OBJDATA/BMSU.DAT[1307]",
        "$RCT2:OBJDATA/BMSU.DAT[1309]",
        "$RCT2:OBJDATA/BMSU.DAT[1311]",
        "$RCT2:OBJDATA/BMSU.DAT[1313]",
        "$RCT2:OBJDATA/BMSU.DAT[1315]",
        "$RCT2:OBJDATA/BMSU.DAT[1317]",
        "$RCT2:OBJDATA/BMSU.DAT[1319]",
        "$RCT2:OBJDATA/BMSU.DAT[1321]",
        "$RCT2:OBJDATA/BMSU.DAT[1323]",
        "$RCT2:OBJDATA/BMSU.DAT[1325]",
        "$RCT2:OBJDATA/BMSU.DAT[1327]",
        "$RCT2:OBJDATA/BMSU.DAT[1329]",
        "$RCT2:OBJDATA/BMSU.DAT[1331]",
        "$RCT2:OBJDATA/BMSU.DAT[1333]",
        "$RCT2:OBJDATA/BMSU.DAT[1335]",
        "$RCT2:OBJDATA/BMSU.DAT[1337]",
        "$RCT2:OBJDATA/BMSU.DAT[1339]",
        "$RCT2:OBJDATA/BMSU.DAT[1341]",
        "$RCT2:OBJDATA/BMSU.DAT[1343]",
        "$RCT2:OBJDATA/BMSU.DAT[1345]",
        "$RCT2:OBJDATA/BMSU.DAT[1347]",
        "$RCT2:OBJDATA/BMSU.DAT[1349]",
        "$RCT2:OBJDATA/BMSU.DAT[1351]",
        "$RCT2:OBJDATA/BMSU.DAT[1353]",
        "$RCT2:OBJDATA/BMSU.DAT[1355]",
        "$RCT2:OBJDATA/BMSU.DAT[1357]",
        "$RCT2:OBJDATA/BMSU.DAT[1359]",
        "$RCT2:OBJDATA/BMSU.DAT[1361]",
        "$RCT2:OBJDATA/BMSU.DAT[1363]",
        "$RCT2:OBJDATA/BMSU.DAT[1365]",
        "$RCT2:OBJDATA/BMSU.DAT[1367]",
        "$RCT2:OBJDATA/BMSU.DAT[1369]",
        "$RCT2:OBJDATA/BMSU.DAT[1371]",
        "$RCT2:OBJDATA/BMSU.DAT[1373]",
        "$RCT2:OBJDATA/BMSU.DAT[1375]",
        "$RCT2:OBJDATA/BMSU.DAT[1377]",
        "$RCT2:OBJDATA/BMSU.DAT[1379]",
        "$RCT2:OBJDATA/BMSU.DAT[1381]",
        "$RCT2:OBJDATA/BMSU.DAT[1383]",
        "$RCT2:OBJDATA/BMSU.DAT[1385]",
        "$RCT2:OBJDATA/BMSU.DAT[1387]",
        "$RCT2:OBJDATA/BMSU.DAT[1389]",
        "$RCT2:OBJDATA/BMSU.DAT[1391]",
        "$RCT2:OBJDATA/BMSU.DAT[1393]",
        "$RCT2:OBJDATA/BMSU.DAT[1395]",
        "$RCT2:OBJDATA/BMSU.DAT[1397]",
        "$RCT2:OBJDATA/BMSU.DAT[1399]",
        "$RCT2:OBJDATA/BMSU.DAT[1401]",
        "$RCT2:OBJDATA/BMSU.DAT[1403]",
        "$RCT2:OBJDATA/BMSU.DAT[1405]",
        "$RCT2:OBJDATA/BMSU.DAT[1407]",
        "$RCT2:OBJDATA/BMSU.DAT[1409]",
        "$RCT2:OBJDATA/BMSU.DAT[1411]",
        "$RCT2:OBJDATA/BMSU.DAT[1413]",
        "$RCT2:OBJDATA/BMSU.DAT[1415..1430]",
        "$RCT2:OBJDATA/BMSU.DAT[1591..1683]",
        "$RCT2:OBJDATA/BMSU.DAT[1685]",
        "$RCT2:OBJDATA/BMSU.DAT[1687]",
        "$RCT2:OBJDATA/BMSU.DAT[1689]",
        "$RCT2:OBJDATA/BMSU.DAT[1691]",
        "$RCT2:OBJDATA/BMSU.DAT[1693]",
        "$RCT2:OBJDATA/BMSU.DAT[1695]",
        "$RCT2:OBJDATA/BMSU.DAT[1697]",
        "$RCT2:OBJDATA/BMSU.DAT[1699]",
        "$RCT2:OBJDATA/BMSU.DAT[1701]",
        "$RCT2:OBJDATA/BMSU.DAT[1703]",
        "$RCT2:OBJDATA/BMSU.DAT[1705]",
        "$RCT2:OBJDATA/BMSU.DAT[1707]",
        "$RCT2:OBJDATA/BMSU.DAT[1709]",
        "$RCT2:OBJDATA/BMSU.DAT[1711]",
        "$RCT2:OBJDATA/BMSU.DAT[1713]",
        "$RCT2:OBJDATA/BMSU.DAT[1715..1723]",
        "$RCT2:OBJDATA/BMSU.DAT[1725]",
        "$RCT2:OBJDATA/BMSU.DAT[1727]",
        "$RCT2:OBJDATA/BMSU.DAT[1729]",
        "$RCT2:OBJDATA/BMSU.DAT[1731]",
        "$RCT2:OBJDATA/BMSU.DAT[1733]",
        "$RCT2:OBJDATA/BMSU.DAT[1735]",
        "$RCT2:OBJDATA/BMSU.DAT[1737]",
        "$RCT2:OBJDATA/BMSU.DAT[1739]",
        "$RCT2:OBJDATA/BMSU.DAT[1741]",
        "$RCT2:OBJDATA/BMSU.DAT[1743]",
        "$RCT2:OBJDATA/BMSU.DAT[1745]",
        "$RCT2:OBJDATA/BMSU.DAT[1747]",
        "$RCT2:OBJDATA/BMSU.DAT[1749]",
        "$RCT2:OBJDATA/BMSU.DAT[1751]",
        "$RCT2:OBJDATA/BMSU.DAT[1753]",
        "$RCT2:OBJDATA/BMSU.DAT[1755]",
        "$RCT2:OBJDATA/BMSU.DAT[1757]",
        "$RCT2:OBJDATA/BMSU.DAT[1759]",
        "$RCT2:OBJDATA/BMSU.DAT[1761]",
        "$RCT2:OBJDATA/BMSU.DAT[1763]",
        "$RCT2:OBJDATA/BMSU.DAT[1765]",
        "$RCT2:OBJDATA/BMSU.DAT[1767]",
        "$RCT2:OBJDATA/BMSU.DAT[1769]",
        "$RCT2:OBJDATA/BMSU.DAT[1771]",
        "$RCT2:OBJDATA/BMSU.DAT[1773]",
        "$RCT2:OBJDATA/BMSU.DAT[1775]",
        "$RCT2:OBJDATA/BMSU.DAT[1777]",
        "$RCT2:OBJDATA/BMSU.DAT[1779]",
        "$RCT2:OBJDATA/BMSU.DAT[1781]",
        "$RCT2:OBJDATA/BMSU.DAT[1783]",
        "$RCT2:OBJDATA/BMSU.DAT[1785]",
        "$RCT2:OBJDATA/BMSU.DAT[1787..1803]",
        "$RCT2:OBJDATA/BMSU.DAT[1805]",
        "$RCT2:OBJDATA/BMSU.DAT[1807]",
        "$RCT2:OBJDATA/BMSU.DAT[1809]",
        "$RCT2:OBJDATA/BMSU.DAT[1811]",
        "$RCT2:OBJDATA/BMSU.DAT[1813]",
        "$RCT2:OBJDATA/BMSU.DAT[1815]",
        "$RCT2:OBJDATA/BMSU.DAT[1817]",
        "$RCT2:OBJDATA/BMSU.DAT[1819]",
        "$RCT2:OBJDATA/BMSU.DAT[1821]",
        "$RCT2:OBJDATA/BMSU.DAT[1823]",
        "$RCT2:OBJDATA/BMSU.DAT[1825]",
        "$RCT2:OBJDATA/BMSU.DAT[1827]",
        "$RCT2:OBJDATA/BMSU.DAT[1829]",
        "$RCT2:OBJDATA/BMSU.DAT[1831]",
        "$RCT2:OBJDATA/BMSU.DAT[1833]",
        "$RCT2:OBJDATA/BMSU.DAT[1835]",
        "$RCT2:OBJDATA/BMSU.DAT[1837]",
        "$RCT2:OBJDATA/BMSU.DAT[1839]",
        "$RCT2:OBJDATA/BMSU.DAT[1841]",
        "$RCT2:OBJDATA/BMSU.DAT[1843]",
        "$RCT2:OBJDATA/BMSU.DAT[1845]",
        "$RCT2:OBJDATA/BMSU.DAT[1847]",
        "$RCT2:OBJDATA/BMSU.DAT[1849]",
        "$RCT2:OBJDATA/BMSU.DAT[1851]",
        "$RCT2:OBJDATA/BMSU.DAT[1853]",
        "$RCT2:OBJDATA/BMSU.DAT[1855]",
        "$RCT2:OBJDATA/BMSU.DAT[1857]",
        "$RCT2:OBJDATA/BMSU.DAT[1859]",
        "$RCT2:OBJDATA/BMSU.DAT[1861]",
        "$RCT2:OBJDATA/BMSU.DAT[1863]",
        "$RCT2:OBJDATA/BMSU.DAT[1865]",
        "$RCT2:OBJDATA/BMSU.DAT[1867..1875]",
        "$RCT2:OBJDATA/BMSU.DAT[1883]",
        "$RCT2:OBJDATA/BMSU.DAT[1891]",
        "$RCT2:OBJDATA/BMSU.DAT[1899]",
        "$RCT2:OBJDATA/BMSU.DAT[1907]",
        "$RCT2:OBJDATA/BMSU.DAT[1915]",
        "$RCT2:OBJDATA/BMSU.DAT[1923]",
        "$RCT2:OBJDATA/BMSU.DAT[1931]",
        "$RCT2:OBJDATA/BMSU.DAT[1939..2023]",
        "$RCT2:OBJDATA/BMSU.DAT[2025]",
        "$RCT2:OBJDATA/BMSU.DAT[2027]",
        "$RCT2:OBJDATA/BMSU.DAT[2029]",
        "$RCT2:OBJDATA/BMSU.DAT[2031]",
        "$RCT2:OBJDATA/BMSU.DAT[2033]",
        "$RCT2:OBJDATA/BMSU.DAT[2035]",
        "$RCT2:OBJDATA/BMSU.DAT[2037]",
        "$RCT2:OBJDATA/BMSU.DAT[2039]",
        "$RCT2:OBJDATA/BMSU.DAT[2041]",
        "$RCT2:OBJDATA/BMSU.DAT[2043]",
        "$RCT2:OBJDATA/BMSU.DAT[2045]",
        "$RCT2:OBJDATA/BMSU.DAT[2047]",
        "$RCT2:OBJDATA/BMSU.DAT[2049]",
        "$RCT2:OBJDATA/BMSU.DAT[2051]",
        "$RCT2:OBJDATA/BMSU.DAT[2053]",
        "$RCT2:OBJDATA/BMSU.DAT[2055]",
        "$RCT2:OBJDATA/BMSU.DAT[2057]",
        "$RCT2:OBJDATA/BMSU.DAT[2059]",
        "$RCT2:OBJDATA/BMSU.DAT[2061]",
        "$RCT2:OBJDATA/BMSU.DAT[2063]",
        "$RCT2:OBJDATA/BMSU.DAT[2065]",
        "$RCT2:OBJDATA/BMSU.DAT[2067]",
        "$RCT2:OBJDATA/BMSU.DAT[2069]",
        "$RCT2:OBJDATA/BMSU.DAT[2071]",
        "$RCT2:OBJDATA/BMSU.DAT[2073]",
        "$RCT2:OBJDATA/BMSU.DAT[2075]",
        "$RCT2:OBJDATA/BMSU.DAT[2077]",
        "$RCT2:OBJDATA/BMSU.DAT[2079]",
        "$RCT2:OBJDATA/BMSU.DAT[2081]",
        "$RCT2:OBJDATA/BMSU.DAT[2083]",
        "$RCT2:OBJDATA/BMSU.DAT[2085]",
        "$RCT2:OBJDATA/BMSU.DAT[2087..2127]",
        "$RCT2:OBJDATA/BMSU.DAT[2129]",
        "$RCT2:OBJDATA/BMSU.DAT[2131]",
        "$RCT2:OBJDATA/BMSU.DAT[2133]",
        "$RCT2:OBJDATA/BMSU.DAT[2135]",
        "$RCT2:OBJDATA/BMSU.DAT[2137]",
        "$RCT2:OBJDATA/BMSU.DAT[2139]",
        "$RCT2:OBJDATA/BMSU.DAT[2141]",
        "$RCT2:OBJDATA/BMSU.DAT[2143]",
        "$RCT2:OBJDATA/BMSU.DAT[2145]",
        "$RCT2:OBJDATA/BMSU.DAT[2147]",
        "$RCT2:OBJDATA/BMSU.DAT[2149]",
        "$RCT2:OBJDATA/BMSU.DAT[2151]",
        "$RCT2:OBJDATA/BMSU.DAT[2153]",
        "$RCT2:OBJDATA/BMSU.DAT[2155]",
        "$RCT2:OBJDATA/BMSU.DAT[2157]",
        "$RCT2:OBJDATA/BMSU.DAT[2159]",
        "$RCT2:OBJDATA/BMSU.DAT[2161]",
        "$RCT2:OBJDATA/BMSU.DAT[2163]",
        "$RCT2:OBJDATA/BMSU.DAT[2165]",
        "$RCT2:OBJDATA/BMSU.DAT[2167]",
        "$RCT2:OBJDATA/BMSU.DAT[2169]",
        "$RCT2:OBJDATA/BMSU.DAT[2171]",
        "$RCT2:OBJDATA/BMSU.DAT[2173]",
        "$RCT2:OBJDATA/BMSU.DAT[2175]",
        "$RCT2:OBJDATA/BMSU.DAT[2177]",
        "$RCT2:OBJDATA/BMSU.DAT[2179]",
        "$RCT2:OBJDATA/BMSU.DAT[2181]",
        "$RCT2:OBJDATA/BMSU.DAT[2183]",
        "$RCT2:OBJDATA/BMSU.DAT[2185]",
        "$RCT2:OBJDATA/BMSU.DAT[2187]",
        "$RCT2:OBJDATA/BMSU.DAT[2189]",
        "$RCT2:OBJDATA/BMSU.DAT[2191]",
        "$RCT2:OBJDATA/BMSU.DAT[2193]",
        "$RCT2:OBJDATA/BMSU.DAT[2195]",
        "$RCT2:OBJDATA/BMSU.DAT[2197]",
        "$RCT2:OBJDATA/BMSU.DAT[2199]",
        "$RCT2:OBJDATA/BMSU.DAT[2201]",
        "$RCT2:OBJDATA/BMSU.DAT[2203]",
        "$RCT2:OBJDATA/BMSU.DAT[2205]",
        "$RCT2:OBJDATA/BMSU.DAT[2207]",
        "$RCT2:OBJDATA/BMSU.DAT[2209]",
        "$RCT2:OBJDATA/BMSU.DAT[2211]",
        "$RCT2:OBJDATA/BMSU.DAT[2213]",
        "$RCT2:OBJDATA/BMSU.DAT[2215]",
        "$RCT2:OBJDATA/BMSU.DAT[2217]",
        "$RCT2:OBJDATA/BMSU.DAT[2219]",
        "$RCT2:OBJDATA/BMSU.DAT[2221]",
        "$RCT2:OBJDATA/BMSU.DAT[2223]",
        "$RCT2:OBJDATA/BMSU.DAT[2225]",
        "$RCT2:OBJDATA/BMSU.DAT[2227]",
        "$RCT2:OBJDATA/BMSU.DAT[2229]",
        "$RCT2:OBJDATA/BMSU.DAT[2231]",
        "$RCT2:OBJDATA/BMSU.DAT[2233]",
        "$RCT2:OBJDATA/BMSU.DAT[2235]",
        "$RCT2:OBJDATA/BMSU.DAT[2237]",
        "$RCT2:OBJDATA/BMSU.DAT[2239]",
        "$RCT2:OBJDATA/BMSU.DAT[2241]",
        "$RCT2:OBJDATA/BMSU.DAT[2243]",
        "$RCT2:OBJDATA/BMSU.DAT[2245]",
        "$RCT2:OBJDATA/BMSU.DAT[2247]",
        "$RCT2:OBJDATA/BMSU.DAT[2249]",
        "$RCT2:OBJDATA/BMSU.DAT[2251]",
        "$RCT2:OBJDATA/BMSU.DAT[2253]",
        "$RCT2:OBJDATA/BMSU.DAT[2255..2270]",
        "$RCT2:OBJDATA/BMSU.DAT[2431..2523]",
        "$RCT2:OBJDATA/BMSU.DAT[2525]",
        "$RCT2:OBJDATA/BMSU.DAT[2527]",
        "$RCT2:OBJDATA/BMSU.DAT[2529]",
        "$RCT2:OBJDATA/BMSU.DAT[2531]",
        "$RCT2:OBJDATA/BMSU.DAT[2533]",
        "$RCT2:OBJDATA/BMSU.DAT[2535]",
        "$RCT2:OBJDATA/BMSU.DAT[2537]",
        "$RCT2:OBJDATA/BMSU.DAT[2539]",
        "$RCT2:OBJDATA/BMSU.DAT[2541]",
        "$RCT2:OBJDATA/BMSU.DAT[2543]",
        "$RCT2:OBJDATA/BMSU.DAT[2545]",
        "$RCT2:OBJDATA/BMSU.DAT[2547]",
        "$RCT2:OBJDATA/BMSU.DAT[2549]",
        "$RCT2:OBJDATA/BMSU.DAT[2551]",
        "$RCT2:OBJDATA/BMSU.DAT[2553]",
        "$RCT2:OBJDATA/BMSU.DAT[2555..2563]",
        "$RCT2:OBJDATA/BMSU.DAT[2565]",
        "$RCT2:OBJDATA/BMSU.DAT[2567]",
        "$RCT2:OBJDATA/BMSU.DAT[2569]",
        "$RCT2:OBJDATA/BMSU.DAT[2571]",
        "$RCT2:OBJDATA/BMSU.DAT[2573]",
        "$RCT2:OBJDATA/BMSU.DAT[2575]",
        "$RCT2:OBJDATA/BMSU.DAT[2577]",
        "$RCT2:OBJDATA/BMSU.DAT[2579]",
        "$RCT2:OBJDATA/BMSU.DAT[2581]",
        "$RCT2:OBJDATA/BMSU.DAT[2583]",
        "$RCT2:OBJDATA/BMSU.DAT[2585]",
        "$RCT2:OBJDATA/BMSU.DAT[2587]",
        "$RCT2:OBJDATA/BMSU.DAT[2589]",
        "$RCT2:OBJDATA/BMSU.DAT[2591]",
        "$RCT2:OBJDATA/BMSU.DAT[2593]",
        "$RCT2:OBJDATA/BMSU.DAT[2595]",
        "$RCT2:OBJDATA/BMSU.DAT[2597]",
        "$RCT2:OBJDATA/BMSU.DAT[2599]",
        "$RCT2:OBJDATA/BMSU.DAT[2601]",
        "$RCT2:OBJDATA/BMSU.DAT[2603]",
        "$RCT2:OBJDATA/BMSU.DAT[2605]",
        "$RCT2:OBJDATA/BMSU.DAT[2607]",
        "$RCT2:OBJDATA/BMSU.DAT[2609]",
        "$RCT2:OBJDATA/BMSU.DAT[2611]",
        "$RCT2:OBJDATA/BMSU.DAT[2613]",
        "$RCT2:OBJDATA/BMSU.DAT[2615]",
        "$RCT2:OBJDATA/BMSU.DAT[2617]",
        "$RCT2:OBJDATA/BMSU.DAT[2619]",
        "$RCT2:OBJDATA/BMSU.DAT[2621]",
        "$RCT2:OBJDATA/BMSU.DAT[2623]",
        "$RCT2:OBJDATA/BMSU.DAT[2625]",
        "$RCT2:OBJDATA/BMSU.DAT[2627..2643]",
        "$RCT2:OBJDATA/BMSU.DAT[2645]",
        "$RCT2:OBJDATA/BMSU.DAT[2647]",
        "$RCT2:OBJDATA/BMSU.DAT[2649]",
        "$RCT2:OBJDATA/BMSU.DAT[2651]",
        "$RCT2:OBJDATA/BMSU.DAT[2653]",
        "$RCT2:OBJDATA/BMSU.DAT[2655]",
        "$RCT2:OBJDATA/BMSU.DAT[2657]",
        "$RCT2:OBJDATA/BMSU.DAT[2659]",
        "$RCT2:OBJDATA/BMSU.DAT[2661]",
        "$RCT2:OBJDATA/BMSU.DAT[2663]",
        "$RCT2:OBJDATA/BMSU.DAT[2665]",
        "$RCT2:OBJDATA/BMSU.DAT[2667]",
        "$RCT2:OBJDATA/BMSU.DAT[2669]",
        "$RCT2:OBJDATA/BMSU.DAT[2671]",
        "$RCT2:OBJDATA/BMSU.DAT[2673]",
        "$RCT2:OBJDATA/BMSU.DAT[2675]",
        "$RCT2:OBJDATA/BMSU.DAT[2677]",
        "$RCT2:OBJDATA/BMSU.DAT[2679]",
        "$RCT2:OBJDATA/BMSU.DAT[2681]",
        "$RCT2:OBJDATA/BMSU.DAT[2683]",
        "$RCT2:OBJDATA/BMSU.DAT[2685]",
        "$RCT2:OBJDATA/BMSU.DAT[2687]",
        "$RCT2:OBJDATA/BMSU.DAT[2689]",
        "$RCT2:OBJDATA/BMSU.DAT[2691]",
        "$RCT2:OBJDATA/BMSU.DAT[2693]",
        "$RCT2:OBJDATA/BMSU.DAT[2695]",
        "$RCT2:OBJDATA/BMSU.DAT[2697]",
        "$RCT2:OBJDATA/BMSU.DAT[2699]",
        "$RCT2:OBJDATA/BMSU.DAT[2701]",
        "$RCT2:OBJDATA/BMSU.DAT[2703]",
        "$RCT2:OBJDATA/BMSU.DAT[2705]",
        "$RCT2:OBJDATA/BMSU.DAT[2707..2715]",
        "$RCT2:OBJDATA/BMSU.DAT[2723]",
        "$RCT2:OBJDATA/BMSU.DAT[2731]",
        "$RCT2:OBJDATA/BMSU.DAT[2739]",
        "$RCT2:OBJDATA/BMSU.DAT[2747]",
        "$RCT2:OBJDATA/BMSU.DAT[2755]",
        "$RCT2:OBJDATA/BMSU.DAT[2763]",
        "$RCT2:OBJDATA/BMSU.DAT[2771]",
        "$RCT2:OBJDATA/BMSU.DAT[2779..2863]",
        "$RCT2:OBJDATA/BMSU.DAT[2865]",
        "$RCT2:OBJDATA/BMSU.DAT[2867]",
        "$RCT2:OBJDATA/BMSU.DAT[2869]",
        "$RCT2:OBJDATA/BMSU.DAT[2871]",
        "$RCT2:OBJDATA/BMSU.DAT[2873]",
        "$RCT2:OBJDATA/BMSU.DAT[2875]",
        "$RCT2:OBJDATA/BMSU.DAT[2877]",
        "$RCT2:OBJDATA/BMSU.DAT[2879]",
        "$RCT2:OBJDATA/BMSU.DAT[2881]",
        "$RCT2:OBJDATA/BMSU.DAT[2883]",
        "$RCT2:OBJDATA/BMSU.DAT[2885]",
        "$RCT2:OBJDATA/BMSU.DAT[2887]",
        "$RCT2:OBJDATA/BMSU.DAT[2889]",
        "$RCT2:OBJDATA/BMSU.DAT[2891]",
        "$RCT2:OBJDATA/BMSU.DAT[2893]",
        "$RCT2:OBJDATA/BMSU.DAT[2895]",
        "$RCT2:OBJDATA/BMSU.DAT[2897]",
        "$RCT2:OBJDATA/BMSU.DAT[2899]",
        "$RCT2:OBJDATA/BMSU.DAT[2901]",
        "$RCT2:OBJDATA/BMSU.DAT[2903]",
        "$RCT2:OBJDATA/BMSU.DAT[2905]",
        "$RCT2:OBJDATA/BMSU.DAT[2907]",
        "$RCT2:OBJDATA/BMSU.DAT[2909]",
        "$RCT2:OBJDATA/BMSU.DAT[2911]",
        "$RCT2:OBJDATA/BMSU.DAT[2913]",
        "$RCT2:OBJDATA/BMSU.DAT[2915]",
        "$RCT2:OBJDATA/BMSU.DAT[2917]",
        "$RCT2:OBJDATA/BMSU.DAT[2919]",
        "$RCT2:OBJDATA/BMSU.DAT[2921]",
        "$RCT2:OBJDATA/BMSU.DAT[2923]",
        "$RCT2:OBJDATA/BMSU.DAT[2925]",
        "$RCT2:OBJDATA/BMSU.DAT[2927..2967]",
        "$RCT2:OBJDATA/BMSU.DAT[2969]",
        "$RCT2:OBJDATA/BMSU.DAT[2971]",
        "$RCT2:OBJDATA/BMSU.DAT[2973]",
        "$RCT2:OBJDATA/BMSU.DAT[2975]",
        "$RCT2:OBJDATA/BMSU.DAT[2977]",
        "$RCT2:OBJDATA/BMSU.DAT[2979]",
        "$RCT2:OBJDATA/BMSU.DAT[2981]",
        "$RCT2:OBJDATA/BMSU.DAT[2983]",
        "$RCT2:OBJDATA/BMSU.DAT[2985]",
        "$RCT2:OBJDATA/BMSU.DAT[2987]",
        "$RCT2:OBJDATA/BMSU.DAT[2989]",
        "$RCT2:OBJDATA/BMSU.DAT[2991]",
        "$RCT2:OBJDATA/BMSU.DAT[2993]",
        "$RCT2:OBJDATA/BMSU.DAT[2995]",
        "$RCT2:OBJDATA/BMSU.DAT[2997]",
        "$RCT2:OBJDATA/BMSU.DAT[2999]",
        "$RCT2:OBJDATA/BMSU.DAT[3001]",
        "$RCT2:OBJDATA/BMSU.DAT[3003]",
        "$RCT2:OBJDATA/BMSU.DAT[3005]",
        "$RCT2:OBJDATA/BMSU.DAT[3007]",
        "$RCT2:OBJDATA/BMSU.DAT[3009]",
        "$RCT2:OBJDATA/BMSU.DAT[3011]",
        "$RCT2:OBJDATA/BMSU.DAT[3013]",
        "$RCT2:OBJDATA/BMSU.DAT[3015]",
        "$RCT2:OBJDATA/BMSU.DAT[3017]",
        "$RCT2:OBJDATA/BMSU.DAT[3019]",
        "$RCT2:OBJDATA/BMSU.DAT[3021]",
        "$RCT2:OBJDATA/BMSU.DAT[3023]",
        "$RCT2:OBJDATA/BMSU.DAT[3025]",
        "$RCT2:OBJDATA/BMSU.DAT[3027]",
        "$RCT2:OBJDATA/BMSU.DAT[3029]",
        "$RCT2:OBJDATA/BMSU.DAT[3031]",
        "$RCT2:OBJDATA/BMSU.DAT[3033]",
        "$RCT2:OBJDATA/BMSU.DAT[3035]",
        "$RCT2:OBJDATA/BMSU.DAT[3037]",
        "$RCT2:OBJDATA/BMSU.DAT[3039]",
        "$RCT2:OBJDATA/BMSU.DAT[3041]",
        "$RCT2:OBJDATA/BMSU.DAT[3043]",
        "$RCT2:OBJDATA/BMSU.DAT[3045]",
        "$RCT2:OBJDATA/BMSU.DAT[3047]",
        "$RCT2:OBJDATA/BMSU.DAT[3049]",
        "$RCT2:OBJDATA/BMSU.DAT[3051]",
        "$RCT2:OBJDATA/BMSU.DAT[3053]",
        "$RCT2:OBJDATA/BMSU.DAT[3055]",
        "$RCT2:OBJDATA/BMSU.DAT[3057]",
        "$RCT2:OBJDATA/BMSU.DAT[3059]",
        "$RCT2:OBJDATA/BMSU.DAT[3061]",
        "$RCT2:OBJDATA/BMSU.DAT[3063]",
        "$RCT2:OBJDATA/BMSU.DAT[3065]",
        "$RCT2:OBJDATA/BMSU.DAT[3067]",
        "$RCT2:OBJDATA/BMSU.DAT[3069]",
        "$RCT2:OBJDATA/BMSU.DAT[3071]",
        "$RCT2:OBJDATA/BMSU.DAT[3073]",
        "$RCT2:OBJDATA/BMSU.DAT[3075]",
        "$RCT2:OBJDATA/BMSU.DAT[3077]",
        "$RCT2:OBJDATA/BMSU.DAT[3079]",
        "$RCT2:OBJDATA/BMSU.DAT[3081]",
        "$RCT2:OBJDATA/BMSU.DAT[3083]",
        "$RCT2:OBJDATA/BMSU.DAT[3085]",
        "$RCT2:OBJDATA/BMSU.DAT[3087]",
        "$RCT2:OBJDATA/BMSU.DAT[3089]",
        "$RCT2:OBJDATA/BMSU.DAT[3091]",
        "$RCT2:OBJDATA/BMSU.DAT[3093]",
        "$RCT2:OBJDATA/BMSU.DAT[3095..3110]",
        "$RCT2:OBJDATA/BMSU.DAT[3271..3350]"
    ]
}
