{
    "id": "toontowner.scenery_small.ttrftl08",
    "authors": [
        "Simon Foster",
        "ToonTowner"
    ],
    "version": "1.0",
    "originalId": "09F55801|TTRFTL08|B01CC127",
    "sourceGame": "official",
    "objectType": "scenery_small",
    "properties": {
        "price": 20,
        "removalPrice": -15,
        "cursor": "CURSOR_HOUSE_DOWN",
        "height": 8,
        "shape": "4/4",
        "SMALL_SCENERY_FLAG_VOFFSET_CENTRE": true,
        "requiresFlatSurface": true,
        "isRotatable": true,
        "hasPrimaryColour": true,
        "isStackable": true,
        "prohibitWalls": true,
        "hasNoSupports": true
    },
    "images": [
        { "path": "images/0.png", "x": -32, "y": -2 },
        { "path": "images/1.png", "x": -32, "y": -2 },
        { "path": "images/2.png", "x": -32, "y": -2 },
        { "path": "images/3.png", "x": -32, "y": -2 }
    ],
    "strings": {
        "name": {
            "en-GB": "Roof",
            "fr-FR": "Toit",
            "de-DE": "Dach",
            "es-ES": "Tejado",
            "it-IT": "Tetto",
            "nl-NL": "Dak",
            "sv-SE": "Tak",
            "ko-KR": "천장",
            "zh-CN": "屋顶",
            "zh-TW": "屋頂",
            "pt-BR": "Teto",
            "cs-CZ": "Střecha",
            "ja-JP": "屋根",
            "pl-PL": "Dach",
            "ru-RU": "Блок",
            "hu-HU": "Tető",
            "tr-TR": "Çatı",
            "eo-ZZ": "Tegmento",
            "ca-ES": "Teulada",
            "fi-FI": "Katto",
            "ar-EG": "سقف"
        }
    }
}
