{
    "id": "rct1.ride.streamlined_monorail_trains",
    "authors": [
        "Chris Sawyer",
        "Simon Foster"
    ],
    "version": "1.0",
    "originalId": "00000000|#RCT1MO2|00000000",
    "sourceGame": "rct1",
    "isCompatibilityObject": true,
    "objectType": "ride",
    "properties": {
        "type": "monorail",
        "category": "transport",
        "tabScale": 0.5,
        "hasShelter": true,
        "noCollisionCrashes": true,
        "minCarsPerTrain": 2,
        "maxCarsPerTrain": 8,
        "headCars": 1,
        "tailCars": 2,
        "carColours": [
            [
                [
                    "white",
                    "bright_red",
                    "dark_blue"
                ]
            ],
            [
                [
                    "white",
                    "yellow",
                    "dark_blue"
                ]
            ],
            [
                [
                    "bordeaux_red",
                    "yellow",
                    "dark_blue"
                ]
            ],
            [
                [
                    "black",
                    "bright_red",
                    "dark_blue"
                ]
            ]
        ],
        "cars": [
            {
                "rotationFrameMask": 15,
                "spacing": 313344,
                "mass": 1100,
                "tabOffset": 2,
                "numSeats": 10,
                "seatsInPairs": false,
                "frictionSoundId": 2,
                "poweredAcceleration": 180,
                "poweredMaxSpeed": 44,
                "drawOrder": 5,
                "spriteGroups": {
                    "slopeFlat": 16,
                    "slopes12": 4,
                    "slopes25": 4,
                    "slopes8": 4,
                    "slopes16": 4,
                    "restraintAnimation": 4
                },
                "hasAdditionalColour1": true,
                "loadingPositions": [
                    10,
                    -10,
                    8,
                    -8,
                    10,
                    -10,
                    8,
                    -8,
                    10,
                    -10
                ]
            },
            {
                "rotationFrameMask": 15,
                "spacing": 313344,
                "mass": 1600,
                "tabOffset": 2,
                "numSeats": 5,
                "seatsInPairs": false,
                "frictionSoundId": 2,
                "poweredAcceleration": 180,
                "poweredMaxSpeed": 44,
                "drawOrder": 5,
                "spriteGroups": {
                    "slopeFlat": 16,
                    "slopes12": 4,
                    "slopes25": 4,
                    "slopes8": 4,
                    "slopes16": 4,
                    "restraintAnimation": 4
                },
                "hasAdditionalColour1": true,
                "isPowered": true,
                "loadingPositions": [
                    -10,
                    -8,
                    -10,
                    -8,
                    -10
                ]
            },
            {
                "rotationFrameMask": 15,
                "spacing": 313344,
                "mass": 1600,
                "tabOffset": 2,
                "numSeats": 5,
                "seatsInPairs": false,
                "frictionSoundId": 2,
                "poweredAcceleration": 180,
                "poweredMaxSpeed": 44,
                "drawOrder": 5,
                "spriteGroups": {
                    "slopeFlat": 16,
                    "slopes12": 4,
                    "slopes25": 4,
                    "slopes8": 4,
                    "slopes16": 4,
                    "restraintAnimation": 4
                },
                "hasAdditionalColour1": true,
                "loadingPositions": [
                    10,
                    8,
                    10,
                    8,
                    10
                ]
            }
        ],
        "buildMenuPriority": 1
    },
    "images": [
        { "path": "images/preview.png", "format": "raw" },
        "",
        "",
        "$CSG[29079..29086]",
        "$CSG[29079..29086]",
        "$CSG[29093]",
        "$CSG[29095]",
        "$CSG[29097]",
        "$CSG[29099]",
        "$CSG[29097]",
        "$CSG[29099]",
        "$CSG[29093]",
        "$CSG[29095]",
        "$CSG[29094]",
        "$CSG[29096]",
        "$CSG[29098]",
        "$CSG[29100]",
        "$CSG[29098]",
        "$CSG[29100]",
        "$CSG[29094]",
        "$CSG[29096]",
        "$CSG[29101..29104]",
        "$CSG[29103..29104]",
        "$CSG[29101..29102]",
        "$CSG[29105..29108]",
        "$CSG[29107..29108]",
        "$CSG[29105..29106]",
        "$CSG[29087]",
        "$CSG[29090]",
        "$CSG[29087]",
        "$CSG[29090]",
        "$CSG[29088]",
        "$CSG[29091]",
        "$CSG[29088]",
        "$CSG[29091]",
        "$CSG[29089]",
        "$CSG[29092]",
        "$CSG[29089]",
        "$CSG[29092]",
        "$CSG[29109..29124]",
        "$CSG[29137]",
        "$CSG[29141]",
        "$CSG[29145]",
        "$CSG[29149]",
        "$CSG[29139]",
        "$CSG[29143]",
        "$CSG[29147]",
        "$CSG[29151]",
        "$CSG[29138]",
        "$CSG[29142]",
        "$CSG[29146]",
        "$CSG[29150]",
        "$CSG[29140]",
        "$CSG[29144]",
        "$CSG[29148]",
        "$CSG[29152]",
        "$CSG[29153..29156]",
        "$CSG[29161..29164]",
        "$CSG[29157..29160]",
        "$CSG[29165..29168]",
        "$CSG[29125]",
        "$CSG[29128]",
        "$CSG[29131]",
        "$CSG[29134]",
        "$CSG[29126]",
        "$CSG[29129]",
        "$CSG[29132]",
        "$CSG[29135]",
        "$CSG[29127]",
        "$CSG[29130]",
        "$CSG[29133]",
        "$CSG[29136]",
        "$CSG[29117]",
        "$CSG[29118]",
        "$CSG[29119]",
        "$CSG[29120]",
        "$CSG[29121]",
        "$CSG[29122]",
        "$CSG[29123]",
        "$CSG[29124]",
        "$CSG[29109]",
        "$CSG[29110]",
        "$CSG[29111]",
        "$CSG[29112]",
        "$CSG[29113]",
        "$CSG[29114]",
        "$CSG[29115]",
        "$CSG[29116]",
        "$CSG[29147]",
        "$CSG[29151]",
        "$CSG[29139]",
        "$CSG[29143]",
        "$CSG[29145]",
        "$CSG[29149]",
        "$CSG[29137]",
        "$CSG[29141]",
        "$CSG[29148]",
        "$CSG[29152]",
        "$CSG[29140]",
        "$CSG[29144]",
        "$CSG[29146]",
        "$CSG[29150]",
        "$CSG[29138]",
        "$CSG[29142]",
        "$CSG[29163]",
        "$CSG[29164]",
        "$CSG[29161]",
        "$CSG[29162]",
        "$CSG[29155]",
        "$CSG[29156]",
        "$CSG[29153]",
        "$CSG[29154]",
        "$CSG[29167]",
        "$CSG[29168]",
        "$CSG[29165]",
        "$CSG[29166]",
        "$CSG[29159]",
        "$CSG[29160]",
        "$CSG[29157]",
        "$CSG[29158]",
        "$CSG[29131]",
        "$CSG[29134]",
        "$CSG[29125]",
        "$CSG[29128]",
        "$CSG[29132]",
        "$CSG[29135]",
        "$CSG[29126]",
        "$CSG[29129]",
        "$CSG[29133]",
        "$CSG[29136]",
        "$CSG[29127]",
        "$CSG[29130]"
    ],
    "strings": {
        "name": {
            "en-GB": "Streamlined Monorail Trains",
            "fr-FR": "Trains monorail aérodynamiques",
            "de-DE": "Stromlinienf. Einschienenzüge",
            "es-ES": "Tren Monorrail Aerodinámico",
            "it-IT": "Treni monorotaia aerodinamici",
            "nl-NL": "Gestroomlijnde monorailtrein",
            "sv-SE": "Strömlinjeformade balkbanetåg",
            "ko-KR": "유선형 모노레일 차량",
            "zh-CN": "现代化单轨列车",
            "zh-TW": "流線型單軌電車",
            "pt-BR": "Trens de Monotrilho",
            "cs-CZ": "Aerodynamické jednokolejné vlaky",
            "ja-JP": "流線型のモノレール車両",
            "pl-PL": "Opływowa kolejka jednoszynowa",
            "ru-RU": "Моно-паровозики",
            "eo-ZZ": "Aerodinamikaj Monorelaj Trajnoj"
        },
        "description": {
            "en-GB": "Large capacity monorail trains with streamlined front and rear cars",
            "fr-FR": "Trains monorail composés de voitures aérodynamiques à l'avant et à l'arrière",
            "de-DE": "Große Einschienenzüge mit stromlinienförmigen Wagen vorne und hinten",
            "es-ES": "Trenes monoraíl de gran capacidad con coches delateros y traseros aerodinámicos",
            "it-IT": "Treni monorotaia dalla grande capienza, con carrozze alle estremità dalle forme aerodinamiche",
            "nl-NL": "Monorailtrein met gestroomlijnde voor- en achterkant en een hoge capaciteit.",
            "sv-SE": "Högkapacitets balkbanetåg med strömlinjeformade vagnar längst fram och bak",
            "ko-KR": "유선형의 전두부와 후두부 차량을 가진 대용량의 모노레일 차량",
            "zh-CN": "前後列车为流线设计，具高载客量的单轨火车。",
            "zh-TW": "大載客量的單軌電車, 車頭車尾都配備著流線型設計",
            "pt-BR": "Trens de Monotrilho de grande capacidade com carros frontais e traseiros alinhados",
            "cs-CZ": "Velkokapacitní jednokolejné vlaky s aerodynamickou přídí a zádí",
            "ja-JP": "流線型の先頭車と客車から成る、定員の多いモノレールです",
            "pl-PL": "Pojemne wagony jednoszynowe, opływowe na obu końcach",
            "ru-RU": "Вместимые монорельсовые поезда с паровозами",
            "eo-ZZ": "Grandspacaj monorelaj trajnoj kun aerodinamikaj frontaj kaj postaj ĉaroj"
        },
        "capacity": {
            "en-GB": "5 or 10 passengers per car",
            "fr-FR": "5 ou 10 passagers par voiture",
            "de-DE": "5 oder 10 Fahrgäste pro Wagen",
            "es-ES": "5 ó 10 pasajeros por vagón",
            "it-IT": "5 o 10 passeggeri a carrozza",
            "nl-NL": "10 passagiers per karretje (voor en achter 5)",
            "sv-SE": "5 eller 10 passagerare per vagn",
            "ko-KR": "차량당 5명 또는 10명의 승객",
            "zh-CN": "5或10位乘客/每个车厢",
            "zh-TW": "每車卡5或10位乘客",
            "pt-BR": "5 ou 10 passageiros por carro",
            "cs-CZ": "5 nebo 10 míst v každém vagónu",
            "ja-JP": "各車両5名または10名",
            "pl-PL": "5 lub 10 pasażerów na wagonik",
            "ru-RU": "5 или 10 пассажиров",
            "eo-ZZ": "Po 5 aŭ 10 pasaĝeroj por ĉaro"
        }
    },
    "noCsgImages": [
        { "path": "images/preview.png", "format": "raw" },
        "",
        "",
        "$RCT2:OBJDATA/MONO1.DAT[3]",
        "$RCT2:OBJDATA/MONO1.DAT[5]",
        "$RCT2:OBJDATA/MONO1.DAT[7]",
        "$RCT2:OBJDATA/MONO1.DAT[9]",
        "$RCT2:OBJDATA/MONO1.DAT[11]",
        "$RCT2:OBJDATA/MONO1.DAT[13]",
        "$RCT2:OBJDATA/MONO1.DAT[15]",
        "$RCT2:OBJDATA/MONO1.DAT[17]",
        "$RCT2:OBJDATA/MONO1.DAT[19]",
        "$RCT2:OBJDATA/MONO1.DAT[21]",
        "$RCT2:OBJDATA/MONO1.DAT[23]",
        "$RCT2:OBJDATA/MONO1.DAT[25]",
        "$RCT2:OBJDATA/MONO1.DAT[27]",
        "$RCT2:OBJDATA/MONO1.DAT[29]",
        "$RCT2:OBJDATA/MONO1.DAT[31]",
        "$RCT2:OBJDATA/MONO1.DAT[33]",
        "$RCT2:OBJDATA/MONO1.DAT[35..43]",
        "$RCT2:OBJDATA/MONO1.DAT[51]",
        "$RCT2:OBJDATA/MONO1.DAT[59]",
        "$RCT2:OBJDATA/MONO1.DAT[67]",
        "$RCT2:OBJDATA/MONO1.DAT[75]",
        "$RCT2:OBJDATA/MONO1.DAT[83]",
        "$RCT2:OBJDATA/MONO1.DAT[91]",
        "$RCT2:OBJDATA/MONO1.DAT[99]",
        "$RCT2:OBJDATA/MONO1.DAT[107..122]",
        "$RCT2:OBJDATA/MONO1.DAT[131..143]",
        "$RCT2:OBJDATA/MONO1.DAT[145]",
        "$RCT2:OBJDATA/MONO1.DAT[147]",
        "$RCT2:OBJDATA/MONO1.DAT[149]",
        "$RCT2:OBJDATA/MONO1.DAT[151]",
        "$RCT2:OBJDATA/MONO1.DAT[153]",
        "$RCT2:OBJDATA/MONO1.DAT[155]",
        "$RCT2:OBJDATA/MONO1.DAT[157]",
        "$RCT2:OBJDATA/MONO1.DAT[159]",
        "$RCT2:OBJDATA/MONO1.DAT[161]",
        "$RCT2:OBJDATA/MONO1.DAT[163]",
        "$RCT2:OBJDATA/MONO1.DAT[165]",
        "$RCT2:OBJDATA/MONO1.DAT[167]",
        "$RCT2:OBJDATA/MONO1.DAT[169]",
        "$RCT2:OBJDATA/MONO1.DAT[171]",
        "$RCT2:OBJDATA/MONO1.DAT[173]",
        "$RCT2:OBJDATA/MONO1.DAT[175..183]",
        "$RCT2:OBJDATA/MONO1.DAT[191]",
        "$RCT2:OBJDATA/MONO1.DAT[199]",
        "$RCT2:OBJDATA/MONO1.DAT[207]",
        "$RCT2:OBJDATA/MONO1.DAT[215]",
        "$RCT2:OBJDATA/MONO1.DAT[223]",
        "$RCT2:OBJDATA/MONO1.DAT[231]",
        "$RCT2:OBJDATA/MONO1.DAT[239]",
        "$RCT2:OBJDATA/MONO1.DAT[247..262]",
        "$RCT2:OBJDATA/MONO1.DAT[271..283]",
        "$RCT2:OBJDATA/MONO1.DAT[285]",
        "$RCT2:OBJDATA/MONO1.DAT[287]",
        "$RCT2:OBJDATA/MONO1.DAT[289]",
        "$RCT2:OBJDATA/MONO1.DAT[291]",
        "$RCT2:OBJDATA/MONO1.DAT[293]",
        "$RCT2:OBJDATA/MONO1.DAT[295]",
        "$RCT2:OBJDATA/MONO1.DAT[297]",
        "$RCT2:OBJDATA/MONO1.DAT[299]",
        "$RCT2:OBJDATA/MONO1.DAT[301]",
        "$RCT2:OBJDATA/MONO1.DAT[303]",
        "$RCT2:OBJDATA/MONO1.DAT[305]",
        "$RCT2:OBJDATA/MONO1.DAT[307]",
        "$RCT2:OBJDATA/MONO1.DAT[309]",
        "$RCT2:OBJDATA/MONO1.DAT[311]",
        "$RCT2:OBJDATA/MONO1.DAT[313]",
        "$RCT2:OBJDATA/MONO1.DAT[315..323]",
        "$RCT2:OBJDATA/MONO1.DAT[331]",
        "$RCT2:OBJDATA/MONO1.DAT[339]",
        "$RCT2:OBJDATA/MONO1.DAT[347]",
        "$RCT2:OBJDATA/MONO1.DAT[355]",
        "$RCT2:OBJDATA/MONO1.DAT[363]",
        "$RCT2:OBJDATA/MONO1.DAT[371]",
        "$RCT2:OBJDATA/MONO1.DAT[379]",
        "$RCT2:OBJDATA/MONO1.DAT[387..402]",
        "$RCT2:OBJDATA/MONO1.DAT[411..422]"
    ]
}
