{
    "id": "rct1.ride.bobsleigh_trains",
    "authors": ["Chris Sawyer", "Simon Foster"],
    "version": "1.0",
    "originalId": "00000000|#RCT1BOB|00000000",
    "sourceGame": "rct1",
    "isCompatibilityObject": true,
    "objectType": "ride",
    "properties": {
        "type": "bobsleigh_rc",
        "category": "rollercoaster",
        "maxCarsPerTrain": 8,
        "carColours": [
            [
                ["light_blue", "white", "black"]
            ],
            [
                ["bright_red", "white", "black"]
            ]
        ],
        "cars": {
            "rotationFrameMask": 15,
            "spacing": 199680,
            "mass": 600,
            "numSeats": 2,
            "numSeatRows": 1,
            "frictionSoundId": 2,
            "soundRange": 0,
            "drawOrder": 7,
            "spriteGroups": {
                "slopeFlat":16,
                "slopes12":4,
                "slopes25":4
            },
            "hasNoUpstopWheelsBobsleigh": true,
            "hasAdditionalColour1": true,
            "hasSwinging": true,
            "hasScreamingRiders": true,
            "useSuspendedSwing": true,
            "useSlideSwing": true,
            "loadingPositions": [3, -3]
        },
        "buildMenuPriority": 2
    },
    "images": [
        { "path": "images/preview.png", "format": "raw" },
        "",
        "",
        "$CSG[34425..34632]",

        "$CSG[34633..34639]",
        "$CSG[34638..34639]",
        "$CSG[34638..34639]",
        "$CSG[34638..34639]",
        "$CSG[34661..34667]",
        "$CSG[34666..34667]",
        "$CSG[34666..34667]",
        "$CSG[34666..34667]",
        "$CSG[34689..34695]",
        "$CSG[34694..34695]",
        "$CSG[34694..34695]",
        "$CSG[34694..34695]",
        "$CSG[34717..34723]",
        "$CSG[34722..34723]",
        "$CSG[34722..34723]",
        "$CSG[34722..34723]",

        "$CSG[34647..34653]",
        "$CSG[34652..34653]",
        "$CSG[34652..34653]",
        "$CSG[34652..34653]",
        "$CSG[34675..34681]",
        "$CSG[34680..34681]",
        "$CSG[34680..34681]",
        "$CSG[34680..34681]",
        "$CSG[34703..34709]",
        "$CSG[34708..34709]",
        "$CSG[34708..34709]",
        "$CSG[34708..34709]",
        "$CSG[34731..34737]",
        "$CSG[34736..34737]",
        "$CSG[34736..34737]",
        "$CSG[34736..34737]",

        "$CSG[34640..34646]",
        "$CSG[34645..34646]",
        "$CSG[34645..34646]",
        "$CSG[34645..34646]",
        "$CSG[34668..34674]",
        "$CSG[34673..34674]",
        "$CSG[34673..34674]",
        "$CSG[34673..34674]",
        "$CSG[34696..34702]",
        "$CSG[34701..34702]",
        "$CSG[34701..34702]",
        "$CSG[34701..34702]",
        "$CSG[34724..34730]",
        "$CSG[34729..34730]",
        "$CSG[34729..34730]",
        "$CSG[34729..34730]",

        "$CSG[34654..34660]",
        "$CSG[34659..34660]",
        "$CSG[34659..34660]",
        "$CSG[34659..34660]",
        "$CSG[34682..34688]",
        "$CSG[34687..34688]",
        "$CSG[34687..34688]",
        "$CSG[34687..34688]",
        "$CSG[34710..34716]",
        "$CSG[34715..34716]",
        "$CSG[34715..34716]",
        "$CSG[34715..34716]",
        "$CSG[34738..34744]",
        "$CSG[34743..34744]",
        "$CSG[34743..34744]",
        "$CSG[34743..34744]",

        "$CSG[34745..34952]",

        "$CSG[34953..34959]",
        "$CSG[34958..34959]",
        "$CSG[34958..34959]",
        "$CSG[34958..34959]",
        "$CSG[34981..34987]",
        "$CSG[34986..34987]",
        "$CSG[34986..34987]",
        "$CSG[34986..34987]",
        "$CSG[35009..35015]",
        "$CSG[35014..35015]",
        "$CSG[35014..35015]",
        "$CSG[35014..35015]",
        "$CSG[35037..35043]",
        "$CSG[35042..35043]",
        "$CSG[35042..35043]",
        "$CSG[35042..35043]",

        "$CSG[34967..34973]",
        "$CSG[34972..34973]",
        "$CSG[34972..34973]",
        "$CSG[34972..34973]",
        "$CSG[34995..35001]",
        "$CSG[35000..35001]",
        "$CSG[35000..35001]",
        "$CSG[35000..35001]",
        "$CSG[35023..35029]",
        "$CSG[35028..35029]",
        "$CSG[35028..35029]",
        "$CSG[35028..35029]",
        "$CSG[35051..35057]",
        "$CSG[35056..35057]",
        "$CSG[35056..35057]",
        "$CSG[35056..35057]",

        "$CSG[34960..34966]",
        "$CSG[34965..34966]",
        "$CSG[34965..34966]",
        "$CSG[34965..34966]",
        "$CSG[34988..34994]",
        "$CSG[34993..34994]",
        "$CSG[34993..34994]",
        "$CSG[34993..34994]",
        "$CSG[35016..35022]",
        "$CSG[35021..35022]",
        "$CSG[35021..35022]",
        "$CSG[35021..35022]",
        "$CSG[35044..35050]",
        "$CSG[35049..35050]",
        "$CSG[35049..35050]",
        "$CSG[35049..35050]",

        "$CSG[34974..34980]",
        "$CSG[34979..34980]",
        "$CSG[34979..34980]",
        "$CSG[34979..34980]",
        "$CSG[35002..35008]",
        "$CSG[35007..35008]",
        "$CSG[35007..35008]",
        "$CSG[35007..35008]",
        "$CSG[35030..35036]",
        "$CSG[35035..35036]",
        "$CSG[35035..35036]",
        "$CSG[35035..35036]",
        "$CSG[35058..35064]",
        "$CSG[35063..35064]",
        "$CSG[35063..35064]",
        "$CSG[35063..35064]"
    ],
    "noCsgImages": [
        { "path": "images/preview.png", "format": "raw" },
        "",
        "",
        "$RCT2:OBJDATA/BOB1.DAT[3..15]",
        "$RCT2:OBJDATA/BOB1.DAT[29..41]",
        "$RCT2:OBJDATA/BOB1.DAT[55..67]",
        "$RCT2:OBJDATA/BOB1.DAT[81..93]",
        "$RCT2:OBJDATA/BOB1.DAT[107..119]",
        "$RCT2:OBJDATA/BOB1.DAT[133..145]",
        "$RCT2:OBJDATA/BOB1.DAT[159..171]",
        "$RCT2:OBJDATA/BOB1.DAT[185..197]",
        "$RCT2:OBJDATA/BOB1.DAT[211..223]",
        "$RCT2:OBJDATA/BOB1.DAT[237..249]",
        "$RCT2:OBJDATA/BOB1.DAT[263..275]",
        "$RCT2:OBJDATA/BOB1.DAT[289..301]",
        "$RCT2:OBJDATA/BOB1.DAT[315..327]",
        "$RCT2:OBJDATA/BOB1.DAT[341..353]",
        "$RCT2:OBJDATA/BOB1.DAT[367..379]",
        "$RCT2:OBJDATA/BOB1.DAT[393..405]",

        "$RCT2:OBJDATA/BOB1.DAT[419..522]",

        "$RCT2:OBJDATA/BOB1.DAT[523..535]",
        "$RCT2:OBJDATA/BOB1.DAT[627..639]",
        "$RCT2:OBJDATA/BOB1.DAT[731..743]",
        "$RCT2:OBJDATA/BOB1.DAT[835..847]",
        "$RCT2:OBJDATA/BOB1.DAT[939..951]",
        "$RCT2:OBJDATA/BOB1.DAT[1043..1055]",
        "$RCT2:OBJDATA/BOB1.DAT[1147..1159]",
        "$RCT2:OBJDATA/BOB1.DAT[1251..1263]",

        "$RCT2:OBJDATA/BOB1.DAT[1355..1367]",
        "$RCT2:OBJDATA/BOB1.DAT[1381..1393]",
        "$RCT2:OBJDATA/BOB1.DAT[1407..1419]",
        "$RCT2:OBJDATA/BOB1.DAT[1433..1445]",
        "$RCT2:OBJDATA/BOB1.DAT[1459..1471]",
        "$RCT2:OBJDATA/BOB1.DAT[1485..1497]",
        "$RCT2:OBJDATA/BOB1.DAT[1511..1523]",
        "$RCT2:OBJDATA/BOB1.DAT[1537..1549]",
        "$RCT2:OBJDATA/BOB1.DAT[1563..1575]",
        "$RCT2:OBJDATA/BOB1.DAT[1589..1601]",
        "$RCT2:OBJDATA/BOB1.DAT[1615..1627]",
        "$RCT2:OBJDATA/BOB1.DAT[1641..1653]",
        "$RCT2:OBJDATA/BOB1.DAT[1667..1679]",
        "$RCT2:OBJDATA/BOB1.DAT[1693..1705]",
        "$RCT2:OBJDATA/BOB1.DAT[1719..1731]",
        "$RCT2:OBJDATA/BOB1.DAT[1745..1757]",

        "$RCT2:OBJDATA/BOB1.DAT[1771..1874]",

        "$RCT2:OBJDATA/BOB1.DAT[1875..1887]",
        "$RCT2:OBJDATA/BOB1.DAT[1979..1991]",
        "$RCT2:OBJDATA/BOB1.DAT[2083..2095]",
        "$RCT2:OBJDATA/BOB1.DAT[2187..2199]",
        "$RCT2:OBJDATA/BOB1.DAT[2291..2303]",
        "$RCT2:OBJDATA/BOB1.DAT[2395..2407]",
        "$RCT2:OBJDATA/BOB1.DAT[2499..2511]",
        "$RCT2:OBJDATA/BOB1.DAT[2603..2615]"
    ],
    "strings": {
        "name": {
            "en-GB": "Bobsleigh Trains",
            "fr-FR": "Bobsleigh",
            "de-DE": "Bobzüge",
            "es-ES": "Montaña Rusa Bobsleigh",
            "it-IT": "Ottovolante a slittino",
            "nl-NL": "Bobslee-trein",
            "sv-SE": "Bobslädesvagnar",
            "ko-KR": "봅슬레이 차량",
            "zh-CN": "雪橇过山车",
            "zh-TW": "雪橇飛車",
            "pt-BR": "Trens Bobsleigh",
            "cs-CZ": "Horská bobová dráha",
            "ja-JP": "ボブスレー・コースター",
            "pl-PL": "Kolejka bobslejowa",
            "ru-RU": "Бобслей-поезд",
            "eo-ZZ": "Bobsledo-Trajnoj"
        },
        "description": {
            "en-GB": "Trains consisting of 2-seater cars where the riders are behind each other",
            "fr-FR": "Les passagers descendent un parcours plein de virages à bord d'une voiture en forme de bobsleigh dirigée uniquement par les courbes et l'inclinaison de la voie semi-circulaire",
            "de-DE": "Züge mit Zweisitzerwagen, in denen die Fahrgäste hintereinander sitzen",
            "es-ES": "Los pasajeros viajan por unas vías retorcidas en vagones tipo bobsleigh guiados únicamente por la curvatura y los peraltes de la vía semicircular",
            "it-IT": "I passeggeri si fanno strada lungo un tracciato con molte curve all'interno di carrozze a forma di slittino guidate solo dalla curvatura e dall'inclinazione del tracciato semi-circolare",
            "nl-NL": "Passagiers rijden over een kronkelende baan, waarbij ze enkel worden geleid door de ronding en banking van de halfronde baan.",
            "sv-SE": "Tvåsitsiga vagnar där passagerarna sitter bakom varandra",
            "ko-KR": "2인승 열차로 구성된 연결식 열차",
            "zh-CN": "以雪橇成型的车子，在弯曲的斜坡铁轨上仅由曲率导引向下俯冲",
            "zh-TW": "以雪橇成型的車子，在彎曲的斜坡鐵軌上僅由曲率導引向下俯衝",
            "pt-BR": "Trens com carros de 2 assentos onde os passageiros sentam um atrás do outro",
            "cs-CZ": "Návštěvníci sedí za sebou ve dvojmístných vozech",
            "ja-JP": "乗客2人が前後に座るボブスレーです",
            "pl-PL": "Pasażerowie zjeżdżają krętą trasą w wagonikach przypominających bobsleje, prowadzonych jedynie przez krzywizny i wychylenia półkolistego toru",
            "ru-RU": "Поезд состоящий из двухместных вагонов, где пассажиры сидят друг за другом",
            "eo-ZZ": "Trajnoj, konsistaj de ĉaroj kun 2 seĝoj, kie la rajdantoj estas malantaŭ unu la alian"
        },
        "capacity": {
            "en-GB": "2 passengers per car",
            "fr-FR": "2 passagers par voiture",
            "de-DE": "2 Fahrgäste pro Wagen",
            "es-ES": "2 pasajeros por vagón",
            "it-IT": "2 passeggeri a carrozza",
            "nl-NL": "2 passagiers per karretje",
            "sv-SE": "2 passagerare per vagn",
            "ko-KR": "차량당 2명의 승객",
            "zh-CN": "2位乘客/每个车厢",
            "zh-TW": "2位乘客/每個車廂",
            "pt-BR": "2 passageiros por carro",
            "cs-CZ": "2 místa v každém vozu",
            "ja-JP": "各車両2名",
            "pl-PL": "2 pasażerów na wagonik",
            "ru-RU": "2 пассажира",
            "eo-ZZ": "Po 2 pasaĝeroj por ĉaro"
        }
    }
}
