{
    "id": "JoshuaJacobs.scenery_group.scgshrub",
    "authors": [
        "Chris Sawyer",
        "Simon Foster"
    ],
    "version": "1.0",
    "objectType": "scenery_group",
    "properties": {
        "entries": [
            "JoshuaJacobs.scenery_small.ts0",
            "JoshuaJacobs.scenery_small.ts1",
            "JoshuaJacobs.scenery_small.ts2",
            "JoshuaJacobs.scenery_small.ts3",
            "JoshuaJacobs.scenery_small.ts4",
            "JoshuaJacobs.scenery_small.ts5",
            "JoshuaJacobs.scenery_small.ts6",
            "JoshuaJacobs.scenery_small.tef",
            "JoshuaJacobs.scenery_small.tal",
            "JoshuaJacobs.scenery_small.tsq",
            "JoshuaJacobs.scenery_small.tht",
            "JoshuaJacobs.scenery_small.tcb",
            "JoshuaJacobs.scenery_small.tdm",
            "JoshuaJacobs.scenery_small.tsd",
            "JoshuaJacobs.scenery_small.torn1",
            "JoshuaJacobs.scenery_small.torn2",
            "JoshuaJacobs.scenery_small.tgs",
            "JoshuaJacobs.scenery_small.tus",
            "JoshuaJacobs.scenery_small.tbc",
            "JoshuaJacobs.scenery_small.tsc",
            "JoshuaJacobs.scenery_small.twf",
            "JoshuaJacobs.scenery_small.tsh0",
            "JoshuaJacobs.scenery_small.tsh1",
            "JoshuaJacobs.scenery_small.tsh2",
            "JoshuaJacobs.scenery_small.tsh3",
            "JoshuaJacobs.scenery_small.tsh4",
            "JoshuaJacobs.scenery_small.tsh5",
            "JoshuaJacobs.scenery_small.tdf",
            "JoshuaJacobs.scenery_small.tsh",
            "JoshuaJacobs.scenery_small.thrs",
            "JoshuaJacobs.scenery_small.tstd",
            "JoshuaJacobs.scenery_small.tbr",
            "JoshuaJacobs.scenery_small.ttf",
            "JoshuaJacobs.scenery_wall.whg",
            "JoshuaJacobs.scenery_wall.whgg",
            "JoshuaJacobs.scenery_wall.wch",
            "JoshuaJacobs.scenery_wall.wchg"
        ],
        "priority": 2
    },
    "images": [
        "$RCT2:OBJDATA/SCGSHRUB.DAT[0..1]"
    ],
    "strings": {
        "name": {
            "en-GB": "Shrubs and Ornaments",
            "fr-FR": "Arbustes et décorations",
            "de-DE": "Sträucher und Verzierungen",
            "es-ES": "Arbustos y ornamentos",
            "it-IT": "Arbusti e ornamenti",
            "nl-NL": "Struiken en ornamenten",
            "sv-SE": "Buskar och prydnader",
            "ko-KR": "관목과 장식품",
            "zh-CN": "灌木及装饰品",
            "zh-TW": "灌木及裝飾品",
            "pt-BR": "Arbustos e Ornamentos",
            "cs-CZ": "Keře a ornamenty",
            "ja-JP": "低木と装飾品",
            "pl-PL": "Krzewy i dekoracje",
            "ru-RU": "Кусты и Орнаменты",
            "eo-ZZ": "Arbetoj kaj Ornamaĵoj",
            "ca-ES": "Arbustos i ornaments",
            "fi-FI": "Puskat ja koristeet"
        }
    }
}
