{
    "id": "JoshuaJacobs.scenery_group.scgclass",
    "authors": [
        "Chris Sawyer",
        "Simon Foster"
    ],
    "version": "1.0",
    "objectType": "scenery_group",
    "properties": {
        "entries": [
            "JoshuaJacobs.scenery_large.scol",
            "JoshuaJacobs.scenery_small.tt1",
            "JoshuaJacobs.scenery_small.trms",
            "JoshuaJacobs.scenery_small.trws",
            "JoshuaJacobs.scenery_small.trc",
            "JoshuaJacobs.scenery_small.tqf",
            "JoshuaJacobs.scenery_wall.wrw",
            "JoshuaJacobs.scenery_wall.wrwa",
            "JoshuaJacobs.scenery_small.romroof2",
            "JoshuaJacobs.scenery_wall.wc3",
            "JoshuaJacobs.scenery_small.romroof1",
            "JoshuaJacobs.footpath_banner.bn3"
        ],
        "priority": 21,
        "entertainerCostumes": "roman"
    },
    "images": [
        "$RCT2:OBJDATA/SCGCLASS.DAT[0..1]"
    ],
    "strings": {
        "name": {
            "en-GB": "Classical/Roman Theming",
            "fr-FR": "Thème classique/romain",
            "de-DE": "Klassisches/römisches Thema",
            "es-ES": "Temática clásica/romana",
            "it-IT": "Tema romano/classico",
            "nl-NL": "Klassiek/Romeins thema",
            "sv-SE": "Klassiskt/romerskt tema",
            "ko-KR": "클래식/로마 테마",
            "zh-CN": "古典/古罗马主题",
            "zh-TW": "古典/古羅馬主題區",
            "pt-BR": "Temática Clássica/Romana",
            "cs-CZ": "Klasické/Římské kulisy",
            "ja-JP": "クラシック/ローマ風のテーマ",
            "pl-PL": "Wystrój klasyczny/rzymski",
            "ru-RU": "Рим",
            "eo-ZZ": "Klasika / Roma Temo",
            "ca-ES": "Temàtica clàssica i romana",
            "fi-FI": "Klassinen/roomalainen teemaus"
        }
    }
}
