{
    "id": "JoshuaJacobs.scenery_group.scgfence",
    "authors": [
        "Chris Sawyer",
        "Simon Foster"
    ],
    "version": "1.0",
    "objectType": "scenery_group",
    "properties": {
        "entries": [
            "JoshuaJacobs.scenery_wall.wmf",
            "JoshuaJacobs.scenery_wall.wmfg",
            "JoshuaJacobs.scenery_wall.wsw",
            "JoshuaJacobs.scenery_wall.wswg",
            "JoshuaJacobs.scenery_wall.wfw1",
            "JoshuaJacobs.scenery_wall.wfwg",
            "JoshuaJacobs.scenery_wall.wpf",
            "JoshuaJacobs.scenery_wall.wpfg",
            "JoshuaJacobs.scenery_wall.wsw1",
            "JoshuaJacobs.scenery_wall.wsw2",
            "JoshuaJacobs.scenery_wall.wbr1",
            "JoshuaJacobs.scenery_wall.wbrg",
            "JoshuaJacobs.scenery_wall.wbr2",
            "JoshuaJacobs.scenery_wall.wbr3",
            "JoshuaJacobs.scenery_wall.wallmm16",
            "JoshuaJacobs.scenery_wall.wallmm17"
        ],
        "priority": 4
    },
    "images": [
        "$RCT2:OBJDATA/SCGFENCE.DAT[0..1]"
    ],
    "strings": {
        "name": {
            "en-GB": "Fences and Walls",
            "fr-FR": "Clôtures et façades",
            "de-DE": "Zäune und Mauern",
            "es-ES": "Vallas y paredes",
            "it-IT": "Recinti e muri",
            "nl-NL": "Hekken en muren",
            "sv-SE": "Staket och murar",
            "ko-KR": "울타리와 벽",
            "zh-CN": "栅栏和墙",
            "zh-TW": "柵欄和牆",
            "pt-BR": "Cercas e Muros",
            "cs-CZ": "Ploty a stěny",
            "ja-JP": "フェンスと壁",
            "pl-PL": "Płoty i ściany",
            "ru-RU": "Ограды и стены",
            "eo-ZZ": "Bariloj kaj Muroj",
            "ca-ES": "Tanques i parets",
            "fi-FI": "Aidat ja seinät"
        }
    }
}
