{
    "id": "JoshuaJacobs.scenery_group.scggiant",
    "authors": [
        "Chris Sawyer",
        "Simon Foster"
    ],
    "version": "1.0",
    "objectType": "scenery_group",
    "properties": {
        "entries": [
            "JoshuaJacobs.scenery_small.ggrs1",
            "JoshuaJacobs.scenery_small.carrot",
            "JoshuaJacobs.scenery_small.fern1",
            "JoshuaJacobs.scenery_small.spider1",
            "JoshuaJacobs.scenery_small.beanst1",
            "JoshuaJacobs.scenery_small.beanst2",
            "JoshuaJacobs.scenery_small.buttfly",
            "JoshuaJacobs.scenery_small.snail",
            "JoshuaJacobs.scenery_small.wasp",
            "JoshuaJacobs.footpath_item.lampdsy"
        ],
        "priority": 36
    },
    "images": [
        "$RCT2:OBJDATA/SCGGIANT.DAT[0..1]"
    ],
    "strings": {
        "name": {
            "en-GB": "Giant Garden Theming",
            "fr-FR": "Thème Jardin géant",
            "de-DE": "Riesengarten-Thema",
            "es-ES": "Temática jardín gigante",
            "it-IT": "Tema giardino gigante",
            "nl-NL": "Gigantische-tuin-thema",
            "sv-SE": "Gigantisk trädgård-tema",
            "ko-KR": "대형 정원 테마",
            "zh-CN": "巨大花园主题",
            "zh-TW": "巨大花園主題區",
            "pt-BR": "Temática de Jardim Gigante",
            "cs-CZ": "Kulisy obrovských zahrad",
            "ja-JP": "巨大花壇風のテーマ",
            "pl-PL": "Wystrój ogrodu olbrzymów",
            "ru-RU": "Гигантский Сад",
            "eo-ZZ": "Temo de Giganta Ĝardeno",
            "ca-ES": "Temàtica de jardí gegant",
            "fi-FI": "Jättipuutarhateemaus"
        }
    }
}
