{
    "id": "JoshuaJacobs.scenery_group.scgsport",
    "authors": [
        "Chris Sawyer",
        "Simon Foster"
    ],
    "version": "1.0",
    "objectType": "scenery_group",
    "properties": {
        "entries": [
            "JoshuaJacobs.scenery_small.ball1",
            "JoshuaJacobs.scenery_small.ball2",
            "JoshuaJacobs.scenery_small.helmet1",
            "JoshuaJacobs.scenery_small.ball3",
            "JoshuaJacobs.scenery_large.badrack",
            "JoshuaJacobs.scenery_wall.wallbadm",
            "JoshuaJacobs.scenery_small.badshut",
            "JoshuaJacobs.scenery_small.badshut2",
            "JoshuaJacobs.scenery_small.ball4",
            "JoshuaJacobs.scenery_wall.wallnt32",
            "JoshuaJacobs.scenery_wall.wallnt33",
            "JoshuaJacobs.footpath_item.benchpl"
        ],
        "priority": 38
    },
    "images": [
        "$RCT2:OBJDATA/SCGSPORT.DAT[0..1]"
    ],
    "strings": {
        "name": {
            "en-GB": "Sports Theming",
            "fr-FR": "Thème Sports",
            "de-DE": "Sport-Thema",
            "es-ES": "Temática deportiva",
            "it-IT": "Tema sportivo",
            "nl-NL": "Sportthema",
            "sv-SE": "Sportstema",
            "ko-KR": "스포츠 테마",
            "zh-CN": "运动主题",
            "zh-TW": "運動主題區",
            "pt-BR": "Temática Esportiva",
            "cs-CZ": "Sportovní kulisy",
            "ja-JP": "スポーツ風のテーマ",
            "pl-PL": "Wystrój sportowy",
            "ru-RU": "Спорт",
            "eo-ZZ": "Temo de Sportoj",
            "ca-ES": "Temàtica esportiva",
            "fi-FI": "Urheiluteemaus"
        }
    }
}
