{
    "id": "JoshuaJacobs.scenery_group.scgindus",
    "authors": [
        "Chris Sawyer",
        "Simon Foster"
    ],
    "version": "1.0",
    "objectType": "scenery_group",
    "properties": {
        "entries": [
            "JoshuaJacobs.scenery_small.cog1",
            "JoshuaJacobs.scenery_small.cog1r",
            "JoshuaJacobs.scenery_small.cog1u",
            "JoshuaJacobs.scenery_small.cog1ur",
            "JoshuaJacobs.scenery_small.cog2",
            "JoshuaJacobs.scenery_small.cog2r",
            "JoshuaJacobs.scenery_small.cog2u",
            "JoshuaJacobs.scenery_small.cog2ur",
            "JoshuaJacobs.scenery_small.fire1",
            "JoshuaJacobs.scenery_small.pipe8",
            "JoshuaJacobs.scenery_small.pipe32",
            "JoshuaJacobs.scenery_small.pipe32j",
            "JoshuaJacobs.scenery_wall.wallst8",
            "JoshuaJacobs.scenery_wall.wallst16",
            "JoshuaJacobs.scenery_wall.wallstwn",
            "JoshuaJacobs.scenery_wall.wallst32",
            "JoshuaJacobs.scenery_small.stbase",
            "JoshuaJacobs.scenery_small.stldw",
            "JoshuaJacobs.scenery_small.stldw2",
            "JoshuaJacobs.scenery_small.stlbaset",
            "JoshuaJacobs.scenery_wall.wallsc16",
            "JoshuaJacobs.scenery_wall.wallstfn"
        ],
        "priority": 35
    },
    "images": [
        "$RCT2:OBJDATA/SCGINDUS.DAT[0..1]"
    ],
    "strings": {
        "name": {
            "en-GB": "Mechanical Theming",
            "fr-FR": "Thème Mécanique",
            "de-DE": "Maschinenthema",
            "es-ES": "Temática mecánica",
            "it-IT": "Tema meccanico",
            "nl-NL": "Mechanisch thema",
            "sv-SE": "Mekaniktema",
            "ko-KR": "기계 테마",
            "zh-CN": "机械主题",
            "zh-TW": "機械主題區",
            "pt-BR": "Temática Mecânica",
            "cs-CZ": "Mechanické kulisy",
            "ja-JP": "機械風のテーマ",
            "pl-PL": "Wystrój mechaniczny",
            "ru-RU": "Техника",
            "eo-ZZ": "Mekanika Temo",
            "ca-ES": "Temàtica mecànica",
            "fi-FI": "Mekaaninen teemaus"
        }
    }
}
