{
    "id": "JoshuaJacobs.scenery_group.scgspook",
    "authors": [
        "Chris Sawyer",
        "Simon Foster"
    ],
    "version": "1.0",
    "objectType": "scenery_group",
    "properties": {
        "entries": [
            "JoshuaJacobs.scenery_large.ssk1",
            "JoshuaJacobs.scenery_small.tdt1",
            "JoshuaJacobs.scenery_small.tdt2",
            "JoshuaJacobs.scenery_small.tdt3",
            "JoshuaJacobs.scenery_small.tmm1",
            "JoshuaJacobs.scenery_small.tmm2",
            "JoshuaJacobs.scenery_small.tmm3",
            "JoshuaJacobs.scenery_small.tgs1",
            "JoshuaJacobs.scenery_small.tgs2",
            "JoshuaJacobs.scenery_small.tgs3",
            "JoshuaJacobs.scenery_small.tgs4",
            "JoshuaJacobs.scenery_small.smskull",
            "JoshuaJacobs.scenery_wall.wallrk32"
        ],
        "priority": 32
    },
    "images": [
        "$RCT2:OBJDATA/SCGSPOOK.DAT[0..1]"
    ],
    "strings": {
        "name": {
            "en-GB": "Spooky Theming",
            "fr-FR": "Thème Terreur",
            "de-DE": "Spukthema",
            "es-ES": "Temática fantasmal",
            "it-IT": "Tema spettrale",
            "nl-NL": "Spookthema",
            "sv-SE": "Spöktema",
            "ko-KR": "으스스한 테마",
            "zh-CN": "幽灵主题",
            "zh-TW": "幽靈主題區",
            "pt-BR": "Temática Fantasmagórica",
            "cs-CZ": "Strašidelné kulisy",
            "ja-JP": "薄気味悪いテーマ",
            "pl-PL": "Wystrój straszliwy",
            "ru-RU": "Страшилки",
            "eo-ZZ": "Timigeta Temo",
            "ca-ES": "Temàtica fantasmagòrica",
            "fi-FI": "Aavemainen teemaus"
        }
    }
}
