{
    "id": "JoshuaJacobs.scenery_group.scgmedie",
    "authors": [
        "Chris Sawyer",
        "Simon Foster"
    ],
    "version": "1.0",
    "objectType": "scenery_group",
    "properties": {
        "entries": [
            "JoshuaJacobs.scenery_small.tct1",
            "JoshuaJacobs.scenery_large.stb1",
            "JoshuaJacobs.scenery_large.stb2",
            "JoshuaJacobs.scenery_wall.wc1",
            "JoshuaJacobs.scenery_wall.wc4",
            "JoshuaJacobs.scenery_wall.wc5",
            "JoshuaJacobs.scenery_wall.wc6",
            "JoshuaJacobs.scenery_wall.wc7",
            "JoshuaJacobs.scenery_wall.wc8",
            "JoshuaJacobs.scenery_wall.wallcz32",
            "JoshuaJacobs.scenery_wall.wallcy32",
            "JoshuaJacobs.scenery_small.tct2",
            "JoshuaJacobs.scenery_large.stg1",
            "JoshuaJacobs.scenery_large.stg2",
            "JoshuaJacobs.scenery_wall.wc2",
            "JoshuaJacobs.scenery_wall.wc9",
            "JoshuaJacobs.scenery_wall.wc10",
            "JoshuaJacobs.scenery_wall.wc11",
            "JoshuaJacobs.scenery_wall.wc12",
            "JoshuaJacobs.scenery_wall.wc13",
            "JoshuaJacobs.scenery_wall.wallcw32",
            "JoshuaJacobs.scenery_wall.wallcx32",
            "JoshuaJacobs.scenery_small.tcn",
            "JoshuaJacobs.scenery_small.ttg",
            "JoshuaJacobs.scenery_large.sct",
            "JoshuaJacobs.scenery_large.soh1",
            "JoshuaJacobs.scenery_large.soh2",
            "JoshuaJacobs.scenery_large.soh3",
            "JoshuaJacobs.scenery_wall.wpw3",
            "JoshuaJacobs.scenery_wall.wallcfpc",
            "JoshuaJacobs.scenery_wall.wallcbpc"
        ],
        "priority": 27
    },
    "images": [
        "$RCT2:OBJDATA/SCGMEDIE.DAT[0..1]"
    ],
    "strings": {
        "name": {
            "en-GB": "Medieval Theming",
            "fr-FR": "Thème Médiéval",
            "de-DE": "Mittelalterthema",
            "es-ES": "Temática medieval",
            "it-IT": "Tema medievale",
            "nl-NL": "Middeleeuws thema",
            "sv-SE": "Medeltidstema",
            "ko-KR": "중세 테마",
            "zh-CN": "中古世纪主题",
            "zh-TW": "中古世紀主題區",
            "pt-BR": "Temática Medieval",
            "cs-CZ": "Středověké kulisy",
            "ja-JP": "中世風のテーマ",
            "pl-PL": "Wystrój średniowieczny",
            "ru-RU": "Средневековье",
            "eo-ZZ": "Mezepoka Temo",
            "ca-ES": "Temàtica medieval",
            "fi-FI": "Keskiaikainen teemaus"
        }
    }
}
