{
    "id": "rct1.ride.vertical_drop_trains",
    "authors": [
        "Chris Sawyer",
        "Simon Foster"
    ],
    "version": "1.0",
    "originalId": "00000000|#RCT1BMD|00000000",
    "sourceGame": "rct1",
    "isCompatibilityObject": true,
    "objectType": "ride",
    "properties": {
        "type": "vertical_drop_rc",
        "category": "rollercoaster",
        "limitAirTimeBonus": true,
        "maxCarsPerTrain": 3,
        "carColours": [
            [
                [
                    "black",
                    "light_orange",
                    "black"
                ]
            ]
        ],
        "cars": {
            "rotationFrameMask": 15,
            "spacing": 174080,
            "mass": 2000,
            "numSeats": 6,
            "numSeatRows": 3,
            "frictionSoundId": 2,
            "soundRange": 0,
            "drawOrder": 7,
            "spriteGroups": {
                "slopeFlat": 16,
                "slopes12": 4,
                "slopes25": 16,
                "slopes42": 8,
                "slopes60": 16,
                "slopes75": 4,
                "slopes90": 4,
                "slopesLoop": 4,
                "slopeInverted": 4,
                "flatBanked22": 8,
                "flatBanked45": 16,
                "slopes8": 4,
                "slopes16": 4,
                "slopes50": 4,
                "slopes12Banked22": 16,
                "slopes8Banked22": 4,
                "restraintAnimation": 4
            },
            "hasAdditionalColour1": true,
            "hasScreamingRiders": true,
            "loadingPositions": [
                3,
                -3,
                3,
                -3,
                3,
                -3
            ]
        },
        "buildMenuPriority": 1
    },
    "images": [
        { "path": "images/preview.png", "format": "raw" },
        "",
        "",
        "$CSG[38173..38228]",
        "$CSG[38229]",
        "$CSG[38453]",
        "$CSG[38230]",
        "$CSG[38454]",
        "$CSG[38231]",
        "$CSG[38455]",
        "$CSG[38232]",
        "$CSG[38456]",
        "$CSG[38233]",
        "$CSG[38469]",
        "$CSG[38234]",
        "$CSG[38470]",
        "$CSG[38235]",
        "$CSG[38471]",
        "$CSG[38236]",
        "$CSG[38472]",
        "$CSG[38237..38284]",
        "$CSG[38341..38344]",
        "$CSG[38365..38368]",
        "$CSG[38345..38348]",
        "$CSG[38369..38372]",
        "$CSG[38349..38352]",
        "$CSG[38373..38376]",
        "$CSG[38353..38356]",
        "$CSG[38377..38380]",
        "$CSG[38357..38360]",
        "$CSG[38381..38384]",
        "$CSG[38361..38364]",
        "$CSG[38445..38448]",
        "$CSG[38461..38464]",
        "$CSG[38449..38452]",
        "$CSG[38465..38468]",
        "$CSG[38457..38460]",
        "$CSG[38473..38476]",
        "$CSG[38285]",
        "$CSG[38493]",
        "$CSG[38286]",
        "$CSG[38494]",
        "$CSG[38287]",
        "$CSG[38495]",
        "$CSG[38288]",
        "$CSG[38496]",
        "$CSG[38289]",
        "$CSG[38497]",
        "$CSG[38290]",
        "$CSG[38498]",
        "$CSG[38291]",
        "$CSG[38499]",
        "$CSG[38292]",
        "$CSG[38500]",
        "$CSG[38293..38324]",
        "$CSG[38325]",
        "$CSG[38385..38387]",
        "$CSG[38326]",
        "$CSG[38388..38390]",
        "$CSG[38327]",
        "$CSG[38391..38393]",
        "$CSG[38328]",
        "$CSG[38394..38396]",
        "$CSG[38329]",
        "$CSG[38397..38399]",
        "$CSG[38330]",
        "$CSG[38400..38402]",
        "$CSG[38331]",
        "$CSG[38403..38405]",
        "$CSG[38332]",
        "$CSG[38406..38408]",
        "$CSG[38333]",
        "$CSG[38409..38411]",
        "$CSG[38334]",
        "$CSG[38412..38414]",
        "$CSG[38335]",
        "$CSG[38415..38417]",
        "$CSG[38336]",
        "$CSG[38418..38420]",
        "$CSG[38337]",
        "$CSG[38421..38423]",
        "$CSG[38338]",
        "$CSG[38424..38426]",
        "$CSG[38339]",
        "$CSG[38427..38429]",
        "$CSG[38340]",
        "$CSG[38430..38432]",
        "$CSG[38477..38492]",
        "$CSG[38433]",
        "$CSG[38436]",
        "$CSG[38439]",
        "$CSG[38442]",
        "$CSG[38434]",
        "$CSG[38437]",
        "$CSG[38440]",
        "$CSG[38443]",
        "$CSG[38435]",
        "$CSG[38438]",
        "$CSG[38441]",
        "$CSG[38444]",
        "$CSG[38501..38556]",
        "$CSG[38557]",
        "$CSG[38781]",
        "$CSG[38558]",
        "$CSG[38782]",
        "$CSG[38559]",
        "$CSG[38783]",
        "$CSG[38560]",
        "$CSG[38784]",
        "$CSG[38561]",
        "$CSG[38797]",
        "$CSG[38562]",
        "$CSG[38798]",
        "$CSG[38563]",
        "$CSG[38799]",
        "$CSG[38564]",
        "$CSG[38800]",
        "$CSG[38565..38612]",
        "$CSG[38669..38672]",
        "$CSG[38693..38696]",
        "$CSG[38673..38676]",
        "$CSG[38697..38700]",
        "$CSG[38677..38680]",
        "$CSG[38701..38704]",
        "$CSG[38681..38684]",
        "$CSG[38705..38708]",
        "$CSG[38685..38688]",
        "$CSG[38709..38712]",
        "$CSG[38689..38692]",
        "$CSG[38773..38776]",
        "$CSG[38789..38792]",
        "$CSG[38777..38780]",
        "$CSG[38793..38796]",
        "$CSG[38785..38788]",
        "$CSG[38801..38804]",
        "$CSG[38613]",
        "$CSG[38821]",
        "$CSG[38614]",
        "$CSG[38822]",
        "$CSG[38615]",
        "$CSG[38823]",
        "$CSG[38616]",
        "$CSG[38824]",
        "$CSG[38617]",
        "$CSG[38825]",
        "$CSG[38618]",
        "$CSG[38826]",
        "$CSG[38619]",
        "$CSG[38827]",
        "$CSG[38620]",
        "$CSG[38828]",
        "$CSG[38621..38652]",
        "$CSG[38653]",
        "$CSG[38713..38715]",
        "$CSG[38654]",
        "$CSG[38716..38718]",
        "$CSG[38655]",
        "$CSG[38719..38721]",
        "$CSG[38656]",
        "$CSG[38722..38724]",
        "$CSG[38657]",
        "$CSG[38725..38727]",
        "$CSG[38658]",
        "$CSG[38728..38730]",
        "$CSG[38659]",
        "$CSG[38731..38733]",
        "$CSG[38660]",
        "$CSG[38734..38736]",
        "$CSG[38661]",
        "$CSG[38737..38739]",
        "$CSG[38662]",
        "$CSG[38740..38742]",
        "$CSG[38663]",
        "$CSG[38743..38745]",
        "$CSG[38664]",
        "$CSG[38746..38748]",
        "$CSG[38665]",
        "$CSG[38749..38751]",
        "$CSG[38666]",
        "$CSG[38752..38754]",
        "$CSG[38667]",
        "$CSG[38755..38757]",
        "$CSG[38668]",
        "$CSG[38758..38760]",
        "$CSG[38805..38820]",
        "$CSG[38761]",
        "$CSG[38764]",
        "$CSG[38767]",
        "$CSG[38770]",
        "$CSG[38762]",
        "$CSG[38765]",
        "$CSG[38768]",
        "$CSG[38771]",
        "$CSG[38763]",
        "$CSG[38766]",
        "$CSG[38769]",
        "$CSG[38772]",
        "$CSG[38829..38884]",
        "$CSG[38885]",
        "$CSG[39109]",
        "$CSG[38886]",
        "$CSG[39110]",
        "$CSG[38887]",
        "$CSG[39111]",
        "$CSG[38888]",
        "$CSG[39112]",
        "$CSG[38889]",
        "$CSG[39125]",
        "$CSG[38890]",
        "$CSG[39126]",
        "$CSG[38891]",
        "$CSG[39127]",
        "$CSG[38892]",
        "$CSG[39128]",
        "$CSG[38893..38940]",
        "$CSG[38997..39000]",
        "$CSG[39021..39024]",
        "$CSG[39001..39004]",
        "$CSG[39025..39028]",
        "$CSG[39005..39008]",
        "$CSG[39029..39032]",
        "$CSG[39009..39012]",
        "$CSG[39033..39036]",
        "$CSG[39013..39016]",
        "$CSG[39037..39040]",
        "$CSG[39017..39020]",
        "$CSG[39101..39104]",
        "$CSG[39117..39120]",
        "$CSG[39105..39108]",
        "$CSG[39121..39124]",
        "$CSG[39113..39116]",
        "$CSG[39129..39132]",
        "$CSG[38941]",
        "$CSG[39149]",
        "$CSG[38942]",
        "$CSG[39150]",
        "$CSG[38943]",
        "$CSG[39151]",
        "$CSG[38944]",
        "$CSG[39152]",
        "$CSG[38945]",
        "$CSG[39153]",
        "$CSG[38946]",
        "$CSG[39154]",
        "$CSG[38947]",
        "$CSG[39155]",
        "$CSG[38948]",
        "$CSG[39156]",
        "$CSG[38949..38980]",
        "$CSG[38981]",
        "$CSG[39041..39043]",
        "$CSG[38982]",
        "$CSG[39044..39046]",
        "$CSG[38983]",
        "$CSG[39047..39049]",
        "$CSG[38984]",
        "$CSG[39050..39052]",
        "$CSG[38985]",
        "$CSG[39053..39055]",
        "$CSG[38986]",
        "$CSG[39056..39058]",
        "$CSG[38987]",
        "$CSG[39059..39061]",
        "$CSG[38988]",
        "$CSG[39062..39064]",
        "$CSG[38989]",
        "$CSG[39065..39067]",
        "$CSG[38990]",
        "$CSG[39068..39070]",
        "$CSG[38991]",
        "$CSG[39071..39073]",
        "$CSG[38992]",
        "$CSG[39074..39076]",
        "$CSG[38993]",
        "$CSG[39077..39079]",
        "$CSG[38994]",
        "$CSG[39080..39082]",
        "$CSG[38995]",
        "$CSG[39083..39085]",
        "$CSG[38996]",
        "$CSG[39086..39088]",
        "$CSG[39133..39148]",
        "$CSG[39089]",
        "$CSG[39092]",
        "$CSG[39095]",
        "$CSG[39098]",
        "$CSG[39090]",
        "$CSG[39093]",
        "$CSG[39096]",
        "$CSG[39099]",
        "$CSG[39091]",
        "$CSG[39094]",
        "$CSG[39097]",
        "$CSG[39100]",
        "$CSG[39157..39212]",
        "$CSG[39213]",
        "$CSG[39437]",
        "$CSG[39214]",
        "$CSG[39438]",
        "$CSG[39215]",
        "$CSG[39439]",
        "$CSG[39216]",
        "$CSG[39440]",
        "$CSG[39217]",
        "$CSG[39453]",
        "$CSG[39218]",
        "$CSG[39454]",
        "$CSG[39219]",
        "$CSG[39455]",
        "$CSG[39220]",
        "$CSG[39456]",
        "$CSG[39221..39268]",
        "$CSG[39325..39328]",
        "$CSG[39349..39352]",
        "$CSG[39329..39332]",
        "$CSG[39353..39356]",
        "$CSG[39333..39336]",
        "$CSG[39357..39360]",
        "$CSG[39337..39340]",
        "$CSG[39361..39364]",
        "$CSG[39341..39344]",
        "$CSG[39365..39368]",
        "$CSG[39345..39348]",
        "$CSG[39429..39432]",
        "$CSG[39445..39448]",
        "$CSG[39433..39436]",
        "$CSG[39449..39452]",
        "$CSG[39441..39444]",
        "$CSG[39457..39460]",
        "$CSG[39269]",
        "$CSG[39477]",
        "$CSG[39270]",
        "$CSG[39478]",
        "$CSG[39271]",
        "$CSG[39479]",
        "$CSG[39272]",
        "$CSG[39480]",
        "$CSG[39273]",
        "$CSG[39481]",
        "$CSG[39274]",
        "$CSG[39482]",
        "$CSG[39275]",
        "$CSG[39483]",
        "$CSG[39276]",
        "$CSG[39484]",
        "$CSG[39277..39308]",
        "$CSG[39309]",
        "$CSG[39369..39371]",
        "$CSG[39310]",
        "$CSG[39372..39374]",
        "$CSG[39311]",
        "$CSG[39375..39377]",
        "$CSG[39312]",
        "$CSG[39378..39380]",
        "$CSG[39313]",
        "$CSG[39381..39383]",
        "$CSG[39314]",
        "$CSG[39384..39386]",
        "$CSG[39315]",
        "$CSG[39387..39389]",
        "$CSG[39316]",
        "$CSG[39390..39392]",
        "$CSG[39317]",
        "$CSG[39393..39395]",
        "$CSG[39318]",
        "$CSG[39396..39398]",
        "$CSG[39319]",
        "$CSG[39399..39401]",
        "$CSG[39320]",
        "$CSG[39402..39404]",
        "$CSG[39321]",
        "$CSG[39405..39407]",
        "$CSG[39322]",
        "$CSG[39408..39410]",
        "$CSG[39323]",
        "$CSG[39411..39413]",
        "$CSG[39324]",
        "$CSG[39414..39416]",
        "$CSG[39461..39476]",
        "$CSG[39417]",
        "$CSG[39420]",
        "$CSG[39423]",
        "$CSG[39426]",
        "$CSG[39418]",
        "$CSG[39421]",
        "$CSG[39424]",
        "$CSG[39427]",
        "$CSG[39419]",
        "$CSG[39422]",
        "$CSG[39425]",
        "$CSG[39428]"
    ],
    "strings": {
        "name": {
            "en-GB": "Six-seater Twister Trains",
            "fr-FR": "Montagnes russes en chute vert.",
            "de-DE": "6-Sitzer-Twister-Züge",
            "es-ES": "Montaña Rusa Caída Vertical",
            "it-IT": "Ottovolante a caduta verticale",
            "nl-NL": "Trein voor verticale achtbaan",
            "sv-SE": "Sexsitsiga twistervagnar",
            "ko-KR": "6인승 트위스터 차량",
            "zh-CN": "自由落体过山车",
            "zh-TW": "自由落體雲霄飛車",
            "pt-BR": "Trens Tornado (6 assentos)",
            "cs-CZ": "Šestimístná zakroucená horská dráha",
            "ja-JP": "バーティカル・ドロップ・ジェットコースター",
            "pl-PL": "Pionospadajka",
            "ru-RU": "Вертикальные горки",
            "eo-ZZ": "Tvisto-Trajnoj kun Ses Seĝoj"
        },
        "description": {
            "en-GB": "Roller coaster trains with extra-wide cars, built for vertical drops",
            "fr-FR": "Des voitures très larges descendent des voies en pente verticale. Pour amateurs de chute libre",
            "de-DE": "Achterbahnzüge mit besonders breiten Wagen, für vertikale Gefälle ausgelegt",
            "es-ES": "Vagones superanchos descienden completamente verticales para una experiencia definitiva",
            "it-IT": "Carrozze larghissime scendono giù per un tracciato completamente in verticale per offrire l'esperienza di caduta libera definitiva per quel che riguarda un ottovolante",
            "nl-NL": "Extra brede karretjes rijden over een compleet verticale baan voor de ultieme vrijevalbeleving.",
            "sv-SE": "Extra breda berg- och dalbanevagnar byggda för vertikala stup",
            "ko-KR": "자유 낙하의 극한 경험을 선사하기 위해 완전히 수직 경사 트랙을 따라 하강하는 아주 폭이 넓은 차량",
            "zh-CN": "完全延着垂直斜度轨道落下的附加大型列车体验由顶点自由落下的快感",
            "zh-TW": "完全延著垂直斜度軌道落下的附加大型列車體驗由頂點自由落下的快感",
            "pt-BR": "Trens de montanha-russa extralargos feitos para queda livre",
            "cs-CZ": "Extra-široké vozy letí dolů po zcela kolmé dráze a poskytují tím pocit volného pádu",
            "ja-JP": "超幅広の車両が垂直に切り立ったコースを降下する、究極のフリーフォール体験ができるコースターです",
            "pl-PL": "Bardzo szerokie wagoniki zjeżdżają po całkowicie pionowym torze, zapewniając pasażerom jedyne w swoim rodzaju wrażenie swobodnego spadania",
            "ru-RU": "Широкие вагончики падают по вертикальному треку.",
            "eo-ZZ": "Trajnoj de onda fervojo kun ekstra-larĝaj ĉaroj, konstruitaj por vertikalaj faloj"
        },
        "capacity": {
            "en-GB": "6 passengers per car",
            "fr-FR": "6 passagers par voiture",
            "de-DE": "6 Fahrgäste pro Wagen",
            "es-ES": "6 pasajeros por vagón",
            "it-IT": "6 passeggeri a carrozza",
            "nl-NL": "6 passagiers per karretje",
            "sv-SE": "6 passagerare per vagn",
            "ko-KR": "차량당 6명의 승객",
            "zh-CN": "6 位乘客/每个车厢",
            "zh-TW": "6 位乘客/每個車廂",
            "pt-BR": "6 passageiros por carro",
            "cs-CZ": "4 místa v každém voze",
            "ja-JP": "各車両6名",
            "pl-PL": "6 pasażerów na wagonik",
            "ru-RU": "6 пассажиров",
            "eo-ZZ": "Po 6 pasaĝeroj por ĉaro"
        }
    },
    "noCsgImages": [
        { "path": "images/preview.png", "format": "raw" },
        "",
        "",
        "$RCT2:OBJDATA/BMVD.DAT[3]",
        "$RCT2:OBJDATA/BMVD.DAT[5]",
        "$RCT2:OBJDATA/BMVD.DAT[7]",
        "$RCT2:OBJDATA/BMVD.DAT[9]",
        "$RCT2:OBJDATA/BMVD.DAT[11]",
        "$RCT2:OBJDATA/BMVD.DAT[13]",
        "$RCT2:OBJDATA/BMVD.DAT[15]",
        "$RCT2:OBJDATA/BMVD.DAT[17]",
        "$RCT2:OBJDATA/BMVD.DAT[19]",
        "$RCT2:OBJDATA/BMVD.DAT[21]",
        "$RCT2:OBJDATA/BMVD.DAT[23]",
        "$RCT2:OBJDATA/BMVD.DAT[25]",
        "$RCT2:OBJDATA/BMVD.DAT[27]",
        "$RCT2:OBJDATA/BMVD.DAT[29]",
        "$RCT2:OBJDATA/BMVD.DAT[31]",
        "$RCT2:OBJDATA/BMVD.DAT[33]",
        "$RCT2:OBJDATA/BMVD.DAT[35..43]",
        "$RCT2:OBJDATA/BMVD.DAT[45]",
        "$RCT2:OBJDATA/BMVD.DAT[47]",
        "$RCT2:OBJDATA/BMVD.DAT[49]",
        "$RCT2:OBJDATA/BMVD.DAT[51]",
        "$RCT2:OBJDATA/BMVD.DAT[53]",
        "$RCT2:OBJDATA/BMVD.DAT[55]",
        "$RCT2:OBJDATA/BMVD.DAT[57]",
        "$RCT2:OBJDATA/BMVD.DAT[59]",
        "$RCT2:OBJDATA/BMVD.DAT[61]",
        "$RCT2:OBJDATA/BMVD.DAT[63]",
        "$RCT2:OBJDATA/BMVD.DAT[65]",
        "$RCT2:OBJDATA/BMVD.DAT[67]",
        "$RCT2:OBJDATA/BMVD.DAT[69]",
        "$RCT2:OBJDATA/BMVD.DAT[71]",
        "$RCT2:OBJDATA/BMVD.DAT[73]",
        "$RCT2:OBJDATA/BMVD.DAT[75]",
        "$RCT2:OBJDATA/BMVD.DAT[77]",
        "$RCT2:OBJDATA/BMVD.DAT[79]",
        "$RCT2:OBJDATA/BMVD.DAT[81]",
        "$RCT2:OBJDATA/BMVD.DAT[83]",
        "$RCT2:OBJDATA/BMVD.DAT[85]",
        "$RCT2:OBJDATA/BMVD.DAT[87]",
        "$RCT2:OBJDATA/BMVD.DAT[89]",
        "$RCT2:OBJDATA/BMVD.DAT[91]",
        "$RCT2:OBJDATA/BMVD.DAT[93]",
        "$RCT2:OBJDATA/BMVD.DAT[95]",
        "$RCT2:OBJDATA/BMVD.DAT[97]",
        "$RCT2:OBJDATA/BMVD.DAT[99]",
        "$RCT2:OBJDATA/BMVD.DAT[101]",
        "$RCT2:OBJDATA/BMVD.DAT[103]",
        "$RCT2:OBJDATA/BMVD.DAT[105]",
        "$RCT2:OBJDATA/BMVD.DAT[107..123]",
        "$RCT2:OBJDATA/BMVD.DAT[125]",
        "$RCT2:OBJDATA/BMVD.DAT[127]",
        "$RCT2:OBJDATA/BMVD.DAT[129]",
        "$RCT2:OBJDATA/BMVD.DAT[131]",
        "$RCT2:OBJDATA/BMVD.DAT[133]",
        "$RCT2:OBJDATA/BMVD.DAT[135]",
        "$RCT2:OBJDATA/BMVD.DAT[137]",
        "$RCT2:OBJDATA/BMVD.DAT[139]",
        "$RCT2:OBJDATA/BMVD.DAT[141]",
        "$RCT2:OBJDATA/BMVD.DAT[143]",
        "$RCT2:OBJDATA/BMVD.DAT[145]",
        "$RCT2:OBJDATA/BMVD.DAT[147]",
        "$RCT2:OBJDATA/BMVD.DAT[149]",
        "$RCT2:OBJDATA/BMVD.DAT[151]",
        "$RCT2:OBJDATA/BMVD.DAT[153]",
        "$RCT2:OBJDATA/BMVD.DAT[155]",
        "$RCT2:OBJDATA/BMVD.DAT[157]",
        "$RCT2:OBJDATA/BMVD.DAT[159]",
        "$RCT2:OBJDATA/BMVD.DAT[161]",
        "$RCT2:OBJDATA/BMVD.DAT[163]",
        "$RCT2:OBJDATA/BMVD.DAT[165]",
        "$RCT2:OBJDATA/BMVD.DAT[167]",
        "$RCT2:OBJDATA/BMVD.DAT[169]",
        "$RCT2:OBJDATA/BMVD.DAT[171]",
        "$RCT2:OBJDATA/BMVD.DAT[173]",
        "$RCT2:OBJDATA/BMVD.DAT[175]",
        "$RCT2:OBJDATA/BMVD.DAT[177]",
        "$RCT2:OBJDATA/BMVD.DAT[179]",
        "$RCT2:OBJDATA/BMVD.DAT[181]",
        "$RCT2:OBJDATA/BMVD.DAT[183]",
        "$RCT2:OBJDATA/BMVD.DAT[185]",
        "$RCT2:OBJDATA/BMVD.DAT[187..195]",
        "$RCT2:OBJDATA/BMVD.DAT[203]",
        "$RCT2:OBJDATA/BMVD.DAT[211]",
        "$RCT2:OBJDATA/BMVD.DAT[219]",
        "$RCT2:OBJDATA/BMVD.DAT[227]",
        "$RCT2:OBJDATA/BMVD.DAT[235]",
        "$RCT2:OBJDATA/BMVD.DAT[243]",
        "$RCT2:OBJDATA/BMVD.DAT[251]",
        "$RCT2:OBJDATA/BMVD.DAT[259..343]",
        "$RCT2:OBJDATA/BMVD.DAT[345]",
        "$RCT2:OBJDATA/BMVD.DAT[347]",
        "$RCT2:OBJDATA/BMVD.DAT[349]",
        "$RCT2:OBJDATA/BMVD.DAT[351]",
        "$RCT2:OBJDATA/BMVD.DAT[353]",
        "$RCT2:OBJDATA/BMVD.DAT[355]",
        "$RCT2:OBJDATA/BMVD.DAT[357]",
        "$RCT2:OBJDATA/BMVD.DAT[359]",
        "$RCT2:OBJDATA/BMVD.DAT[361]",
        "$RCT2:OBJDATA/BMVD.DAT[363]",
        "$RCT2:OBJDATA/BMVD.DAT[365]",
        "$RCT2:OBJDATA/BMVD.DAT[367]",
        "$RCT2:OBJDATA/BMVD.DAT[369]",
        "$RCT2:OBJDATA/BMVD.DAT[371]",
        "$RCT2:OBJDATA/BMVD.DAT[373]",
        "$RCT2:OBJDATA/BMVD.DAT[375]",
        "$RCT2:OBJDATA/BMVD.DAT[377]",
        "$RCT2:OBJDATA/BMVD.DAT[379]",
        "$RCT2:OBJDATA/BMVD.DAT[381]",
        "$RCT2:OBJDATA/BMVD.DAT[383]",
        "$RCT2:OBJDATA/BMVD.DAT[385]",
        "$RCT2:OBJDATA/BMVD.DAT[387]",
        "$RCT2:OBJDATA/BMVD.DAT[389]",
        "$RCT2:OBJDATA/BMVD.DAT[391]",
        "$RCT2:OBJDATA/BMVD.DAT[393]",
        "$RCT2:OBJDATA/BMVD.DAT[395]",
        "$RCT2:OBJDATA/BMVD.DAT[397]",
        "$RCT2:OBJDATA/BMVD.DAT[399]",
        "$RCT2:OBJDATA/BMVD.DAT[401]",
        "$RCT2:OBJDATA/BMVD.DAT[403]",
        "$RCT2:OBJDATA/BMVD.DAT[405]",
        "$RCT2:OBJDATA/BMVD.DAT[407]",
        "$RCT2:OBJDATA/BMVD.DAT[409]",
        "$RCT2:OBJDATA/BMVD.DAT[411]",
        "$RCT2:OBJDATA/BMVD.DAT[413]",
        "$RCT2:OBJDATA/BMVD.DAT[415]",
        "$RCT2:OBJDATA/BMVD.DAT[417]",
        "$RCT2:OBJDATA/BMVD.DAT[419]",
        "$RCT2:OBJDATA/BMVD.DAT[421]",
        "$RCT2:OBJDATA/BMVD.DAT[423]",
        "$RCT2:OBJDATA/BMVD.DAT[425]",
        "$RCT2:OBJDATA/BMVD.DAT[427]",
        "$RCT2:OBJDATA/BMVD.DAT[429]",
        "$RCT2:OBJDATA/BMVD.DAT[431]",
        "$RCT2:OBJDATA/BMVD.DAT[433]",
        "$RCT2:OBJDATA/BMVD.DAT[435]",
        "$RCT2:OBJDATA/BMVD.DAT[437]",
        "$RCT2:OBJDATA/BMVD.DAT[439]",
        "$RCT2:OBJDATA/BMVD.DAT[441]",
        "$RCT2:OBJDATA/BMVD.DAT[443]",
        "$RCT2:OBJDATA/BMVD.DAT[445]",
        "$RCT2:OBJDATA/BMVD.DAT[447]",
        "$RCT2:OBJDATA/BMVD.DAT[449]",
        "$RCT2:OBJDATA/BMVD.DAT[451]",
        "$RCT2:OBJDATA/BMVD.DAT[453]",
        "$RCT2:OBJDATA/BMVD.DAT[455]",
        "$RCT2:OBJDATA/BMVD.DAT[457]",
        "$RCT2:OBJDATA/BMVD.DAT[459]",
        "$RCT2:OBJDATA/BMVD.DAT[461]",
        "$RCT2:OBJDATA/BMVD.DAT[463]",
        "$RCT2:OBJDATA/BMVD.DAT[465]",
        "$RCT2:OBJDATA/BMVD.DAT[467]",
        "$RCT2:OBJDATA/BMVD.DAT[469]",
        "$RCT2:OBJDATA/BMVD.DAT[471]",
        "$RCT2:OBJDATA/BMVD.DAT[473]",
        "$RCT2:OBJDATA/BMVD.DAT[475]",
        "$RCT2:OBJDATA/BMVD.DAT[477]",
        "$RCT2:OBJDATA/BMVD.DAT[479]",
        "$RCT2:OBJDATA/BMVD.DAT[481]",
        "$RCT2:OBJDATA/BMVD.DAT[483]",
        "$RCT2:OBJDATA/BMVD.DAT[485]",
        "$RCT2:OBJDATA/BMVD.DAT[487]",
        "$RCT2:OBJDATA/BMVD.DAT[489]",
        "$RCT2:OBJDATA/BMVD.DAT[491]",
        "$RCT2:OBJDATA/BMVD.DAT[493]",
        "$RCT2:OBJDATA/BMVD.DAT[495]",
        "$RCT2:OBJDATA/BMVD.DAT[497]",
        "$RCT2:OBJDATA/BMVD.DAT[499]",
        "$RCT2:OBJDATA/BMVD.DAT[501]",
        "$RCT2:OBJDATA/BMVD.DAT[503]",
        "$RCT2:OBJDATA/BMVD.DAT[505]",
        "$RCT2:OBJDATA/BMVD.DAT[507]",
        "$RCT2:OBJDATA/BMVD.DAT[509]",
        "$RCT2:OBJDATA/BMVD.DAT[511]",
        "$RCT2:OBJDATA/BMVD.DAT[513]",
        "$RCT2:OBJDATA/BMVD.DAT[515]",
        "$RCT2:OBJDATA/BMVD.DAT[517]",
        "$RCT2:OBJDATA/BMVD.DAT[519]",
        "$RCT2:OBJDATA/BMVD.DAT[521]",
        "$RCT2:OBJDATA/BMVD.DAT[523]",
        "$RCT2:OBJDATA/BMVD.DAT[525]",
        "$RCT2:OBJDATA/BMVD.DAT[527]",
        "$RCT2:OBJDATA/BMVD.DAT[529]",
        "$RCT2:OBJDATA/BMVD.DAT[531]",
        "$RCT2:OBJDATA/BMVD.DAT[533]",
        "$RCT2:OBJDATA/BMVD.DAT[535..550]",
        "$RCT2:OBJDATA/BMVD.DAT[711..723]",
        "$RCT2:OBJDATA/BMVD.DAT[725]",
        "$RCT2:OBJDATA/BMVD.DAT[727]",
        "$RCT2:OBJDATA/BMVD.DAT[729]",
        "$RCT2:OBJDATA/BMVD.DAT[731]",
        "$RCT2:OBJDATA/BMVD.DAT[733]",
        "$RCT2:OBJDATA/BMVD.DAT[735]",
        "$RCT2:OBJDATA/BMVD.DAT[737]",
        "$RCT2:OBJDATA/BMVD.DAT[739]",
        "$RCT2:OBJDATA/BMVD.DAT[741]",
        "$RCT2:OBJDATA/BMVD.DAT[743]",
        "$RCT2:OBJDATA/BMVD.DAT[745]",
        "$RCT2:OBJDATA/BMVD.DAT[747]",
        "$RCT2:OBJDATA/BMVD.DAT[749]",
        "$RCT2:OBJDATA/BMVD.DAT[751]",
        "$RCT2:OBJDATA/BMVD.DAT[753]",
        "$RCT2:OBJDATA/BMVD.DAT[755..763]",
        "$RCT2:OBJDATA/BMVD.DAT[765]",
        "$RCT2:OBJDATA/BMVD.DAT[767]",
        "$RCT2:OBJDATA/BMVD.DAT[769]",
        "$RCT2:OBJDATA/BMVD.DAT[771]",
        "$RCT2:OBJDATA/BMVD.DAT[773]",
        "$RCT2:OBJDATA/BMVD.DAT[775]",
        "$RCT2:OBJDATA/BMVD.DAT[777]",
        "$RCT2:OBJDATA/BMVD.DAT[779]",
        "$RCT2:OBJDATA/BMVD.DAT[781]",
        "$RCT2:OBJDATA/BMVD.DAT[783]",
        "$RCT2:OBJDATA/BMVD.DAT[785]",
        "$RCT2:OBJDATA/BMVD.DAT[787]",
        "$RCT2:OBJDATA/BMVD.DAT[789]",
        "$RCT2:OBJDATA/BMVD.DAT[791]",
        "$RCT2:OBJDATA/BMVD.DAT[793]",
        "$RCT2:OBJDATA/BMVD.DAT[795]",
        "$RCT2:OBJDATA/BMVD.DAT[797]",
        "$RCT2:OBJDATA/BMVD.DAT[799]",
        "$RCT2:OBJDATA/BMVD.DAT[801]",
        "$RCT2:OBJDATA/BMVD.DAT[803]",
        "$RCT2:OBJDATA/BMVD.DAT[805]",
        "$RCT2:OBJDATA/BMVD.DAT[807]",
        "$RCT2:OBJDATA/BMVD.DAT[809]",
        "$RCT2:OBJDATA/BMVD.DAT[811]",
        "$RCT2:OBJDATA/BMVD.DAT[813]",
        "$RCT2:OBJDATA/BMVD.DAT[815]",
        "$RCT2:OBJDATA/BMVD.DAT[817]",
        "$RCT2:OBJDATA/BMVD.DAT[819]",
        "$RCT2:OBJDATA/BMVD.DAT[821]",
        "$RCT2:OBJDATA/BMVD.DAT[823]",
        "$RCT2:OBJDATA/BMVD.DAT[825]",
        "$RCT2:OBJDATA/BMVD.DAT[827..843]",
        "$RCT2:OBJDATA/BMVD.DAT[845]",
        "$RCT2:OBJDATA/BMVD.DAT[847]",
        "$RCT2:OBJDATA/BMVD.DAT[849]",
        "$RCT2:OBJDATA/BMVD.DAT[851]",
        "$RCT2:OBJDATA/BMVD.DAT[853]",
        "$RCT2:OBJDATA/BMVD.DAT[855]",
        "$RCT2:OBJDATA/BMVD.DAT[857]",
        "$RCT2:OBJDATA/BMVD.DAT[859]",
        "$RCT2:OBJDATA/BMVD.DAT[861]",
        "$RCT2:OBJDATA/BMVD.DAT[863]",
        "$RCT2:OBJDATA/BMVD.DAT[865]",
        "$RCT2:OBJDATA/BMVD.DAT[867]",
        "$RCT2:OBJDATA/BMVD.DAT[869]",
        "$RCT2:OBJDATA/BMVD.DAT[871]",
        "$RCT2:OBJDATA/BMVD.DAT[873]",
        "$RCT2:OBJDATA/BMVD.DAT[875]",
        "$RCT2:OBJDATA/BMVD.DAT[877]",
        "$RCT2:OBJDATA/BMVD.DAT[879]",
        "$RCT2:OBJDATA/BMVD.DAT[881]",
        "$RCT2:OBJDATA/BMVD.DAT[883]",
        "$RCT2:OBJDATA/BMVD.DAT[885]",
        "$RCT2:OBJDATA/BMVD.DAT[887]",
        "$RCT2:OBJDATA/BMVD.DAT[889]",
        "$RCT2:OBJDATA/BMVD.DAT[891]",
        "$RCT2:OBJDATA/BMVD.DAT[893]",
        "$RCT2:OBJDATA/BMVD.DAT[895]",
        "$RCT2:OBJDATA/BMVD.DAT[897]",
        "$RCT2:OBJDATA/BMVD.DAT[899]",
        "$RCT2:OBJDATA/BMVD.DAT[901]",
        "$RCT2:OBJDATA/BMVD.DAT[903]",
        "$RCT2:OBJDATA/BMVD.DAT[905]",
        "$RCT2:OBJDATA/BMVD.DAT[907..915]",
        "$RCT2:OBJDATA/BMVD.DAT[923]",
        "$RCT2:OBJDATA/BMVD.DAT[931]",
        "$RCT2:OBJDATA/BMVD.DAT[939]",
        "$RCT2:OBJDATA/BMVD.DAT[947]",
        "$RCT2:OBJDATA/BMVD.DAT[955]",
        "$RCT2:OBJDATA/BMVD.DAT[963]",
        "$RCT2:OBJDATA/BMVD.DAT[971]",
        "$RCT2:OBJDATA/BMVD.DAT[979..1063]",
        "$RCT2:OBJDATA/BMVD.DAT[1065]",
        "$RCT2:OBJDATA/BMVD.DAT[1067]",
        "$RCT2:OBJDATA/BMVD.DAT[1069]",
        "$RCT2:OBJDATA/BMVD.DAT[1071]",
        "$RCT2:OBJDATA/BMVD.DAT[1073]",
        "$RCT2:OBJDATA/BMVD.DAT[1075]",
        "$RCT2:OBJDATA/BMVD.DAT[1077]",
        "$RCT2:OBJDATA/BMVD.DAT[1079]",
        "$RCT2:OBJDATA/BMVD.DAT[1081]",
        "$RCT2:OBJDATA/BMVD.DAT[1083]",
        "$RCT2:OBJDATA/BMVD.DAT[1085]",
        "$RCT2:OBJDATA/BMVD.DAT[1087]",
        "$RCT2:OBJDATA/BMVD.DAT[1089]",
        "$RCT2:OBJDATA/BMVD.DAT[1091]",
        "$RCT2:OBJDATA/BMVD.DAT[1093]",
        "$RCT2:OBJDATA/BMVD.DAT[1095]",
        "$RCT2:OBJDATA/BMVD.DAT[1097]",
        "$RCT2:OBJDATA/BMVD.DAT[1099]",
        "$RCT2:OBJDATA/BMVD.DAT[1101]",
        "$RCT2:OBJDATA/BMVD.DAT[1103]",
        "$RCT2:OBJDATA/BMVD.DAT[1105]",
        "$RCT2:OBJDATA/BMVD.DAT[1107]",
        "$RCT2:OBJDATA/BMVD.DAT[1109]",
        "$RCT2:OBJDATA/BMVD.DAT[1111]",
        "$RCT2:OBJDATA/BMVD.DAT[1113]",
        "$RCT2:OBJDATA/BMVD.DAT[1115]",
        "$RCT2:OBJDATA/BMVD.DAT[1117]",
        "$RCT2:OBJDATA/BMVD.DAT[1119]",
        "$RCT2:OBJDATA/BMVD.DAT[1121]",
        "$RCT2:OBJDATA/BMVD.DAT[1123]",
        "$RCT2:OBJDATA/BMVD.DAT[1125]",
        "$RCT2:OBJDATA/BMVD.DAT[1127]",
        "$RCT2:OBJDATA/BMVD.DAT[1129]",
        "$RCT2:OBJDATA/BMVD.DAT[1131]",
        "$RCT2:OBJDATA/BMVD.DAT[1133]",
        "$RCT2:OBJDATA/BMVD.DAT[1135]",
        "$RCT2:OBJDATA/BMVD.DAT[1137]",
        "$RCT2:OBJDATA/BMVD.DAT[1139]",
        "$RCT2:OBJDATA/BMVD.DAT[1141]",
        "$RCT2:OBJDATA/BMVD.DAT[1143]",
        "$RCT2:OBJDATA/BMVD.DAT[1145]",
        "$RCT2:OBJDATA/BMVD.DAT[1147]",
        "$RCT2:OBJDATA/BMVD.DAT[1149]",
        "$RCT2:OBJDATA/BMVD.DAT[1151]",
        "$RCT2:OBJDATA/BMVD.DAT[1153]",
        "$RCT2:OBJDATA/BMVD.DAT[1155]",
        "$RCT2:OBJDATA/BMVD.DAT[1157]",
        "$RCT2:OBJDATA/BMVD.DAT[1159]",
        "$RCT2:OBJDATA/BMVD.DAT[1161]",
        "$RCT2:OBJDATA/BMVD.DAT[1163]",
        "$RCT2:OBJDATA/BMVD.DAT[1165]",
        "$RCT2:OBJDATA/BMVD.DAT[1167]",
        "$RCT2:OBJDATA/BMVD.DAT[1169]",
        "$RCT2:OBJDATA/BMVD.DAT[1171]",
        "$RCT2:OBJDATA/BMVD.DAT[1173]",
        "$RCT2:OBJDATA/BMVD.DAT[1175]",
        "$RCT2:OBJDATA/BMVD.DAT[1177]",
        "$RCT2:OBJDATA/BMVD.DAT[1179]",
        "$RCT2:OBJDATA/BMVD.DAT[1181]",
        "$RCT2:OBJDATA/BMVD.DAT[1183]",
        "$RCT2:OBJDATA/BMVD.DAT[1185]",
        "$RCT2:OBJDATA/BMVD.DAT[1187]",
        "$RCT2:OBJDATA/BMVD.DAT[1189]",
        "$RCT2:OBJDATA/BMVD.DAT[1191]",
        "$RCT2:OBJDATA/BMVD.DAT[1193]",
        "$RCT2:OBJDATA/BMVD.DAT[1195]",
        "$RCT2:OBJDATA/BMVD.DAT[1197]",
        "$RCT2:OBJDATA/BMVD.DAT[1199]",
        "$RCT2:OBJDATA/BMVD.DAT[1201]",
        "$RCT2:OBJDATA/BMVD.DAT[1203]",
        "$RCT2:OBJDATA/BMVD.DAT[1205]",
        "$RCT2:OBJDATA/BMVD.DAT[1207]",
        "$RCT2:OBJDATA/BMVD.DAT[1209]",
        "$RCT2:OBJDATA/BMVD.DAT[1211]",
        "$RCT2:OBJDATA/BMVD.DAT[1213]",
        "$RCT2:OBJDATA/BMVD.DAT[1215]",
        "$RCT2:OBJDATA/BMVD.DAT[1217]",
        "$RCT2:OBJDATA/BMVD.DAT[1219]",
        "$RCT2:OBJDATA/BMVD.DAT[1221]",
        "$RCT2:OBJDATA/BMVD.DAT[1223]",
        "$RCT2:OBJDATA/BMVD.DAT[1225]",
        "$RCT2:OBJDATA/BMVD.DAT[1227]",
        "$RCT2:OBJDATA/BMVD.DAT[1229]",
        "$RCT2:OBJDATA/BMVD.DAT[1231]",
        "$RCT2:OBJDATA/BMVD.DAT[1233]",
        "$RCT2:OBJDATA/BMVD.DAT[1235]",
        "$RCT2:OBJDATA/BMVD.DAT[1237]",
        "$RCT2:OBJDATA/BMVD.DAT[1239]",
        "$RCT2:OBJDATA/BMVD.DAT[1241]",
        "$RCT2:OBJDATA/BMVD.DAT[1243]",
        "$RCT2:OBJDATA/BMVD.DAT[1245]",
        "$RCT2:OBJDATA/BMVD.DAT[1247]",
        "$RCT2:OBJDATA/BMVD.DAT[1249]",
        "$RCT2:OBJDATA/BMVD.DAT[1251]",
        "$RCT2:OBJDATA/BMVD.DAT[1253]",
        "$RCT2:OBJDATA/BMVD.DAT[1255..1270]",
        "$RCT2:OBJDATA/BMVD.DAT[1431..1443]",
        "$RCT2:OBJDATA/BMVD.DAT[1445]",
        "$RCT2:OBJDATA/BMVD.DAT[1447]",
        "$RCT2:OBJDATA/BMVD.DAT[1449]",
        "$RCT2:OBJDATA/BMVD.DAT[1451]",
        "$RCT2:OBJDATA/BMVD.DAT[1453]",
        "$RCT2:OBJDATA/BMVD.DAT[1455]",
        "$RCT2:OBJDATA/BMVD.DAT[1457]",
        "$RCT2:OBJDATA/BMVD.DAT[1459]",
        "$RCT2:OBJDATA/BMVD.DAT[1461]",
        "$RCT2:OBJDATA/BMVD.DAT[1463]",
        "$RCT2:OBJDATA/BMVD.DAT[1465]",
        "$RCT2:OBJDATA/BMVD.DAT[1467]",
        "$RCT2:OBJDATA/BMVD.DAT[1469]",
        "$RCT2:OBJDATA/BMVD.DAT[1471]",
        "$RCT2:OBJDATA/BMVD.DAT[1473]",
        "$RCT2:OBJDATA/BMVD.DAT[1475..1483]",
        "$RCT2:OBJDATA/BMVD.DAT[1485]",
        "$RCT2:OBJDATA/BMVD.DAT[1487]",
        "$RCT2:OBJDATA/BMVD.DAT[1489]",
        "$RCT2:OBJDATA/BMVD.DAT[1491]",
        "$RCT2:OBJDATA/BMVD.DAT[1493]",
        "$RCT2:OBJDATA/BMVD.DAT[1495]",
        "$RCT2:OBJDATA/BMVD.DAT[1497]",
        "$RCT2:OBJDATA/BMVD.DAT[1499]",
        "$RCT2:OBJDATA/BMVD.DAT[1501]",
        "$RCT2:OBJDATA/BMVD.DAT[1503]",
        "$RCT2:OBJDATA/BMVD.DAT[1505]",
        "$RCT2:OBJDATA/BMVD.DAT[1507]",
        "$RCT2:OBJDATA/BMVD.DAT[1509]",
        "$RCT2:OBJDATA/BMVD.DAT[1511]",
        "$RCT2:OBJDATA/BMVD.DAT[1513]",
        "$RCT2:OBJDATA/BMVD.DAT[1515]",
        "$RCT2:OBJDATA/BMVD.DAT[1517]",
        "$RCT2:OBJDATA/BMVD.DAT[1519]",
        "$RCT2:OBJDATA/BMVD.DAT[1521]",
        "$RCT2:OBJDATA/BMVD.DAT[1523]",
        "$RCT2:OBJDATA/BMVD.DAT[1525]",
        "$RCT2:OBJDATA/BMVD.DAT[1527]",
        "$RCT2:OBJDATA/BMVD.DAT[1529]",
        "$RCT2:OBJDATA/BMVD.DAT[1531]",
        "$RCT2:OBJDATA/BMVD.DAT[1533]",
        "$RCT2:OBJDATA/BMVD.DAT[1535]",
        "$RCT2:OBJDATA/BMVD.DAT[1537]",
        "$RCT2:OBJDATA/BMVD.DAT[1539]",
        "$RCT2:OBJDATA/BMVD.DAT[1541]",
        "$RCT2:OBJDATA/BMVD.DAT[1543]",
        "$RCT2:OBJDATA/BMVD.DAT[1545]",
        "$RCT2:OBJDATA/BMVD.DAT[1547..1563]",
        "$RCT2:OBJDATA/BMVD.DAT[1565]",
        "$RCT2:OBJDATA/BMVD.DAT[1567]",
        "$RCT2:OBJDATA/BMVD.DAT[1569]",
        "$RCT2:OBJDATA/BMVD.DAT[1571]",
        "$RCT2:OBJDATA/BMVD.DAT[1573]",
        "$RCT2:OBJDATA/BMVD.DAT[1575]",
        "$RCT2:OBJDATA/BMVD.DAT[1577]",
        "$RCT2:OBJDATA/BMVD.DAT[1579]",
        "$RCT2:OBJDATA/BMVD.DAT[1581]",
        "$RCT2:OBJDATA/BMVD.DAT[1583]",
        "$RCT2:OBJDATA/BMVD.DAT[1585]",
        "$RCT2:OBJDATA/BMVD.DAT[1587]",
        "$RCT2:OBJDATA/BMVD.DAT[1589]",
        "$RCT2:OBJDATA/BMVD.DAT[1591]",
        "$RCT2:OBJDATA/BMVD.DAT[1593]",
        "$RCT2:OBJDATA/BMVD.DAT[1595]",
        "$RCT2:OBJDATA/BMVD.DAT[1597]",
        "$RCT2:OBJDATA/BMVD.DAT[1599]",
        "$RCT2:OBJDATA/BMVD.DAT[1601]",
        "$RCT2:OBJDATA/BMVD.DAT[1603]",
        "$RCT2:OBJDATA/BMVD.DAT[1605]",
        "$RCT2:OBJDATA/BMVD.DAT[1607]",
        "$RCT2:OBJDATA/BMVD.DAT[1609]",
        "$RCT2:OBJDATA/BMVD.DAT[1611]",
        "$RCT2:OBJDATA/BMVD.DAT[1613]",
        "$RCT2:OBJDATA/BMVD.DAT[1615]",
        "$RCT2:OBJDATA/BMVD.DAT[1617]",
        "$RCT2:OBJDATA/BMVD.DAT[1619]",
        "$RCT2:OBJDATA/BMVD.DAT[1621]",
        "$RCT2:OBJDATA/BMVD.DAT[1623]",
        "$RCT2:OBJDATA/BMVD.DAT[1625]",
        "$RCT2:OBJDATA/BMVD.DAT[1627..1635]",
        "$RCT2:OBJDATA/BMVD.DAT[1643]",
        "$RCT2:OBJDATA/BMVD.DAT[1651]",
        "$RCT2:OBJDATA/BMVD.DAT[1659]",
        "$RCT2:OBJDATA/BMVD.DAT[1667]",
        "$RCT2:OBJDATA/BMVD.DAT[1675]",
        "$RCT2:OBJDATA/BMVD.DAT[1683]",
        "$RCT2:OBJDATA/BMVD.DAT[1691]",
        "$RCT2:OBJDATA/BMVD.DAT[1699..1783]",
        "$RCT2:OBJDATA/BMVD.DAT[1785]",
        "$RCT2:OBJDATA/BMVD.DAT[1787]",
        "$RCT2:OBJDATA/BMVD.DAT[1789]",
        "$RCT2:OBJDATA/BMVD.DAT[1791]",
        "$RCT2:OBJDATA/BMVD.DAT[1793]",
        "$RCT2:OBJDATA/BMVD.DAT[1795]",
        "$RCT2:OBJDATA/BMVD.DAT[1797]",
        "$RCT2:OBJDATA/BMVD.DAT[1799]",
        "$RCT2:OBJDATA/BMVD.DAT[1801]",
        "$RCT2:OBJDATA/BMVD.DAT[1803]",
        "$RCT2:OBJDATA/BMVD.DAT[1805]",
        "$RCT2:OBJDATA/BMVD.DAT[1807]",
        "$RCT2:OBJDATA/BMVD.DAT[1809]",
        "$RCT2:OBJDATA/BMVD.DAT[1811]",
        "$RCT2:OBJDATA/BMVD.DAT[1813]",
        "$RCT2:OBJDATA/BMVD.DAT[1815]",
        "$RCT2:OBJDATA/BMVD.DAT[1817]",
        "$RCT2:OBJDATA/BMVD.DAT[1819]",
        "$RCT2:OBJDATA/BMVD.DAT[1821]",
        "$RCT2:OBJDATA/BMVD.DAT[1823]",
        "$RCT2:OBJDATA/BMVD.DAT[1825]",
        "$RCT2:OBJDATA/BMVD.DAT[1827]",
        "$RCT2:OBJDATA/BMVD.DAT[1829]",
        "$RCT2:OBJDATA/BMVD.DAT[1831]",
        "$RCT2:OBJDATA/BMVD.DAT[1833]",
        "$RCT2:OBJDATA/BMVD.DAT[1835]",
        "$RCT2:OBJDATA/BMVD.DAT[1837]",
        "$RCT2:OBJDATA/BMVD.DAT[1839]",
        "$RCT2:OBJDATA/BMVD.DAT[1841]",
        "$RCT2:OBJDATA/BMVD.DAT[1843]",
        "$RCT2:OBJDATA/BMVD.DAT[1845]",
        "$RCT2:OBJDATA/BMVD.DAT[1847]",
        "$RCT2:OBJDATA/BMVD.DAT[1849]",
        "$RCT2:OBJDATA/BMVD.DAT[1851]",
        "$RCT2:OBJDATA/BMVD.DAT[1853]",
        "$RCT2:OBJDATA/BMVD.DAT[1855]",
        "$RCT2:OBJDATA/BMVD.DAT[1857]",
        "$RCT2:OBJDATA/BMVD.DAT[1859]",
        "$RCT2:OBJDATA/BMVD.DAT[1861]",
        "$RCT2:OBJDATA/BMVD.DAT[1863]",
        "$RCT2:OBJDATA/BMVD.DAT[1865]",
        "$RCT2:OBJDATA/BMVD.DAT[1867]",
        "$RCT2:OBJDATA/BMVD.DAT[1869]",
        "$RCT2:OBJDATA/BMVD.DAT[1871]",
        "$RCT2:OBJDATA/BMVD.DAT[1873]",
        "$RCT2:OBJDATA/BMVD.DAT[1875]",
        "$RCT2:OBJDATA/BMVD.DAT[1877]",
        "$RCT2:OBJDATA/BMVD.DAT[1879]",
        "$RCT2:OBJDATA/BMVD.DAT[1881]",
        "$RCT2:OBJDATA/BMVD.DAT[1883]",
        "$RCT2:OBJDATA/BMVD.DAT[1885]",
        "$RCT2:OBJDATA/BMVD.DAT[1887]",
        "$RCT2:OBJDATA/BMVD.DAT[1889]",
        "$RCT2:OBJDATA/BMVD.DAT[1891]",
        "$RCT2:OBJDATA/BMVD.DAT[1893]",
        "$RCT2:OBJDATA/BMVD.DAT[1895]",
        "$RCT2:OBJDATA/BMVD.DAT[1897]",
        "$RCT2:OBJDATA/BMVD.DAT[1899]",
        "$RCT2:OBJDATA/BMVD.DAT[1901]",
        "$RCT2:OBJDATA/BMVD.DAT[1903]",
        "$RCT2:OBJDATA/BMVD.DAT[1905]",
        "$RCT2:OBJDATA/BMVD.DAT[1907]",
        "$RCT2:OBJDATA/BMVD.DAT[1909]",
        "$RCT2:OBJDATA/BMVD.DAT[1911]",
        "$RCT2:OBJDATA/BMVD.DAT[1913]",
        "$RCT2:OBJDATA/BMVD.DAT[1915]",
        "$RCT2:OBJDATA/BMVD.DAT[1917]",
        "$RCT2:OBJDATA/BMVD.DAT[1919]",
        "$RCT2:OBJDATA/BMVD.DAT[1921]",
        "$RCT2:OBJDATA/BMVD.DAT[1923]",
        "$RCT2:OBJDATA/BMVD.DAT[1925]",
        "$RCT2:OBJDATA/BMVD.DAT[1927]",
        "$RCT2:OBJDATA/BMVD.DAT[1929]",
        "$RCT2:OBJDATA/BMVD.DAT[1931]",
        "$RCT2:OBJDATA/BMVD.DAT[1933]",
        "$RCT2:OBJDATA/BMVD.DAT[1935]",
        "$RCT2:OBJDATA/BMVD.DAT[1937]",
        "$RCT2:OBJDATA/BMVD.DAT[1939]",
        "$RCT2:OBJDATA/BMVD.DAT[1941]",
        "$RCT2:OBJDATA/BMVD.DAT[1943]",
        "$RCT2:OBJDATA/BMVD.DAT[1945]",
        "$RCT2:OBJDATA/BMVD.DAT[1947]",
        "$RCT2:OBJDATA/BMVD.DAT[1949]",
        "$RCT2:OBJDATA/BMVD.DAT[1951]",
        "$RCT2:OBJDATA/BMVD.DAT[1953]",
        "$RCT2:OBJDATA/BMVD.DAT[1955]",
        "$RCT2:OBJDATA/BMVD.DAT[1957]",
        "$RCT2:OBJDATA/BMVD.DAT[1959]",
        "$RCT2:OBJDATA/BMVD.DAT[1961]",
        "$RCT2:OBJDATA/BMVD.DAT[1963]",
        "$RCT2:OBJDATA/BMVD.DAT[1965]",
        "$RCT2:OBJDATA/BMVD.DAT[1967]",
        "$RCT2:OBJDATA/BMVD.DAT[1969]",
        "$RCT2:OBJDATA/BMVD.DAT[1971]",
        "$RCT2:OBJDATA/BMVD.DAT[1973]",
        "$RCT2:OBJDATA/BMVD.DAT[1975..1990]",
        "$RCT2:OBJDATA/BMVD.DAT[2151..2163]",
        "$RCT2:OBJDATA/BMVD.DAT[2165]",
        "$RCT2:OBJDATA/BMVD.DAT[2167]",
        "$RCT2:OBJDATA/BMVD.DAT[2169]",
        "$RCT2:OBJDATA/BMVD.DAT[2171]",
        "$RCT2:OBJDATA/BMVD.DAT[2173]",
        "$RCT2:OBJDATA/BMVD.DAT[2175]",
        "$RCT2:OBJDATA/BMVD.DAT[2177]",
        "$RCT2:OBJDATA/BMVD.DAT[2179]",
        "$RCT2:OBJDATA/BMVD.DAT[2181]",
        "$RCT2:OBJDATA/BMVD.DAT[2183]",
        "$RCT2:OBJDATA/BMVD.DAT[2185]",
        "$RCT2:OBJDATA/BMVD.DAT[2187]",
        "$RCT2:OBJDATA/BMVD.DAT[2189]",
        "$RCT2:OBJDATA/BMVD.DAT[2191]",
        "$RCT2:OBJDATA/BMVD.DAT[2193]",
        "$RCT2:OBJDATA/BMVD.DAT[2195..2203]",
        "$RCT2:OBJDATA/BMVD.DAT[2205]",
        "$RCT2:OBJDATA/BMVD.DAT[2207]",
        "$RCT2:OBJDATA/BMVD.DAT[2209]",
        "$RCT2:OBJDATA/BMVD.DAT[2211]",
        "$RCT2:OBJDATA/BMVD.DAT[2213]",
        "$RCT2:OBJDATA/BMVD.DAT[2215]",
        "$RCT2:OBJDATA/BMVD.DAT[2217]",
        "$RCT2:OBJDATA/BMVD.DAT[2219]",
        "$RCT2:OBJDATA/BMVD.DAT[2221]",
        "$RCT2:OBJDATA/BMVD.DAT[2223]",
        "$RCT2:OBJDATA/BMVD.DAT[2225]",
        "$RCT2:OBJDATA/BMVD.DAT[2227]",
        "$RCT2:OBJDATA/BMVD.DAT[2229]",
        "$RCT2:OBJDATA/BMVD.DAT[2231]",
        "$RCT2:OBJDATA/BMVD.DAT[2233]",
        "$RCT2:OBJDATA/BMVD.DAT[2235]",
        "$RCT2:OBJDATA/BMVD.DAT[2237]",
        "$RCT2:OBJDATA/BMVD.DAT[2239]",
        "$RCT2:OBJDATA/BMVD.DAT[2241]",
        "$RCT2:OBJDATA/BMVD.DAT[2243]",
        "$RCT2:OBJDATA/BMVD.DAT[2245]",
        "$RCT2:OBJDATA/BMVD.DAT[2247]",
        "$RCT2:OBJDATA/BMVD.DAT[2249]",
        "$RCT2:OBJDATA/BMVD.DAT[2251]",
        "$RCT2:OBJDATA/BMVD.DAT[2253]",
        "$RCT2:OBJDATA/BMVD.DAT[2255]",
        "$RCT2:OBJDATA/BMVD.DAT[2257]",
        "$RCT2:OBJDATA/BMVD.DAT[2259]",
        "$RCT2:OBJDATA/BMVD.DAT[2261]",
        "$RCT2:OBJDATA/BMVD.DAT[2263]",
        "$RCT2:OBJDATA/BMVD.DAT[2265]",
        "$RCT2:OBJDATA/BMVD.DAT[2267..2283]",
        "$RCT2:OBJDATA/BMVD.DAT[2285]",
        "$RCT2:OBJDATA/BMVD.DAT[2287]",
        "$RCT2:OBJDATA/BMVD.DAT[2289]",
        "$RCT2:OBJDATA/BMVD.DAT[2291]",
        "$RCT2:OBJDATA/BMVD.DAT[2293]",
        "$RCT2:OBJDATA/BMVD.DAT[2295]",
        "$RCT2:OBJDATA/BMVD.DAT[2297]",
        "$RCT2:OBJDATA/BMVD.DAT[2299]",
        "$RCT2:OBJDATA/BMVD.DAT[2301]",
        "$RCT2:OBJDATA/BMVD.DAT[2303]",
        "$RCT2:OBJDATA/BMVD.DAT[2305]",
        "$RCT2:OBJDATA/BMVD.DAT[2307]",
        "$RCT2:OBJDATA/BMVD.DAT[2309]",
        "$RCT2:OBJDATA/BMVD.DAT[2311]",
        "$RCT2:OBJDATA/BMVD.DAT[2313]",
        "$RCT2:OBJDATA/BMVD.DAT[2315]",
        "$RCT2:OBJDATA/BMVD.DAT[2317]",
        "$RCT2:OBJDATA/BMVD.DAT[2319]",
        "$RCT2:OBJDATA/BMVD.DAT[2321]",
        "$RCT2:OBJDATA/BMVD.DAT[2323]",
        "$RCT2:OBJDATA/BMVD.DAT[2325]",
        "$RCT2:OBJDATA/BMVD.DAT[2327]",
        "$RCT2:OBJDATA/BMVD.DAT[2329]",
        "$RCT2:OBJDATA/BMVD.DAT[2331]",
        "$RCT2:OBJDATA/BMVD.DAT[2333]",
        "$RCT2:OBJDATA/BMVD.DAT[2335]",
        "$RCT2:OBJDATA/BMVD.DAT[2337]",
        "$RCT2:OBJDATA/BMVD.DAT[2339]",
        "$RCT2:OBJDATA/BMVD.DAT[2341]",
        "$RCT2:OBJDATA/BMVD.DAT[2343]",
        "$RCT2:OBJDATA/BMVD.DAT[2345]",
        "$RCT2:OBJDATA/BMVD.DAT[2347..2355]",
        "$RCT2:OBJDATA/BMVD.DAT[2363]",
        "$RCT2:OBJDATA/BMVD.DAT[2371]",
        "$RCT2:OBJDATA/BMVD.DAT[2379]",
        "$RCT2:OBJDATA/BMVD.DAT[2387]",
        "$RCT2:OBJDATA/BMVD.DAT[2395]",
        "$RCT2:OBJDATA/BMVD.DAT[2403]",
        "$RCT2:OBJDATA/BMVD.DAT[2411]",
        "$RCT2:OBJDATA/BMVD.DAT[2419..2503]",
        "$RCT2:OBJDATA/BMVD.DAT[2505]",
        "$RCT2:OBJDATA/BMVD.DAT[2507]",
        "$RCT2:OBJDATA/BMVD.DAT[2509]",
        "$RCT2:OBJDATA/BMVD.DAT[2511]",
        "$RCT2:OBJDATA/BMVD.DAT[2513]",
        "$RCT2:OBJDATA/BMVD.DAT[2515]",
        "$RCT2:OBJDATA/BMVD.DAT[2517]",
        "$RCT2:OBJDATA/BMVD.DAT[2519]",
        "$RCT2:OBJDATA/BMVD.DAT[2521]",
        "$RCT2:OBJDATA/BMVD.DAT[2523]",
        "$RCT2:OBJDATA/BMVD.DAT[2525]",
        "$RCT2:OBJDATA/BMVD.DAT[2527]",
        "$RCT2:OBJDATA/BMVD.DAT[2529]",
        "$RCT2:OBJDATA/BMVD.DAT[2531]",
        "$RCT2:OBJDATA/BMVD.DAT[2533]",
        "$RCT2:OBJDATA/BMVD.DAT[2535]",
        "$RCT2:OBJDATA/BMVD.DAT[2537]",
        "$RCT2:OBJDATA/BMVD.DAT[2539]",
        "$RCT2:OBJDATA/BMVD.DAT[2541]",
        "$RCT2:OBJDATA/BMVD.DAT[2543]",
        "$RCT2:OBJDATA/BMVD.DAT[2545]",
        "$RCT2:OBJDATA/BMVD.DAT[2547]",
        "$RCT2:OBJDATA/BMVD.DAT[2549]",
        "$RCT2:OBJDATA/BMVD.DAT[2551]",
        "$RCT2:OBJDATA/BMVD.DAT[2553]",
        "$RCT2:OBJDATA/BMVD.DAT[2555]",
        "$RCT2:OBJDATA/BMVD.DAT[2557]",
        "$RCT2:OBJDATA/BMVD.DAT[2559]",
        "$RCT2:OBJDATA/BMVD.DAT[2561]",
        "$RCT2:OBJDATA/BMVD.DAT[2563]",
        "$RCT2:OBJDATA/BMVD.DAT[2565]",
        "$RCT2:OBJDATA/BMVD.DAT[2567]",
        "$RCT2:OBJDATA/BMVD.DAT[2569]",
        "$RCT2:OBJDATA/BMVD.DAT[2571]",
        "$RCT2:OBJDATA/BMVD.DAT[2573]",
        "$RCT2:OBJDATA/BMVD.DAT[2575]",
        "$RCT2:OBJDATA/BMVD.DAT[2577]",
        "$RCT2:OBJDATA/BMVD.DAT[2579]",
        "$RCT2:OBJDATA/BMVD.DAT[2581]",
        "$RCT2:OBJDATA/BMVD.DAT[2583]",
        "$RCT2:OBJDATA/BMVD.DAT[2585]",
        "$RCT2:OBJDATA/BMVD.DAT[2587]",
        "$RCT2:OBJDATA/BMVD.DAT[2589]",
        "$RCT2:OBJDATA/BMVD.DAT[2591]",
        "$RCT2:OBJDATA/BMVD.DAT[2593]",
        "$RCT2:OBJDATA/BMVD.DAT[2595]",
        "$RCT2:OBJDATA/BMVD.DAT[2597]",
        "$RCT2:OBJDATA/BMVD.DAT[2599]",
        "$RCT2:OBJDATA/BMVD.DAT[2601]",
        "$RCT2:OBJDATA/BMVD.DAT[2603]",
        "$RCT2:OBJDATA/BMVD.DAT[2605]",
        "$RCT2:OBJDATA/BMVD.DAT[2607]",
        "$RCT2:OBJDATA/BMVD.DAT[2609]",
        "$RCT2:OBJDATA/BMVD.DAT[2611]",
        "$RCT2:OBJDATA/BMVD.DAT[2613]",
        "$RCT2:OBJDATA/BMVD.DAT[2615]",
        "$RCT2:OBJDATA/BMVD.DAT[2617]",
        "$RCT2:OBJDATA/BMVD.DAT[2619]",
        "$RCT2:OBJDATA/BMVD.DAT[2621]",
        "$RCT2:OBJDATA/BMVD.DAT[2623]",
        "$RCT2:OBJDATA/BMVD.DAT[2625]",
        "$RCT2:OBJDATA/BMVD.DAT[2627]",
        "$RCT2:OBJDATA/BMVD.DAT[2629]",
        "$RCT2:OBJDATA/BMVD.DAT[2631]",
        "$RCT2:OBJDATA/BMVD.DAT[2633]",
        "$RCT2:OBJDATA/BMVD.DAT[2635]",
        "$RCT2:OBJDATA/BMVD.DAT[2637]",
        "$RCT2:OBJDATA/BMVD.DAT[2639]",
        "$RCT2:OBJDATA/BMVD.DAT[2641]",
        "$RCT2:OBJDATA/BMVD.DAT[2643]",
        "$RCT2:OBJDATA/BMVD.DAT[2645]",
        "$RCT2:OBJDATA/BMVD.DAT[2647]",
        "$RCT2:OBJDATA/BMVD.DAT[2649]",
        "$RCT2:OBJDATA/BMVD.DAT[2651]",
        "$RCT2:OBJDATA/BMVD.DAT[2653]",
        "$RCT2:OBJDATA/BMVD.DAT[2655]",
        "$RCT2:OBJDATA/BMVD.DAT[2657]",
        "$RCT2:OBJDATA/BMVD.DAT[2659]",
        "$RCT2:OBJDATA/BMVD.DAT[2661]",
        "$RCT2:OBJDATA/BMVD.DAT[2663]",
        "$RCT2:OBJDATA/BMVD.DAT[2665]",
        "$RCT2:OBJDATA/BMVD.DAT[2667]",
        "$RCT2:OBJDATA/BMVD.DAT[2669]",
        "$RCT2:OBJDATA/BMVD.DAT[2671]",
        "$RCT2:OBJDATA/BMVD.DAT[2673]",
        "$RCT2:OBJDATA/BMVD.DAT[2675]",
        "$RCT2:OBJDATA/BMVD.DAT[2677]",
        "$RCT2:OBJDATA/BMVD.DAT[2679]",
        "$RCT2:OBJDATA/BMVD.DAT[2681]",
        "$RCT2:OBJDATA/BMVD.DAT[2683]",
        "$RCT2:OBJDATA/BMVD.DAT[2685]",
        "$RCT2:OBJDATA/BMVD.DAT[2687]",
        "$RCT2:OBJDATA/BMVD.DAT[2689]",
        "$RCT2:OBJDATA/BMVD.DAT[2691]",
        "$RCT2:OBJDATA/BMVD.DAT[2693]",
        "$RCT2:OBJDATA/BMVD.DAT[2695..2710]",
        "$RCT2:OBJDATA/BMVD.DAT[2871..2882]"
    ]
}
