{
    "id": "rct2dlc.ride.zpanda",
    "authors": [
        "Chris Sawyer",
        "Simon Foster"
    ],
    "version": "1.0",
    "originalId": "09F8EB00|ZPANDA  |3AA2065C",
    "sourceGame": "official",
    "objectType": "ride",
    "properties": {
        "type": [
            "junior_rc"
        ],
        "category": "rollercoaster",
        "noInversions": true,
        "minCarsPerTrain": 4,
        "maxCarsPerTrain": 15,
        "numEmptyCars": 2,
        "tabCar": 1,
        "headCars": 1,
        "tailCars": 1,
        "ratingMultipler": {
            "excitement": 15,
            "intensity": 5
        },
        "carColours": [
            [
                [
                    "black",
                    "white",
                    "black"
                ]
            ]
        ],
        "cars": [
            {
                "rotationFrameMask": 31,
                "spacing": 148172,
                "mass": 240,
                "numSeats": 1,
                "numSeatRows": 1,
                "frictionSoundId": 2,
                "soundRange": 2,
                "drawOrder": 8,
                "frames": {
                    "flat": true,
                    "gentleSlopes": true,
                    "diagonalSlopes": true,
                    "flatBanked": true,
                    "flatToGentleSlopeBankedTransitions": true,
                    "diagonalGentleSlopeBankedTransitions": true,
                    "restraintAnimation": true
                },
                "hasAdditionalColour1": true,
                "hasScreamingRiders": true,
                "loadingPositions": [
                    0
                ]
            },
            {
                "rotationFrameMask": 0,
                "spacing": 34864,
                "frictionSoundId": 2,
                "soundRange": 2,
                "carVisual": 1,
                "drawOrder": 8,
                "spriteGroups": {
                    "slopeFlat": 1
                },
                "hasScreamingRiders": true
            }
        ],
        "buildMenuPriority": 1
    },
    "images": [
        { "path": "images/preview.png", "x": 0, "y": 0 },
        "",
        "",
        { "path": "images/000003.png", "x": -12, "y": -20 },
        { "path": "images/000004.png", "x": -12, "y": -21 },
        { "path": "images/000005.png", "x": -12, "y": -22 },
        { "path": "images/000006.png", "x": -12, "y": -22 },
        { "path": "images/000007.png", "x": -12, "y": -23 },
        { "path": "images/000008.png", "x": -12, "y": -24 },
        { "path": "images/000009.png", "x": -12, "y": -24 },
        { "path": "images/000010.png", "x": -12, "y": -25 },
        { "path": "images/000011.png", "x": -12, "y": -25 },
        { "path": "images/000012.png", "x": -12, "y": -25 },
        { "path": "images/000013.png", "x": -11, "y": -25 },
        { "path": "images/000014.png", "x": -11, "y": -25 },
        { "path": "images/000015.png", "x": -10, "y": -25 },
        { "path": "images/000016.png", "x": -10, "y": -25 },
        { "path": "images/000017.png", "x": -11, "y": -25 },
        { "path": "images/000018.png", "x": -12, "y": -25 },
        { "path": "images/000019.png", "x": -12, "y": -25 },
        { "path": "images/000020.png", "x": -12, "y": -25 },
        { "path": "images/000021.png", "x": -11, "y": -24 },
        { "path": "images/000022.png", "x": -10, "y": -24 },
        { "path": "images/000023.png", "x": -10, "y": -23 },
        { "path": "images/000024.png", "x": -11, "y": -23 },
        { "path": "images/000025.png", "x": -11, "y": -22 },
        { "path": "images/000026.png", "x": -12, "y": -21 },
        { "path": "images/000027.png", "x": -12, "y": -20 },
        { "path": "images/000028.png", "x": -12, "y": -19 },
        { "path": "images/000029.png", "x": -11, "y": -19 },
        { "path": "images/000030.png", "x": -10, "y": -18 },
        { "path": "images/000031.png", "x": -10, "y": -18 },
        { "path": "images/000032.png", "x": -11, "y": -18 },
        { "path": "images/000033.png", "x": -11, "y": -19 },
        { "path": "images/000034.png", "x": -12, "y": -19 },
        { "path": "images/000035.png", "x": -13, "y": -17 },
        { "path": "images/000036.png", "x": -13, "y": -25 },
        { "path": "images/000037.png", "x": -12, "y": -25 },
        { "path": "images/000038.png", "x": -12, "y": -17 },
        { "path": "images/000039.png", "x": -12, "y": -23 },
        { "path": "images/000040.png", "x": -12, "y": -24 },
        { "path": "images/000041.png", "x": -12, "y": -24 },
        { "path": "images/000042.png", "x": -12, "y": -23 },
        { "path": "images/000043.png", "x": -15, "y": -13 },
        { "path": "images/000044.png", "x": -16, "y": -15 },
        { "path": "images/000045.png", "x": -18, "y": -16 },
        { "path": "images/000046.png", "x": -19, "y": -18 },
        { "path": "images/000047.png", "x": -19, "y": -19 },
        { "path": "images/000048.png", "x": -19, "y": -21 },
        { "path": "images/000049.png", "x": -18, "y": -22 },
        { "path": "images/000050.png", "x": -17, "y": -23 },
        { "path": "images/000051.png", "x": -15, "y": -24 },
        { "path": "images/000052.png", "x": -14, "y": -25 },
        { "path": "images/000053.png", "x": -13, "y": -25 },
        { "path": "images/000054.png", "x": -12, "y": -25 },
        { "path": "images/000055.png", "x": -10, "y": -25 },
        { "path": "images/000056.png", "x": -10, "y": -25 },
        { "path": "images/000057.png", "x": -11, "y": -25 },
        { "path": "images/000058.png", "x": -12, "y": -25 },
        { "path": "images/000059.png", "x": -12, "y": -24 },
        { "path": "images/000060.png", "x": -12, "y": -23 },
        { "path": "images/000061.png", "x": -11, "y": -22 },
        { "path": "images/000062.png", "x": -10, "y": -21 },
        { "path": "images/000063.png", "x": -9, "y": -19 },
        { "path": "images/000064.png", "x": -10, "y": -18 },
        { "path": "images/000065.png", "x": -11, "y": -16 },
        { "path": "images/000066.png", "x": -12, "y": -15 },
        { "path": "images/000067.png", "x": -12, "y": -13 },
        { "path": "images/000068.png", "x": -12, "y": -12 },
        { "path": "images/000069.png", "x": -11, "y": -12 },
        { "path": "images/000070.png", "x": -10, "y": -11 },
        { "path": "images/000071.png", "x": -10, "y": -11 },
        { "path": "images/000072.png", "x": -12, "y": -11 },
        { "path": "images/000073.png", "x": -13, "y": -12 },
        { "path": "images/000074.png", "x": -14, "y": -12 },
        { "path": "images/000075.png", "x": -12, "y": -24 },
        { "path": "images/000076.png", "x": -12, "y": -24 },
        { "path": "images/000077.png", "x": -11, "y": -24 },
        { "path": "images/000078.png", "x": -10, "y": -24 },
        { "path": "images/000079.png", "x": -9, "y": -24 },
        { "path": "images/000080.png", "x": -10, "y": -24 },
        { "path": "images/000081.png", "x": -11, "y": -23 },
        { "path": "images/000082.png", "x": -12, "y": -23 },
        { "path": "images/000083.png", "x": -12, "y": -22 },
        { "path": "images/000084.png", "x": -12, "y": -22 },
        { "path": "images/000085.png", "x": -11, "y": -22 },
        { "path": "images/000086.png", "x": -10, "y": -22 },
        { "path": "images/000087.png", "x": -10, "y": -22 },
        { "path": "images/000088.png", "x": -10, "y": -22 },
        { "path": "images/000089.png", "x": -11, "y": -22 },
        { "path": "images/000090.png", "x": -11, "y": -22 },
        { "path": "images/000091.png", "x": -12, "y": -22 },
        { "path": "images/000092.png", "x": -11, "y": -23 },
        { "path": "images/000093.png", "x": -11, "y": -23 },
        { "path": "images/000094.png", "x": -10, "y": -24 },
        { "path": "images/000095.png", "x": -10, "y": -24 },
        { "path": "images/000096.png", "x": -10, "y": -24 },
        { "path": "images/000097.png", "x": -11, "y": -24 },
        { "path": "images/000098.png", "x": -11, "y": -24 },
        { "path": "images/000099.png", "x": -12, "y": -24 },
        { "path": "images/000100.png", "x": -11, "y": -24 },
        { "path": "images/000101.png", "x": -11, "y": -24 },
        { "path": "images/000102.png", "x": -10, "y": -24 },
        { "path": "images/000103.png", "x": -10, "y": -23 },
        { "path": "images/000104.png", "x": -10, "y": -24 },
        { "path": "images/000105.png", "x": -11, "y": -24 },
        { "path": "images/000106.png", "x": -12, "y": -24 },
        { "path": "images/000107.png", "x": -15, "y": -22 },
        { "path": "images/000108.png", "x": -10, "y": -25 },
        { "path": "images/000109.png", "x": -9, "y": -22 },
        { "path": "images/000110.png", "x": -10, "y": -16 },
        { "path": "images/000111.png", "x": -10, "y": -24 },
        { "path": "images/000112.png", "x": -10, "y": -24 },
        { "path": "images/000113.png", "x": -10, "y": -24 },
        { "path": "images/000114.png", "x": -10, "y": -20 },
        { "path": "images/000115.png", "x": -17, "y": -21 },
        { "path": "images/000116.png", "x": -10, "y": -26 },
        { "path": "images/000117.png", "x": -9, "y": -21 },
        { "path": "images/000118.png", "x": -10, "y": -13 },
        { "path": "images/000119.png", "x": -9, "y": -24 },
        { "path": "images/000120.png", "x": -10, "y": -23 },
        { "path": "images/000121.png", "x": -10, "y": -24 },
        { "path": "images/000122.png", "x": -10, "y": -22 },
        { "path": "images/000123.png", "x": -24, "y": -12 },
        { "path": "images/000124.png", "x": -10, "y": -21 },
        { "path": "images/000125.png", "x": -7, "y": -12 },
        { "path": "images/000126.png", "x": -10, "y": -9 },
        { "path": "images/000127.png", "x": -7, "y": -21 },
        { "path": "images/000128.png", "x": -10, "y": -15 },
        { "path": "images/000129.png", "x": -15, "y": -21 },
        { "path": "images/000130.png", "x": -10, "y": -26 },
        { "path": "images/000131.png", "x": -15, "y": -21 },
        { "path": "images/000132.png", "x": -12, "y": -25 },
        { "path": "images/000133.png", "x": -12, "y": -26 },
        { "path": "images/000134.png", "x": -8, "y": -24 },
        { "path": "images/000135.png", "x": -12, "y": -21 },
        { "path": "images/000136.png", "x": -10, "y": -18 },
        { "path": "images/000137.png", "x": -12, "y": -17 },
        { "path": "images/000138.png", "x": -15, "y": -17 },
        { "path": "images/000139.png", "x": -12, "y": -17 },
        { "path": "images/000140.png", "x": -12, "y": -18 },
        { "path": "images/000141.png", "x": -15, "y": -21 },
        { "path": "images/000142.png", "x": -15, "y": -24 },
        { "path": "images/000143.png", "x": -11, "y": -25 },
        { "path": "images/000144.png", "x": -10, "y": -25 },
        { "path": "images/000145.png", "x": -12, "y": -21 },
        { "path": "images/000146.png", "x": -8, "y": -17 },
        { "path": "images/000147.png", "x": -20, "y": -20 },
        { "path": "images/000148.png", "x": -18, "y": -22 },
        { "path": "images/000149.png", "x": -17, "y": -23 },
        { "path": "images/000150.png", "x": -14, "y": -24 },
        { "path": "images/000151.png", "x": -12, "y": -24 },
        { "path": "images/000152.png", "x": -10, "y": -25 },
        { "path": "images/000153.png", "x": -11, "y": -25 },
        { "path": "images/000154.png", "x": -11, "y": -25 },
        { "path": "images/000155.png", "x": -11, "y": -25 },
        { "path": "images/000156.png", "x": -10, "y": -24 },
        { "path": "images/000157.png", "x": -9, "y": -23 },
        { "path": "images/000158.png", "x": -8, "y": -22 },
        { "path": "images/000159.png", "x": -7, "y": -21 },
        { "path": "images/000160.png", "x": -8, "y": -20 },
        { "path": "images/000161.png", "x": -9, "y": -18 },
        { "path": "images/000162.png", "x": -10, "y": -17 },
        { "path": "images/000163.png", "x": -11, "y": -15 },
        { "path": "images/000164.png", "x": -11, "y": -14 },
        { "path": "images/000165.png", "x": -11, "y": -14 },
        { "path": "images/000166.png", "x": -10, "y": -13 },
        { "path": "images/000167.png", "x": -10, "y": -13 },
        { "path": "images/000168.png", "x": -10, "y": -12 },
        { "path": "images/000169.png", "x": -11, "y": -12 },
        { "path": "images/000170.png", "x": -11, "y": -12 },
        { "path": "images/000171.png", "x": -11, "y": -12 },
        { "path": "images/000172.png", "x": -14, "y": -12 },
        { "path": "images/000173.png", "x": -17, "y": -13 },
        { "path": "images/000174.png", "x": -19, "y": -13 },
        { "path": "images/000175.png", "x": -21, "y": -14 },
        { "path": "images/000176.png", "x": -22, "y": -16 },
        { "path": "images/000177.png", "x": -22, "y": -17 },
        { "path": "images/000178.png", "x": -21, "y": -19 },
        { "path": "images/000179.png", "x": -11, "y": -12 },
        { "path": "images/000180.png", "x": -11, "y": -12 },
        { "path": "images/000181.png", "x": -11, "y": -12 },
        { "path": "images/000182.png", "x": -10, "y": -12 },
        { "path": "images/000183.png", "x": -12, "y": -13 },
        { "path": "images/000184.png", "x": -14, "y": -13 },
        { "path": "images/000185.png", "x": -17, "y": -14 },
        { "path": "images/000186.png", "x": -18, "y": -14 },
        { "path": "images/000187.png", "x": -20, "y": -15 },
        { "path": "images/000188.png", "x": -21, "y": -17 },
        { "path": "images/000189.png", "x": -22, "y": -18 },
        { "path": "images/000190.png", "x": -22, "y": -20 },
        { "path": "images/000191.png", "x": -21, "y": -21 },
        { "path": "images/000192.png", "x": -19, "y": -22 },
        { "path": "images/000193.png", "x": -17, "y": -23 },
        { "path": "images/000194.png", "x": -14, "y": -24 },
        { "path": "images/000195.png", "x": -11, "y": -25 },
        { "path": "images/000196.png", "x": -11, "y": -25 },
        { "path": "images/000197.png", "x": -11, "y": -25 },
        { "path": "images/000198.png", "x": -10, "y": -25 },
        { "path": "images/000199.png", "x": -10, "y": -24 },
        { "path": "images/000200.png", "x": -10, "y": -24 },
        { "path": "images/000201.png", "x": -11, "y": -23 },
        { "path": "images/000202.png", "x": -11, "y": -21 },
        { "path": "images/000203.png", "x": -11, "y": -20 },
        { "path": "images/000204.png", "x": -10, "y": -19 },
        { "path": "images/000205.png", "x": -9, "y": -17 },
        { "path": "images/000206.png", "x": -8, "y": -16 },
        { "path": "images/000207.png", "x": -7, "y": -14 },
        { "path": "images/000208.png", "x": -8, "y": -13 },
        { "path": "images/000209.png", "x": -9, "y": -13 },
        { "path": "images/000210.png", "x": -10, "y": -12 },
        { "path": "images/000211.png", "x": -18, "y": -18 },
        { "path": "images/000212.png", "x": -18, "y": -19 },
        { "path": "images/000213.png", "x": -17, "y": -20 },
        { "path": "images/000214.png", "x": -16, "y": -22 },
        { "path": "images/000215.png", "x": -15, "y": -23 },
        { "path": "images/000216.png", "x": -14, "y": -24 },
        { "path": "images/000217.png", "x": -12, "y": -25 },
        { "path": "images/000218.png", "x": -12, "y": -25 },
        { "path": "images/000219.png", "x": -12, "y": -25 },
        { "path": "images/000220.png", "x": -12, "y": -26 },
        { "path": "images/000221.png", "x": -11, "y": -26 },
        { "path": "images/000222.png", "x": -10, "y": -26 },
        { "path": "images/000223.png", "x": -8, "y": -25 },
        { "path": "images/000224.png", "x": -9, "y": -24 },
        { "path": "images/000225.png", "x": -10, "y": -24 },
        { "path": "images/000226.png", "x": -11, "y": -23 },
        { "path": "images/000227.png", "x": -11, "y": -22 },
        { "path": "images/000228.png", "x": -11, "y": -20 },
        { "path": "images/000229.png", "x": -11, "y": -19 },
        { "path": "images/000230.png", "x": -10, "y": -18 },
        { "path": "images/000231.png", "x": -10, "y": -17 },
        { "path": "images/000232.png", "x": -11, "y": -16 },
        { "path": "images/000233.png", "x": -12, "y": -15 },
        { "path": "images/000234.png", "x": -12, "y": -14 },
        { "path": "images/000235.png", "x": -12, "y": -13 },
        { "path": "images/000236.png", "x": -11, "y": -13 },
        { "path": "images/000237.png", "x": -12, "y": -13 },
        { "path": "images/000238.png", "x": -13, "y": -13 },
        { "path": "images/000239.png", "x": -15, "y": -14 },
        { "path": "images/000240.png", "x": -16, "y": -14 },
        { "path": "images/000241.png", "x": -17, "y": -15 },
        { "path": "images/000242.png", "x": -18, "y": -17 },
        { "path": "images/000243.png", "x": -12, "y": -13 },
        { "path": "images/000244.png", "x": -12, "y": -14 },
        { "path": "images/000245.png", "x": -12, "y": -15 },
        { "path": "images/000246.png", "x": -14, "y": -16 },
        { "path": "images/000247.png", "x": -15, "y": -17 },
        { "path": "images/000248.png", "x": -16, "y": -18 },
        { "path": "images/000249.png", "x": -17, "y": -19 },
        { "path": "images/000250.png", "x": -18, "y": -20 },
        { "path": "images/000251.png", "x": -18, "y": -21 },
        { "path": "images/000252.png", "x": -18, "y": -23 },
        { "path": "images/000253.png", "x": -17, "y": -24 },
        { "path": "images/000254.png", "x": -16, "y": -24 },
        { "path": "images/000255.png", "x": -15, "y": -25 },
        { "path": "images/000256.png", "x": -13, "y": -25 },
        { "path": "images/000257.png", "x": -12, "y": -26 },
        { "path": "images/000258.png", "x": -11, "y": -26 },
        { "path": "images/000259.png", "x": -12, "y": -25 },
        { "path": "images/000260.png", "x": -12, "y": -25 },
        { "path": "images/000261.png", "x": -12, "y": -25 },
        { "path": "images/000262.png", "x": -11, "y": -24 },
        { "path": "images/000263.png", "x": -10, "y": -23 },
        { "path": "images/000264.png", "x": -10, "y": -22 },
        { "path": "images/000265.png", "x": -11, "y": -20 },
        { "path": "images/000266.png", "x": -11, "y": -19 },
        { "path": "images/000267.png", "x": -11, "y": -18 },
        { "path": "images/000268.png", "x": -11, "y": -17 },
        { "path": "images/000269.png", "x": -10, "y": -15 },
        { "path": "images/000270.png", "x": -10, "y": -14 },
        { "path": "images/000271.png", "x": -8, "y": -14 },
        { "path": "images/000272.png", "x": -10, "y": -13 },
        { "path": "images/000273.png", "x": -11, "y": -13 },
        { "path": "images/000274.png", "x": -12, "y": -13 },
        { "path": "images/000275.png", "x": -13, "y": -23 },
        { "path": "images/000276.png", "x": -12, "y": -24 },
        { "path": "images/000277.png", "x": -12, "y": -25 },
        { "path": "images/000278.png", "x": -11, "y": -25 },
        { "path": "images/000279.png", "x": -10, "y": -26 },
        { "path": "images/000280.png", "x": -10, "y": -26 },
        { "path": "images/000281.png", "x": -11, "y": -26 },
        { "path": "images/000282.png", "x": -11, "y": -25 },
        { "path": "images/000283.png", "x": -11, "y": -25 },
        { "path": "images/000284.png", "x": -11, "y": -25 },
        { "path": "images/000285.png", "x": -11, "y": -24 },
        { "path": "images/000286.png", "x": -10, "y": -24 },
        { "path": "images/000287.png", "x": -8, "y": -23 },
        { "path": "images/000288.png", "x": -10, "y": -22 },
        { "path": "images/000289.png", "x": -11, "y": -22 },
        { "path": "images/000290.png", "x": -12, "y": -21 },
        { "path": "images/000291.png", "x": -12, "y": -21 },
        { "path": "images/000292.png", "x": -12, "y": -20 },
        { "path": "images/000293.png", "x": -12, "y": -20 },
        { "path": "images/000294.png", "x": -11, "y": -19 },
        { "path": "images/000295.png", "x": -10, "y": -19 },
        { "path": "images/000296.png", "x": -10, "y": -19 },
        { "path": "images/000297.png", "x": -11, "y": -19 },
        { "path": "images/000298.png", "x": -11, "y": -19 },
        { "path": "images/000299.png", "x": -11, "y": -19 },
        { "path": "images/000300.png", "x": -12, "y": -19 },
        { "path": "images/000301.png", "x": -13, "y": -20 },
        { "path": "images/000302.png", "x": -14, "y": -20 },
        { "path": "images/000303.png", "x": -15, "y": -21 },
        { "path": "images/000304.png", "x": -15, "y": -21 },
        { "path": "images/000305.png", "x": -15, "y": -22 },
        { "path": "images/000306.png", "x": -14, "y": -22 },
        { "path": "images/000307.png", "x": -12, "y": -19 },
        { "path": "images/000308.png", "x": -11, "y": -19 },
        { "path": "images/000309.png", "x": -11, "y": -19 },
        { "path": "images/000310.png", "x": -10, "y": -19 },
        { "path": "images/000311.png", "x": -10, "y": -19 },
        { "path": "images/000312.png", "x": -11, "y": -19 },
        { "path": "images/000313.png", "x": -12, "y": -20 },
        { "path": "images/000314.png", "x": -12, "y": -20 },
        { "path": "images/000315.png", "x": -13, "y": -21 },
        { "path": "images/000316.png", "x": -14, "y": -21 },
        { "path": "images/000317.png", "x": -15, "y": -22 },
        { "path": "images/000318.png", "x": -15, "y": -22 },
        { "path": "images/000319.png", "x": -15, "y": -23 },
        { "path": "images/000320.png", "x": -14, "y": -23 },
        { "path": "images/000321.png", "x": -13, "y": -24 },
        { "path": "images/000322.png", "x": -12, "y": -25 },
        { "path": "images/000323.png", "x": -11, "y": -25 },
        { "path": "images/000324.png", "x": -11, "y": -25 },
        { "path": "images/000325.png", "x": -11, "y": -26 },
        { "path": "images/000326.png", "x": -10, "y": -26 },
        { "path": "images/000327.png", "x": -10, "y": -26 },
        { "path": "images/000328.png", "x": -11, "y": -25 },
        { "path": "images/000329.png", "x": -12, "y": -25 },
        { "path": "images/000330.png", "x": -12, "y": -24 },
        { "path": "images/000331.png", "x": -12, "y": -23 },
        { "path": "images/000332.png", "x": -12, "y": -22 },
        { "path": "images/000333.png", "x": -11, "y": -22 },
        { "path": "images/000334.png", "x": -10, "y": -21 },
        { "path": "images/000335.png", "x": -8, "y": -21 },
        { "path": "images/000336.png", "x": -9, "y": -20 },
        { "path": "images/000337.png", "x": -11, "y": -20 },
        { "path": "images/000338.png", "x": -11, "y": -19 },
        { "path": "images/000339.png", "x": -14, "y": -24 },
        { "path": "images/000340.png", "x": -8, "y": -25 },
        { "path": "images/000341.png", "x": -10, "y": -17 },
        { "path": "images/000342.png", "x": -15, "y": -15 },
        { "path": "images/000343.png", "x": -14, "y": -17 },
        { "path": "images/000344.png", "x": -15, "y": -25 },
        { "path": "images/000345.png", "x": -10, "y": -24 },
        { "path": "images/000346.png", "x": -8, "y": -15 },
        { "path": "images/000347.png", "x": -10, "y": -25 },
        { "path": "images/000348.png", "x": -8, "y": -23 },
        { "path": "images/000349.png", "x": -10, "y": -19 },
        { "path": "images/000350.png", "x": -15, "y": -20 },
        { "path": "images/000351.png", "x": -10, "y": -19 },
        { "path": "images/000352.png", "x": -15, "y": -23 },
        { "path": "images/000353.png", "x": -10, "y": -25 },
        { "path": "images/000354.png", "x": -8, "y": -20 },
        { "path": "images/000355.png", "x": -12, "y": -20 },
        { "path": "images/000356.png", "x": -12, "y": -25 },
        { "path": "images/000357.png", "x": -12, "y": -25 },
        { "path": "images/000358.png", "x": -12, "y": -20 },
        { "path": "images/000359.png", "x": -12, "y": -20 },
        { "path": "images/000360.png", "x": -12, "y": -25 },
        { "path": "images/000361.png", "x": -12, "y": -25 },
        { "path": "images/000362.png", "x": -12, "y": -20 },
        { "path": "images/000363.png", "x": -13, "y": -20 },
        { "path": "images/000364.png", "x": -13, "y": -25 },
        { "path": "images/000365.png", "x": -12, "y": -25 },
        { "path": "images/000366.png", "x": -12, "y": -20 },
        { "path": "images/000367.png", "x": -2, "y": -13 },
        { "path": "images/000368.png", "x": -2, "y": -15 },
        { "path": "images/000369.png", "x": -4, "y": -15 },
        { "path": "images/000370.png", "x": -4, "y": -15 },
        { "path": "images/000371.png", "x": -5, "y": -15 },
        { "path": "images/000372.png", "x": -5, "y": -15 },
        { "path": "images/000373.png", "x": -5, "y": -16 },
        { "path": "images/000374.png", "x": -5, "y": -16 },
        { "path": "images/000375.png", "x": -4, "y": -16 },
        { "path": "images/000376.png", "x": -4, "y": -16 },
        { "path": "images/000377.png", "x": -3, "y": -16 },
        { "path": "images/000378.png", "x": -3, "y": -16 },
        { "path": "images/000379.png", "x": -4, "y": -16 },
        { "path": "images/000380.png", "x": -6, "y": -16 },
        { "path": "images/000381.png", "x": -7, "y": -16 },
        { "path": "images/000382.png", "x": -9, "y": -16 },
        { "path": "images/000383.png", "x": -9, "y": -16 },
        { "path": "images/000384.png", "x": -10, "y": -16 },
        { "path": "images/000385.png", "x": -10, "y": -16 },
        { "path": "images/000386.png", "x": -10, "y": -15 },
        { "path": "images/000387.png", "x": -10, "y": -15 },
        { "path": "images/000388.png", "x": -10, "y": -15 },
        { "path": "images/000389.png", "x": -11, "y": -15 },
        { "path": "images/000390.png", "x": -10, "y": -14 },
        { "path": "images/000391.png", "x": -10, "y": -13 },
        { "path": "images/000392.png", "x": -9, "y": -11 },
        { "path": "images/000393.png", "x": -3, "y": -11 },
        { "path": "images/000394.png", "x": 45, "y": 44 },
        { "path": "images/000395.png", "x": 45, "y": 44 },
        { "path": "images/000396.png", "x": 45, "y": 44 },
        { "path": "images/000397.png", "x": 1, "y": -11 },
        { "path": "images/000398.png", "x": 0, "y": -11 },
        { "path": "images/000399.png", "x": -3, "y": -13 },
        { "path": "images/000400.png", "x": -6, "y": -16 },
        { "path": "images/000401.png", "x": -9, "y": -16 },
        { "path": "images/000402.png", "x": -9, "y": -13 },
        { "path": "images/000403.png", "x": 0, "y": -13 },
        { "path": "images/000404.png", "x": -2, "y": -15 },
        { "path": "images/000405.png", "x": -10, "y": -15 },
        { "path": "images/000406.png", "x": -10, "y": -13 },
        { "path": "images/000407.png", "x": -6, "y": -11 },
        { "path": "images/000408.png", "x": -8, "y": -11 },
        { "path": "images/000409.png", "x": -9, "y": -12 },
        { "path": "images/000410.png", "x": -10, "y": -13 },
        { "path": "images/000411.png", "x": -10, "y": -13 },
        { "path": "images/000412.png", "x": -10, "y": -14 },
        { "path": "images/000413.png", "x": -10, "y": -15 },
        { "path": "images/000414.png", "x": -9, "y": -16 },
        { "path": "images/000415.png", "x": -8, "y": -16 },
        { "path": "images/000416.png", "x": -7, "y": -17 },
        { "path": "images/000417.png", "x": -6, "y": -17 },
        { "path": "images/000418.png", "x": -4, "y": -17 },
        { "path": "images/000419.png", "x": -4, "y": -17 },
        { "path": "images/000420.png", "x": -5, "y": -17 },
        { "path": "images/000421.png", "x": -6, "y": -17 },
        { "path": "images/000422.png", "x": -7, "y": -17 },
        { "path": "images/000423.png", "x": -7, "y": -16 },
        { "path": "images/000424.png", "x": -8, "y": -16 },
        { "path": "images/000425.png", "x": -8, "y": -15 },
        { "path": "images/000426.png", "x": -7, "y": -14 },
        { "path": "images/000427.png", "x": -7, "y": -13 },
        { "path": "images/000428.png", "x": -8, "y": -13 },
        { "path": "images/000429.png", "x": -8, "y": -12 },
        { "path": "images/000430.png", "x": -8, "y": -11 },
        { "path": "images/000431.png", "x": -8, "y": -11 },
        { "path": "images/000432.png", "x": -7, "y": -11 },
        { "path": "images/000433.png", "x": -6, "y": -11 },
        { "path": "images/000434.png", "x": -5, "y": -11 },
        { "path": "images/000435.png", "x": -4, "y": -11 },
        { "path": "images/000436.png", "x": 0, "y": -11 },
        { "path": "images/000437.png", "x": -2, "y": -11 },
        { "path": "images/000438.png", "x": -4, "y": -11 },
        { "path": "images/000439.png", "x": 3, "y": -14 },
        { "path": "images/000440.png", "x": 2, "y": -14 },
        { "path": "images/000441.png", "x": 1, "y": -15 },
        { "path": "images/000442.png", "x": 1, "y": -15 },
        { "path": "images/000443.png", "x": 1, "y": -15 },
        { "path": "images/000444.png", "x": 1, "y": -14 },
        { "path": "images/000445.png", "x": 1, "y": -14 },
        { "path": "images/000446.png", "x": 0, "y": -14 },
        { "path": "images/000447.png", "x": 0, "y": -13 },
        { "path": "images/000448.png", "x": -1, "y": -13 },
        { "path": "images/000449.png", "x": -2, "y": -13 },
        { "path": "images/000450.png", "x": -3, "y": -13 },
        { "path": "images/000451.png", "x": -4, "y": -13 },
        { "path": "images/000452.png", "x": -6, "y": -13 },
        { "path": "images/000453.png", "x": -8, "y": -13 },
        { "path": "images/000454.png", "x": -9, "y": -13 },
        { "path": "images/000455.png", "x": -11, "y": -13 },
        { "path": "images/000456.png", "x": -11, "y": -14 },
        { "path": "images/000457.png", "x": -12, "y": -14 },
        { "path": "images/000458.png", "x": -12, "y": -14 },
        { "path": "images/000459.png", "x": -11, "y": -15 },
        { "path": "images/000460.png", "x": -12, "y": -15 },
        { "path": "images/000461.png", "x": -12, "y": -14 },
        { "path": "images/000462.png", "x": -12, "y": -14 },
        { "path": "images/000463.png", "x": -11, "y": -14 },
        { "path": "images/000464.png", "x": -10, "y": -14 },
        { "path": "images/000465.png", "x": 45, "y": 44 },
        { "path": "images/000466.png", "x": 45, "y": 44 },
        { "path": "images/000467.png", "x": 45, "y": 44 },
        { "path": "images/000468.png", "x": 45, "y": 44 },
        { "path": "images/000469.png", "x": 45, "y": 44 },
        { "path": "images/000470.png", "x": 3, "y": -14 },
        { "path": "images/000471.png", "x": -7, "y": -15 },
        { "path": "images/000472.png", "x": -4, "y": -17 },
        { "path": "images/000473.png", "x": -9, "y": -15 },
        { "path": "images/000474.png", "x": 45, "y": 44 },
        { "path": "images/000475.png", "x": -3, "y": -15 },
        { "path": "images/000476.png", "x": -4, "y": -15 },
        { "path": "images/000477.png", "x": -11, "y": -15 },
        { "path": "images/000478.png", "x": 45, "y": 44 },
        { "path": "images/000479.png", "x": -9, "y": -14 },
        { "path": "images/000480.png", "x": -4, "y": -17 },
        { "path": "images/000481.png", "x": -8, "y": -14 },
        { "path": "images/000482.png", "x": 45, "y": 44 },
        { "path": "images/000483.png", "x": -1, "y": -15 },
        { "path": "images/000484.png", "x": -4, "y": -14 },
        { "path": "images/000485.png", "x": -11, "y": -15 },
        { "path": "images/000486.png", "x": 45, "y": 44 },
        { "path": "images/000487.png", "x": -15, "y": -11 },
        { "path": "images/000488.png", "x": -4, "y": -16 },
        { "path": "images/000489.png", "x": -2, "y": -11 },
        { "path": "images/000490.png", "x": -4, "y": -10 },
        { "path": "images/000491.png", "x": 7, "y": -11 },
        { "path": "images/000492.png", "x": -4, "y": -6 },
        { "path": "images/000493.png", "x": -12, "y": -11 },
        { "path": "images/000494.png", "x": 45, "y": 44 },
        { "path": "images/000495.png", "x": -6, "y": -15 },
        { "path": "images/000496.png", "x": -4, "y": -17 },
        { "path": "images/000497.png", "x": 0, "y": -17 },
        { "path": "images/000498.png", "x": -2, "y": -15 },
        { "path": "images/000499.png", "x": -8, "y": -13 },
        { "path": "images/000500.png", "x": -10, "y": -11 },
        { "path": "images/000501.png", "x": -11, "y": -9 },
        { "path": "images/000502.png", "x": 45, "y": 44 },
        { "path": "images/000503.png", "x": 4, "y": -10 },
        { "path": "images/000504.png", "x": -4, "y": -11 },
        { "path": "images/000505.png", "x": -8, "y": -13 },
        { "path": "images/000506.png", "x": -8, "y": -15 },
        { "path": "images/000507.png", "x": -11, "y": -17 },
        { "path": "images/000508.png", "x": -10, "y": -17 },
        { "path": "images/000509.png", "x": -8, "y": -15 },
        { "path": "images/000510.png", "x": 45, "y": 44 },
        { "path": "images/000511.png", "x": -1, "y": -10 },
        { "path": "images/000512.png", "x": 0, "y": -10 },
        { "path": "images/000513.png", "x": -4, "y": -11 },
        { "path": "images/000514.png", "x": -4, "y": -11 },
        { "path": "images/000515.png", "x": 2, "y": -10 },
        { "path": "images/000516.png", "x": 0, "y": -17 },
        { "path": "images/000517.png", "x": 2, "y": -16 },
        { "path": "images/000518.png", "x": 3, "y": -16 },
        { "path": "images/000519.png", "x": 3, "y": -16 },
        { "path": "images/000520.png", "x": 4, "y": -15 },
        { "path": "images/000521.png", "x": 4, "y": -14 },
        { "path": "images/000522.png", "x": 3, "y": -13 },
        { "path": "images/000523.png", "x": 1, "y": -12 },
        { "path": "images/000524.png", "x": -1, "y": -11 },
        { "path": "images/000525.png", "x": -3, "y": -10 },
        { "path": "images/000526.png", "x": -4, "y": -9 },
        { "path": "images/000527.png", "x": -6, "y": -8 },
        { "path": "images/000528.png", "x": -7, "y": -8 },
        { "path": "images/000529.png", "x": -9, "y": -7 },
        { "path": "images/000530.png", "x": -10, "y": -6 },
        { "path": "images/000531.png", "x": -10, "y": -6 },
        { "path": "images/000532.png", "x": -11, "y": -6 },
        { "path": "images/000533.png", "x": -12, "y": -7 },
        { "path": "images/000534.png", "x": -12, "y": -7 },
        { "path": "images/000535.png", "x": -12, "y": -8 },
        { "path": "images/000536.png", "x": 45, "y": 44 },
        { "path": "images/000537.png", "x": 45, "y": 44 },
        { "path": "images/000538.png", "x": 45, "y": 44 },
        { "path": "images/000539.png", "x": -9, "y": -10 },
        { "path": "images/000540.png", "x": -10, "y": -11 },
        { "path": "images/000541.png", "x": -10, "y": -12 },
        { "path": "images/000542.png", "x": -1, "y": -10 },
        { "path": "images/000543.png", "x": 10, "y": -3 },
        { "path": "images/000544.png", "x": 6, "y": -8 },
        { "path": "images/000545.png", "x": 2, "y": -7 },
        { "path": "images/000546.png", "x": -1, "y": -6 },
        { "path": "images/000547.png", "x": -4, "y": -6 },
        { "path": "images/000548.png", "x": -7, "y": -6 },
        { "path": "images/000549.png", "x": -9, "y": -7 },
        { "path": "images/000550.png", "x": -10, "y": -8 },
        { "path": "images/000551.png", "x": -12, "y": -8 },
        { "path": "images/000552.png", "x": -13, "y": -9 },
        { "path": "images/000553.png", "x": -13, "y": -10 },
        { "path": "images/000554.png", "x": -13, "y": -11 },
        { "path": "images/000555.png", "x": -13, "y": -12 },
        { "path": "images/000556.png", "x": -13, "y": -13 },
        { "path": "images/000557.png", "x": -12, "y": -14 },
        { "path": "images/000558.png", "x": -11, "y": -15 },
        { "path": "images/000559.png", "x": -12, "y": -16 },
        { "path": "images/000560.png", "x": -12, "y": -16 },
        { "path": "images/000561.png", "x": -12, "y": -17 },
        { "path": "images/000562.png", "x": -11, "y": -17 },
        { "path": "images/000563.png", "x": -10, "y": -12 },
        { "path": "images/000564.png", "x": -9, "y": -11 },
        { "path": "images/000565.png", "x": -8, "y": -11 },
        { "path": "images/000566.png", "x": -7, "y": -10 },
        { "path": "images/000567.png", "x": -6, "y": -10 },
        { "path": "images/000568.png", "x": -4, "y": -10 },
        { "path": "images/000569.png", "x": -3, "y": -12 },
        { "path": "images/000570.png", "x": -1, "y": -11 },
        { "path": "images/000571.png", "x": 1, "y": -10 },
        { "path": "images/000572.png", "x": 45, "y": 44 },
        { "path": "images/000573.png", "x": 45, "y": 44 },
        { "path": "images/000574.png", "x": 45, "y": 44 },
        { "path": "images/000575.png", "x": -8, "y": -14 },
        { "path": "images/000576.png", "x": -9, "y": -14 },
        { "path": "images/000577.png", "x": -9, "y": -15 },
        { "path": "images/000578.png", "x": -8, "y": -16 },
        { "path": "images/000579.png", "x": -7, "y": -16 },
        { "path": "images/000580.png", "x": -6, "y": -17 },
        { "path": "images/000581.png", "x": -5, "y": -17 },
        { "path": "images/000582.png", "x": -3, "y": -17 },
        { "path": "images/000583.png", "x": -2, "y": -17 },
        { "path": "images/000584.png", "x": -1, "y": -17 },
        { "path": "images/000585.png", "x": 0, "y": -17 },
        { "path": "images/000586.png", "x": 0, "y": -16 },
        { "path": "images/000587.png", "x": -2, "y": -16 },
        { "path": "images/000588.png", "x": -3, "y": -15 },
        { "path": "images/000589.png", "x": -4, "y": -15 },
        { "path": "images/000590.png", "x": -6, "y": -14 },
        { "path": "images/000591.png", "x": -7, "y": -13 },
        { "path": "images/000592.png", "x": -8, "y": -13 },
        { "path": "images/000593.png", "x": -8, "y": -12 },
        { "path": "images/000594.png", "x": -9, "y": -11 },
        { "path": "images/000595.png", "x": -9, "y": -11 },
        { "path": "images/000596.png", "x": -10, "y": -10 },
        { "path": "images/000597.png", "x": -10, "y": -10 },
        { "path": "images/000598.png", "x": -11, "y": -10 },
        { "path": "images/000599.png", "x": -10, "y": -10 },
        { "path": "images/000600.png", "x": -10, "y": -10 },
        { "path": "images/000601.png", "x": 45, "y": 44 },
        { "path": "images/000602.png", "x": 45, "y": 44 },
        { "path": "images/000603.png", "x": -2, "y": -9 },
        { "path": "images/000604.png", "x": -4, "y": -11 },
        { "path": "images/000605.png", "x": -6, "y": -11 },
        { "path": "images/000606.png", "x": -7, "y": -13 },
        { "path": "images/000607.png", "x": 2, "y": -10 },
        { "path": "images/000608.png", "x": 0, "y": -10 },
        { "path": "images/000609.png", "x": -3, "y": -10 },
        { "path": "images/000610.png", "x": -5, "y": -10 },
        { "path": "images/000611.png", "x": -7, "y": -11 },
        { "path": "images/000612.png", "x": -8, "y": -11 },
        { "path": "images/000613.png", "x": -9, "y": -12 },
        { "path": "images/000614.png", "x": -10, "y": -13 },
        { "path": "images/000615.png", "x": -10, "y": -13 },
        { "path": "images/000616.png", "x": -10, "y": -14 },
        { "path": "images/000617.png", "x": -10, "y": -15 },
        { "path": "images/000618.png", "x": -9, "y": -15 },
        { "path": "images/000619.png", "x": -8, "y": -16 },
        { "path": "images/000620.png", "x": -7, "y": -16 },
        { "path": "images/000621.png", "x": -9, "y": -17 },
        { "path": "images/000622.png", "x": -10, "y": -17 },
        { "path": "images/000623.png", "x": -10, "y": -17 },
        { "path": "images/000624.png", "x": -10, "y": -17 },
        { "path": "images/000625.png", "x": -10, "y": -17 },
        { "path": "images/000626.png", "x": -10, "y": -17 },
        { "path": "images/000627.png", "x": -9, "y": -16 },
        { "path": "images/000628.png", "x": -8, "y": -16 },
        { "path": "images/000629.png", "x": -8, "y": -15 },
        { "path": "images/000630.png", "x": -8, "y": -14 },
        { "path": "images/000631.png", "x": -7, "y": -14 },
        { "path": "images/000632.png", "x": -6, "y": -13 },
        { "path": "images/000633.png", "x": -5, "y": -11 },
        { "path": "images/000634.png", "x": -3, "y": -11 },
        { "path": "images/000635.png", "x": 1, "y": -9 },
        { "path": "images/000636.png", "x": 45, "y": 44 },
        { "path": "images/000637.png", "x": 45, "y": 44 },
        { "path": "images/000638.png", "x": 8, "y": -7 },
        { "path": "images/000639.png", "x": -4, "y": -16 },
        { "path": "images/000640.png", "x": -3, "y": -17 },
        { "path": "images/000641.png", "x": -3, "y": -17 },
        { "path": "images/000642.png", "x": -2, "y": -17 },
        { "path": "images/000643.png", "x": -1, "y": -17 },
        { "path": "images/000644.png", "x": 0, "y": -17 },
        { "path": "images/000645.png", "x": 0, "y": -17 },
        { "path": "images/000646.png", "x": 1, "y": -16 },
        { "path": "images/000647.png", "x": 2, "y": -16 },
        { "path": "images/000648.png", "x": 2, "y": -16 },
        { "path": "images/000649.png", "x": 2, "y": -15 },
        { "path": "images/000650.png", "x": 0, "y": -15 },
        { "path": "images/000651.png", "x": -2, "y": -14 },
        { "path": "images/000652.png", "x": -4, "y": -13 },
        { "path": "images/000653.png", "x": -5, "y": -13 },
        { "path": "images/000654.png", "x": -7, "y": -12 },
        { "path": "images/000655.png", "x": -9, "y": -12 },
        { "path": "images/000656.png", "x": -10, "y": -12 },
        { "path": "images/000657.png", "x": -11, "y": -11 },
        { "path": "images/000658.png", "x": -11, "y": -11 },
        { "path": "images/000659.png", "x": -11, "y": -11 },
        { "path": "images/000660.png", "x": -11, "y": -11 },
        { "path": "images/000661.png", "x": -12, "y": -11 },
        { "path": "images/000662.png", "x": -12, "y": -10 },
        { "path": "images/000663.png", "x": -11, "y": -7 },
        { "path": "images/000664.png", "x": -8, "y": -8 },
        { "path": "images/000665.png", "x": 45, "y": 44 },
        { "path": "images/000666.png", "x": 45, "y": 44 },
        { "path": "images/000667.png", "x": 45, "y": 44 },
        { "path": "images/000668.png", "x": 45, "y": 44 },
        { "path": "images/000669.png", "x": -4, "y": -14 },
        { "path": "images/000670.png", "x": -4, "y": -15 },
        { "path": "images/000671.png", "x": 5, "y": -7 },
        { "path": "images/000672.png", "x": 3, "y": -10 },
        { "path": "images/000673.png", "x": 2, "y": -11 },
        { "path": "images/000674.png", "x": 0, "y": -11 },
        { "path": "images/000675.png", "x": -2, "y": -11 },
        { "path": "images/000676.png", "x": -3, "y": -11 },
        { "path": "images/000677.png", "x": -4, "y": -11 },
        { "path": "images/000678.png", "x": -5, "y": -12 },
        { "path": "images/000679.png", "x": -6, "y": -12 },
        { "path": "images/000680.png", "x": -7, "y": -12 },
        { "path": "images/000681.png", "x": -8, "y": -13 },
        { "path": "images/000682.png", "x": -8, "y": -13 },
        { "path": "images/000683.png", "x": -8, "y": -14 },
        { "path": "images/000684.png", "x": -8, "y": -15 },
        { "path": "images/000685.png", "x": -9, "y": -15 },
        { "path": "images/000686.png", "x": -10, "y": -16 },
        { "path": "images/000687.png", "x": -11, "y": -16 },
        { "path": "images/000688.png", "x": -12, "y": -16 },
        { "path": "images/000689.png", "x": -12, "y": -17 },
        { "path": "images/000690.png", "x": -11, "y": -17 },
        { "path": "images/000691.png", "x": -11, "y": -17 },
        { "path": "images/000692.png", "x": -11, "y": -17 },
        { "path": "images/000693.png", "x": -10, "y": -17 },
        { "path": "images/000694.png", "x": -9, "y": -17 },
        { "path": "images/000695.png", "x": -9, "y": -16 },
        { "path": "images/000696.png", "x": -7, "y": -15 },
        { "path": "images/000697.png", "x": -6, "y": -14 },
        { "path": "images/000698.png", "x": 45, "y": 44 },
        { "path": "images/000699.png", "x": 45, "y": 44 },
        { "path": "images/000700.png", "x": 45, "y": 44 },
        { "path": "images/000701.png", "x": 45, "y": 44 },
        { "path": "images/000702.png", "x": 6, "y": -8 },
        { "path": "images/000703.png", "x": -6, "y": -16 },
        { "path": "images/000704.png", "x": -1, "y": -16 },
        { "path": "images/000705.png", "x": -9, "y": -11 },
        { "path": "images/000706.png", "x": -2, "y": -9 },
        { "path": "images/000707.png", "x": -6, "y": -11 },
        { "path": "images/000708.png", "x": -8, "y": -16 },
        { "path": "images/000709.png", "x": -9, "y": -16 },
        { "path": "images/000710.png", "x": 1, "y": -9 },
        { "path": "images/000711.png", "x": -2, "y": -17 },
        { "path": "images/000712.png", "x": -1, "y": -14 },
        { "path": "images/000713.png", "x": -11, "y": -11 },
        { "path": "images/000714.png", "x": 45, "y": 44 },
        { "path": "images/000715.png", "x": -2, "y": -11 },
        { "path": "images/000716.png", "x": -8, "y": -14 },
        { "path": "images/000717.png", "x": -11, "y": -17 },
        { "path": "images/000718.png", "x": 45, "y": 44 },
        { "path": "images/000719.png", "x": -2, "y": -13 },
        { "path": "images/000720.png", "x": -4, "y": -16 },
        { "path": "images/000721.png", "x": -9, "y": -16 },
        { "path": "images/000722.png", "x": -10, "y": -13 },
        { "path": "images/000723.png", "x": -2, "y": -13 },
        { "path": "images/000724.png", "x": -4, "y": -16 },
        { "path": "images/000725.png", "x": -9, "y": -16 },
        { "path": "images/000726.png", "x": -10, "y": -13 },
        { "path": "images/000727.png", "x": -2, "y": -13 },
        { "path": "images/000728.png", "x": -4, "y": -16 },
        { "path": "images/000729.png", "x": -9, "y": -16 },
        { "path": "images/000730.png", "x": -5, "y": -13 },
        ""
    ],
    "strings": {
        "name": {
            "en-GB": "Panda Trains",
            "fr-FR": "Train panda",
            "de-DE": "Pandazüge",
            "es-ES": "Trenes Panda",
            "it-IT": "Treni panda",
            "nl-NL": "Pandatreinen",
            "sv-SE": "Pandatåg",
            "ko-KR": "판다 열차",
            "zh-TW": "熊貓列車",
            "pt-BR": "Trens Panda",
            "ar-EG": "قطارات الباندا",
            "ja-JP": "パンダのトレイン",
            "pl-PL": "Pandzie Pociągi",
            "eo-ZZ": "Pando-Trajnoj",
            "ca-ES": "Trens panda",
            "fi-FI": "Pandavaunut",
            "zh-CN": "熊猫特快"
        },
        "description": {
            "en-GB": "Roller coaster trains with cuddly panda cars",
            "fr-FR": "Train de montagnes russes dont les voitures ont la forme de gentils pandas",
            "de-DE": "Achterbahnzüge mit plüschtierartigen Pandawagen",
            "es-ES": "Montaña rusa con vagones de forma de mimosos osos panda",
            "it-IT": "Treni da ottovolante con carrozze a forma di teneri panda",
            "nl-NL": "Achtbaantrein met kleine karretjes in de vorm van een panda.",
            "sv-SE": "Små berg- och dalbanevagnar utformade som gosiga pandor",
            "ko-KR": "귀여운 판다 차량이 달린 롤러코스터 열차",
            "zh-TW": "雲霄飛車列車是逗人喜愛的熊貓車輛",
            "pt-BR": "Trens de montanha-russa com vagões em forma de panda",
            "ar-EG": "قطار أفعوانية مع عربات بشكل الباندا المحبب",
            "ja-JP": "可愛いパンダカーのジェットコースタートレイン",
            "pl-PL": "Kolejka górska z puchatymi pandzimi wagonikami",
            "eo-ZZ": "Trajnoj de onda fervojo kun karesigaj pando-ĉaroj",
            "ca-ES": "Muntanya russa amb cotxes panda melindrosos.",
            "fi-FI": "Pandan muotoiset vuoristoratavaunut",
            "zh-CN": "熊猫形状列车的过山车"
        },
        "capacity": {
            "en-GB": "1 passenger per car",
            "fr-FR": "1 passager par voiture",
            "de-DE": "1 Fahrgast pro Wagen",
            "es-ES": "1 pasajero por vagón",
            "it-IT": "1 passeggero a carrozza",
            "nl-NL": "1 passagier per karretje",
            "sv-SE": "1 passagerare per vagn",
            "ko-KR": "차량 당 승객 1명",
            "zh-TW": "1 位乘客/每個車廂",
            "pt-BR": "1 passageiro por vagão",
            "ar-EG": "راكب واحد لكل عربة",
            "ja-JP": "各車両1名",
            "pl-PL": "1 pasażer na wagonik",
            "eo-ZZ": "Po 1 pasaĝero por ĉaro",
            "ca-ES": "1 passatger per cotxe",
            "fi-FI": "1 matkustaja per vaunu",
            "zh-CN": "1位乘客/车"
        }
    }
}
