{
    "id": "rct2.ride.icecr1",
    "authors": [
        "Chris Sawyer",
        "Simon Foster"
    ],
    "version": "1.0",
    "originalId": "0A188A80|ICECR1  |E3CF92CE",
    "sourceGame": [
        "rct2",
        "rct1"
    ],
    "objectType": "ride",
    "properties": {
        "type": "food_stall",
        "category": "stall",
        "clearance": 56,
        "sells": "ice_cream",
        "carsPerFlatRide": 1,
        "carColours": [
            [
                [
                    "light_blue",
                    "black",
                    "black"
                ]
            ]
        ]
    },
    "images": [
        "$RCT2:OBJDATA/ICECR1.DAT[0..2]",
        { "path": "images/0.png", "x": -23, "y": -44 },
        { "path": "images/1.png", "x": -23, "y": -44 },
        { "path": "images/2.png", "x": -28, "y": -46 },
        { "path": "images/3.png", "x": -28, "y": -39 }
    ],
    "strings": {
        "name": {
            "en-GB": "Fruity Ices Stall",
            "fr-FR": "Glacier",
            "de-DE": "Fruchteis-Stand",
            "es-ES": "Puesto de helados de frutas",
            "it-IT": "Chiosco di gelati alla frutta",
            "nl-NL": "Vruchtenijskraam",
            "sv-SE": "Fruktglass-stånd",
            "ko-KR": "과일 아이스크림 가게",
            "zh-CN": "水果冰店",
            "zh-TW": "水果冰店",
            "pt-BR": "Barraca de Sorvetes de Frutas",
            "cs-CZ": "Stánek s nanuky",
            "ja-JP": "フルーツアイスクリーム・ショップ",
            "pl-PL": "Kiosk z lodami owocowymi",
            "ru-RU": "Мороженое",
            "eo-ZZ": "Frukto-Glaciaĵobudo",
            "ca-ES": "Parada de gelats de fruita",
            "fi-FI": "Hedelmäjäätelökoju"
        },
        "description": {
            "en-GB": "A themed stall selling fruity ice creams",
            "fr-FR": "Boutique thématique vendant des glaces fruitées",
            "de-DE": "Ein Themenstand, an dem Fruchtspeiseeis verkauft wird",
            "es-ES": "Un puesto que vende helados de frutas",
            "it-IT": "Un chiosco a tema che vende gelati alla frutta",
            "nl-NL": "Een gethematiseerde kraam waar vruchtenijs wordt verkocht.",
            "sv-SE": "Ett som säljer fruktiga glassar",
            "ko-KR": "과일 아이스크림을 파는 가게",
            "zh-CN": "以水果冰淇淋为主题的商店",
            "zh-TW": "以水果冰淇淋為主題的商店",
            "pt-BR": "Uma barraca temática vendendo sorvetes de frutas",
            "cs-CZ": "Stánek prodávající různé druhy nanuků",
            "ja-JP": "フルーツアイスクリームを売る売店です",
            "pl-PL": "Stoisko sprzedające lody owocowe",
            "ru-RU": "Палатка с фруктовым мороженым",
            "eo-ZZ": "Temita budo vendanta frukto-glaciaĵojn",
            "ca-ES": "Estand que ven gelats de fruita.",
            "fi-FI": "Teemattu koju, joka myy hedelmänmakuisia jäätelöitä"
        }
    }
}
