{
    "id": "rct2dlc.water.wtrpink",
    "authors": [
        "Chris Sawyer",
        "Simon Foster"
    ],
    "version": "1.0",
    "originalId": "0A92ED09|WTRPINK |30DF82E8",
    "sourceGame": "official",
    "objectType": "water",
    "properties": {
        "palettes": {
            "general": {
                "index": 10,
                "colours": [
                    "#172323",
                    "#233333",
                    "#2F4343",
                    "#3F5353",
                    "#4B6363",
                    "#5B7373",
                    "#6F8383",
                    "#839797",
                    "#9FAFAF",
                    "#B7C3C3",
                    "#D3DBDB",
                    "#EFF3F3",
                    "#332F00",
                    "#3F3B00",
                    "#4F4B0B",
                    "#5B5B13",
                    "#6B6B1F",
                    "#777B2F",
                    "#878B3B",
                    "#979B4F",
                    "#A7AF5F",
                    "#BBBF73",
                    "#CBCF8B",
                    "#DFE3A3",
                    "#432B07",
                    "#573B0B",
                    "#6F4B17",
                    "#7F571F",
                    "#8F6327",
                    "#9F7333",
                    "#B38343",
                    "#BF9757",
                    "#CBAF6F",
                    "#DBC787",
                    "#E7DBA3",
                    "#F7EFC3",
                    "#471B00",
                    "#5F2B00",
                    "#773F00",
                    "#8F5307",
                    "#A76F07",
                    "#BF8B0F",
                    "#D7A713",
                    "#F3CB1B",
                    "#FFE72F",
                    "#FFF35F",
                    "#FFFB8F",
                    "#FFFFC3",
                    "#230000",
                    "#4F0000",
                    "#5F0707",
                    "#6F0F0F",
                    "#7F1B1B",
                    "#8F2727",
                    "#A33B3B",
                    "#B34F4F",
                    "#C76767",
                    "#D77F7F",
                    "#EB9F9F",
                    "#FFBFBF",
                    "#1B3313",
                    "#233F17",
                    "#2F4F1F",
                    "#3B5F27",
                    "#476F2B",
                    "#577F33",
                    "#638F3B",
                    "#739B43",
                    "#83AB4B",
                    "#93BB53",
                    "#A3CB5F",
                    "#B7DB67",
                    "#1F371B",
                    "#2F4723",
                    "#3B532B",
                    "#4B6337",
                    "#5B6F43",
                    "#6F874F",
                    "#879F5F",
                    "#9FB76F",
                    "#B7CF7F",
                    "#C3DB93",
                    "#CFE7A7",
                    "#DFF7BF",
                    "#0F3F00",
                    "#135300",
                    "#176700",
                    "#1F7B00",
                    "#278F07",
                    "#379F17",
                    "#47AF27",
                    "#5BBF3F",
                    "#6FCF57",
                    "#8BDF73",
                    "#A3EF8F",
                    "#C3FFB3",
                    "#4F2B13",
                    "#63371B",
                    "#77472B",
                    "#8B573B",
                    "#A76343",
                    "#BB7353",
                    "#CF8363",
                    "#D79773",
                    "#E3AB83",
                    "#EFBF97",
                    "#F7CFAB",
                    "#FFE3C3",
                    "#0F1337",
                    "#272B57",
                    "#333767",
                    "#3F4377",
                    "#53538B",
                    "#63639B",
                    "#7777AF",
                    "#8B8BBF",
                    "#9F9FCF",
                    "#B7B7DF",
                    "#D3D3EF",
                    "#EFEFFF",
                    "#001B6F",
                    "#002797",
                    "#0733A7",
                    "#0F43BB",
                    "#1B53CB",
                    "#2B67DF",
                    "#4387E3",
                    "#5BA3E7",
                    "#77BBEF",
                    "#8FD3F3",
                    "#AFE7FB",
                    "#D7F7FF",
                    "#0B2B0F",
                    "#0F3717",
                    "#17471F",
                    "#23532B",
                    "#2F633B",
                    "#3B734B",
                    "#4F875F",
                    "#639B77",
                    "#7BAF8B",
                    "#93C7A7",
                    "#AFDBC3",
                    "#CFF3DF",
                    "#3F005F",
                    "#4B0773",
                    "#530F7F",
                    "#5F1F8F",
                    "#6B2B9B",
                    "#7B3FAB",
                    "#8753BB",
                    "#9B67C7",
                    "#AB7FD7",
                    "#BF9BE7",
                    "#D7C3F3",
                    "#F3EBFF",
                    "#3F0000",
                    "#570000",
                    "#730000",
                    "#8F0000",
                    "#AB0000",
                    "#C70000",
                    "#E30700",
                    "#FF0700",
                    "#FF4F43",
                    "#FF7B73",
                    "#FFABA3",
                    "#FFDBD7",
                    "#4F2700",
                    "#6F3300",
                    "#933F00",
                    "#B74700",
                    "#DB4F00",
                    "#FF5300",
                    "#FF6F17",
                    "#FF8B33",
                    "#FFA34F",
                    "#FFB76B",
                    "#FFCB87",
                    "#FFDBA3",
                    "#702F36",
                    "#7D2D3E",
                    "#8A2A46",
                    "#97274F",
                    "#A42457",
                    "#B12160",
                    "#BE1E68",
                    "#CB1B71",
                    "#D81879",
                    "#E51582",
                    "#F2128A",
                    "#FF0F93",
                    "#3F001B",
                    "#5B0027",
                    "#77003B",
                    "#93074B",
                    "#B30B63",
                    "#C71F77",
                    "#DB3B8F",
                    "#EF5BAB",
                    "#F377BB",
                    "#F797CB",
                    "#FBB7DF",
                    "#FFD7EF",
                    "#271300",
                    "#371F07",
                    "#472F0F",
                    "#5B3F1F",
                    "#6B5333",
                    "#7B674B",
                    "#8F7F6B",
                    "#A3937F",
                    "#BBAB93",
                    "#CFC3AB",
                    "#E7DBC3",
                    "#FFF3DF",
                    "#374B4B",
                    "#FFB700",
                    "#FFDB00",
                    "#FFFF00",
                    "#97274F",
                    "#A12555",
                    "#AB235C",
                    "#B52062",
                    "#BF1E69",
                    "#C91C6F",
                    "#D31976",
                    "#DD177C",
                    "#E71583",
                    "#F2128A",
                    "#435B5B",
                    "#536B6B",
                    "#637B7B",
                    "#000063",
                    "#1B2B8B",
                    "#273B97"
                ]
            },
            "waves-0": {
                "index": 16,
                "colours": [
                    "#F238C4",
                    "#E338B9",
                    "#D439AD",
                    "#C539A2",
                    "#B53A96",
                    "#B53A96",
                    "#B53A96",
                    "#B53A96",
                    "#B53A96",
                    "#B53A96",
                    "#B53A96",
                    "#B53A96",
                    "#C73AA3",
                    "#D93AB1",
                    "#EB3BBF"
                ]
            },
            "waves-1": {
                "index": 32,
                "colours": [
                    "#C72CA0",
                    "#B72C94",
                    "#A62B87",
                    "#962A7B",
                    "#85296E",
                    "#85296E",
                    "#85296E",
                    "#85296E",
                    "#85296E",
                    "#85296E",
                    "#85296E",
                    "#85296E",
                    "#982B7D",
                    "#AB2D8C",
                    "#BF309B"
                ]
            },
            "waves-2": {
                "index": 48,
                "colours": [
                    "#A62385",
                    "#98237A",
                    "#89226F",
                    "#7A2164",
                    "#6B2058",
                    "#6B2058",
                    "#6B2058",
                    "#6B2058",
                    "#6B2058",
                    "#6B2058",
                    "#6B2058",
                    "#6B2058",
                    "#7B2164",
                    "#8B2271",
                    "#9C247E"
                ]
            },
            "sparkles-0": {
                "index": 80,
                "colours": [
                    "#B22477",
                    "#C22C8B",
                    "#D2349F",
                    "#E23CB3",
                    "#F244C7",
                    "#F244C7",
                    "#F244C7",
                    "#F244C7",
                    "#F244C7",
                    "#F244C7",
                    "#F244C7",
                    "#F244C7",
                    "#DB3AAC",
                    "#C43091",
                    "#AD2675"
                ]
            },
            "sparkles-1": {
                "index": 96,
                "colours": [
                    "#9E2069",
                    "#A92578",
                    "#B52B88",
                    "#C03197",
                    "#CC37A7",
                    "#CC37A7",
                    "#CC37A7",
                    "#CC37A7",
                    "#CC37A7",
                    "#CC37A7",
                    "#CC37A7",
                    "#CC37A7",
                    "#BA2F91",
                    "#A8277B",
                    "#961E64"
                ]
            },
            "sparkles-2": {
                "index": 112,
                "colours": [
                    "#851B58",
                    "#8B1F62",
                    "#91236C",
                    "#972776",
                    "#9E2B81",
                    "#9E2B81",
                    "#9E2B81",
                    "#9E2B81",
                    "#9E2B81",
                    "#9E2B81",
                    "#9E2B81",
                    "#9E2B81",
                    "#962674",
                    "#8E2166",
                    "#851B58"
                ]
            }
        }
    },
    "strings": {
        "name": {
            "en-GB": "Pink Water",
            "de-DE": "Rosa Wasser",
            "nl-NL": "Roze water",
            "ar-EG": "مياه وردية",
            "pt-BR": "Água Rosa",
            "ja-JP": "ピンクの水",
            "fr-FR": "Eau rose",
            "it-IT": "Acqua rosa",
            "pl-PL": "Różowa woda",
            "ko-KR": "분홍색 물",
            "eo-ZZ": "Rozkolora Akvo",
            "sv-SE": "Rosa vatten",
            "ca-ES": "Aigua rosa",
            "fi-FI": "Vaaleanpunainen vesi",
            "zh-CN": "粉色的水"
        }
    }
}
