{
    "id": "rct2dlc.scenery_group.scgpanda",
    "authors": [
        "Chris Sawyer",
        "Simon Foster"
    ],
    "version": "1.0",
    "originalId": "09F8ED07|SCGPANDA|34EFBA3D",
    "sourceGame": "official",
    "objectType": "scenery_group",
    "properties": {
        "entries": [
            "rct2dlc.scenery_small.bigpanda",
            "rct2dlc.scenery_small.pandagr",
            "rct2dlc.footpath_item.litterpa"
        ],
        "priority": 40
    },
    "images": [
        { "path": "images/0.png", "x": 0, "y": 0 },
        { "path": "images/1.png", "x": 0, "y": 0 }
    ],
    "strings": {
        "name": {
            "en-GB": "Panda Theming",
            "fr-FR": "Thème Panda",
            "de-DE": "Pandathema",
            "es-ES": "Temática Panda",
            "it-IT": "Tema panda",
            "nl-NL": "Pandathema",
            "sv-SE": "Pandatema",
            "ko-KR": "판다 테마",
            "zh-TW": "熊貓主題區",
            "pt-BR": "Temática Panda",
            "ar_EG": "ثيم الباندا",
            "ja-JP": "パンダのテーマ",
            "pl-PL": "Wystrój pandowy",
            "eo-ZZ": "Pando-Temo",
            "ca-ES": "Temàtica amb óssos panda",
            "fi-FI": "Pandateemaus",
            "zh-CN": "熊猫主题",
            "ar-EG": "طابع الباندا"
        }
    }
}
