{
    "id": "rct2dlc.scenery_small.bigpanda",
    "authors": [
        "Chris Sawyer",
        "Simon Foster"
    ],
    "version": "1.0",
    "originalId": "09F8EC01|BIGPANDA|F06CB437",
    "sourceGame": "official",
    "objectType": "scenery_small",
    "properties": {
        "price": 24,
        "removalPrice": -18,
        "cursor": "CURSOR_STATUE_DOWN",
        "height": 40,
        "shape": "4/4",
        "requiresFlatSurface": true,
        "isRotatable": true,
        "isStackable": true
    },
    "images": [
        { "path": "images/0.png", "x": -23, "y": -42 },
        { "path": "images/1.png", "x": -23, "y": -48 },
        { "path": "images/2.png", "x": -22, "y": -48 },
        { "path": "images/3.png", "x": -22, "y": -42 }
    ],
    "strings": {
        "name": {
            "en-GB": "Giant Panda",
            "fr-FR": "Panda géant",
            "de-DE": "Riesenpanda",
            "es-ES": "Panda gigante",
            "it-IT": "Panda gigante",
            "nl-NL": "Reuzenpanda",
            "sv-SE": "Jättepanda",
            "ko-KR": "자이언트 판다",
            "zh-TW": "巨大的熊貓",
            "pt-BR": "Panda Gigante",
            "ar-EG": "الباندا العملاق",
            "ja-JP": "ジャイアントパンダ",
            "pl-PL": "Wielka Panda",
            "eo-ZZ": "Giganta Pando",
            "ca-ES": "Panda gegant",
            "fi-FI": "Jättiläispanda",
            "zh-CN": "巨大熊猫"
        }
    }
}
