{
    "id": "rct1.footpath_surface.crazy_paving",
    "authors": [
        "Chris Sawyer",
        "Simon Foster"
    ],
    "version": "1.0",
    "sourceGame": "rct1",
    "objectType": "footpath_surface",
    "properties": {
        "noSlopeRailings": true
    },
    "images": [
        { "path": "preview.png", "x": 1, "y": 1 },
        "$CSG[44493..44543]"
    ],
    "noCsgImages": [
        { "path": "preview.png", "x": 1, "y": 1 },
        "$RCT2:OBJDATA/PATHCRZY.DAT[0..50]"
    ],
    "strings": {
        "name": {
            "en-GB": "Crazy Paving Footpath (Sloped)",
            "fr-FR": "Allée pavée",
            "de-DE": "Fußweg mit verrücktem Belag (Schräge)",
            "es-ES": "Sendero de empedrado loco",
            "it-IT": "Sentiero strampalato",
            "nl-NL": "Voetpad met onregelmatig plaveisel (met helling)",
            "sv-SE": "Rolig stengång",
            "ko-KR": "벽돌 보도",
            "zh-CN": "古怪步道",
            "zh-TW": "古怪步道",
            "pt-BR": "Caminho de Pavimento Doido",
            "cs-CZ": "Šílená cesta",
            "ja-JP": "クレイジー敷石歩道",
            "pl-PL": "Zwariowana dróżka",
            "ru-RU": "Дорожка",
            "ar-EG": "ممشي مجنون مرصوف",
            "eo-ZZ": "Freneza-Pavima Trotuaro (Dekliva)",
            "ca-ES": "Camí d’empedrat boig (amb rampes)"
        }
    }
}
