{
    "id": "rct1.ride.inverted_trains",
    "authors": [
        "Chris Sawyer",
        "Simon Foster"
    ],
    "version": "1.0",
    "originalId": "00000000|#RCT1GIO|00000000",
    "sourceGame": [
        "rct1"
    ],
    "objectType": "ride",
    "properties": {
        "type": [
            "compact_inverted_rc",
            "inverted_rc"
        ],
        "category": "rollercoaster",
        "limitAirTimeBonus": true,
        "minCarsPerTrain": 2,
        "maxCarsPerTrain": 8,
        "carColours": [
            [
                [
                    "yellow",
                    "black",
                    "black"
                ]
            ],
            [
                [
                    "bright_red",
                    "white",
                    "black"
                ]
            ],
            [
                [
                    "black",
                    "bright_green",
                    "black"
                ]
            ],
            [
                [
                    "black",
                    "dark_blue",
                    "black"
                ]
            ]
        ],
        "cars": {
            "rotationFrameMask": 15,
            "spacing": 139264,
            "mass": 560,
            "tabOffset": -15,
            "numSeats": 2,
            "numSeatRows": 1,
            "frictionSoundId": 2,
            "soundRange": 2,
            "drawOrder": 1,
            "spriteGroups": {
                "slopeFlat": 16,
                "slopes12": 4,
                "slopes25": 16,
                "slopes42": 8,
                "slopes60": 16,
                "slopes75": 4,
                "slopes90": 4,
                "slopesLoop": 4,
                "slopeInverted": 4,
                "slopes8": 4,
                "slopes16": 4,
                "slopes50": 4,
                "flatBanked22": 8,
                "flatBanked45": 16,
                "flatBanked67": 4,
                "flatBanked90": 4,
                "inlineTwists": 4,
                "slopes12Banked22": 4,
                "slopes8Banked22": 4,
                "corkscrews": 4,
                "restraintAnimation": 4
            },
            "hasAdditionalColour1": true,
            "hasScreamingRiders": true,
            "loadingPositions": [
                1,
                3
            ]
        },
        "buildMenuPriority": 3
    },
    "images": [
        { "path": "images/preview1.png", "format": "raw" },
        { "path": "images/preview2.png", "format": "raw" },
        "",
        "$CSG[19030..19045]",
        "$CSG[19046]",
        "$CSG[19054]",
        "$CSG[19062]",
        "$CSG[19070]",
        "$CSG[19050]",
        "$CSG[19058]",
        "$CSG[19066]",
        "$CSG[19074]",
        "$CSG[19047]",
        "$CSG[19134..19136]",
        "$CSG[19055]",
        "$CSG[19137..19139]",
        "$CSG[19063]",
        "$CSG[19140..19142]",
        "$CSG[19071]",
        "$CSG[19143..19145]",
        "$CSG[19051]",
        "$CSG[19146..19148]",
        "$CSG[19059]",
        "$CSG[19149..19151]",
        "$CSG[19067]",
        "$CSG[19152..19154]",
        "$CSG[19075]",
        "$CSG[19155..19157]",
        "$CSG[19048]",
        "$CSG[19382]",
        "$CSG[19056]",
        "$CSG[19383]",
        "$CSG[19064]",
        "$CSG[19384]",
        "$CSG[19072]",
        "$CSG[19385]",
        "$CSG[19052]",
        "$CSG[19398]",
        "$CSG[19060]",
        "$CSG[19399]",
        "$CSG[19068]",
        "$CSG[19400]",
        "$CSG[19076]",
        "$CSG[19401]",
        "$CSG[19049]",
        "$CSG[19338..19340]",
        "$CSG[19057]",
        "$CSG[19341..19343]",
        "$CSG[19065]",
        "$CSG[19344..19346]",
        "$CSG[19073]",
        "$CSG[19347..19349]",
        "$CSG[19053]",
        "$CSG[19350..19352]",
        "$CSG[19061]",
        "$CSG[19353..19355]",
        "$CSG[19069]",
        "$CSG[19356..19358]",
        "$CSG[19077]",
        "$CSG[19359..19361]",
        "$CSG[19158..19161]",
        "$CSG[19190..19193]",
        "$CSG[19162..19165]",
        "$CSG[19194..19197]",
        "$CSG[19166..19169]",
        "$CSG[19198..19201]",
        "$CSG[19170..19173]",
        "$CSG[19202..19205]",
        "$CSG[19174..19177]",
        "$CSG[19206..19209]",
        "$CSG[19178..19181]",
        "$CSG[19210..19213]",
        "$CSG[19182..19185]",
        "$CSG[19214..19217]",
        "$CSG[19186..19189]",
        "$CSG[19374..19377]",
        "$CSG[19390..19393]",
        "$CSG[19378..19381]",
        "$CSG[19394..19397]",
        "$CSG[19386..19389]",
        "$CSG[19402..19405]",
        "$CSG[19110]",
        "$CSG[19406]",
        "$CSG[19111]",
        "$CSG[19407]",
        "$CSG[19112]",
        "$CSG[19408]",
        "$CSG[19113]",
        "$CSG[19409]",
        "$CSG[19114]",
        "$CSG[19410]",
        "$CSG[19115]",
        "$CSG[19411]",
        "$CSG[19116]",
        "$CSG[19412]",
        "$CSG[19117]",
        "$CSG[19413]",
        "$CSG[19078..19109]",
        "$CSG[19218..19221]",
        "$CSG[19238..19241]",
        "$CSG[19222..19225]",
        "$CSG[19242..19245]",
        "$CSG[19226..19229]",
        "$CSG[19246..19249]",
        "$CSG[19230..19233]",
        "$CSG[19250..19253]",
        "$CSG[19234..19237]",
        "$CSG[19254..19257]",
        "$CSG[19118..19133]",
        "$CSG[19414..19429]",
        "$CSG[19258..19337]",
        "$CSG[19362]",
        "$CSG[19365]",
        "$CSG[19368]",
        "$CSG[19371]",
        "$CSG[19363]",
        "$CSG[19366]",
        "$CSG[19369]",
        "$CSG[19372]",
        "$CSG[19364]",
        "$CSG[19367]",
        "$CSG[19370]",
        "$CSG[19373]",
        "$CSG[19430..19445]",
        "$CSG[19446]",
        "$CSG[19454]",
        "$CSG[19462]",
        "$CSG[19470]",
        "$CSG[19450]",
        "$CSG[19458]",
        "$CSG[19466]",
        "$CSG[19474]",
        "$CSG[19447]",
        "$CSG[19534..19536]",
        "$CSG[19455]",
        "$CSG[19537..19539]",
        "$CSG[19463]",
        "$CSG[19540..19542]",
        "$CSG[19471]",
        "$CSG[19543..19545]",
        "$CSG[19451]",
        "$CSG[19546..19548]",
        "$CSG[19459]",
        "$CSG[19549..19551]",
        "$CSG[19467]",
        "$CSG[19552..19554]",
        "$CSG[19475]",
        "$CSG[19555..19557]",
        "$CSG[19448]",
        "$CSG[19782]",
        "$CSG[19456]",
        "$CSG[19783]",
        "$CSG[19464]",
        "$CSG[19784]",
        "$CSG[19472]",
        "$CSG[19785]",
        "$CSG[19452]",
        "$CSG[19798]",
        "$CSG[19460]",
        "$CSG[19799]",
        "$CSG[19468]",
        "$CSG[19800]",
        "$CSG[19476]",
        "$CSG[19801]",
        "$CSG[19449]",
        "$CSG[19738..19740]",
        "$CSG[19457]",
        "$CSG[19741..19743]",
        "$CSG[19465]",
        "$CSG[19744..19746]",
        "$CSG[19473]",
        "$CSG[19747..19749]",
        "$CSG[19453]",
        "$CSG[19750..19752]",
        "$CSG[19461]",
        "$CSG[19753..19755]",
        "$CSG[19469]",
        "$CSG[19756..19758]",
        "$CSG[19477]",
        "$CSG[19759..19761]",
        "$CSG[19558..19561]",
        "$CSG[19590..19593]",
        "$CSG[19562..19565]",
        "$CSG[19594..19597]",
        "$CSG[19566..19569]",
        "$CSG[19598..19601]",
        "$CSG[19570..19573]",
        "$CSG[19602..19605]",
        "$CSG[19574..19577]",
        "$CSG[19606..19609]",
        "$CSG[19578..19581]",
        "$CSG[19610..19613]",
        "$CSG[19582..19585]",
        "$CSG[19614..19617]",
        "$CSG[19586..19589]",
        "$CSG[19774..19777]",
        "$CSG[19790..19793]",
        "$CSG[19778..19781]",
        "$CSG[19794..19797]",
        "$CSG[19786..19789]",
        "$CSG[19802..19805]",
        "$CSG[19510]",
        "$CSG[19806]",
        "$CSG[19511]",
        "$CSG[19807]",
        "$CSG[19512]",
        "$CSG[19808]",
        "$CSG[19513]",
        "$CSG[19809]",
        "$CSG[19514]",
        "$CSG[19810]",
        "$CSG[19515]",
        "$CSG[19811]",
        "$CSG[19516]",
        "$CSG[19812]",
        "$CSG[19517]",
        "$CSG[19813]",
        "$CSG[19478..19509]",
        "$CSG[19618..19621]",
        "$CSG[19638..19641]",
        "$CSG[19622..19625]",
        "$CSG[19642..19645]",
        "$CSG[19626..19629]",
        "$CSG[19646..19649]",
        "$CSG[19630..19633]",
        "$CSG[19650..19653]",
        "$CSG[19634..19637]",
        "$CSG[19654..19657]",
        "$CSG[19518..19533]",
        "$CSG[19814..19829]",
        "$CSG[19658..19737]",
        "$CSG[19762]",
        "$CSG[19765]",
        "$CSG[19768]",
        "$CSG[19771]",
        "$CSG[19763]",
        "$CSG[19766]",
        "$CSG[19769]",
        "$CSG[19772]",
        "$CSG[19764]",
        "$CSG[19767]",
        "$CSG[19770]",
        "$CSG[19773]"
    ],
    "noCsgImages": [
        { "path": "images/preview1.png", "format": "raw" },
        { "path": "images/preview2.png", "format": "raw" },
        "",
        "$RCT2:OBJDATA/SLCT.DAT[3]",
        "$RCT2:OBJDATA/SLCT.DAT[5]",
        "$RCT2:OBJDATA/SLCT.DAT[7]",
        "$RCT2:OBJDATA/SLCT.DAT[9]",
        "$RCT2:OBJDATA/SLCT.DAT[11]",
        "$RCT2:OBJDATA/SLCT.DAT[13]",
        "$RCT2:OBJDATA/SLCT.DAT[15]",
        "$RCT2:OBJDATA/SLCT.DAT[17]",
        "$RCT2:OBJDATA/SLCT.DAT[19]",
        "$RCT2:OBJDATA/SLCT.DAT[21]",
        "$RCT2:OBJDATA/SLCT.DAT[23]",
        "$RCT2:OBJDATA/SLCT.DAT[25]",
        "$RCT2:OBJDATA/SLCT.DAT[27]",
        "$RCT2:OBJDATA/SLCT.DAT[29]",
        "$RCT2:OBJDATA/SLCT.DAT[31]",
        "$RCT2:OBJDATA/SLCT.DAT[33]",
        "$RCT2:OBJDATA/SLCT.DAT[35..42]",
        "$RCT2:OBJDATA/SLCT.DAT[43]",
        "$RCT2:OBJDATA/SLCT.DAT[45]",
        "$RCT2:OBJDATA/SLCT.DAT[47]",
        "$RCT2:OBJDATA/SLCT.DAT[49]",
        "$RCT2:OBJDATA/SLCT.DAT[51]",
        "$RCT2:OBJDATA/SLCT.DAT[53]",
        "$RCT2:OBJDATA/SLCT.DAT[55]",
        "$RCT2:OBJDATA/SLCT.DAT[57]",
        "$RCT2:OBJDATA/SLCT.DAT[59]",
        "$RCT2:OBJDATA/SLCT.DAT[61]",
        "$RCT2:OBJDATA/SLCT.DAT[63]",
        "$RCT2:OBJDATA/SLCT.DAT[65]",
        "$RCT2:OBJDATA/SLCT.DAT[67]",
        "$RCT2:OBJDATA/SLCT.DAT[69]",
        "$RCT2:OBJDATA/SLCT.DAT[71]",
        "$RCT2:OBJDATA/SLCT.DAT[73]",
        "$RCT2:OBJDATA/SLCT.DAT[75]",
        "$RCT2:OBJDATA/SLCT.DAT[77]",
        "$RCT2:OBJDATA/SLCT.DAT[79]",
        "$RCT2:OBJDATA/SLCT.DAT[81]",
        "$RCT2:OBJDATA/SLCT.DAT[83]",
        "$RCT2:OBJDATA/SLCT.DAT[85]",
        "$RCT2:OBJDATA/SLCT.DAT[87]",
        "$RCT2:OBJDATA/SLCT.DAT[89]",
        "$RCT2:OBJDATA/SLCT.DAT[91]",
        "$RCT2:OBJDATA/SLCT.DAT[93]",
        "$RCT2:OBJDATA/SLCT.DAT[95]",
        "$RCT2:OBJDATA/SLCT.DAT[97]",
        "$RCT2:OBJDATA/SLCT.DAT[99]",
        "$RCT2:OBJDATA/SLCT.DAT[101]",
        "$RCT2:OBJDATA/SLCT.DAT[103]",
        "$RCT2:OBJDATA/SLCT.DAT[105]",
        "$RCT2:OBJDATA/SLCT.DAT[107..122]",
        "$RCT2:OBJDATA/SLCT.DAT[123]",
        "$RCT2:OBJDATA/SLCT.DAT[125]",
        "$RCT2:OBJDATA/SLCT.DAT[127]",
        "$RCT2:OBJDATA/SLCT.DAT[129]",
        "$RCT2:OBJDATA/SLCT.DAT[131]",
        "$RCT2:OBJDATA/SLCT.DAT[133]",
        "$RCT2:OBJDATA/SLCT.DAT[135]",
        "$RCT2:OBJDATA/SLCT.DAT[137]",
        "$RCT2:OBJDATA/SLCT.DAT[139]",
        "$RCT2:OBJDATA/SLCT.DAT[141]",
        "$RCT2:OBJDATA/SLCT.DAT[143]",
        "$RCT2:OBJDATA/SLCT.DAT[145]",
        "$RCT2:OBJDATA/SLCT.DAT[147]",
        "$RCT2:OBJDATA/SLCT.DAT[149]",
        "$RCT2:OBJDATA/SLCT.DAT[151]",
        "$RCT2:OBJDATA/SLCT.DAT[153]",
        "$RCT2:OBJDATA/SLCT.DAT[155]",
        "$RCT2:OBJDATA/SLCT.DAT[157]",
        "$RCT2:OBJDATA/SLCT.DAT[159]",
        "$RCT2:OBJDATA/SLCT.DAT[161]",
        "$RCT2:OBJDATA/SLCT.DAT[163]",
        "$RCT2:OBJDATA/SLCT.DAT[165]",
        "$RCT2:OBJDATA/SLCT.DAT[167]",
        "$RCT2:OBJDATA/SLCT.DAT[169]",
        "$RCT2:OBJDATA/SLCT.DAT[171]",
        "$RCT2:OBJDATA/SLCT.DAT[173]",
        "$RCT2:OBJDATA/SLCT.DAT[175]",
        "$RCT2:OBJDATA/SLCT.DAT[177]",
        "$RCT2:OBJDATA/SLCT.DAT[179]",
        "$RCT2:OBJDATA/SLCT.DAT[181]",
        "$RCT2:OBJDATA/SLCT.DAT[183]",
        "$RCT2:OBJDATA/SLCT.DAT[185]",
        "$RCT2:OBJDATA/SLCT.DAT[187..194]",
        "$RCT2:OBJDATA/SLCT.DAT[195]",
        "$RCT2:OBJDATA/SLCT.DAT[203]",
        "$RCT2:OBJDATA/SLCT.DAT[211]",
        "$RCT2:OBJDATA/SLCT.DAT[219]",
        "$RCT2:OBJDATA/SLCT.DAT[227]",
        "$RCT2:OBJDATA/SLCT.DAT[235]",
        "$RCT2:OBJDATA/SLCT.DAT[243]",
        "$RCT2:OBJDATA/SLCT.DAT[251]",
        "$RCT2:OBJDATA/SLCT.DAT[259..342]",
        "$RCT2:OBJDATA/SLCT.DAT[343]",
        "$RCT2:OBJDATA/SLCT.DAT[345]",
        "$RCT2:OBJDATA/SLCT.DAT[347]",
        "$RCT2:OBJDATA/SLCT.DAT[349]",
        "$RCT2:OBJDATA/SLCT.DAT[351]",
        "$RCT2:OBJDATA/SLCT.DAT[353]",
        "$RCT2:OBJDATA/SLCT.DAT[355]",
        "$RCT2:OBJDATA/SLCT.DAT[357]",
        "$RCT2:OBJDATA/SLCT.DAT[359]",
        "$RCT2:OBJDATA/SLCT.DAT[361]",
        "$RCT2:OBJDATA/SLCT.DAT[363]",
        "$RCT2:OBJDATA/SLCT.DAT[365]",
        "$RCT2:OBJDATA/SLCT.DAT[367]",
        "$RCT2:OBJDATA/SLCT.DAT[369]",
        "$RCT2:OBJDATA/SLCT.DAT[371]",
        "$RCT2:OBJDATA/SLCT.DAT[373]",
        "$RCT2:OBJDATA/SLCT.DAT[375]",
        "$RCT2:OBJDATA/SLCT.DAT[377]",
        "$RCT2:OBJDATA/SLCT.DAT[379]",
        "$RCT2:OBJDATA/SLCT.DAT[381]",
        "$RCT2:OBJDATA/SLCT.DAT[383]",
        "$RCT2:OBJDATA/SLCT.DAT[385]",
        "$RCT2:OBJDATA/SLCT.DAT[387]",
        "$RCT2:OBJDATA/SLCT.DAT[389]",
        "$RCT2:OBJDATA/SLCT.DAT[391]",
        "$RCT2:OBJDATA/SLCT.DAT[393]",
        "$RCT2:OBJDATA/SLCT.DAT[395]",
        "$RCT2:OBJDATA/SLCT.DAT[397]",
        "$RCT2:OBJDATA/SLCT.DAT[399]",
        "$RCT2:OBJDATA/SLCT.DAT[401]",
        "$RCT2:OBJDATA/SLCT.DAT[403]",
        "$RCT2:OBJDATA/SLCT.DAT[405]",
        "$RCT2:OBJDATA/SLCT.DAT[407..446]",
        "$RCT2:OBJDATA/SLCT.DAT[447]",
        "$RCT2:OBJDATA/SLCT.DAT[455]",
        "$RCT2:OBJDATA/SLCT.DAT[463]",
        "$RCT2:OBJDATA/SLCT.DAT[471]",
        "$RCT2:OBJDATA/SLCT.DAT[479]",
        "$RCT2:OBJDATA/SLCT.DAT[487]",
        "$RCT2:OBJDATA/SLCT.DAT[495]",
        "$RCT2:OBJDATA/SLCT.DAT[503]",
        "$RCT2:OBJDATA/SLCT.DAT[511]",
        "$RCT2:OBJDATA/SLCT.DAT[519]",
        "$RCT2:OBJDATA/SLCT.DAT[527]",
        "$RCT2:OBJDATA/SLCT.DAT[535]",
        "$RCT2:OBJDATA/SLCT.DAT[543]",
        "$RCT2:OBJDATA/SLCT.DAT[551]",
        "$RCT2:OBJDATA/SLCT.DAT[559]",
        "$RCT2:OBJDATA/SLCT.DAT[567]",
        "$RCT2:OBJDATA/SLCT.DAT[575..682]",
        "$RCT2:OBJDATA/SLCT.DAT[683]",
        "$RCT2:OBJDATA/SLCT.DAT[685]",
        "$RCT2:OBJDATA/SLCT.DAT[687]",
        "$RCT2:OBJDATA/SLCT.DAT[689]",
        "$RCT2:OBJDATA/SLCT.DAT[691]",
        "$RCT2:OBJDATA/SLCT.DAT[693]",
        "$RCT2:OBJDATA/SLCT.DAT[695]",
        "$RCT2:OBJDATA/SLCT.DAT[697]",
        "$RCT2:OBJDATA/SLCT.DAT[699]",
        "$RCT2:OBJDATA/SLCT.DAT[701]",
        "$RCT2:OBJDATA/SLCT.DAT[703]",
        "$RCT2:OBJDATA/SLCT.DAT[705]",
        "$RCT2:OBJDATA/SLCT.DAT[707]",
        "$RCT2:OBJDATA/SLCT.DAT[709]",
        "$RCT2:OBJDATA/SLCT.DAT[711]",
        "$RCT2:OBJDATA/SLCT.DAT[713]",
        "$RCT2:OBJDATA/SLCT.DAT[715..722]",
        "$RCT2:OBJDATA/SLCT.DAT[723]",
        "$RCT2:OBJDATA/SLCT.DAT[725]",
        "$RCT2:OBJDATA/SLCT.DAT[727]",
        "$RCT2:OBJDATA/SLCT.DAT[729]",
        "$RCT2:OBJDATA/SLCT.DAT[731]",
        "$RCT2:OBJDATA/SLCT.DAT[733]",
        "$RCT2:OBJDATA/SLCT.DAT[735]",
        "$RCT2:OBJDATA/SLCT.DAT[737]",
        "$RCT2:OBJDATA/SLCT.DAT[739]",
        "$RCT2:OBJDATA/SLCT.DAT[741]",
        "$RCT2:OBJDATA/SLCT.DAT[743]",
        "$RCT2:OBJDATA/SLCT.DAT[745]",
        "$RCT2:OBJDATA/SLCT.DAT[747]",
        "$RCT2:OBJDATA/SLCT.DAT[749]",
        "$RCT2:OBJDATA/SLCT.DAT[751]",
        "$RCT2:OBJDATA/SLCT.DAT[753]",
        "$RCT2:OBJDATA/SLCT.DAT[755]",
        "$RCT2:OBJDATA/SLCT.DAT[757]",
        "$RCT2:OBJDATA/SLCT.DAT[759]",
        "$RCT2:OBJDATA/SLCT.DAT[761]",
        "$RCT2:OBJDATA/SLCT.DAT[763]",
        "$RCT2:OBJDATA/SLCT.DAT[765]",
        "$RCT2:OBJDATA/SLCT.DAT[767]",
        "$RCT2:OBJDATA/SLCT.DAT[769]",
        "$RCT2:OBJDATA/SLCT.DAT[771]",
        "$RCT2:OBJDATA/SLCT.DAT[773]",
        "$RCT2:OBJDATA/SLCT.DAT[775]",
        "$RCT2:OBJDATA/SLCT.DAT[777]",
        "$RCT2:OBJDATA/SLCT.DAT[779]",
        "$RCT2:OBJDATA/SLCT.DAT[781]",
        "$RCT2:OBJDATA/SLCT.DAT[783]",
        "$RCT2:OBJDATA/SLCT.DAT[785]",
        "$RCT2:OBJDATA/SLCT.DAT[787..802]",
        "$RCT2:OBJDATA/SLCT.DAT[803]",
        "$RCT2:OBJDATA/SLCT.DAT[805]",
        "$RCT2:OBJDATA/SLCT.DAT[807]",
        "$RCT2:OBJDATA/SLCT.DAT[809]",
        "$RCT2:OBJDATA/SLCT.DAT[811]",
        "$RCT2:OBJDATA/SLCT.DAT[813]",
        "$RCT2:OBJDATA/SLCT.DAT[815]",
        "$RCT2:OBJDATA/SLCT.DAT[817]",
        "$RCT2:OBJDATA/SLCT.DAT[819]",
        "$RCT2:OBJDATA/SLCT.DAT[821]",
        "$RCT2:OBJDATA/SLCT.DAT[823]",
        "$RCT2:OBJDATA/SLCT.DAT[825]",
        "$RCT2:OBJDATA/SLCT.DAT[827]",
        "$RCT2:OBJDATA/SLCT.DAT[829]",
        "$RCT2:OBJDATA/SLCT.DAT[831]",
        "$RCT2:OBJDATA/SLCT.DAT[833]",
        "$RCT2:OBJDATA/SLCT.DAT[835]",
        "$RCT2:OBJDATA/SLCT.DAT[837]",
        "$RCT2:OBJDATA/SLCT.DAT[839]",
        "$RCT2:OBJDATA/SLCT.DAT[841]",
        "$RCT2:OBJDATA/SLCT.DAT[843]",
        "$RCT2:OBJDATA/SLCT.DAT[845]",
        "$RCT2:OBJDATA/SLCT.DAT[847]",
        "$RCT2:OBJDATA/SLCT.DAT[849]",
        "$RCT2:OBJDATA/SLCT.DAT[851]",
        "$RCT2:OBJDATA/SLCT.DAT[853]",
        "$RCT2:OBJDATA/SLCT.DAT[855]",
        "$RCT2:OBJDATA/SLCT.DAT[857]",
        "$RCT2:OBJDATA/SLCT.DAT[859]",
        "$RCT2:OBJDATA/SLCT.DAT[861]",
        "$RCT2:OBJDATA/SLCT.DAT[863]",
        "$RCT2:OBJDATA/SLCT.DAT[865]",
        "$RCT2:OBJDATA/SLCT.DAT[867..874]",
        "$RCT2:OBJDATA/SLCT.DAT[875]",
        "$RCT2:OBJDATA/SLCT.DAT[883]",
        "$RCT2:OBJDATA/SLCT.DAT[891]",
        "$RCT2:OBJDATA/SLCT.DAT[899]",
        "$RCT2:OBJDATA/SLCT.DAT[907]",
        "$RCT2:OBJDATA/SLCT.DAT[915]",
        "$RCT2:OBJDATA/SLCT.DAT[923]",
        "$RCT2:OBJDATA/SLCT.DAT[931]",
        "$RCT2:OBJDATA/SLCT.DAT[939..1022]",
        "$RCT2:OBJDATA/SLCT.DAT[1023]",
        "$RCT2:OBJDATA/SLCT.DAT[1025]",
        "$RCT2:OBJDATA/SLCT.DAT[1027]",
        "$RCT2:OBJDATA/SLCT.DAT[1029]",
        "$RCT2:OBJDATA/SLCT.DAT[1031]",
        "$RCT2:OBJDATA/SLCT.DAT[1033]",
        "$RCT2:OBJDATA/SLCT.DAT[1035]",
        "$RCT2:OBJDATA/SLCT.DAT[1037]",
        "$RCT2:OBJDATA/SLCT.DAT[1039]",
        "$RCT2:OBJDATA/SLCT.DAT[1041]",
        "$RCT2:OBJDATA/SLCT.DAT[1043]",
        "$RCT2:OBJDATA/SLCT.DAT[1045]",
        "$RCT2:OBJDATA/SLCT.DAT[1047]",
        "$RCT2:OBJDATA/SLCT.DAT[1049]",
        "$RCT2:OBJDATA/SLCT.DAT[1051]",
        "$RCT2:OBJDATA/SLCT.DAT[1053]",
        "$RCT2:OBJDATA/SLCT.DAT[1055]",
        "$RCT2:OBJDATA/SLCT.DAT[1057]",
        "$RCT2:OBJDATA/SLCT.DAT[1059]",
        "$RCT2:OBJDATA/SLCT.DAT[1061]",
        "$RCT2:OBJDATA/SLCT.DAT[1063]",
        "$RCT2:OBJDATA/SLCT.DAT[1065]",
        "$RCT2:OBJDATA/SLCT.DAT[1067]",
        "$RCT2:OBJDATA/SLCT.DAT[1069]",
        "$RCT2:OBJDATA/SLCT.DAT[1071]",
        "$RCT2:OBJDATA/SLCT.DAT[1073]",
        "$RCT2:OBJDATA/SLCT.DAT[1075]",
        "$RCT2:OBJDATA/SLCT.DAT[1077]",
        "$RCT2:OBJDATA/SLCT.DAT[1079]",
        "$RCT2:OBJDATA/SLCT.DAT[1081]",
        "$RCT2:OBJDATA/SLCT.DAT[1083]",
        "$RCT2:OBJDATA/SLCT.DAT[1085]",
        "$RCT2:OBJDATA/SLCT.DAT[1087..1126]",
        "$RCT2:OBJDATA/SLCT.DAT[1127]",
        "$RCT2:OBJDATA/SLCT.DAT[1135]",
        "$RCT2:OBJDATA/SLCT.DAT[1143]",
        "$RCT2:OBJDATA/SLCT.DAT[1151]",
        "$RCT2:OBJDATA/SLCT.DAT[1159]",
        "$RCT2:OBJDATA/SLCT.DAT[1167]",
        "$RCT2:OBJDATA/SLCT.DAT[1175]",
        "$RCT2:OBJDATA/SLCT.DAT[1183]",
        "$RCT2:OBJDATA/SLCT.DAT[1191]",
        "$RCT2:OBJDATA/SLCT.DAT[1199]",
        "$RCT2:OBJDATA/SLCT.DAT[1207]",
        "$RCT2:OBJDATA/SLCT.DAT[1215]",
        "$RCT2:OBJDATA/SLCT.DAT[1223]",
        "$RCT2:OBJDATA/SLCT.DAT[1231]",
        "$RCT2:OBJDATA/SLCT.DAT[1239]",
        "$RCT2:OBJDATA/SLCT.DAT[1247]",
        "$RCT2:OBJDATA/SLCT.DAT[1255..1362]"
    ],
    "strings": {
        "name": {
            "en-GB": "Inverted Coaster Trains",
            "nl-NL": "Trein voor omgekeerde achtbaan"
        },
        "description": {
            "en-GB": "Inverted roller coaster train, consisting of seats hanging from a supporting frame running on the track above.",
            "nl-NL": "Achtbaantrein met stoeljes die aan een steunconstructie zijn bevestigd die op de baan erboven rijdt."
        },
        "capacity": {
            "en-GB": "2 passengers per car",
            "fr-FR": "2 passagers par voiture",
            "de-DE": "2 Fahrgäste pro Wagen",
            "es-ES": "2 pasajeros por vagón",
            "it-IT": "2 passeggeri a carrozza",
            "nl-NL": "2 passagiers per karretje",
            "sv-SE": "2 passagerare per vagn",
            "ko-KR": "차량당 2명의 승객",
            "zh-CN": "2 位乘客/每个车厢",
            "zh-TW": "2 位乘客/每個車廂",
            "pt-BR": "2 passageiros por carro",
            "cs-CZ": "2 místa v každém vozu",
            "ja-JP": "各車両2名",
            "pl-PL": "2 pasażerów na wagonik",
            "ru-RU": "2 пассажира",
            "eo-OO": "Po 2 pasaĝeroj por ĉaro"
        }
    }
}
