{
    "id": "rct1.ride.single_person_swinging_cars",
    "authors": [
        "Chris Sawyer",
        "Simon Foster"
    ],
    "version": "1.0",
    "originalId": "00000000|#RCT1SWI|00000000",
    "sourceGame": "rct1",
    "objectType": "ride",
    "properties": {
        "type": "mini_suspended_rc",
        "category": "rollercoaster",
        "minCarsPerTrain": 1,
        "maxCarsPerTrain": 3,
        "carColours": [
            [
                [
                    "yellow",
                    "black",
                    "black"
                ]
            ],
            [
                [
                    "bright_red",
                    "black",
                    "black"
                ]
            ],
            [
                [
                    "light_orange",
                    "black",
                    "black"
                ]
            ]
        ],
        "cars": {
            "rotationFrameMask": 15,
            "spacing": 147456,
            "mass": 250,
            "tabOffset": -17,
            "numSeats": 1,
            "numSeatRows": 1,
            "frictionSoundId": 2,
            "soundRange": 0,
            "drawOrder": 2,
            "spriteGroups": {
                "slopeFlat": 16,
                "slopes12": 4,
                "slopes25": 4,
                "restraintAnimation": 4
            },
            "hasSwinging": true,
            "hasScreamingRiders": true,
            "loadingPositions": [
                1
            ]
        },
        "buildMenuPriority": 2
    },
    "images": [
        { "path": "images/preview.png", "format": "raw" },
        "",
        "",
        "$CSG[26922..27001]",
        "$CSG[27002..27006]",
        "$CSG[27022..27026]",
        "$CSG[27042..27046]",
        "$CSG[27062..27066]",
        "$CSG[27012..27016]",
        "$CSG[27032..27036]",
        "$CSG[27052..27056]",
        "$CSG[27072..27076]",
        "$CSG[27007..27011]",
        "$CSG[27027..27031]",
        "$CSG[27047..27051]",
        "$CSG[27067..27071]",
        "$CSG[27017..27021]",
        "$CSG[27037..27041]",
        "$CSG[27057..27061]",
        "$CSG[27077..27081]",
        "$CSG[27082]",
        "$CSG[27082]",
        "$CSG[27082]",
        "$CSG[27082]",
        "$CSG[27082]",
        "$CSG[27085]",
        "$CSG[27085]",
        "$CSG[27085]",
        "$CSG[27085]",
        "$CSG[27085]",
        "$CSG[27088]",
        "$CSG[27088]",
        "$CSG[27088]",
        "$CSG[27088]",
        "$CSG[27088]",
        "$CSG[27091]",
        "$CSG[27091]",
        "$CSG[27091]",
        "$CSG[27091]",
        "$CSG[27091]",
        "$CSG[27083]",
        "$CSG[27083]",
        "$CSG[27083]",
        "$CSG[27083]",
        "$CSG[27083]",
        "$CSG[27086]",
        "$CSG[27086]",
        "$CSG[27086]",
        "$CSG[27086]",
        "$CSG[27086]",
        "$CSG[27089]",
        "$CSG[27089]",
        "$CSG[27089]",
        "$CSG[27089]",
        "$CSG[27089]",
        "$CSG[27092]",
        "$CSG[27092]",
        "$CSG[27092]",
        "$CSG[27092]",
        "$CSG[27092]",
        "$CSG[27083]",
        "$CSG[27083]",
        "$CSG[27083]",
        "$CSG[27083]",
        "$CSG[27083]",
        "$CSG[27087]",
        "$CSG[27087]",
        "$CSG[27087]",
        "$CSG[27087]",
        "$CSG[27087]",
        "$CSG[27090]",
        "$CSG[27090]",
        "$CSG[27090]",
        "$CSG[27090]",
        "$CSG[27090]",
        "$CSG[27093]",
        "$CSG[27093]",
        "$CSG[27093]",
        "$CSG[27093]",
        "$CSG[27093]",
        "$CSG[27094..27173]",
        "$CSG[27174..27178]",
        "$CSG[27194..27198]",
        "$CSG[27214..27218]",
        "$CSG[27234..27238]",
        "$CSG[27184..27188]",
        "$CSG[27204..27208]",
        "$CSG[27224..27228]",
        "$CSG[27244..27248]",
        "$CSG[27179..27183]",
        "$CSG[27199..27203]",
        "$CSG[27219..27223]",
        "$CSG[27239..27243]",
        "$CSG[27189..27193]",
        "$CSG[27209..27213]",
        "$CSG[27229..27233]",
        "$CSG[27249..27253]",
        "$CSG[27254]",
        "$CSG[27254]",
        "$CSG[27254]",
        "$CSG[27254]",
        "$CSG[27254]",
        "$CSG[27257]",
        "$CSG[27257]",
        "$CSG[27257]",
        "$CSG[27257]",
        "$CSG[27257]",
        "$CSG[27260]",
        "$CSG[27260]",
        "$CSG[27260]",
        "$CSG[27260]",
        "$CSG[27260]",
        "$CSG[27263]",
        "$CSG[27263]",
        "$CSG[27263]",
        "$CSG[27263]",
        "$CSG[27263]",
        "$CSG[27255]",
        "$CSG[27255]",
        "$CSG[27255]",
        "$CSG[27255]",
        "$CSG[27255]",
        "$CSG[27258]",
        "$CSG[27258]",
        "$CSG[27258]",
        "$CSG[27258]",
        "$CSG[27258]",
        "$CSG[27261]",
        "$CSG[27261]",
        "$CSG[27261]",
        "$CSG[27261]",
        "$CSG[27261]",
        "$CSG[27264]",
        "$CSG[27264]",
        "$CSG[27264]",
        "$CSG[27264]",
        "$CSG[27264]",
        "$CSG[27255]",
        "$CSG[27255]",
        "$CSG[27255]",
        "$CSG[27255]",
        "$CSG[27255]",
        "$CSG[27259]",
        "$CSG[27259]",
        "$CSG[27259]",
        "$CSG[27259]",
        "$CSG[27259]",
        "$CSG[27262]",
        "$CSG[27262]",
        "$CSG[27262]",
        "$CSG[27262]",
        "$CSG[27262]",
        "$CSG[27265]",
        "$CSG[27265]",
        "$CSG[27265]",
        "$CSG[27265]",
        "$CSG[27265]"
    ],
    "noCsgImages": [
        { "path": "images/preview.png", "format": "raw" },
        "",
        "",
        "$RCT2:OBJDATA/SKYTR.DAT[3..7]",
        "$RCT2:OBJDATA/SKYTR.DAT[13..17]",
        "$RCT2:OBJDATA/SKYTR.DAT[23..27]",
        "$RCT2:OBJDATA/SKYTR.DAT[33..37]",
        "$RCT2:OBJDATA/SKYTR.DAT[43..47]",
        "$RCT2:OBJDATA/SKYTR.DAT[53..57]",
        "$RCT2:OBJDATA/SKYTR.DAT[63..67]",
        "$RCT2:OBJDATA/SKYTR.DAT[73..77]",
        "$RCT2:OBJDATA/SKYTR.DAT[83..87]",
        "$RCT2:OBJDATA/SKYTR.DAT[93..97]",
        "$RCT2:OBJDATA/SKYTR.DAT[103..107]",
        "$RCT2:OBJDATA/SKYTR.DAT[113..117]",
        "$RCT2:OBJDATA/SKYTR.DAT[123..127]",
        "$RCT2:OBJDATA/SKYTR.DAT[133..137]",
        "$RCT2:OBJDATA/SKYTR.DAT[143..147]",
        "$RCT2:OBJDATA/SKYTR.DAT[153..157]",
        "$RCT2:OBJDATA/SKYTR.DAT[163..207]",
        "$RCT2:OBJDATA/SKYTR.DAT[243..247]",
        "$RCT2:OBJDATA/SKYTR.DAT[283..287]",
        "$RCT2:OBJDATA/SKYTR.DAT[323..327]",
        "$RCT2:OBJDATA/SKYTR.DAT[363..367]",
        "$RCT2:OBJDATA/SKYTR.DAT[403..407]",
        "$RCT2:OBJDATA/SKYTR.DAT[443..447]",
        "$RCT2:OBJDATA/SKYTR.DAT[483..487]",
        "$RCT2:OBJDATA/SKYTR.DAT[643..707]",
        "$RCT2:OBJDATA/SKYTR.DAT[713..717]",
        "$RCT2:OBJDATA/SKYTR.DAT[723..727]",
        "$RCT2:OBJDATA/SKYTR.DAT[733..737]",
        "$RCT2:OBJDATA/SKYTR.DAT[743..747]",
        "$RCT2:OBJDATA/SKYTR.DAT[753..757]",
        "$RCT2:OBJDATA/SKYTR.DAT[763..767]",
        "$RCT2:OBJDATA/SKYTR.DAT[773..777]",
        "$RCT2:OBJDATA/SKYTR.DAT[783..787]",
        "$RCT2:OBJDATA/SKYTR.DAT[793..797]",
        "$RCT2:OBJDATA/SKYTR.DAT[803..807]",
        "$RCT2:OBJDATA/SKYTR.DAT[813..817]",
        "$RCT2:OBJDATA/SKYTR.DAT[823..827]",
        "$RCT2:OBJDATA/SKYTR.DAT[833..837]",
        "$RCT2:OBJDATA/SKYTR.DAT[843..847]",
        "$RCT2:OBJDATA/SKYTR.DAT[853..857]",
        "$RCT2:OBJDATA/SKYTR.DAT[863..907]",
        "$RCT2:OBJDATA/SKYTR.DAT[943..947]",
        "$RCT2:OBJDATA/SKYTR.DAT[983..987]",
        "$RCT2:OBJDATA/SKYTR.DAT[1023..1027]",
        "$RCT2:OBJDATA/SKYTR.DAT[1063..1067]",
        "$RCT2:OBJDATA/SKYTR.DAT[1103..1107]",
        "$RCT2:OBJDATA/SKYTR.DAT[1143..1147]",
        "$RCT2:OBJDATA/SKYTR.DAT[1183..1187]",
        "$RCT2:OBJDATA/SKYTR.DAT[1343..1402]"
    ],
    "strings": {
        "name": {
            "en-GB": "Single-Person Swinging Cars",
            "nl-NL": "Eénpersoons schommelstoelen"
        },
        "description": {
            "en-GB": "Single-seater cars which hang from the rail above, and are free to swing from side to side",
            "nl-NL": "Karretjes voor één persoon die aan de rail erboven hangen en in de bochten naar buiten kunnen zwaaien."
        },
        "capacity": {
            "en-GB": "1 passenger per car",
            "fr-FR": "1 passager par voiture",
            "de-DE": "1 Fahrgast pro Wagen",
            "es-ES": "1 pasajero por vehículo",
            "it-IT": "1 passeggero a carrozza",
            "nl-NL": "1 passagier per karretje",
            "sv-SE": "1 passagerare per vagn",
            "ko-KR": "차량당 승객 1명",
            "zh-CN": "1位乘客/车",
            "zh-TW": "1 位乘客/每個車廂",
            "pt-BR": "1 passageiro por carro",
            "cs-CZ": "1 místo v každém voze",
            "ja-JP": "各車両1名",
            "pl-PL": "1 pasażer na wagonik",
            "ru-RU": "1 пассажир",
            "eo-ZZ": "Po 1 pasaĝero por ĉaro",
            "ca-ES": "1 passatger per cotxe",
            "fi-FI": "1 matkustaja per vaunu"
        }
    }
}
