{
    "id": "rct1aa.ride.heartline_twister_cars",
    "authors": [
        "Chris Sawyer",
        "Simon Foster"
    ],
    "version": "1.0",
    "originalId": "00000000|#RCT1UTC|00000000",
    "sourceGame": "rct1aa",
    "isCompatibilityObject": true,
    "objectType": "ride",
    "properties": {
        "type": "heartline_twister_rc",
        "category": "rollercoaster",
        "limitAirTimeBonus": true,
        "carColours": [
            [
                [
                    "white",
                    "light_blue",
                    "black"
                ]
            ],
            [
                [
                    "yellow",
                    "bright_red",
                    "black"
                ]
            ],
            [
                [
                    "bright_red",
                    "yellow",
                    "black"
                ]
            ]
        ],
        "cars": [
            {
                "rotationFrameMask": 15,
                "spacing": 278528,
                "mass": 950,
                "tabOffset": -10,
                "numSeats": 4,
                "numSeatRows": 2,
                "frictionSoundId": 2,
                "soundRange": 2,
                "effectVisual": 10,
                "drawOrder": 11,
                "spriteGroups": {
                    "slopeFlat": 16,
                    "slopes12": 4,
                    "slopes25": 4,
                    "slopes42": 4,
                    "slopes60": 4,
                    "slopeInverted": 4,
                    "flatBanked22": 4,
                    "flatBanked45": 4,
                    "flatBanked67": 4,
                    "flatBanked90": 4,
                    "inlineTwists": 4,
                    "restraintAnimation": 4
                },
                "hasAdditionalColour1": true,
                "hasScreamingRiders": true,
                "loadingPositions": [
                    5,
                    3,
                    -7,
                    -9
                ]
            },
            {
                "rotationFrameMask": 15,
                "spacing": 278528,
                "mass": 950,
                "tabOffset": -10,
                "numSeats": 4,
                "numSeatRows": 2,
                "frictionSoundId": 2,
                "soundRange": 2,
                "effectVisual": 10,
                "drawOrder": 11,
                "spriteGroups": {
                    "slopeFlat": 16,
                    "slopes12": 4,
                    "slopes25": 4,
                    "slopes42": 4,
                    "slopes60": 4,
                    "slopeInverted": 4,
                    "flatBanked22": 4,
                    "flatBanked45": 4,
                    "flatBanked67": 4,
                    "flatBanked90": 4,
                    "inlineTwists": 4,
                    "restraintAnimation": 4
                },
                "hasAdditionalColour1": true,
                "hasScreamingRiders": true,
                "loadingPositions": [
                    -7,
                    -9,
                    5,
                    3
                ]
            }
        ],
        "buildMenuPriority": 2
    },
    "images": [
        { "path": "images/preview.png", "format": "raw" },
        "",
        "",
        "$CSG[6746..6761]",
        "$CSG[6762]",
        "$CSG[6770]",
        "$CSG[6778]",
        "$CSG[6786]",
        "$CSG[6766]",
        "$CSG[6774]",
        "$CSG[6782]",
        "$CSG[6790]",
        "$CSG[6763]",
        "$CSG[6771]",
        "$CSG[6779]",
        "$CSG[6787]",
        "$CSG[6767]",
        "$CSG[6775]",
        "$CSG[6783]",
        "$CSG[6791]",
        "$CSG[6764]",
        "$CSG[6772]",
        "$CSG[6780]",
        "$CSG[6788]",
        "$CSG[6768]",
        "$CSG[6776]",
        "$CSG[6784]",
        "$CSG[6792]",
        "$CSG[6765]",
        "$CSG[6773]",
        "$CSG[6781]",
        "$CSG[6789]",
        "$CSG[6769]",
        "$CSG[6777]",
        "$CSG[6785]",
        "$CSG[6793]",
        "$CSG[6822..6825]",
        "$CSG[6794..6797]",
        "$CSG[6826..6829]",
        "$CSG[6798..6801]",
        "$CSG[6830..6833]",
        "$CSG[6802..6805]",
        "$CSG[6834..6837]",
        "$CSG[6806..6809]",
        "$CSG[6838..6841]",
        "$CSG[6810..6813]",
        "$CSG[6842..6845]",
        "$CSG[6814..6817]",
        "$CSG[6846..6849]",
        "$CSG[6818..6821]",
        "$CSG[6850..6853]",
        "$CSG[6854]",
        "$CSG[6857]",
        "$CSG[6860]",
        "$CSG[6863]",
        "$CSG[6855]",
        "$CSG[6858]",
        "$CSG[6861]",
        "$CSG[6864]",
        "$CSG[6856]",
        "$CSG[6859]",
        "$CSG[6862]",
        "$CSG[6865]",
        "$CSG[6866..6881]",
        "$CSG[6882]",
        "$CSG[6890]",
        "$CSG[6898]",
        "$CSG[6906]",
        "$CSG[6886]",
        "$CSG[6894]",
        "$CSG[6902]",
        "$CSG[6910]",
        "$CSG[6883]",
        "$CSG[6891]",
        "$CSG[6899]",
        "$CSG[6907]",
        "$CSG[6887]",
        "$CSG[6895]",
        "$CSG[6903]",
        "$CSG[6911]",
        "$CSG[6884]",
        "$CSG[6892]",
        "$CSG[6900]",
        "$CSG[6908]",
        "$CSG[6888]",
        "$CSG[6896]",
        "$CSG[6904]",
        "$CSG[6912]",
        "$CSG[6885]",
        "$CSG[6893]",
        "$CSG[6901]",
        "$CSG[6909]",
        "$CSG[6889]",
        "$CSG[6897]",
        "$CSG[6905]",
        "$CSG[6913]",
        "$CSG[6942..6945]",
        "$CSG[6914..6917]",
        "$CSG[6946..6949]",
        "$CSG[6918..6921]",
        "$CSG[6950..6953]",
        "$CSG[6922..6925]",
        "$CSG[6954..6957]",
        "$CSG[6926..6929]",
        "$CSG[6958..6961]",
        "$CSG[6930..6933]",
        "$CSG[6962..6965]",
        "$CSG[6934..6937]",
        "$CSG[6966..6969]",
        "$CSG[6938..6941]",
        "$CSG[6970..6973]",
        "$CSG[6974]",
        "$CSG[6977]",
        "$CSG[6980]",
        "$CSG[6983]",
        "$CSG[6975]",
        "$CSG[6978]",
        "$CSG[6981]",
        "$CSG[6984]",
        "$CSG[6976]",
        "$CSG[6979]",
        "$CSG[6982]",
        "$CSG[6985]",
        "$CSG[6986..7001]",
        "$CSG[7002]",
        "$CSG[7010]",
        "$CSG[7018]",
        "$CSG[7026]",
        "$CSG[7006]",
        "$CSG[7014]",
        "$CSG[7022]",
        "$CSG[7030]",
        "$CSG[7003]",
        "$CSG[7011]",
        "$CSG[7019]",
        "$CSG[7027]",
        "$CSG[7007]",
        "$CSG[7015]",
        "$CSG[7023]",
        "$CSG[7031]",
        "$CSG[7004]",
        "$CSG[7012]",
        "$CSG[7020]",
        "$CSG[7028]",
        "$CSG[7008]",
        "$CSG[7016]",
        "$CSG[7024]",
        "$CSG[7032]",
        "$CSG[7005]",
        "$CSG[7013]",
        "$CSG[7021]",
        "$CSG[7029]",
        "$CSG[7009]",
        "$CSG[7017]",
        "$CSG[7025]",
        "$CSG[7033]",
        "$CSG[7062..7065]",
        "$CSG[7034..7037]",
        "$CSG[7066..7069]",
        "$CSG[7038..7041]",
        "$CSG[7070..7073]",
        "$CSG[7042..7045]",
        "$CSG[7074..7077]",
        "$CSG[7046..7049]",
        "$CSG[7078..7081]",
        "$CSG[7050..7053]",
        "$CSG[7082..7085]",
        "$CSG[7054..7057]",
        "$CSG[7086..7089]",
        "$CSG[7058..7061]",
        "$CSG[7090..7093]",
        "$CSG[7094]",
        "$CSG[7097]",
        "$CSG[7100]",
        "$CSG[7103]",
        "$CSG[7095]",
        "$CSG[7098]",
        "$CSG[7101]",
        "$CSG[7104]",
        "$CSG[7096]",
        "$CSG[7099]",
        "$CSG[7102]",
        "$CSG[7105]",
        "$CSG[6754]",
        "$CSG[6755]",
        "$CSG[6756]",
        "$CSG[6757]",
        "$CSG[6758]",
        "$CSG[6759]",
        "$CSG[6760]",
        "$CSG[6761]",
        "$CSG[6746]",
        "$CSG[6747]",
        "$CSG[6748]",
        "$CSG[6749]",
        "$CSG[6750]",
        "$CSG[6751]",
        "$CSG[6752]",
        "$CSG[6753]",
        "$CSG[6782]",
        "$CSG[6790]",
        "$CSG[6766]",
        "$CSG[6774]",
        "$CSG[6778]",
        "$CSG[6786]",
        "$CSG[6762]",
        "$CSG[6770]",
        "$CSG[6783]",
        "$CSG[6791]",
        "$CSG[6767]",
        "$CSG[6775]",
        "$CSG[6779]",
        "$CSG[6787]",
        "$CSG[6763]",
        "$CSG[6771]",
        "$CSG[6784]",
        "$CSG[6792]",
        "$CSG[6768]",
        "$CSG[6776]",
        "$CSG[6780]",
        "$CSG[6788]",
        "$CSG[6764]",
        "$CSG[6772]",
        "$CSG[6785]",
        "$CSG[6793]",
        "$CSG[6769]",
        "$CSG[6777]",
        "$CSG[6781]",
        "$CSG[6789]",
        "$CSG[6765]",
        "$CSG[6773]",
        "$CSG[6824]",
        "$CSG[6825]",
        "$CSG[6822]",
        "$CSG[6823]",
        "$CSG[6828]",
        "$CSG[6829]",
        "$CSG[6826]",
        "$CSG[6827]",
        "$CSG[6796]",
        "$CSG[6797]",
        "$CSG[6794]",
        "$CSG[6795]",
        "$CSG[6832]",
        "$CSG[6833]",
        "$CSG[6830]",
        "$CSG[6831]",
        "$CSG[6800]",
        "$CSG[6801]",
        "$CSG[6798]",
        "$CSG[6799]",
        "$CSG[6836]",
        "$CSG[6837]",
        "$CSG[6834]",
        "$CSG[6835]",
        "$CSG[6804]",
        "$CSG[6805]",
        "$CSG[6802]",
        "$CSG[6803]",
        "$CSG[6840]",
        "$CSG[6841]",
        "$CSG[6838]",
        "$CSG[6839]",
        "$CSG[6808]",
        "$CSG[6809]",
        "$CSG[6806]",
        "$CSG[6807]",
        "$CSG[6844]",
        "$CSG[6845]",
        "$CSG[6842]",
        "$CSG[6843]",
        "$CSG[6812]",
        "$CSG[6813]",
        "$CSG[6810]",
        "$CSG[6811]",
        "$CSG[6848]",
        "$CSG[6849]",
        "$CSG[6846]",
        "$CSG[6847]",
        "$CSG[6816]",
        "$CSG[6817]",
        "$CSG[6814]",
        "$CSG[6815]",
        "$CSG[6852]",
        "$CSG[6853]",
        "$CSG[6850]",
        "$CSG[6851]",
        "$CSG[6820]",
        "$CSG[6821]",
        "$CSG[6818]",
        "$CSG[6819]",
        "$CSG[6860]",
        "$CSG[6863]",
        "$CSG[6854]",
        "$CSG[6857]",
        "$CSG[6861]",
        "$CSG[6864]",
        "$CSG[6855]",
        "$CSG[6858]",
        "$CSG[6862]",
        "$CSG[6865]",
        "$CSG[6856]",
        "$CSG[6859]",
        "$CSG[6874]",
        "$CSG[6875]",
        "$CSG[6876]",
        "$CSG[6877]",
        "$CSG[6878]",
        "$CSG[6879]",
        "$CSG[6880]",
        "$CSG[6881]",
        "$CSG[6866]",
        "$CSG[6867]",
        "$CSG[6868]",
        "$CSG[6869]",
        "$CSG[6870]",
        "$CSG[6871]",
        "$CSG[6872]",
        "$CSG[6873]",
        "$CSG[6902]",
        "$CSG[6910]",
        "$CSG[6886]",
        "$CSG[6894]",
        "$CSG[6898]",
        "$CSG[6906]",
        "$CSG[6882]",
        "$CSG[6890]",
        "$CSG[6903]",
        "$CSG[6911]",
        "$CSG[6887]",
        "$CSG[6895]",
        "$CSG[6899]",
        "$CSG[6907]",
        "$CSG[6883]",
        "$CSG[6891]",
        "$CSG[6904]",
        "$CSG[6912]",
        "$CSG[6888]",
        "$CSG[6896]",
        "$CSG[6900]",
        "$CSG[6908]",
        "$CSG[6884]",
        "$CSG[6892]",
        "$CSG[6905]",
        "$CSG[6913]",
        "$CSG[6889]",
        "$CSG[6897]",
        "$CSG[6901]",
        "$CSG[6909]",
        "$CSG[6885]",
        "$CSG[6893]",
        "$CSG[6944]",
        "$CSG[6945]",
        "$CSG[6942]",
        "$CSG[6943]",
        "$CSG[6948]",
        "$CSG[6949]",
        "$CSG[6946]",
        "$CSG[6947]",
        "$CSG[6916]",
        "$CSG[6917]",
        "$CSG[6914]",
        "$CSG[6915]",
        "$CSG[6952]",
        "$CSG[6953]",
        "$CSG[6950]",
        "$CSG[6951]",
        "$CSG[6920]",
        "$CSG[6921]",
        "$CSG[6918]",
        "$CSG[6919]",
        "$CSG[6956]",
        "$CSG[6957]",
        "$CSG[6954]",
        "$CSG[6955]",
        "$CSG[6924]",
        "$CSG[6925]",
        "$CSG[6922]",
        "$CSG[6923]",
        "$CSG[6960]",
        "$CSG[6961]",
        "$CSG[6958]",
        "$CSG[6959]",
        "$CSG[6928]",
        "$CSG[6929]",
        "$CSG[6926]",
        "$CSG[6927]",
        "$CSG[6964]",
        "$CSG[6965]",
        "$CSG[6962]",
        "$CSG[6963]",
        "$CSG[6932]",
        "$CSG[6933]",
        "$CSG[6930]",
        "$CSG[6931]",
        "$CSG[6968]",
        "$CSG[6969]",
        "$CSG[6966]",
        "$CSG[6967]",
        "$CSG[6936]",
        "$CSG[6937]",
        "$CSG[6934]",
        "$CSG[6935]",
        "$CSG[6972]",
        "$CSG[6973]",
        "$CSG[6970]",
        "$CSG[6971]",
        "$CSG[6940]",
        "$CSG[6941]",
        "$CSG[6938]",
        "$CSG[6939]",
        "$CSG[6980]",
        "$CSG[6983]",
        "$CSG[6974]",
        "$CSG[6977]",
        "$CSG[6981]",
        "$CSG[6984]",
        "$CSG[6975]",
        "$CSG[6978]",
        "$CSG[6982]",
        "$CSG[6985]",
        "$CSG[6976]",
        "$CSG[6979]",
        "$CSG[6994]",
        "$CSG[6995]",
        "$CSG[6996]",
        "$CSG[6997]",
        "$CSG[6998]",
        "$CSG[6999]",
        "$CSG[7000]",
        "$CSG[7001]",
        "$CSG[6986]",
        "$CSG[6987]",
        "$CSG[6988]",
        "$CSG[6989]",
        "$CSG[6990]",
        "$CSG[6991]",
        "$CSG[6992]",
        "$CSG[6993]",
        "$CSG[7022]",
        "$CSG[7030]",
        "$CSG[7006]",
        "$CSG[7014]",
        "$CSG[7018]",
        "$CSG[7026]",
        "$CSG[7002]",
        "$CSG[7010]",
        "$CSG[7023]",
        "$CSG[7031]",
        "$CSG[7007]",
        "$CSG[7015]",
        "$CSG[7019]",
        "$CSG[7027]",
        "$CSG[7003]",
        "$CSG[7011]",
        "$CSG[7024]",
        "$CSG[7032]",
        "$CSG[7008]",
        "$CSG[7016]",
        "$CSG[7020]",
        "$CSG[7028]",
        "$CSG[7004]",
        "$CSG[7012]",
        "$CSG[7025]",
        "$CSG[7033]",
        "$CSG[7009]",
        "$CSG[7017]",
        "$CSG[7021]",
        "$CSG[7029]",
        "$CSG[7005]",
        "$CSG[7013]",
        "$CSG[7064]",
        "$CSG[7065]",
        "$CSG[7062]",
        "$CSG[7063]",
        "$CSG[7068]",
        "$CSG[7069]",
        "$CSG[7066]",
        "$CSG[7067]",
        "$CSG[7036]",
        "$CSG[7037]",
        "$CSG[7034]",
        "$CSG[7035]",
        "$CSG[7072]",
        "$CSG[7073]",
        "$CSG[7070]",
        "$CSG[7071]",
        "$CSG[7040]",
        "$CSG[7041]",
        "$CSG[7038]",
        "$CSG[7039]",
        "$CSG[7076]",
        "$CSG[7077]",
        "$CSG[7074]",
        "$CSG[7075]",
        "$CSG[7044]",
        "$CSG[7045]",
        "$CSG[7042]",
        "$CSG[7043]",
        "$CSG[7080]",
        "$CSG[7081]",
        "$CSG[7078]",
        "$CSG[7079]",
        "$CSG[7048]",
        "$CSG[7049]",
        "$CSG[7046]",
        "$CSG[7047]",
        "$CSG[7084]",
        "$CSG[7085]",
        "$CSG[7082]",
        "$CSG[7083]",
        "$CSG[7052]",
        "$CSG[7053]",
        "$CSG[7050]",
        "$CSG[7051]",
        "$CSG[7088]",
        "$CSG[7089]",
        "$CSG[7086]",
        "$CSG[7087]",
        "$CSG[7056]",
        "$CSG[7057]",
        "$CSG[7054]",
        "$CSG[7055]",
        "$CSG[7092]",
        "$CSG[7093]",
        "$CSG[7090]",
        "$CSG[7091]",
        "$CSG[7060]",
        "$CSG[7061]",
        "$CSG[7058]",
        "$CSG[7059]",
        "$CSG[7100]",
        "$CSG[7103]",
        "$CSG[7094]",
        "$CSG[7097]",
        "$CSG[7101]",
        "$CSG[7104]",
        "$CSG[7095]",
        "$CSG[7098]",
        "$CSG[7102]",
        "$CSG[7105]",
        "$CSG[7096]",
        "$CSG[7099]"
    ],
    "strings": {
        "name": {
            "en-GB": "Twister Cars",
            "fr-FR": "Voiture tornado",
            "de-DE": "Twister-Wagen",
            "es-ES": "Coches Tornado",
            "it-IT": "Carrozze per Serpentone",
            "nl-NL": "Twisterkarretjes",
            "sv-SE": "Spinnvagnar",
            "ko-KR": "트위스터 차량",
            "zh-CN": "旋转列车",
            "zh-TW": "旋轉列車",
            "pt-BR": "Carros Tornado",
            "cs-CZ": "Zatočené vozy",
            "ja-JP": "ツイスト",
            "pl-PL": "Wagoniki zwijki",
            "ru-RU": "Твистер-Кар",
            "eo-ZZ": "Tvisto-Ĉaroj"
        },
        "description": {
            "en-GB": "Roller coaster cars capable of heartline twists",
            "fr-FR": "Voiture de montagnes russes capable de passer dans des inversions à 360°",
            "de-DE": "Achterbahnwagen, mit denen Heartline-Twists möglich sind",
            "es-ES": "Montaña rusa con vagones capaces de giros a media altura",
            "it-IT": "Carrozze da ottovolante adatte alle curve ondulate",
            "nl-NL": "Achtbaankarretjes die geschikt zijn voor heartline twists.",
            "sv-SE": "Berg- och dalbanevagnar som kan genomföra hjärtlinjeskruvar",
            "ko-KR": "하트라인 트위스트에 적합한 롤러코스터 차량",
            "zh-CN": "过山车车辆可以中心旋转运行",
            "zh-TW": "雲霄飛車車輛可以中心旋轉運行",
            "pt-BR": "Carros de montanha-russa capazes de girar para cima e para baixo",
            "cs-CZ": "Horská dráha, která se točí dokola tak, že návštěvníci jsou pořád na stejném místě.",
            "ja-JP": "ハート形のひねりを持つローラーコースターです",
            "pl-PL": "Wagoniki kolejki górskiej wykonującej zabójcze zakręty",
            "ru-RU": "Вагончики, способные вращаться",
            "eo-ZZ": "Ĉaroj de onda fervojo, kiuj povas fari ĉekorajn tvistojn"
        },
        "capacity": {
            "en-GB": "4 passengers per car",
            "fr-FR": "4 passagers par voiture",
            "de-DE": "4 Fahrgäste pro Wagen",
            "es-ES": "4 pasajeros por vagón",
            "it-IT": "4 passeggeri a carrozza",
            "nl-NL": "4 passagiers per karretje",
            "sv-SE": "4 passagerare per vagn",
            "ko-KR": "차량당 4명의 승객",
            "zh-CN": "4 位乘客/每个车厢",
            "zh-TW": "4 位乘客/每個車廂",
            "pt-BR": "4 passageiros por carro",
            "cs-CZ": "4 místa v každém voze",
            "ja-JP": "各車両4名",
            "pl-PL": "4 pasażerów na wagonik",
            "ru-RU": "4 пассажира",
            "eo-ZZ": "Po 4 pasaĝeroj por ĉaro"
        }
    },
    "noCsgImages": [
        { "path": "images/preview.png", "format": "raw" },
        "",
        "",
        "$RCT2:OBJDATA/UTCAR.DAT[3]",
        "$RCT2:OBJDATA/UTCAR.DAT[5]",
        "$RCT2:OBJDATA/UTCAR.DAT[7]",
        "$RCT2:OBJDATA/UTCAR.DAT[9]",
        "$RCT2:OBJDATA/UTCAR.DAT[11]",
        "$RCT2:OBJDATA/UTCAR.DAT[13]",
        "$RCT2:OBJDATA/UTCAR.DAT[15]",
        "$RCT2:OBJDATA/UTCAR.DAT[17]",
        "$RCT2:OBJDATA/UTCAR.DAT[19]",
        "$RCT2:OBJDATA/UTCAR.DAT[21]",
        "$RCT2:OBJDATA/UTCAR.DAT[23]",
        "$RCT2:OBJDATA/UTCAR.DAT[25]",
        "$RCT2:OBJDATA/UTCAR.DAT[27]",
        "$RCT2:OBJDATA/UTCAR.DAT[29]",
        "$RCT2:OBJDATA/UTCAR.DAT[31]",
        "$RCT2:OBJDATA/UTCAR.DAT[33]",
        "$RCT2:OBJDATA/UTCAR.DAT[35..43]",
        "$RCT2:OBJDATA/UTCAR.DAT[51]",
        "$RCT2:OBJDATA/UTCAR.DAT[59]",
        "$RCT2:OBJDATA/UTCAR.DAT[67]",
        "$RCT2:OBJDATA/UTCAR.DAT[75]",
        "$RCT2:OBJDATA/UTCAR.DAT[83]",
        "$RCT2:OBJDATA/UTCAR.DAT[91]",
        "$RCT2:OBJDATA/UTCAR.DAT[99]",
        "$RCT2:OBJDATA/UTCAR.DAT[107]",
        "$RCT2:OBJDATA/UTCAR.DAT[109]",
        "$RCT2:OBJDATA/UTCAR.DAT[111]",
        "$RCT2:OBJDATA/UTCAR.DAT[113]",
        "$RCT2:OBJDATA/UTCAR.DAT[115]",
        "$RCT2:OBJDATA/UTCAR.DAT[117]",
        "$RCT2:OBJDATA/UTCAR.DAT[119]",
        "$RCT2:OBJDATA/UTCAR.DAT[121]",
        "$RCT2:OBJDATA/UTCAR.DAT[123]",
        "$RCT2:OBJDATA/UTCAR.DAT[131]",
        "$RCT2:OBJDATA/UTCAR.DAT[139]",
        "$RCT2:OBJDATA/UTCAR.DAT[147]",
        "$RCT2:OBJDATA/UTCAR.DAT[155]",
        "$RCT2:OBJDATA/UTCAR.DAT[163]",
        "$RCT2:OBJDATA/UTCAR.DAT[171]",
        "$RCT2:OBJDATA/UTCAR.DAT[179]",
        "$RCT2:OBJDATA/UTCAR.DAT[299..303]",
        "$RCT2:OBJDATA/UTCAR.DAT[305]",
        "$RCT2:OBJDATA/UTCAR.DAT[307]",
        "$RCT2:OBJDATA/UTCAR.DAT[309]",
        "$RCT2:OBJDATA/UTCAR.DAT[311]",
        "$RCT2:OBJDATA/UTCAR.DAT[313]",
        "$RCT2:OBJDATA/UTCAR.DAT[315]",
        "$RCT2:OBJDATA/UTCAR.DAT[317]",
        "$RCT2:OBJDATA/UTCAR.DAT[319]",
        "$RCT2:OBJDATA/UTCAR.DAT[327]",
        "$RCT2:OBJDATA/UTCAR.DAT[335]",
        "$RCT2:OBJDATA/UTCAR.DAT[343]",
        "$RCT2:OBJDATA/UTCAR.DAT[351]",
        "$RCT2:OBJDATA/UTCAR.DAT[359]",
        "$RCT2:OBJDATA/UTCAR.DAT[367]",
        "$RCT2:OBJDATA/UTCAR.DAT[375]",
        "$RCT2:OBJDATA/UTCAR.DAT[383..435]",
        "$RCT2:OBJDATA/UTCAR.DAT[437]",
        "$RCT2:OBJDATA/UTCAR.DAT[439]",
        "$RCT2:OBJDATA/UTCAR.DAT[441]",
        "$RCT2:OBJDATA/UTCAR.DAT[443]",
        "$RCT2:OBJDATA/UTCAR.DAT[445]",
        "$RCT2:OBJDATA/UTCAR.DAT[447]",
        "$RCT2:OBJDATA/UTCAR.DAT[449]",
        "$RCT2:OBJDATA/UTCAR.DAT[451]",
        "$RCT2:OBJDATA/UTCAR.DAT[453]",
        "$RCT2:OBJDATA/UTCAR.DAT[455]",
        "$RCT2:OBJDATA/UTCAR.DAT[457]",
        "$RCT2:OBJDATA/UTCAR.DAT[459]",
        "$RCT2:OBJDATA/UTCAR.DAT[461]",
        "$RCT2:OBJDATA/UTCAR.DAT[463]",
        "$RCT2:OBJDATA/UTCAR.DAT[465]",
        "$RCT2:OBJDATA/UTCAR.DAT[467..475]",
        "$RCT2:OBJDATA/UTCAR.DAT[483]",
        "$RCT2:OBJDATA/UTCAR.DAT[491]",
        "$RCT2:OBJDATA/UTCAR.DAT[499]",
        "$RCT2:OBJDATA/UTCAR.DAT[507]",
        "$RCT2:OBJDATA/UTCAR.DAT[515]",
        "$RCT2:OBJDATA/UTCAR.DAT[523]",
        "$RCT2:OBJDATA/UTCAR.DAT[531]",
        "$RCT2:OBJDATA/UTCAR.DAT[539]",
        "$RCT2:OBJDATA/UTCAR.DAT[541]",
        "$RCT2:OBJDATA/UTCAR.DAT[543]",
        "$RCT2:OBJDATA/UTCAR.DAT[545]",
        "$RCT2:OBJDATA/UTCAR.DAT[547]",
        "$RCT2:OBJDATA/UTCAR.DAT[549]",
        "$RCT2:OBJDATA/UTCAR.DAT[551]",
        "$RCT2:OBJDATA/UTCAR.DAT[553]",
        "$RCT2:OBJDATA/UTCAR.DAT[555]",
        "$RCT2:OBJDATA/UTCAR.DAT[563]",
        "$RCT2:OBJDATA/UTCAR.DAT[571]",
        "$RCT2:OBJDATA/UTCAR.DAT[579]",
        "$RCT2:OBJDATA/UTCAR.DAT[587]",
        "$RCT2:OBJDATA/UTCAR.DAT[595]",
        "$RCT2:OBJDATA/UTCAR.DAT[603]",
        "$RCT2:OBJDATA/UTCAR.DAT[611]",
        "$RCT2:OBJDATA/UTCAR.DAT[731..735]",
        "$RCT2:OBJDATA/UTCAR.DAT[737]",
        "$RCT2:OBJDATA/UTCAR.DAT[739]",
        "$RCT2:OBJDATA/UTCAR.DAT[741]",
        "$RCT2:OBJDATA/UTCAR.DAT[743]",
        "$RCT2:OBJDATA/UTCAR.DAT[745]",
        "$RCT2:OBJDATA/UTCAR.DAT[747]",
        "$RCT2:OBJDATA/UTCAR.DAT[749]",
        "$RCT2:OBJDATA/UTCAR.DAT[751]",
        "$RCT2:OBJDATA/UTCAR.DAT[759]",
        "$RCT2:OBJDATA/UTCAR.DAT[767]",
        "$RCT2:OBJDATA/UTCAR.DAT[775]",
        "$RCT2:OBJDATA/UTCAR.DAT[783]",
        "$RCT2:OBJDATA/UTCAR.DAT[791]",
        "$RCT2:OBJDATA/UTCAR.DAT[799]",
        "$RCT2:OBJDATA/UTCAR.DAT[807]",
        "$RCT2:OBJDATA/UTCAR.DAT[815..867]",
        "$RCT2:OBJDATA/UTCAR.DAT[869]",
        "$RCT2:OBJDATA/UTCAR.DAT[871]",
        "$RCT2:OBJDATA/UTCAR.DAT[873]",
        "$RCT2:OBJDATA/UTCAR.DAT[875]",
        "$RCT2:OBJDATA/UTCAR.DAT[877]",
        "$RCT2:OBJDATA/UTCAR.DAT[879]",
        "$RCT2:OBJDATA/UTCAR.DAT[881]",
        "$RCT2:OBJDATA/UTCAR.DAT[883]",
        "$RCT2:OBJDATA/UTCAR.DAT[885]",
        "$RCT2:OBJDATA/UTCAR.DAT[887]",
        "$RCT2:OBJDATA/UTCAR.DAT[889]",
        "$RCT2:OBJDATA/UTCAR.DAT[891]",
        "$RCT2:OBJDATA/UTCAR.DAT[893]",
        "$RCT2:OBJDATA/UTCAR.DAT[895]",
        "$RCT2:OBJDATA/UTCAR.DAT[897]",
        "$RCT2:OBJDATA/UTCAR.DAT[899..907]",
        "$RCT2:OBJDATA/UTCAR.DAT[915]",
        "$RCT2:OBJDATA/UTCAR.DAT[923]",
        "$RCT2:OBJDATA/UTCAR.DAT[931]",
        "$RCT2:OBJDATA/UTCAR.DAT[939]",
        "$RCT2:OBJDATA/UTCAR.DAT[947]",
        "$RCT2:OBJDATA/UTCAR.DAT[955]",
        "$RCT2:OBJDATA/UTCAR.DAT[963]",
        "$RCT2:OBJDATA/UTCAR.DAT[971]",
        "$RCT2:OBJDATA/UTCAR.DAT[973]",
        "$RCT2:OBJDATA/UTCAR.DAT[975]",
        "$RCT2:OBJDATA/UTCAR.DAT[977]",
        "$RCT2:OBJDATA/UTCAR.DAT[979]",
        "$RCT2:OBJDATA/UTCAR.DAT[981]",
        "$RCT2:OBJDATA/UTCAR.DAT[983]",
        "$RCT2:OBJDATA/UTCAR.DAT[985]",
        "$RCT2:OBJDATA/UTCAR.DAT[987]",
        "$RCT2:OBJDATA/UTCAR.DAT[995]",
        "$RCT2:OBJDATA/UTCAR.DAT[1003]",
        "$RCT2:OBJDATA/UTCAR.DAT[1011]",
        "$RCT2:OBJDATA/UTCAR.DAT[1019]",
        "$RCT2:OBJDATA/UTCAR.DAT[1027]",
        "$RCT2:OBJDATA/UTCAR.DAT[1035]",
        "$RCT2:OBJDATA/UTCAR.DAT[1043]",
        "$RCT2:OBJDATA/UTCAR.DAT[1163..1167]",
        "$RCT2:OBJDATA/UTCAR.DAT[1169]",
        "$RCT2:OBJDATA/UTCAR.DAT[1171]",
        "$RCT2:OBJDATA/UTCAR.DAT[1173]",
        "$RCT2:OBJDATA/UTCAR.DAT[1175]",
        "$RCT2:OBJDATA/UTCAR.DAT[1177]",
        "$RCT2:OBJDATA/UTCAR.DAT[1179]",
        "$RCT2:OBJDATA/UTCAR.DAT[1181]",
        "$RCT2:OBJDATA/UTCAR.DAT[1183]",
        "$RCT2:OBJDATA/UTCAR.DAT[1191]",
        "$RCT2:OBJDATA/UTCAR.DAT[1199]",
        "$RCT2:OBJDATA/UTCAR.DAT[1207]",
        "$RCT2:OBJDATA/UTCAR.DAT[1215]",
        "$RCT2:OBJDATA/UTCAR.DAT[1223]",
        "$RCT2:OBJDATA/UTCAR.DAT[1231]",
        "$RCT2:OBJDATA/UTCAR.DAT[1239]",
        "$RCT2:OBJDATA/UTCAR.DAT[1247..1299]",
        "$RCT2:OBJDATA/UTCAR.DAT[1301]",
        "$RCT2:OBJDATA/UTCAR.DAT[1303]",
        "$RCT2:OBJDATA/UTCAR.DAT[1305]",
        "$RCT2:OBJDATA/UTCAR.DAT[1307]",
        "$RCT2:OBJDATA/UTCAR.DAT[1309]",
        "$RCT2:OBJDATA/UTCAR.DAT[1311]",
        "$RCT2:OBJDATA/UTCAR.DAT[1313]",
        "$RCT2:OBJDATA/UTCAR.DAT[1315]",
        "$RCT2:OBJDATA/UTCAR.DAT[1317]",
        "$RCT2:OBJDATA/UTCAR.DAT[1319]",
        "$RCT2:OBJDATA/UTCAR.DAT[1321]",
        "$RCT2:OBJDATA/UTCAR.DAT[1323]",
        "$RCT2:OBJDATA/UTCAR.DAT[1325]",
        "$RCT2:OBJDATA/UTCAR.DAT[1327]",
        "$RCT2:OBJDATA/UTCAR.DAT[1329]",
        "$RCT2:OBJDATA/UTCAR.DAT[1331..1339]",
        "$RCT2:OBJDATA/UTCAR.DAT[1347]",
        "$RCT2:OBJDATA/UTCAR.DAT[1355]",
        "$RCT2:OBJDATA/UTCAR.DAT[1363]",
        "$RCT2:OBJDATA/UTCAR.DAT[1371]",
        "$RCT2:OBJDATA/UTCAR.DAT[1379]",
        "$RCT2:OBJDATA/UTCAR.DAT[1387]",
        "$RCT2:OBJDATA/UTCAR.DAT[1395]",
        "$RCT2:OBJDATA/UTCAR.DAT[1403]",
        "$RCT2:OBJDATA/UTCAR.DAT[1405]",
        "$RCT2:OBJDATA/UTCAR.DAT[1407]",
        "$RCT2:OBJDATA/UTCAR.DAT[1409]",
        "$RCT2:OBJDATA/UTCAR.DAT[1411]",
        "$RCT2:OBJDATA/UTCAR.DAT[1413]",
        "$RCT2:OBJDATA/UTCAR.DAT[1415]",
        "$RCT2:OBJDATA/UTCAR.DAT[1417]",
        "$RCT2:OBJDATA/UTCAR.DAT[1419]",
        "$RCT2:OBJDATA/UTCAR.DAT[1427]",
        "$RCT2:OBJDATA/UTCAR.DAT[1435]",
        "$RCT2:OBJDATA/UTCAR.DAT[1443]",
        "$RCT2:OBJDATA/UTCAR.DAT[1451]",
        "$RCT2:OBJDATA/UTCAR.DAT[1459]",
        "$RCT2:OBJDATA/UTCAR.DAT[1467]",
        "$RCT2:OBJDATA/UTCAR.DAT[1475]",
        "$RCT2:OBJDATA/UTCAR.DAT[1595..1599]",
        "$RCT2:OBJDATA/UTCAR.DAT[1601]",
        "$RCT2:OBJDATA/UTCAR.DAT[1603]",
        "$RCT2:OBJDATA/UTCAR.DAT[1605]",
        "$RCT2:OBJDATA/UTCAR.DAT[1607]",
        "$RCT2:OBJDATA/UTCAR.DAT[1609]",
        "$RCT2:OBJDATA/UTCAR.DAT[1611]",
        "$RCT2:OBJDATA/UTCAR.DAT[1613]",
        "$RCT2:OBJDATA/UTCAR.DAT[1615]",
        "$RCT2:OBJDATA/UTCAR.DAT[1623]",
        "$RCT2:OBJDATA/UTCAR.DAT[1631]",
        "$RCT2:OBJDATA/UTCAR.DAT[1639]",
        "$RCT2:OBJDATA/UTCAR.DAT[1647]",
        "$RCT2:OBJDATA/UTCAR.DAT[1655]",
        "$RCT2:OBJDATA/UTCAR.DAT[1663]",
        "$RCT2:OBJDATA/UTCAR.DAT[1671]",
        "$RCT2:OBJDATA/UTCAR.DAT[1679..1731]",
        "$RCT2:OBJDATA/UTCAR.DAT[1733]",
        "$RCT2:OBJDATA/UTCAR.DAT[1735]",
        "$RCT2:OBJDATA/UTCAR.DAT[1737]",
        "$RCT2:OBJDATA/UTCAR.DAT[1739]",
        "$RCT2:OBJDATA/UTCAR.DAT[1741]",
        "$RCT2:OBJDATA/UTCAR.DAT[1743]",
        "$RCT2:OBJDATA/UTCAR.DAT[1745]",
        "$RCT2:OBJDATA/UTCAR.DAT[1747]",
        "$RCT2:OBJDATA/UTCAR.DAT[1749]",
        "$RCT2:OBJDATA/UTCAR.DAT[1751]",
        "$RCT2:OBJDATA/UTCAR.DAT[1753]",
        "$RCT2:OBJDATA/UTCAR.DAT[1755]",
        "$RCT2:OBJDATA/UTCAR.DAT[1757]",
        "$RCT2:OBJDATA/UTCAR.DAT[1759]",
        "$RCT2:OBJDATA/UTCAR.DAT[1761]",
        "$RCT2:OBJDATA/UTCAR.DAT[1763..1771]",
        "$RCT2:OBJDATA/UTCAR.DAT[1779]",
        "$RCT2:OBJDATA/UTCAR.DAT[1787]",
        "$RCT2:OBJDATA/UTCAR.DAT[1795]",
        "$RCT2:OBJDATA/UTCAR.DAT[1803]",
        "$RCT2:OBJDATA/UTCAR.DAT[1811]",
        "$RCT2:OBJDATA/UTCAR.DAT[1819]",
        "$RCT2:OBJDATA/UTCAR.DAT[1827]",
        "$RCT2:OBJDATA/UTCAR.DAT[1835]",
        "$RCT2:OBJDATA/UTCAR.DAT[1837]",
        "$RCT2:OBJDATA/UTCAR.DAT[1839]",
        "$RCT2:OBJDATA/UTCAR.DAT[1841]",
        "$RCT2:OBJDATA/UTCAR.DAT[1843]",
        "$RCT2:OBJDATA/UTCAR.DAT[1845]",
        "$RCT2:OBJDATA/UTCAR.DAT[1847]",
        "$RCT2:OBJDATA/UTCAR.DAT[1849]",
        "$RCT2:OBJDATA/UTCAR.DAT[1851]",
        "$RCT2:OBJDATA/UTCAR.DAT[1859]",
        "$RCT2:OBJDATA/UTCAR.DAT[1867]",
        "$RCT2:OBJDATA/UTCAR.DAT[1875]",
        "$RCT2:OBJDATA/UTCAR.DAT[1883]",
        "$RCT2:OBJDATA/UTCAR.DAT[1891]",
        "$RCT2:OBJDATA/UTCAR.DAT[1899]",
        "$RCT2:OBJDATA/UTCAR.DAT[1907]",
        "$RCT2:OBJDATA/UTCAR.DAT[2027..2031]",
        "$RCT2:OBJDATA/UTCAR.DAT[2033]",
        "$RCT2:OBJDATA/UTCAR.DAT[2035]",
        "$RCT2:OBJDATA/UTCAR.DAT[2037]",
        "$RCT2:OBJDATA/UTCAR.DAT[2039]",
        "$RCT2:OBJDATA/UTCAR.DAT[2041]",
        "$RCT2:OBJDATA/UTCAR.DAT[2043]",
        "$RCT2:OBJDATA/UTCAR.DAT[2045]",
        "$RCT2:OBJDATA/UTCAR.DAT[2047]",
        "$RCT2:OBJDATA/UTCAR.DAT[2055]",
        "$RCT2:OBJDATA/UTCAR.DAT[2063]",
        "$RCT2:OBJDATA/UTCAR.DAT[2071]",
        "$RCT2:OBJDATA/UTCAR.DAT[2079]",
        "$RCT2:OBJDATA/UTCAR.DAT[2087]",
        "$RCT2:OBJDATA/UTCAR.DAT[2095]",
        "$RCT2:OBJDATA/UTCAR.DAT[2103]",
        "$RCT2:OBJDATA/UTCAR.DAT[2111..2163]",
        "$RCT2:OBJDATA/UTCAR.DAT[2165]",
        "$RCT2:OBJDATA/UTCAR.DAT[2167]",
        "$RCT2:OBJDATA/UTCAR.DAT[2169]",
        "$RCT2:OBJDATA/UTCAR.DAT[2171]",
        "$RCT2:OBJDATA/UTCAR.DAT[2173]",
        "$RCT2:OBJDATA/UTCAR.DAT[2175]",
        "$RCT2:OBJDATA/UTCAR.DAT[2177]",
        "$RCT2:OBJDATA/UTCAR.DAT[2179]",
        "$RCT2:OBJDATA/UTCAR.DAT[2181]",
        "$RCT2:OBJDATA/UTCAR.DAT[2183]",
        "$RCT2:OBJDATA/UTCAR.DAT[2185]",
        "$RCT2:OBJDATA/UTCAR.DAT[2187]",
        "$RCT2:OBJDATA/UTCAR.DAT[2189]",
        "$RCT2:OBJDATA/UTCAR.DAT[2191]",
        "$RCT2:OBJDATA/UTCAR.DAT[2193]",
        "$RCT2:OBJDATA/UTCAR.DAT[2195..2203]",
        "$RCT2:OBJDATA/UTCAR.DAT[2211]",
        "$RCT2:OBJDATA/UTCAR.DAT[2219]",
        "$RCT2:OBJDATA/UTCAR.DAT[2227]",
        "$RCT2:OBJDATA/UTCAR.DAT[2235]",
        "$RCT2:OBJDATA/UTCAR.DAT[2243]",
        "$RCT2:OBJDATA/UTCAR.DAT[2251]",
        "$RCT2:OBJDATA/UTCAR.DAT[2259]",
        "$RCT2:OBJDATA/UTCAR.DAT[2267]",
        "$RCT2:OBJDATA/UTCAR.DAT[2269]",
        "$RCT2:OBJDATA/UTCAR.DAT[2271]",
        "$RCT2:OBJDATA/UTCAR.DAT[2273]",
        "$RCT2:OBJDATA/UTCAR.DAT[2275]",
        "$RCT2:OBJDATA/UTCAR.DAT[2277]",
        "$RCT2:OBJDATA/UTCAR.DAT[2279]",
        "$RCT2:OBJDATA/UTCAR.DAT[2281]",
        "$RCT2:OBJDATA/UTCAR.DAT[2283]",
        "$RCT2:OBJDATA/UTCAR.DAT[2291]",
        "$RCT2:OBJDATA/UTCAR.DAT[2299]",
        "$RCT2:OBJDATA/UTCAR.DAT[2307]",
        "$RCT2:OBJDATA/UTCAR.DAT[2315]",
        "$RCT2:OBJDATA/UTCAR.DAT[2323]",
        "$RCT2:OBJDATA/UTCAR.DAT[2331]",
        "$RCT2:OBJDATA/UTCAR.DAT[2339]",
        "$RCT2:OBJDATA/UTCAR.DAT[2459..2463]",
        "$RCT2:OBJDATA/UTCAR.DAT[2465]",
        "$RCT2:OBJDATA/UTCAR.DAT[2467]",
        "$RCT2:OBJDATA/UTCAR.DAT[2469]",
        "$RCT2:OBJDATA/UTCAR.DAT[2471]",
        "$RCT2:OBJDATA/UTCAR.DAT[2473]",
        "$RCT2:OBJDATA/UTCAR.DAT[2475]",
        "$RCT2:OBJDATA/UTCAR.DAT[2477]",
        "$RCT2:OBJDATA/UTCAR.DAT[2479]",
        "$RCT2:OBJDATA/UTCAR.DAT[2487]",
        "$RCT2:OBJDATA/UTCAR.DAT[2495]",
        "$RCT2:OBJDATA/UTCAR.DAT[2503]",
        "$RCT2:OBJDATA/UTCAR.DAT[2511]",
        "$RCT2:OBJDATA/UTCAR.DAT[2519]",
        "$RCT2:OBJDATA/UTCAR.DAT[2527]",
        "$RCT2:OBJDATA/UTCAR.DAT[2535]",
        "$RCT2:OBJDATA/UTCAR.DAT[2543..2594]"
    ]
}
