{
    "id": "rct2.footpath_surface.tarmac_brown",
    "authors": [
        "Chris Sawyer",
        "Simon Foster"
    ],
    "version": "1.0",
    "sourceGame": "rct2",
    "objectType": "footpath_surface",
    "images": [
        { "path": "preview.png", "x": 1, "y": 1 },
        "$RCT2:OBJDATA/TARMACB.DAT[0..50]"
    ],
    "strings": {
        "name": {
            "en-GB": "Brown Tarmac Footpath (Stairs)",
            "fr-FR": "Allée en bitume marron",
            "de-DE": "Brauner Makadam-Fußweg (Treppe)",
            "es-ES": "Sendero asfaltado marrón",
            "it-IT": "Sentiero di catrame marrone",
            "nl-NL": "Voetpad van bruin asfalt (met trappen)",
            "sv-SE": "Brun asfalterad gångväg",
            "ko-KR": "갈색 타맥 보도",
            "zh-CN": "棕色柏油碎石步道",
            "zh-TW": "棕色柏油碎石步道",
            "pt-BR": "Caminho de Asfalto Marrom",
            "cs-CZ": "Hnědá asfaltová cesta",
            "ja-JP": "茶色の舗装歩道",
            "pl-PL": "Brązowa dróżka tłuczniowa",
            "ru-RU": "Дорожка",
            "ar-EG": "ممشي بُني مُعبد",
            "eo-ZZ": "Bruna Asfalta Trotuaro (Ŝtuparo)",
            "ca-ES": "Camí marró asfaltat (amb escales)"
        }
    }
}
