{
    "id": "rct1aa.footpath_surface.queue_green",
    "authors": [
        "Chris Sawyer",
        "Simon Foster"
    ],
    "version": "1.0",
    "sourceGame": "rct1aa",
    "objectType": "footpath_surface",
    "properties": {
        "isQueue": true
    },
    "images": [
        { "path": "preview.png", "x": 1, "y": 1 },
        "$CSG[43331..43350]"
    ],
    "noCsgImages": [
        { "path": "preview.png", "x": 1, "y": 1 },
        "$RCT2:OBJDATA/TARMACG.DAT[51..70]"
    ],
    "strings": {
        "name": {
            "en-GB": "Green Queue",
            "de-DE": "Grüne Warteschlange",
            "nl-NL": "Groene wachtrij",
            "eo-ZZ": "Verda Atendovico",
            "ar-EG": "طابور إنتظار أخضر",
            "ca-ES": "Cua verda"
        }
    }
}
