{
    "id": "rct1.ride.cat_cars",
    "authors": ["Chris Sawyer", "Simon Foster"],
    "version": "1.0",
    "originalId": "00000000|#RCT1CTC|00000000",
    "sourceGame": "rct1",
    "isCompatibilityObject": true,
    "objectType": "ride",
    "properties": {
        "type": "car_ride",
        "category": "gentle",
        "noCollisionCrashes": true,
        "minCarsPerTrain": 3,
        "maxCarsPerTrain": 3,
        "numEmptyCars": 2,
        "tabCar": 1,
        "headCars": 1,
        "tailCars": 1,
        "carColours": [
            [
                ["white", "bordeaux_red", "black"]
            ],
            [
                ["black", "dark_green", "black"]
            ],
            [
                ["salmon_pink", "saturated_brown", "black"]
            ]
        ],
        "cars": [
            {
                "rotationFrameMask": 15,
                "spacing": 148172,
                "mass": 300,
                "numSeats": 2,
                "numSeatRows": 1,
                "poweredAcceleration": 70,
                "poweredMaxSpeed": 7,
                "drawOrder": 9,
                "spriteGroups": {
                    "slopeFlat":16,
                    "slopes12":4,
                    "slopes25":4
                },
                "hasAdditionalColour1": true,
                "isPowered": true,
                "loadingPositions": [3, -3]
            },
            {
                "rotationFrameMask": 0,
                "spacing": 34864,
                "poweredAcceleration": 70,
                "poweredMaxSpeed": 7,
                "carVisual": 1,
                "drawOrder": 8,
                "spriteGroups": {
                    "slopeFlat":1
                },
                "isPowered": true
            }
        ],
        "buildMenuPriority": 1
    },
    "images": [
        { "path": "images/preview.png", "format": "raw" },
        "",
        "",
        "$CSG[40289..40304]",

        "$CSG[40305]",
        "$CSG[40309]",
        "$CSG[40313]",
        "$CSG[40317]",

        "$CSG[40307]",
        "$CSG[40311]",
        "$CSG[40315]",
        "$CSG[40319]", 

        "$CSG[40306]",
        "$CSG[40310]",
        "$CSG[40314]",
        "$CSG[40318]",

        "$CSG[40308]",
        "$CSG[40312]",
        "$CSG[40316]",
        "$CSG[40320]",

        "$CSG[40321..40336]",

        "$CSG[40337]",
        "$CSG[40341]",
        "$CSG[40345]",
        "$CSG[40349]",

        "$CSG[40339]",
        "$CSG[40343]",
        "$CSG[40347]",
        "$CSG[40351]", 

        "$CSG[40338]",
        "$CSG[40342]",
        "$CSG[40346]",
        "$CSG[40350]",

        "$CSG[40340]",
        "$CSG[40344]",
        "$CSG[40348]",
        "$CSG[40352]",

		""
    ],
    "noCsgImages": [
        { "path": "images/preview.png", "format": "raw" },
        "",
        "",
        "$RCT2:OBJDATA/CTCAR.DAT[3]",
        "$RCT2:OBJDATA/CTCAR.DAT[5]",
        "$RCT2:OBJDATA/CTCAR.DAT[7]",
        "$RCT2:OBJDATA/CTCAR.DAT[9]",
        "$RCT2:OBJDATA/CTCAR.DAT[11]",
        "$RCT2:OBJDATA/CTCAR.DAT[13]",
        "$RCT2:OBJDATA/CTCAR.DAT[15]",
        "$RCT2:OBJDATA/CTCAR.DAT[17]",
        "$RCT2:OBJDATA/CTCAR.DAT[19]",
        "$RCT2:OBJDATA/CTCAR.DAT[21]",
        "$RCT2:OBJDATA/CTCAR.DAT[23]",
        "$RCT2:OBJDATA/CTCAR.DAT[25]",
        "$RCT2:OBJDATA/CTCAR.DAT[27]",
        "$RCT2:OBJDATA/CTCAR.DAT[29]",
        "$RCT2:OBJDATA/CTCAR.DAT[31]",
        "$RCT2:OBJDATA/CTCAR.DAT[33]",

        "$RCT2:OBJDATA/CTCAR.DAT[35..42]",

        "$RCT2:OBJDATA/CTCAR.DAT[43]",
        "$RCT2:OBJDATA/CTCAR.DAT[51]",
        "$RCT2:OBJDATA/CTCAR.DAT[59]",
        "$RCT2:OBJDATA/CTCAR.DAT[67]",
        "$RCT2:OBJDATA/CTCAR.DAT[75]",
        "$RCT2:OBJDATA/CTCAR.DAT[83]",
        "$RCT2:OBJDATA/CTCAR.DAT[91]",
        "$RCT2:OBJDATA/CTCAR.DAT[99]",

        "$RCT2:OBJDATA/CTCAR.DAT[107]",
        "$RCT2:OBJDATA/CTCAR.DAT[109]",
        "$RCT2:OBJDATA/CTCAR.DAT[111]",
        "$RCT2:OBJDATA/CTCAR.DAT[113]",
        "$RCT2:OBJDATA/CTCAR.DAT[115]",
        "$RCT2:OBJDATA/CTCAR.DAT[117]",
        "$RCT2:OBJDATA/CTCAR.DAT[119]",
        "$RCT2:OBJDATA/CTCAR.DAT[121]",
        "$RCT2:OBJDATA/CTCAR.DAT[123]",
        "$RCT2:OBJDATA/CTCAR.DAT[125]",
        "$RCT2:OBJDATA/CTCAR.DAT[127]",
        "$RCT2:OBJDATA/CTCAR.DAT[129]",
        "$RCT2:OBJDATA/CTCAR.DAT[131]",
        "$RCT2:OBJDATA/CTCAR.DAT[133]",
        "$RCT2:OBJDATA/CTCAR.DAT[135]",
        "$RCT2:OBJDATA/CTCAR.DAT[137]",

        "$RCT2:OBJDATA/CTCAR.DAT[139..146]",

        "$RCT2:OBJDATA/CTCAR.DAT[147]",
        "$RCT2:OBJDATA/CTCAR.DAT[155]",
        "$RCT2:OBJDATA/CTCAR.DAT[163]",
        "$RCT2:OBJDATA/CTCAR.DAT[171]",
        "$RCT2:OBJDATA/CTCAR.DAT[179]",
        "$RCT2:OBJDATA/CTCAR.DAT[187]",
        "$RCT2:OBJDATA/CTCAR.DAT[195]",
        "$RCT2:OBJDATA/CTCAR.DAT[203]",

        ""
    ],
    "strings": {
        "name": {
            "en-GB": "Cheshire Cats",
            "fr-FR": "Chat-chars",
            "de-DE": "Grinsekatzen",
            "es-ES": "Gatos Cheshire",
            "it-IT": "Gatti del cheshire",
            "nl-NL": "Cheshire Cats",
            "sv-SE": "Cheshirekatter",
            "ko-KR": "체셔 고양이",
            "zh-CN": "笑笑?",
            "zh-TW": "笑臉貓遊",
            "pt-BR": "Gatos Risonhos",
            "cs-CZ": "Autodráha",
            "ja-JP": "チェシャ猫",
            "pl-PL": "Koty z Cheshire",
            "ru-RU": "Чешир",
            "eo-ZZ": "Ĉeŝiraj Katoj"
        },
        "description": {
            "en-GB": "Powered cat-shaped vehicles",
            "fr-FR": "Véhicule à propulsion en forme de chats se déplaçant sur une route plane",
            "de-DE": "Angetriebene Fahrzeuge in Katzenform",
            "es-ES": "Vehículos autopropulsados con forma de gato que siguen la ruta de las vías",
            "it-IT": "Veicoli a motore a forma di gatto che seguono un percorso stabilito",
            "nl-NL": "Elektrische voertuigen in de vorm van een kat.",
            "sv-SE": "Motordrivna kattformade fordon",
            "ko-KR": "트랙을 따라 이동하는 고양이 모양의 차량",
            "zh-CN": "猫咪样式的动力车-循着固定轨道进行",
            "zh-TW": "帶有動力的貓型車輛跟隨著軌道的路線遊覽周邊",
            "pt-BR": "Veículos motorizados em forma de gatos",
            "cs-CZ": "Malá autíčka jezdí po postavené dráze",
            "ja-JP": "動力つきの猫型の車両です",
            "pl-PL": "Napędzane pojazdy w kształcie kotów podróżujące wyznaczoną trasą",
            "ru-RU": "Машинки в виде котов едут по рельсам",
            "eo-ZZ": "Ŝaltitaj katformaj veturiloj"
        },
        "capacity": {
            "en-GB": "2 passengers per cat",
            "fr-FR": "2 passagers par chat",
            "de-DE": "2 Fahrgäste pro Katze",
            "es-ES": "2 pasajeros por gato",
            "it-IT": "2 passeggeri a gatto",
            "nl-NL": "2 passagiers per kat",
            "sv-SE": "2 passagerare per katt",
            "ko-KR": "차량당 2명의 승객",
            "zh-CN": "2位客人/辆",
            "zh-TW": "每輛車2位乘客",
            "pt-BR": "2 passageiros por gato",
            "cs-CZ": "2 místa v každém vozu",
            "ja-JP": "各車両2名",
            "pl-PL": "2 pasażerów na kota",
            "ru-RU": "2 пассажира",
            "eo-ZZ": "Po 2 pasaĝeroj por kato"
        }
    }
}
