{
    "id": "rct1.ride.wooden_rc_trains_reversed",
    "authors": [
        "Chris Sawyer",
        "Simon Foster"
    ],
    "version": "1.0",
    "originalId": "00000000|#RCT1PTR|00000000",
    "sourceGame": "rct1",
    "isCompatibilityObject": true,
    "objectType": "ride",
    "properties": {
        "type": "classic_wooden_rc",
        "category": "rollercoaster",
        "minCarsPerTrain": 2,
        "maxCarsPerTrain": 7,
        "ratingMultipler": {
            "excitement": 2,
            "intensity": 12,
            "nausea": 22
        },
        "carColours": [
            [
                [
                    "bright_red",
                    "light_brown",
                    "black"
                ]
            ],
            [
                [
                    "yellow",
                    "light_brown",
                    "black"
                ]
            ],
            [
                [
                    "bright_green",
                    "light_brown",
                    "black"
                ]
            ],
            [
                [
                    "light_blue",
                    "bright_red",
                    "black"
                ]
            ],
            [
                [
                    "saturated_brown",
                    "bordeaux_red",
                    "black"
                ]
            ],
            [
                [
                    "light_purple",
                    "bordeaux_red",
                    "black"
                ]
            ]
        ],
        "cars": {
            "rotationFrameMask": 15,
            "spacing": 208896,
            "mass": 540,
            "numSeats": 4,
            "numSeatRows": 2,
            "frictionSoundId": 1,
            "soundRange": 1,
            "effectVisual": 10,
            "drawOrder": 6,
            "spriteGroups": {
                "slopeFlat": 16,
                "slopes12": 4,
                "slopes25": 16,
                "slopes42": 8,
                "slopes60": 4,
                "slopes75": 4,
                "slopes90": 4,
                "slopesLoop": 4,
                "slopeInverted": 4,
                "slopes8": 4,
                "slopes16": 4,
                "slopes50": 4,
                "flatBanked22": 8,
                "flatBanked45": 16,
                "slopes12Banked22": 4,
                "slopes8Banked22": 4,
                "restraintAnimation": 4
            },
            "hasAdditionalColour1": true,
            "hasScreamingRiders": true,
            "loadingPositions": [
                5,
                3,
                -7,
                -9
            ]
        }
    },
    "images": [
        { "path": "images/preview.png", "format": "raw" },
        "",
        "",
        "$CSG[16718]",
        "$CSG[16719]",
        "$CSG[16720]",
        "$CSG[16721]",
        "$CSG[16722]",
        "$CSG[16723]",
        "$CSG[16724]",
        "$CSG[16725]",
        "$CSG[16710]",
        "$CSG[16711]",
        "$CSG[16712]",
        "$CSG[16713]",
        "$CSG[16714]",
        "$CSG[16715]",
        "$CSG[16716]",
        "$CSG[16717]",
        "$CSG[16746]",
        "$CSG[16754]",
        "$CSG[16730]",
        "$CSG[16738]",
        "$CSG[16742]",
        "$CSG[16750]",
        "$CSG[16726]",
        "$CSG[16734]",
        "$CSG[16747]",
        "$CSG[16832]",
        "$CSG[16833]",
        "$CSG[16834]",
        "$CSG[16755]",
        "$CSG[16835]",
        "$CSG[16836]",
        "$CSG[16837]",
        "$CSG[16731]",
        "$CSG[16826]",
        "$CSG[16827]",
        "$CSG[16828]",
        "$CSG[16739]",
        "$CSG[16829]",
        "$CSG[16830]",
        "$CSG[16831]",
        "$CSG[16743]",
        "$CSG[16820]",
        "$CSG[16821]",
        "$CSG[16822]",
        "$CSG[16751]",
        "$CSG[16823]",
        "$CSG[16824]",
        "$CSG[16825]",
        "$CSG[16727]",
        "$CSG[16814]",
        "$CSG[16815]",
        "$CSG[16816]",
        "$CSG[16735]",
        "$CSG[16817]",
        "$CSG[16818]",
        "$CSG[16819]",
        "$CSG[16748]",
        "$CSG[16936]",
        "$CSG[16756]",
        "$CSG[16937]",
        "$CSG[16732]",
        "$CSG[16934]",
        "$CSG[16740]",
        "$CSG[16935]",
        "$CSG[16744]",
        "$CSG[16920]",
        "$CSG[16752]",
        "$CSG[16921]",
        "$CSG[16728]",
        "$CSG[16918]",
        "$CSG[16736]",
        "$CSG[16919]",
        "$CSG[16749]",
        "$CSG[16757]",
        "$CSG[16733]",
        "$CSG[16741]",
        "$CSG[16745]",
        "$CSG[16753]",
        "$CSG[16729]",
        "$CSG[16737]",
        "$CSG[16872]",
        "$CSG[16873]",
        "$CSG[16870]",
        "$CSG[16871]",
        "$CSG[16840]",
        "$CSG[16841]",
        "$CSG[16838]",
        "$CSG[16839]",
        "$CSG[16876]",
        "$CSG[16877]",
        "$CSG[16874]",
        "$CSG[16875]",
        "$CSG[16844]",
        "$CSG[16845]",
        "$CSG[16842]",
        "$CSG[16843]",
        "$CSG[16880]",
        "$CSG[16881]",
        "$CSG[16878]",
        "$CSG[16879]",
        "$CSG[16848]",
        "$CSG[16849]",
        "$CSG[16846]",
        "$CSG[16847]",
        "$CSG[16884]",
        "$CSG[16885]",
        "$CSG[16882]",
        "$CSG[16883]",
        "$CSG[16852]",
        "$CSG[16853]",
        "$CSG[16850]",
        "$CSG[16851]",
        "$CSG[16888]",
        "$CSG[16889]",
        "$CSG[16886]",
        "$CSG[16887]",
        "$CSG[16856]",
        "$CSG[16857]",
        "$CSG[16854]",
        "$CSG[16855]",
        "$CSG[16892]",
        "$CSG[16893]",
        "$CSG[16890]",
        "$CSG[16891]",
        "$CSG[16860]",
        "$CSG[16861]",
        "$CSG[16858]",
        "$CSG[16859]",
        "$CSG[16896]",
        "$CSG[16897]",
        "$CSG[16894]",
        "$CSG[16895]",
        "$CSG[16864]",
        "$CSG[16865]",
        "$CSG[16862]",
        "$CSG[16863]",
        "$CSG[16868]",
        "$CSG[16869]",
        "$CSG[16866]",
        "$CSG[16867]",
        "$CSG[16928]",
        "$CSG[16929]",
        "$CSG[16926]",
        "$CSG[16927]",
        "$CSG[16912]",
        "$CSG[16913]",
        "$CSG[16910]",
        "$CSG[16911]",
        "$CSG[16932]",
        "$CSG[16933]",
        "$CSG[16930]",
        "$CSG[16931]",
        "$CSG[16916]",
        "$CSG[16917]",
        "$CSG[16914]",
        "$CSG[16915]",
        "$CSG[16940]",
        "$CSG[16941]",
        "$CSG[16938]",
        "$CSG[16939]",
        "$CSG[16924]",
        "$CSG[16925]",
        "$CSG[16922]",
        "$CSG[16923]",
        "$CSG[16796]",
        "$CSG[16964]",
        "$CSG[16797]",
        "$CSG[16965]",
        "$CSG[16794]",
        "$CSG[16962]",
        "$CSG[16795]",
        "$CSG[16963]",
        "$CSG[16792]",
        "$CSG[16960]",
        "$CSG[16793]",
        "$CSG[16961]",
        "$CSG[16790]",
        "$CSG[16958]",
        "$CSG[16791]",
        "$CSG[16959]",
        "$CSG[16782]",
        "$CSG[16783]",
        "$CSG[16784]",
        "$CSG[16785]",
        "$CSG[16786]",
        "$CSG[16787]",
        "$CSG[16788]",
        "$CSG[16789]",
        "$CSG[16774]",
        "$CSG[16775]",
        "$CSG[16776]",
        "$CSG[16777]",
        "$CSG[16778]",
        "$CSG[16779]",
        "$CSG[16780]",
        "$CSG[16781]",
        "$CSG[16766]",
        "$CSG[16767]",
        "$CSG[16768]",
        "$CSG[16769]",
        "$CSG[16770]",
        "$CSG[16771]",
        "$CSG[16772]",
        "$CSG[16773]",
        "$CSG[16758]",
        "$CSG[16759]",
        "$CSG[16760]",
        "$CSG[16761]",
        "$CSG[16762]",
        "$CSG[16763]",
        "$CSG[16764]",
        "$CSG[16765]",
        "$CSG[16812]",
        "$CSG[16813]",
        "$CSG[16810]",
        "$CSG[16811]",
        "$CSG[16808]",
        "$CSG[16809]",
        "$CSG[16806]",
        "$CSG[16807]",
        "$CSG[16804]",
        "$CSG[16805]",
        "$CSG[16802]",
        "$CSG[16803]",
        "$CSG[16800]",
        "$CSG[16801]",
        "$CSG[16798]",
        "$CSG[16799]",
        "$CSG[16956]",
        "$CSG[16957]",
        "$CSG[16954]",
        "$CSG[16955]",
        "$CSG[16952]",
        "$CSG[16953]",
        "$CSG[16950]",
        "$CSG[16951]",
        "$CSG[16948]",
        "$CSG[16949]",
        "$CSG[16946]",
        "$CSG[16947]",
        "$CSG[16944]",
        "$CSG[16945]",
        "$CSG[16942]",
        "$CSG[16943]",
        "$CSG[16904]",
        "$CSG[16907]",
        "$CSG[16898]",
        "$CSG[16901]",
        "$CSG[16905]",
        "$CSG[16908]",
        "$CSG[16899]",
        "$CSG[16902]",
        "$CSG[16906]",
        "$CSG[16909]",
        "$CSG[16900]",
        "$CSG[16903]",
        "$CSG[16974]",
        "$CSG[16975]",
        "$CSG[16976]",
        "$CSG[16977]",
        "$CSG[16978]",
        "$CSG[16979]",
        "$CSG[16980]",
        "$CSG[16981]",
        "$CSG[16966]",
        "$CSG[16967]",
        "$CSG[16968]",
        "$CSG[16969]",
        "$CSG[16970]",
        "$CSG[16971]",
        "$CSG[16972]",
        "$CSG[16973]",
        "$CSG[17002]",
        "$CSG[17010]",
        "$CSG[16986]",
        "$CSG[16994]",
        "$CSG[16998]",
        "$CSG[17006]",
        "$CSG[16982]",
        "$CSG[16990]",
        "$CSG[17003]",
        "$CSG[17088]",
        "$CSG[17089]",
        "$CSG[17090]",
        "$CSG[17011]",
        "$CSG[17091]",
        "$CSG[17092]",
        "$CSG[17093]",
        "$CSG[16987]",
        "$CSG[17082]",
        "$CSG[17083]",
        "$CSG[17084]",
        "$CSG[16995]",
        "$CSG[17085]",
        "$CSG[17086]",
        "$CSG[17087]",
        "$CSG[16999]",
        "$CSG[17076]",
        "$CSG[17077]",
        "$CSG[17078]",
        "$CSG[17007]",
        "$CSG[17079]",
        "$CSG[17080]",
        "$CSG[17081]",
        "$CSG[16983]",
        "$CSG[17070]",
        "$CSG[17071]",
        "$CSG[17072]",
        "$CSG[16991]",
        "$CSG[17073]",
        "$CSG[17074]",
        "$CSG[17075]",
        "$CSG[17004]",
        "$CSG[17192]",
        "$CSG[17012]",
        "$CSG[17193]",
        "$CSG[16988]",
        "$CSG[17190]",
        "$CSG[16996]",
        "$CSG[17191]",
        "$CSG[17000]",
        "$CSG[17176]",
        "$CSG[17008]",
        "$CSG[17177]",
        "$CSG[16984]",
        "$CSG[17174]",
        "$CSG[16992]",
        "$CSG[17175]",
        "$CSG[17005]",
        "$CSG[17013]",
        "$CSG[16989]",
        "$CSG[16997]",
        "$CSG[17001]",
        "$CSG[17009]",
        "$CSG[16985]",
        "$CSG[16993]",
        "$CSG[17128]",
        "$CSG[17129]",
        "$CSG[17126]",
        "$CSG[17127]",
        "$CSG[17096]",
        "$CSG[17097]",
        "$CSG[17094]",
        "$CSG[17095]",
        "$CSG[17132]",
        "$CSG[17133]",
        "$CSG[17130]",
        "$CSG[17131]",
        "$CSG[17100]",
        "$CSG[17101]",
        "$CSG[17098]",
        "$CSG[17099]",
        "$CSG[17136]",
        "$CSG[17137]",
        "$CSG[17134]",
        "$CSG[17135]",
        "$CSG[17104]",
        "$CSG[17105]",
        "$CSG[17102]",
        "$CSG[17103]",
        "$CSG[17140]",
        "$CSG[17141]",
        "$CSG[17138]",
        "$CSG[17139]",
        "$CSG[17108]",
        "$CSG[17109]",
        "$CSG[17106]",
        "$CSG[17107]",
        "$CSG[17144]",
        "$CSG[17145]",
        "$CSG[17142]",
        "$CSG[17143]",
        "$CSG[17112]",
        "$CSG[17113]",
        "$CSG[17110]",
        "$CSG[17111]",
        "$CSG[17148]",
        "$CSG[17149]",
        "$CSG[17146]",
        "$CSG[17147]",
        "$CSG[17116]",
        "$CSG[17117]",
        "$CSG[17114]",
        "$CSG[17115]",
        "$CSG[17152]",
        "$CSG[17153]",
        "$CSG[17150]",
        "$CSG[17151]",
        "$CSG[17120]",
        "$CSG[17121]",
        "$CSG[17118]",
        "$CSG[17119]",
        "$CSG[17124]",
        "$CSG[17125]",
        "$CSG[17122]",
        "$CSG[17123]",
        "$CSG[17184]",
        "$CSG[17185]",
        "$CSG[17182]",
        "$CSG[17183]",
        "$CSG[17168]",
        "$CSG[17169]",
        "$CSG[17166]",
        "$CSG[17167]",
        "$CSG[17188]",
        "$CSG[17189]",
        "$CSG[17186]",
        "$CSG[17187]",
        "$CSG[17172]",
        "$CSG[17173]",
        "$CSG[17170]",
        "$CSG[17171]",
        "$CSG[17196]",
        "$CSG[17197]",
        "$CSG[17194]",
        "$CSG[17195]",
        "$CSG[17180]",
        "$CSG[17181]",
        "$CSG[17178]",
        "$CSG[17179]",
        "$CSG[17052]",
        "$CSG[17220]",
        "$CSG[17053]",
        "$CSG[17221]",
        "$CSG[17050]",
        "$CSG[17218]",
        "$CSG[17051]",
        "$CSG[17219]",
        "$CSG[17048]",
        "$CSG[17216]",
        "$CSG[17049]",
        "$CSG[17217]",
        "$CSG[17046]",
        "$CSG[17214]",
        "$CSG[17047]",
        "$CSG[17215]",
        "$CSG[17038]",
        "$CSG[17039]",
        "$CSG[17040]",
        "$CSG[17041]",
        "$CSG[17042]",
        "$CSG[17043]",
        "$CSG[17044]",
        "$CSG[17045]",
        "$CSG[17030]",
        "$CSG[17031]",
        "$CSG[17032]",
        "$CSG[17033]",
        "$CSG[17034]",
        "$CSG[17035]",
        "$CSG[17036]",
        "$CSG[17037]",
        "$CSG[17022]",
        "$CSG[17023]",
        "$CSG[17024]",
        "$CSG[17025]",
        "$CSG[17026]",
        "$CSG[17027]",
        "$CSG[17028]",
        "$CSG[17029]",
        "$CSG[17014]",
        "$CSG[17015]",
        "$CSG[17016]",
        "$CSG[17017]",
        "$CSG[17018]",
        "$CSG[17019]",
        "$CSG[17020]",
        "$CSG[17021]",
        "$CSG[17068]",
        "$CSG[17069]",
        "$CSG[17066]",
        "$CSG[17067]",
        "$CSG[17064]",
        "$CSG[17065]",
        "$CSG[17062]",
        "$CSG[17063]",
        "$CSG[17060]",
        "$CSG[17061]",
        "$CSG[17058]",
        "$CSG[17059]",
        "$CSG[17056]",
        "$CSG[17057]",
        "$CSG[17054]",
        "$CSG[17055]",
        "$CSG[17212]",
        "$CSG[17213]",
        "$CSG[17210]",
        "$CSG[17211]",
        "$CSG[17208]",
        "$CSG[17209]",
        "$CSG[17206]",
        "$CSG[17207]",
        "$CSG[17204]",
        "$CSG[17205]",
        "$CSG[17202]",
        "$CSG[17203]",
        "$CSG[17200]",
        "$CSG[17201]",
        "$CSG[17198]",
        "$CSG[17199]",
        "$CSG[17160]",
        "$CSG[17163]",
        "$CSG[17154]",
        "$CSG[17157]",
        "$CSG[17161]",
        "$CSG[17164]",
        "$CSG[17155]",
        "$CSG[17158]",
        "$CSG[17162]",
        "$CSG[17165]",
        "$CSG[17156]",
        "$CSG[17159]",
        "$CSG[17230]",
        "$CSG[17231]",
        "$CSG[17232]",
        "$CSG[17233]",
        "$CSG[17234]",
        "$CSG[17235]",
        "$CSG[17236]",
        "$CSG[17237]",
        "$CSG[17222]",
        "$CSG[17223]",
        "$CSG[17224]",
        "$CSG[17225]",
        "$CSG[17226]",
        "$CSG[17227]",
        "$CSG[17228]",
        "$CSG[17229]",
        "$CSG[17258]",
        "$CSG[17266]",
        "$CSG[17242]",
        "$CSG[17250]",
        "$CSG[17254]",
        "$CSG[17262]",
        "$CSG[17238]",
        "$CSG[17246]",
        "$CSG[17259]",
        "$CSG[17344]",
        "$CSG[17345]",
        "$CSG[17346]",
        "$CSG[17267]",
        "$CSG[17347]",
        "$CSG[17348]",
        "$CSG[17349]",
        "$CSG[17243]",
        "$CSG[17338]",
        "$CSG[17339]",
        "$CSG[17340]",
        "$CSG[17251]",
        "$CSG[17341]",
        "$CSG[17342]",
        "$CSG[17343]",
        "$CSG[17255]",
        "$CSG[17332]",
        "$CSG[17333]",
        "$CSG[17334]",
        "$CSG[17263]",
        "$CSG[17335]",
        "$CSG[17336]",
        "$CSG[17337]",
        "$CSG[17239]",
        "$CSG[17326]",
        "$CSG[17327]",
        "$CSG[17328]",
        "$CSG[17247]",
        "$CSG[17329]",
        "$CSG[17330]",
        "$CSG[17331]",
        "$CSG[17260]",
        "$CSG[17448]",
        "$CSG[17268]",
        "$CSG[17449]",
        "$CSG[17244]",
        "$CSG[17446]",
        "$CSG[17252]",
        "$CSG[17447]",
        "$CSG[17256]",
        "$CSG[17432]",
        "$CSG[17264]",
        "$CSG[17433]",
        "$CSG[17240]",
        "$CSG[17430]",
        "$CSG[17248]",
        "$CSG[17431]",
        "$CSG[17261]",
        "$CSG[17269]",
        "$CSG[17245]",
        "$CSG[17253]",
        "$CSG[17257]",
        "$CSG[17265]",
        "$CSG[17241]",
        "$CSG[17249]",
        "$CSG[17384]",
        "$CSG[17385]",
        "$CSG[17382]",
        "$CSG[17383]",
        "$CSG[17352]",
        "$CSG[17353]",
        "$CSG[17350]",
        "$CSG[17351]",
        "$CSG[17388]",
        "$CSG[17389]",
        "$CSG[17386]",
        "$CSG[17387]",
        "$CSG[17356]",
        "$CSG[17357]",
        "$CSG[17354]",
        "$CSG[17355]",
        "$CSG[17392]",
        "$CSG[17393]",
        "$CSG[17390]",
        "$CSG[17391]",
        "$CSG[17360]",
        "$CSG[17361]",
        "$CSG[17358]",
        "$CSG[17359]",
        "$CSG[17396]",
        "$CSG[17397]",
        "$CSG[17394]",
        "$CSG[17395]",
        "$CSG[17364]",
        "$CSG[17365]",
        "$CSG[17362]",
        "$CSG[17363]",
        "$CSG[17400]",
        "$CSG[17401]",
        "$CSG[17398]",
        "$CSG[17399]",
        "$CSG[17368]",
        "$CSG[17369]",
        "$CSG[17366]",
        "$CSG[17367]",
        "$CSG[17404]",
        "$CSG[17405]",
        "$CSG[17402]",
        "$CSG[17403]",
        "$CSG[17372]",
        "$CSG[17373]",
        "$CSG[17370]",
        "$CSG[17371]",
        "$CSG[17408]",
        "$CSG[17409]",
        "$CSG[17406]",
        "$CSG[17407]",
        "$CSG[17376]",
        "$CSG[17377]",
        "$CSG[17374]",
        "$CSG[17375]",
        "$CSG[17380]",
        "$CSG[17381]",
        "$CSG[17378]",
        "$CSG[17379]",
        "$CSG[17440]",
        "$CSG[17441]",
        "$CSG[17438]",
        "$CSG[17439]",
        "$CSG[17424]",
        "$CSG[17425]",
        "$CSG[17422]",
        "$CSG[17423]",
        "$CSG[17444]",
        "$CSG[17445]",
        "$CSG[17442]",
        "$CSG[17443]",
        "$CSG[17428]",
        "$CSG[17429]",
        "$CSG[17426]",
        "$CSG[17427]",
        "$CSG[17452]",
        "$CSG[17453]",
        "$CSG[17450]",
        "$CSG[17451]",
        "$CSG[17436]",
        "$CSG[17437]",
        "$CSG[17434]",
        "$CSG[17435]",
        "$CSG[17308]",
        "$CSG[17476]",
        "$CSG[17309]",
        "$CSG[17477]",
        "$CSG[17306]",
        "$CSG[17474]",
        "$CSG[17307]",
        "$CSG[17475]",
        "$CSG[17304]",
        "$CSG[17472]",
        "$CSG[17305]",
        "$CSG[17473]",
        "$CSG[17302]",
        "$CSG[17470]",
        "$CSG[17303]",
        "$CSG[17471]",
        "$CSG[17294]",
        "$CSG[17295]",
        "$CSG[17296]",
        "$CSG[17297]",
        "$CSG[17298]",
        "$CSG[17299]",
        "$CSG[17300]",
        "$CSG[17301]",
        "$CSG[17286]",
        "$CSG[17287]",
        "$CSG[17288]",
        "$CSG[17289]",
        "$CSG[17290]",
        "$CSG[17291]",
        "$CSG[17292]",
        "$CSG[17293]",
        "$CSG[17278]",
        "$CSG[17279]",
        "$CSG[17280]",
        "$CSG[17281]",
        "$CSG[17282]",
        "$CSG[17283]",
        "$CSG[17284]",
        "$CSG[17285]",
        "$CSG[17270]",
        "$CSG[17271]",
        "$CSG[17272]",
        "$CSG[17273]",
        "$CSG[17274]",
        "$CSG[17275]",
        "$CSG[17276]",
        "$CSG[17277]",
        "$CSG[17324]",
        "$CSG[17325]",
        "$CSG[17322]",
        "$CSG[17323]",
        "$CSG[17320]",
        "$CSG[17321]",
        "$CSG[17318]",
        "$CSG[17319]",
        "$CSG[17316]",
        "$CSG[17317]",
        "$CSG[17314]",
        "$CSG[17315]",
        "$CSG[17312]",
        "$CSG[17313]",
        "$CSG[17310]",
        "$CSG[17311]",
        "$CSG[17468]",
        "$CSG[17469]",
        "$CSG[17466]",
        "$CSG[17467]",
        "$CSG[17464]",
        "$CSG[17465]",
        "$CSG[17462]",
        "$CSG[17463]",
        "$CSG[17460]",
        "$CSG[17461]",
        "$CSG[17458]",
        "$CSG[17459]",
        "$CSG[17456]",
        "$CSG[17457]",
        "$CSG[17454]",
        "$CSG[17455]",
        "$CSG[17416]",
        "$CSG[17419]",
        "$CSG[17410]",
        "$CSG[17413]",
        "$CSG[17417]",
        "$CSG[17420]",
        "$CSG[17411]",
        "$CSG[17414]",
        "$CSG[17418]",
        "$CSG[17421]",
        "$CSG[17412]",
        "$CSG[17415]"
    ],
    "noCsgImages": [
        { "path": "images/preview.png", "format": "raw" },
        "",
        "",
        "$RCT2:OBJDATA/PTCT1.DAT[19]",
        "$RCT2:OBJDATA/PTCT1.DAT[21]",
        "$RCT2:OBJDATA/PTCT1.DAT[23]",
        "$RCT2:OBJDATA/PTCT1.DAT[25]",
        "$RCT2:OBJDATA/PTCT1.DAT[27]",
        "$RCT2:OBJDATA/PTCT1.DAT[29]",
        "$RCT2:OBJDATA/PTCT1.DAT[31]",
        "$RCT2:OBJDATA/PTCT1.DAT[33]",
        "$RCT2:OBJDATA/PTCT1.DAT[3]",
        "$RCT2:OBJDATA/PTCT1.DAT[5]",
        "$RCT2:OBJDATA/PTCT1.DAT[7]",
        "$RCT2:OBJDATA/PTCT1.DAT[9]",
        "$RCT2:OBJDATA/PTCT1.DAT[11]",
        "$RCT2:OBJDATA/PTCT1.DAT[13]",
        "$RCT2:OBJDATA/PTCT1.DAT[15]",
        "$RCT2:OBJDATA/PTCT1.DAT[17]",
        "$RCT2:OBJDATA/PTCT1.DAT[41..42]",
        "$RCT2:OBJDATA/PTCT1.DAT[39..40]",
        "$RCT2:OBJDATA/PTCT1.DAT[37..38]",
        "$RCT2:OBJDATA/PTCT1.DAT[35..36]",
        "$RCT2:OBJDATA/PTCT1.DAT[91]",
        "$RCT2:OBJDATA/PTCT1.DAT[93]",
        "$RCT2:OBJDATA/PTCT1.DAT[95]",
        "$RCT2:OBJDATA/PTCT1.DAT[97]",
        "$RCT2:OBJDATA/PTCT1.DAT[99]",
        "$RCT2:OBJDATA/PTCT1.DAT[101]",
        "$RCT2:OBJDATA/PTCT1.DAT[103]",
        "$RCT2:OBJDATA/PTCT1.DAT[105]",
        "$RCT2:OBJDATA/PTCT1.DAT[75]",
        "$RCT2:OBJDATA/PTCT1.DAT[77]",
        "$RCT2:OBJDATA/PTCT1.DAT[79]",
        "$RCT2:OBJDATA/PTCT1.DAT[81]",
        "$RCT2:OBJDATA/PTCT1.DAT[83]",
        "$RCT2:OBJDATA/PTCT1.DAT[85]",
        "$RCT2:OBJDATA/PTCT1.DAT[87]",
        "$RCT2:OBJDATA/PTCT1.DAT[89]",
        "$RCT2:OBJDATA/PTCT1.DAT[59]",
        "$RCT2:OBJDATA/PTCT1.DAT[61]",
        "$RCT2:OBJDATA/PTCT1.DAT[63]",
        "$RCT2:OBJDATA/PTCT1.DAT[65]",
        "$RCT2:OBJDATA/PTCT1.DAT[67]",
        "$RCT2:OBJDATA/PTCT1.DAT[69]",
        "$RCT2:OBJDATA/PTCT1.DAT[71]",
        "$RCT2:OBJDATA/PTCT1.DAT[73]",
        "$RCT2:OBJDATA/PTCT1.DAT[43]",
        "$RCT2:OBJDATA/PTCT1.DAT[45]",
        "$RCT2:OBJDATA/PTCT1.DAT[47]",
        "$RCT2:OBJDATA/PTCT1.DAT[49]",
        "$RCT2:OBJDATA/PTCT1.DAT[51]",
        "$RCT2:OBJDATA/PTCT1.DAT[53]",
        "$RCT2:OBJDATA/PTCT1.DAT[55]",
        "$RCT2:OBJDATA/PTCT1.DAT[57]",
        "$RCT2:OBJDATA/PTCT1.DAT[119..122]",
        "$RCT2:OBJDATA/PTCT1.DAT[115..118]",
        "$RCT2:OBJDATA/PTCT1.DAT[111..114]",
        "$RCT2:OBJDATA/PTCT1.DAT[107..110]",
        "$RCT2:OBJDATA/PTCT1.DAT[171]",
        "$RCT2:OBJDATA/PTCT1.DAT[179]",
        "$RCT2:OBJDATA/PTCT1.DAT[155]",
        "$RCT2:OBJDATA/PTCT1.DAT[163]",
        "$RCT2:OBJDATA/PTCT1.DAT[139]",
        "$RCT2:OBJDATA/PTCT1.DAT[147]",
        "$RCT2:OBJDATA/PTCT1.DAT[123]",
        "$RCT2:OBJDATA/PTCT1.DAT[131]",
        "$RCT2:OBJDATA/PTCT1.DAT[193..194]",
        "$RCT2:OBJDATA/PTCT1.DAT[191..192]",
        "$RCT2:OBJDATA/PTCT1.DAT[189..190]",
        "$RCT2:OBJDATA/PTCT1.DAT[187..188]",
        "$RCT2:OBJDATA/PTCT1.DAT[243]",
        "$RCT2:OBJDATA/PTCT1.DAT[251]",
        "$RCT2:OBJDATA/PTCT1.DAT[227]",
        "$RCT2:OBJDATA/PTCT1.DAT[235]",
        "$RCT2:OBJDATA/PTCT1.DAT[211]",
        "$RCT2:OBJDATA/PTCT1.DAT[219]",
        "$RCT2:OBJDATA/PTCT1.DAT[195]",
        "$RCT2:OBJDATA/PTCT1.DAT[203]",
        "$RCT2:OBJDATA/PTCT1.DAT[265..266]",
        "$RCT2:OBJDATA/PTCT1.DAT[263..264]",
        "$RCT2:OBJDATA/PTCT1.DAT[261..262]",
        "$RCT2:OBJDATA/PTCT1.DAT[259..260]",
        "$RCT2:OBJDATA/PTCT1.DAT[273..274]",
        "$RCT2:OBJDATA/PTCT1.DAT[271..272]",
        "$RCT2:OBJDATA/PTCT1.DAT[269..270]",
        "$RCT2:OBJDATA/PTCT1.DAT[267..268]",
        "$RCT2:OBJDATA/PTCT1.DAT[281..282]",
        "$RCT2:OBJDATA/PTCT1.DAT[279..280]",
        "$RCT2:OBJDATA/PTCT1.DAT[277..278]",
        "$RCT2:OBJDATA/PTCT1.DAT[275..276]",
        "$RCT2:OBJDATA/PTCT1.DAT[289..290]",
        "$RCT2:OBJDATA/PTCT1.DAT[287..288]",
        "$RCT2:OBJDATA/PTCT1.DAT[285..286]",
        "$RCT2:OBJDATA/PTCT1.DAT[283..284]",
        "$RCT2:OBJDATA/PTCT1.DAT[297..298]",
        "$RCT2:OBJDATA/PTCT1.DAT[295..296]",
        "$RCT2:OBJDATA/PTCT1.DAT[293..294]",
        "$RCT2:OBJDATA/PTCT1.DAT[291..292]",
        "$RCT2:OBJDATA/PTCT1.DAT[301..302]",
        "$RCT2:OBJDATA/PTCT1.DAT[299..300]",
        "$RCT2:OBJDATA/PTCT1.DAT[309..310]",
        "$RCT2:OBJDATA/PTCT1.DAT[307..308]",
        "$RCT2:OBJDATA/PTCT1.DAT[305..306]",
        "$RCT2:OBJDATA/PTCT1.DAT[303..304]",
        "$RCT2:OBJDATA/PTCT1.DAT[317..318]",
        "$RCT2:OBJDATA/PTCT1.DAT[315..316]",
        "$RCT2:OBJDATA/PTCT1.DAT[313..314]",
        "$RCT2:OBJDATA/PTCT1.DAT[311..312]",
        "$RCT2:OBJDATA/PTCT1.DAT[325..326]",
        "$RCT2:OBJDATA/PTCT1.DAT[323..324]",
        "$RCT2:OBJDATA/PTCT1.DAT[321..322]",
        "$RCT2:OBJDATA/PTCT1.DAT[319..320]",
        "$RCT2:OBJDATA/PTCT1.DAT[339..342]",
        "$RCT2:OBJDATA/PTCT1.DAT[335..338]",
        "$RCT2:OBJDATA/PTCT1.DAT[331..334]",
        "$RCT2:OBJDATA/PTCT1.DAT[327..330]",
        "$RCT2:OBJDATA/PTCT1.DAT[391]",
        "$RCT2:OBJDATA/PTCT1.DAT[393]",
        "$RCT2:OBJDATA/PTCT1.DAT[395]",
        "$RCT2:OBJDATA/PTCT1.DAT[397]",
        "$RCT2:OBJDATA/PTCT1.DAT[399]",
        "$RCT2:OBJDATA/PTCT1.DAT[401]",
        "$RCT2:OBJDATA/PTCT1.DAT[403]",
        "$RCT2:OBJDATA/PTCT1.DAT[405]",
        "$RCT2:OBJDATA/PTCT1.DAT[375]",
        "$RCT2:OBJDATA/PTCT1.DAT[377]",
        "$RCT2:OBJDATA/PTCT1.DAT[379]",
        "$RCT2:OBJDATA/PTCT1.DAT[381]",
        "$RCT2:OBJDATA/PTCT1.DAT[383]",
        "$RCT2:OBJDATA/PTCT1.DAT[385]",
        "$RCT2:OBJDATA/PTCT1.DAT[387]",
        "$RCT2:OBJDATA/PTCT1.DAT[389]",
        "$RCT2:OBJDATA/PTCT1.DAT[359]",
        "$RCT2:OBJDATA/PTCT1.DAT[361]",
        "$RCT2:OBJDATA/PTCT1.DAT[363]",
        "$RCT2:OBJDATA/PTCT1.DAT[365]",
        "$RCT2:OBJDATA/PTCT1.DAT[367]",
        "$RCT2:OBJDATA/PTCT1.DAT[369]",
        "$RCT2:OBJDATA/PTCT1.DAT[371]",
        "$RCT2:OBJDATA/PTCT1.DAT[373]",
        "$RCT2:OBJDATA/PTCT1.DAT[343]",
        "$RCT2:OBJDATA/PTCT1.DAT[345]",
        "$RCT2:OBJDATA/PTCT1.DAT[347]",
        "$RCT2:OBJDATA/PTCT1.DAT[349]",
        "$RCT2:OBJDATA/PTCT1.DAT[351]",
        "$RCT2:OBJDATA/PTCT1.DAT[353]",
        "$RCT2:OBJDATA/PTCT1.DAT[355]",
        "$RCT2:OBJDATA/PTCT1.DAT[357]",
        "$RCT2:OBJDATA/PTCT1.DAT[519]",
        "$RCT2:OBJDATA/PTCT1.DAT[527]",
        "$RCT2:OBJDATA/PTCT1.DAT[503]",
        "$RCT2:OBJDATA/PTCT1.DAT[511]",
        "$RCT2:OBJDATA/PTCT1.DAT[487]",
        "$RCT2:OBJDATA/PTCT1.DAT[495]",
        "$RCT2:OBJDATA/PTCT1.DAT[471]",
        "$RCT2:OBJDATA/PTCT1.DAT[479]",
        "$RCT2:OBJDATA/PTCT1.DAT[455]",
        "$RCT2:OBJDATA/PTCT1.DAT[463]",
        "$RCT2:OBJDATA/PTCT1.DAT[439]",
        "$RCT2:OBJDATA/PTCT1.DAT[447]",
        "$RCT2:OBJDATA/PTCT1.DAT[423]",
        "$RCT2:OBJDATA/PTCT1.DAT[431]",
        "$RCT2:OBJDATA/PTCT1.DAT[407]",
        "$RCT2:OBJDATA/PTCT1.DAT[415]",
        "$RCT2:OBJDATA/PTCT1.DAT[549..550]",
        "$RCT2:OBJDATA/PTCT1.DAT[547..548]",
        "$RCT2:OBJDATA/PTCT1.DAT[545..546]",
        "$RCT2:OBJDATA/PTCT1.DAT[543..544]",
        "$RCT2:OBJDATA/PTCT1.DAT[541..542]",
        "$RCT2:OBJDATA/PTCT1.DAT[539..540]",
        "$RCT2:OBJDATA/PTCT1.DAT[537..538]",
        "$RCT2:OBJDATA/PTCT1.DAT[535..536]",
        "$RCT2:OBJDATA/PTCT1.DAT[713..714]",
        "$RCT2:OBJDATA/PTCT1.DAT[711..712]",
        "$RCT2:OBJDATA/PTCT1.DAT[717..718]",
        "$RCT2:OBJDATA/PTCT1.DAT[715..716]",
        "$RCT2:OBJDATA/PTCT1.DAT[721..722]",
        "$RCT2:OBJDATA/PTCT1.DAT[719..720]",
        "$RCT2:OBJDATA/PTCT1.DAT[739]",
        "$RCT2:OBJDATA/PTCT1.DAT[741]",
        "$RCT2:OBJDATA/PTCT1.DAT[743]",
        "$RCT2:OBJDATA/PTCT1.DAT[745]",
        "$RCT2:OBJDATA/PTCT1.DAT[747]",
        "$RCT2:OBJDATA/PTCT1.DAT[749]",
        "$RCT2:OBJDATA/PTCT1.DAT[751]",
        "$RCT2:OBJDATA/PTCT1.DAT[753]",
        "$RCT2:OBJDATA/PTCT1.DAT[723]",
        "$RCT2:OBJDATA/PTCT1.DAT[725]",
        "$RCT2:OBJDATA/PTCT1.DAT[727]",
        "$RCT2:OBJDATA/PTCT1.DAT[729]",
        "$RCT2:OBJDATA/PTCT1.DAT[731]",
        "$RCT2:OBJDATA/PTCT1.DAT[733]",
        "$RCT2:OBJDATA/PTCT1.DAT[735]",
        "$RCT2:OBJDATA/PTCT1.DAT[737]",
        "$RCT2:OBJDATA/PTCT1.DAT[761..762]",
        "$RCT2:OBJDATA/PTCT1.DAT[759..760]",
        "$RCT2:OBJDATA/PTCT1.DAT[757..758]",
        "$RCT2:OBJDATA/PTCT1.DAT[755..756]",
        "$RCT2:OBJDATA/PTCT1.DAT[811]",
        "$RCT2:OBJDATA/PTCT1.DAT[813]",
        "$RCT2:OBJDATA/PTCT1.DAT[815]",
        "$RCT2:OBJDATA/PTCT1.DAT[817]",
        "$RCT2:OBJDATA/PTCT1.DAT[819]",
        "$RCT2:OBJDATA/PTCT1.DAT[821]",
        "$RCT2:OBJDATA/PTCT1.DAT[823]",
        "$RCT2:OBJDATA/PTCT1.DAT[825]",
        "$RCT2:OBJDATA/PTCT1.DAT[795]",
        "$RCT2:OBJDATA/PTCT1.DAT[797]",
        "$RCT2:OBJDATA/PTCT1.DAT[799]",
        "$RCT2:OBJDATA/PTCT1.DAT[801]",
        "$RCT2:OBJDATA/PTCT1.DAT[803]",
        "$RCT2:OBJDATA/PTCT1.DAT[805]",
        "$RCT2:OBJDATA/PTCT1.DAT[807]",
        "$RCT2:OBJDATA/PTCT1.DAT[809]",
        "$RCT2:OBJDATA/PTCT1.DAT[779]",
        "$RCT2:OBJDATA/PTCT1.DAT[781]",
        "$RCT2:OBJDATA/PTCT1.DAT[783]",
        "$RCT2:OBJDATA/PTCT1.DAT[785]",
        "$RCT2:OBJDATA/PTCT1.DAT[787]",
        "$RCT2:OBJDATA/PTCT1.DAT[789]",
        "$RCT2:OBJDATA/PTCT1.DAT[791]",
        "$RCT2:OBJDATA/PTCT1.DAT[793]",
        "$RCT2:OBJDATA/PTCT1.DAT[763]",
        "$RCT2:OBJDATA/PTCT1.DAT[765]",
        "$RCT2:OBJDATA/PTCT1.DAT[767]",
        "$RCT2:OBJDATA/PTCT1.DAT[769]",
        "$RCT2:OBJDATA/PTCT1.DAT[771]",
        "$RCT2:OBJDATA/PTCT1.DAT[773]",
        "$RCT2:OBJDATA/PTCT1.DAT[775]",
        "$RCT2:OBJDATA/PTCT1.DAT[777]",
        "$RCT2:OBJDATA/PTCT1.DAT[839..842]",
        "$RCT2:OBJDATA/PTCT1.DAT[835..838]",
        "$RCT2:OBJDATA/PTCT1.DAT[831..834]",
        "$RCT2:OBJDATA/PTCT1.DAT[827..830]",
        "$RCT2:OBJDATA/PTCT1.DAT[891]",
        "$RCT2:OBJDATA/PTCT1.DAT[899]",
        "$RCT2:OBJDATA/PTCT1.DAT[875]",
        "$RCT2:OBJDATA/PTCT1.DAT[883]",
        "$RCT2:OBJDATA/PTCT1.DAT[859]",
        "$RCT2:OBJDATA/PTCT1.DAT[867]",
        "$RCT2:OBJDATA/PTCT1.DAT[843]",
        "$RCT2:OBJDATA/PTCT1.DAT[851]",
        "$RCT2:OBJDATA/PTCT1.DAT[913..914]",
        "$RCT2:OBJDATA/PTCT1.DAT[911..912]",
        "$RCT2:OBJDATA/PTCT1.DAT[909..910]",
        "$RCT2:OBJDATA/PTCT1.DAT[907..908]",
        "$RCT2:OBJDATA/PTCT1.DAT[963]",
        "$RCT2:OBJDATA/PTCT1.DAT[971]",
        "$RCT2:OBJDATA/PTCT1.DAT[947]",
        "$RCT2:OBJDATA/PTCT1.DAT[955]",
        "$RCT2:OBJDATA/PTCT1.DAT[931]",
        "$RCT2:OBJDATA/PTCT1.DAT[939]",
        "$RCT2:OBJDATA/PTCT1.DAT[915]",
        "$RCT2:OBJDATA/PTCT1.DAT[923]",
        "$RCT2:OBJDATA/PTCT1.DAT[985..986]",
        "$RCT2:OBJDATA/PTCT1.DAT[983..984]",
        "$RCT2:OBJDATA/PTCT1.DAT[981..982]",
        "$RCT2:OBJDATA/PTCT1.DAT[979..980]",
        "$RCT2:OBJDATA/PTCT1.DAT[993..994]",
        "$RCT2:OBJDATA/PTCT1.DAT[991..992]",
        "$RCT2:OBJDATA/PTCT1.DAT[989..990]",
        "$RCT2:OBJDATA/PTCT1.DAT[987..988]",
        "$RCT2:OBJDATA/PTCT1.DAT[1001..1002]",
        "$RCT2:OBJDATA/PTCT1.DAT[999..1000]",
        "$RCT2:OBJDATA/PTCT1.DAT[997..998]",
        "$RCT2:OBJDATA/PTCT1.DAT[995..996]",
        "$RCT2:OBJDATA/PTCT1.DAT[1009..1010]",
        "$RCT2:OBJDATA/PTCT1.DAT[1007..1008]",
        "$RCT2:OBJDATA/PTCT1.DAT[1005..1006]",
        "$RCT2:OBJDATA/PTCT1.DAT[1003..1004]",
        "$RCT2:OBJDATA/PTCT1.DAT[1017..1018]",
        "$RCT2:OBJDATA/PTCT1.DAT[1015..1016]",
        "$RCT2:OBJDATA/PTCT1.DAT[1013..1014]",
        "$RCT2:OBJDATA/PTCT1.DAT[1011..1012]",
        "$RCT2:OBJDATA/PTCT1.DAT[1021..1022]",
        "$RCT2:OBJDATA/PTCT1.DAT[1019..1020]",
        "$RCT2:OBJDATA/PTCT1.DAT[1029..1030]",
        "$RCT2:OBJDATA/PTCT1.DAT[1027..1028]",
        "$RCT2:OBJDATA/PTCT1.DAT[1025..1026]",
        "$RCT2:OBJDATA/PTCT1.DAT[1023..1024]",
        "$RCT2:OBJDATA/PTCT1.DAT[1037..1038]",
        "$RCT2:OBJDATA/PTCT1.DAT[1035..1036]",
        "$RCT2:OBJDATA/PTCT1.DAT[1033..1034]",
        "$RCT2:OBJDATA/PTCT1.DAT[1031..1032]",
        "$RCT2:OBJDATA/PTCT1.DAT[1045..1046]",
        "$RCT2:OBJDATA/PTCT1.DAT[1043..1044]",
        "$RCT2:OBJDATA/PTCT1.DAT[1041..1042]",
        "$RCT2:OBJDATA/PTCT1.DAT[1039..1040]",
        "$RCT2:OBJDATA/PTCT1.DAT[1059..1062]",
        "$RCT2:OBJDATA/PTCT1.DAT[1055..1058]",
        "$RCT2:OBJDATA/PTCT1.DAT[1051..1054]",
        "$RCT2:OBJDATA/PTCT1.DAT[1047..1050]",
        "$RCT2:OBJDATA/PTCT1.DAT[1111]",
        "$RCT2:OBJDATA/PTCT1.DAT[1113]",
        "$RCT2:OBJDATA/PTCT1.DAT[1115]",
        "$RCT2:OBJDATA/PTCT1.DAT[1117]",
        "$RCT2:OBJDATA/PTCT1.DAT[1119]",
        "$RCT2:OBJDATA/PTCT1.DAT[1121]",
        "$RCT2:OBJDATA/PTCT1.DAT[1123]",
        "$RCT2:OBJDATA/PTCT1.DAT[1125]",
        "$RCT2:OBJDATA/PTCT1.DAT[1095]",
        "$RCT2:OBJDATA/PTCT1.DAT[1097]",
        "$RCT2:OBJDATA/PTCT1.DAT[1099]",
        "$RCT2:OBJDATA/PTCT1.DAT[1101]",
        "$RCT2:OBJDATA/PTCT1.DAT[1103]",
        "$RCT2:OBJDATA/PTCT1.DAT[1105]",
        "$RCT2:OBJDATA/PTCT1.DAT[1107]",
        "$RCT2:OBJDATA/PTCT1.DAT[1109]",
        "$RCT2:OBJDATA/PTCT1.DAT[1079]",
        "$RCT2:OBJDATA/PTCT1.DAT[1081]",
        "$RCT2:OBJDATA/PTCT1.DAT[1083]",
        "$RCT2:OBJDATA/PTCT1.DAT[1085]",
        "$RCT2:OBJDATA/PTCT1.DAT[1087]",
        "$RCT2:OBJDATA/PTCT1.DAT[1089]",
        "$RCT2:OBJDATA/PTCT1.DAT[1091]",
        "$RCT2:OBJDATA/PTCT1.DAT[1093]",
        "$RCT2:OBJDATA/PTCT1.DAT[1063]",
        "$RCT2:OBJDATA/PTCT1.DAT[1065]",
        "$RCT2:OBJDATA/PTCT1.DAT[1067]",
        "$RCT2:OBJDATA/PTCT1.DAT[1069]",
        "$RCT2:OBJDATA/PTCT1.DAT[1071]",
        "$RCT2:OBJDATA/PTCT1.DAT[1073]",
        "$RCT2:OBJDATA/PTCT1.DAT[1075]",
        "$RCT2:OBJDATA/PTCT1.DAT[1077]",
        "$RCT2:OBJDATA/PTCT1.DAT[1239]",
        "$RCT2:OBJDATA/PTCT1.DAT[1247]",
        "$RCT2:OBJDATA/PTCT1.DAT[1223]",
        "$RCT2:OBJDATA/PTCT1.DAT[1231]",
        "$RCT2:OBJDATA/PTCT1.DAT[1207]",
        "$RCT2:OBJDATA/PTCT1.DAT[1215]",
        "$RCT2:OBJDATA/PTCT1.DAT[1191]",
        "$RCT2:OBJDATA/PTCT1.DAT[1199]",
        "$RCT2:OBJDATA/PTCT1.DAT[1175]",
        "$RCT2:OBJDATA/PTCT1.DAT[1183]",
        "$RCT2:OBJDATA/PTCT1.DAT[1159]",
        "$RCT2:OBJDATA/PTCT1.DAT[1167]",
        "$RCT2:OBJDATA/PTCT1.DAT[1143]",
        "$RCT2:OBJDATA/PTCT1.DAT[1151]",
        "$RCT2:OBJDATA/PTCT1.DAT[1127]",
        "$RCT2:OBJDATA/PTCT1.DAT[1135]",
        "$RCT2:OBJDATA/PTCT1.DAT[1269..1270]",
        "$RCT2:OBJDATA/PTCT1.DAT[1267..1268]",
        "$RCT2:OBJDATA/PTCT1.DAT[1265..1266]",
        "$RCT2:OBJDATA/PTCT1.DAT[1263..1264]",
        "$RCT2:OBJDATA/PTCT1.DAT[1261..1262]",
        "$RCT2:OBJDATA/PTCT1.DAT[1259..1260]",
        "$RCT2:OBJDATA/PTCT1.DAT[1257..1258]",
        "$RCT2:OBJDATA/PTCT1.DAT[1255..1256]",
        "$RCT2:OBJDATA/PTCT1.DAT[1433..1434]",
        "$RCT2:OBJDATA/PTCT1.DAT[1431..1432]",
        "$RCT2:OBJDATA/PTCT1.DAT[1437..1438]",
        "$RCT2:OBJDATA/PTCT1.DAT[1435..1436]",
        "$RCT2:OBJDATA/PTCT1.DAT[1441..1442]",
        "$RCT2:OBJDATA/PTCT1.DAT[1439..1440]",
        "$RCT2:OBJDATA/PTCT1.DAT[1459]",
        "$RCT2:OBJDATA/PTCT1.DAT[1461]",
        "$RCT2:OBJDATA/PTCT1.DAT[1463]",
        "$RCT2:OBJDATA/PTCT1.DAT[1465]",
        "$RCT2:OBJDATA/PTCT1.DAT[1467]",
        "$RCT2:OBJDATA/PTCT1.DAT[1469]",
        "$RCT2:OBJDATA/PTCT1.DAT[1471]",
        "$RCT2:OBJDATA/PTCT1.DAT[1473]",
        "$RCT2:OBJDATA/PTCT1.DAT[1443]",
        "$RCT2:OBJDATA/PTCT1.DAT[1445]",
        "$RCT2:OBJDATA/PTCT1.DAT[1447]",
        "$RCT2:OBJDATA/PTCT1.DAT[1449]",
        "$RCT2:OBJDATA/PTCT1.DAT[1451]",
        "$RCT2:OBJDATA/PTCT1.DAT[1453]",
        "$RCT2:OBJDATA/PTCT1.DAT[1455]",
        "$RCT2:OBJDATA/PTCT1.DAT[1457]",
        "$RCT2:OBJDATA/PTCT1.DAT[1481..1482]",
        "$RCT2:OBJDATA/PTCT1.DAT[1479..1480]",
        "$RCT2:OBJDATA/PTCT1.DAT[1477..1478]",
        "$RCT2:OBJDATA/PTCT1.DAT[1475..1476]",
        "$RCT2:OBJDATA/PTCT1.DAT[1531]",
        "$RCT2:OBJDATA/PTCT1.DAT[1533]",
        "$RCT2:OBJDATA/PTCT1.DAT[1535]",
        "$RCT2:OBJDATA/PTCT1.DAT[1537]",
        "$RCT2:OBJDATA/PTCT1.DAT[1539]",
        "$RCT2:OBJDATA/PTCT1.DAT[1541]",
        "$RCT2:OBJDATA/PTCT1.DAT[1543]",
        "$RCT2:OBJDATA/PTCT1.DAT[1545]",
        "$RCT2:OBJDATA/PTCT1.DAT[1515]",
        "$RCT2:OBJDATA/PTCT1.DAT[1517]",
        "$RCT2:OBJDATA/PTCT1.DAT[1519]",
        "$RCT2:OBJDATA/PTCT1.DAT[1521]",
        "$RCT2:OBJDATA/PTCT1.DAT[1523]",
        "$RCT2:OBJDATA/PTCT1.DAT[1525]",
        "$RCT2:OBJDATA/PTCT1.DAT[1527]",
        "$RCT2:OBJDATA/PTCT1.DAT[1529]",
        "$RCT2:OBJDATA/PTCT1.DAT[1499]",
        "$RCT2:OBJDATA/PTCT1.DAT[1501]",
        "$RCT2:OBJDATA/PTCT1.DAT[1503]",
        "$RCT2:OBJDATA/PTCT1.DAT[1505]",
        "$RCT2:OBJDATA/PTCT1.DAT[1507]",
        "$RCT2:OBJDATA/PTCT1.DAT[1509]",
        "$RCT2:OBJDATA/PTCT1.DAT[1511]",
        "$RCT2:OBJDATA/PTCT1.DAT[1513]",
        "$RCT2:OBJDATA/PTCT1.DAT[1483]",
        "$RCT2:OBJDATA/PTCT1.DAT[1485]",
        "$RCT2:OBJDATA/PTCT1.DAT[1487]",
        "$RCT2:OBJDATA/PTCT1.DAT[1489]",
        "$RCT2:OBJDATA/PTCT1.DAT[1491]",
        "$RCT2:OBJDATA/PTCT1.DAT[1493]",
        "$RCT2:OBJDATA/PTCT1.DAT[1495]",
        "$RCT2:OBJDATA/PTCT1.DAT[1497]",
        "$RCT2:OBJDATA/PTCT1.DAT[1559..1562]",
        "$RCT2:OBJDATA/PTCT1.DAT[1555..1558]",
        "$RCT2:OBJDATA/PTCT1.DAT[1551..1554]",
        "$RCT2:OBJDATA/PTCT1.DAT[1547..1550]",
        "$RCT2:OBJDATA/PTCT1.DAT[1611]",
        "$RCT2:OBJDATA/PTCT1.DAT[1619]",
        "$RCT2:OBJDATA/PTCT1.DAT[1595]",
        "$RCT2:OBJDATA/PTCT1.DAT[1603]",
        "$RCT2:OBJDATA/PTCT1.DAT[1579]",
        "$RCT2:OBJDATA/PTCT1.DAT[1587]",
        "$RCT2:OBJDATA/PTCT1.DAT[1563]",
        "$RCT2:OBJDATA/PTCT1.DAT[1571]",
        "$RCT2:OBJDATA/PTCT1.DAT[1633..1634]",
        "$RCT2:OBJDATA/PTCT1.DAT[1631..1632]",
        "$RCT2:OBJDATA/PTCT1.DAT[1629..1630]",
        "$RCT2:OBJDATA/PTCT1.DAT[1627..1628]",
        "$RCT2:OBJDATA/PTCT1.DAT[1683]",
        "$RCT2:OBJDATA/PTCT1.DAT[1691]",
        "$RCT2:OBJDATA/PTCT1.DAT[1667]",
        "$RCT2:OBJDATA/PTCT1.DAT[1675]",
        "$RCT2:OBJDATA/PTCT1.DAT[1651]",
        "$RCT2:OBJDATA/PTCT1.DAT[1659]",
        "$RCT2:OBJDATA/PTCT1.DAT[1635]",
        "$RCT2:OBJDATA/PTCT1.DAT[1643]",
        "$RCT2:OBJDATA/PTCT1.DAT[1705..1706]",
        "$RCT2:OBJDATA/PTCT1.DAT[1703..1704]",
        "$RCT2:OBJDATA/PTCT1.DAT[1701..1702]",
        "$RCT2:OBJDATA/PTCT1.DAT[1699..1700]",
        "$RCT2:OBJDATA/PTCT1.DAT[1713..1714]",
        "$RCT2:OBJDATA/PTCT1.DAT[1711..1712]",
        "$RCT2:OBJDATA/PTCT1.DAT[1709..1710]",
        "$RCT2:OBJDATA/PTCT1.DAT[1707..1708]",
        "$RCT2:OBJDATA/PTCT1.DAT[1721..1722]",
        "$RCT2:OBJDATA/PTCT1.DAT[1719..1720]",
        "$RCT2:OBJDATA/PTCT1.DAT[1717..1718]",
        "$RCT2:OBJDATA/PTCT1.DAT[1715..1716]",
        "$RCT2:OBJDATA/PTCT1.DAT[1729..1730]",
        "$RCT2:OBJDATA/PTCT1.DAT[1727..1728]",
        "$RCT2:OBJDATA/PTCT1.DAT[1725..1726]",
        "$RCT2:OBJDATA/PTCT1.DAT[1723..1724]",
        "$RCT2:OBJDATA/PTCT1.DAT[1737..1738]",
        "$RCT2:OBJDATA/PTCT1.DAT[1735..1736]",
        "$RCT2:OBJDATA/PTCT1.DAT[1733..1734]",
        "$RCT2:OBJDATA/PTCT1.DAT[1731..1732]",
        "$RCT2:OBJDATA/PTCT1.DAT[1741..1742]",
        "$RCT2:OBJDATA/PTCT1.DAT[1739..1740]",
        "$RCT2:OBJDATA/PTCT1.DAT[1749..1750]",
        "$RCT2:OBJDATA/PTCT1.DAT[1747..1748]",
        "$RCT2:OBJDATA/PTCT1.DAT[1745..1746]",
        "$RCT2:OBJDATA/PTCT1.DAT[1743..1744]",
        "$RCT2:OBJDATA/PTCT1.DAT[1757..1758]",
        "$RCT2:OBJDATA/PTCT1.DAT[1755..1756]",
        "$RCT2:OBJDATA/PTCT1.DAT[1753..1754]",
        "$RCT2:OBJDATA/PTCT1.DAT[1751..1752]",
        "$RCT2:OBJDATA/PTCT1.DAT[1765..1766]",
        "$RCT2:OBJDATA/PTCT1.DAT[1763..1764]",
        "$RCT2:OBJDATA/PTCT1.DAT[1761..1762]",
        "$RCT2:OBJDATA/PTCT1.DAT[1759..1760]",
        "$RCT2:OBJDATA/PTCT1.DAT[1779..1782]",
        "$RCT2:OBJDATA/PTCT1.DAT[1775..1778]",
        "$RCT2:OBJDATA/PTCT1.DAT[1771..1774]",
        "$RCT2:OBJDATA/PTCT1.DAT[1767..1770]",
        "$RCT2:OBJDATA/PTCT1.DAT[1831]",
        "$RCT2:OBJDATA/PTCT1.DAT[1833]",
        "$RCT2:OBJDATA/PTCT1.DAT[1835]",
        "$RCT2:OBJDATA/PTCT1.DAT[1837]",
        "$RCT2:OBJDATA/PTCT1.DAT[1839]",
        "$RCT2:OBJDATA/PTCT1.DAT[1841]",
        "$RCT2:OBJDATA/PTCT1.DAT[1843]",
        "$RCT2:OBJDATA/PTCT1.DAT[1845]",
        "$RCT2:OBJDATA/PTCT1.DAT[1815]",
        "$RCT2:OBJDATA/PTCT1.DAT[1817]",
        "$RCT2:OBJDATA/PTCT1.DAT[1819]",
        "$RCT2:OBJDATA/PTCT1.DAT[1821]",
        "$RCT2:OBJDATA/PTCT1.DAT[1823]",
        "$RCT2:OBJDATA/PTCT1.DAT[1825]",
        "$RCT2:OBJDATA/PTCT1.DAT[1827]",
        "$RCT2:OBJDATA/PTCT1.DAT[1829]",
        "$RCT2:OBJDATA/PTCT1.DAT[1799]",
        "$RCT2:OBJDATA/PTCT1.DAT[1801]",
        "$RCT2:OBJDATA/PTCT1.DAT[1803]",
        "$RCT2:OBJDATA/PTCT1.DAT[1805]",
        "$RCT2:OBJDATA/PTCT1.DAT[1807]",
        "$RCT2:OBJDATA/PTCT1.DAT[1809]",
        "$RCT2:OBJDATA/PTCT1.DAT[1811]",
        "$RCT2:OBJDATA/PTCT1.DAT[1813]",
        "$RCT2:OBJDATA/PTCT1.DAT[1783]",
        "$RCT2:OBJDATA/PTCT1.DAT[1785]",
        "$RCT2:OBJDATA/PTCT1.DAT[1787]",
        "$RCT2:OBJDATA/PTCT1.DAT[1789]",
        "$RCT2:OBJDATA/PTCT1.DAT[1791]",
        "$RCT2:OBJDATA/PTCT1.DAT[1793]",
        "$RCT2:OBJDATA/PTCT1.DAT[1795]",
        "$RCT2:OBJDATA/PTCT1.DAT[1797]",
        "$RCT2:OBJDATA/PTCT1.DAT[1959]",
        "$RCT2:OBJDATA/PTCT1.DAT[1967]",
        "$RCT2:OBJDATA/PTCT1.DAT[1943]",
        "$RCT2:OBJDATA/PTCT1.DAT[1951]",
        "$RCT2:OBJDATA/PTCT1.DAT[1927]",
        "$RCT2:OBJDATA/PTCT1.DAT[1935]",
        "$RCT2:OBJDATA/PTCT1.DAT[1911]",
        "$RCT2:OBJDATA/PTCT1.DAT[1919]",
        "$RCT2:OBJDATA/PTCT1.DAT[1895]",
        "$RCT2:OBJDATA/PTCT1.DAT[1903]",
        "$RCT2:OBJDATA/PTCT1.DAT[1879]",
        "$RCT2:OBJDATA/PTCT1.DAT[1887]",
        "$RCT2:OBJDATA/PTCT1.DAT[1863]",
        "$RCT2:OBJDATA/PTCT1.DAT[1871]",
        "$RCT2:OBJDATA/PTCT1.DAT[1847]",
        "$RCT2:OBJDATA/PTCT1.DAT[1855]",
        "$RCT2:OBJDATA/PTCT1.DAT[1989..1990]",
        "$RCT2:OBJDATA/PTCT1.DAT[1987..1988]",
        "$RCT2:OBJDATA/PTCT1.DAT[1985..1986]",
        "$RCT2:OBJDATA/PTCT1.DAT[1983..1984]",
        "$RCT2:OBJDATA/PTCT1.DAT[1981..1982]",
        "$RCT2:OBJDATA/PTCT1.DAT[1979..1980]",
        "$RCT2:OBJDATA/PTCT1.DAT[1977..1978]",
        "$RCT2:OBJDATA/PTCT1.DAT[1975..1976]",
        "$RCT2:OBJDATA/PTCT1.DAT[2153..2154]",
        "$RCT2:OBJDATA/PTCT1.DAT[2151..2152]",
        "$RCT2:OBJDATA/PTCT1.DAT[2157..2158]",
        "$RCT2:OBJDATA/PTCT1.DAT[2155..2156]",
        "$RCT2:OBJDATA/PTCT1.DAT[2161..2162]",
        "$RCT2:OBJDATA/PTCT1.DAT[2159..2160]"
    ],
    "strings": {
        "name": {
            "en-GB": "Wooden Roller Coaster Trains (Reversed)",
            "nl-NL:": "Trein voor houten achtbaan (achteruit)"
        },
        "description": {
            "en-GB": "Wooden roller coaster trains, but running in reverse, so that the passengers face backwards.",
            "nl-NL": "Houten achtbaantreinen die achterstevoren staan, zodat de passagiers achteruit rijden."
        },
        "capacity": {
            "en-GB": "4 passengers per car",
            "fr-FR": "4 passagers par voiture",
            "de-DE": "4 Fahrgäste pro Wagen",
            "es-ES": "4 pasajeros por vagón",
            "it-IT": "4 passeggeri a carrozza",
            "nl-NL": "4 passagiers per karretje",
            "sv-SE": "4 passagerare per vagn",
            "ko-KR": "차량당 4명의 승객",
            "zh-CN": "4 位乘客/每个车厢",
            "zh-TW": "4 位乘客/每個車廂",
            "pt-BR": "4 passageiros por carro",
            "cs-CZ": "4 místa v každém voze",
            "ja-JP": "各車両4名",
            "pl-PL": "4 pasażerów na wagonik",
            "ru-RU": "4 пассажира",
            "eo-ZZ": "Po 4 pasaĝeroj por ĉaro"
        }
    }
}
