{
    "id": "rct2.footpath_surface.queue_yellow",
    "authors": [
        "Chris Sawyer",
        "Simon Foster"
    ],
    "version": "1.0",
    "sourceGame": "rct2",
    "objectType": "footpath_surface",
    "properties": {
        "isQueue": true,
        "noSlopeRailings": true
    },
    "images": [
        { "path": "preview.png" },
        "$RCT2:OBJDATA/PATHASH.DAT[51..70]"
    ],
    "strings": {
        "name": {
            "en-GB": "Yellow Queue (Stairs)",
            "de-DE": "Gelbe Warteschlange (Treppe)",
            "nl-NL": "Gele wachtrij (met trappen)",
            "eo-ZZ": "Flava Atendovico (Ŝtuparo)",
            "ca-ES": "Cua groga (amb escales)"
        }
    }
}
