{
    "id": "rct1.ride.mine_cars",
    "authors": [
        "Chris Sawyer",
        "Simon Foster"
    ],
    "version": "1.0",
    "originalId": "00000000|#RCT1WMN|00000000",
    "sourceGame": "rct1",
    "isCompatibilityObject": true,
    "objectType": "ride",
    "properties": {
        "type": "wooden_wild_mouse",
        "category": "rollercoaster",
        "minCarsPerTrain": 3,
        "maxCarsPerTrain": 4,
        "numEmptyCars": 2,
        "tabCar": 1,
        "headCars": 1,
        "tailCars": 1,
        "ratingMultipler": {
            "intensity": 3
        },
        "carColours": [
            [
                [
                    "saturated_brown",
                    "black",
                    "black"
                ]
            ],
            [
                [
                    "bordeaux_red",
                    "black",
                    "black"
                ]
            ],
            [
                [
                    "black",
                    "black",
                    "black"
                ]
            ]
        ],
        "cars": [
            {
                "rotationFrameMask": 15,
                "spacing": 183036,
                "mass": 300,
                "numSeats": 2,
                "numSeatRows": 1,
                "frictionSoundId": 1,
                "soundRange": 0,
                "drawOrder": 6,
                "spriteGroups": {
                    "slopeFlat": 16,
                    "slopes12": 4,
                    "slopes25": 4,
                    "slopes42": 4,
                    "slopes60": 4
                },
                "hasSwinging": true,
                "hasScreamingRiders": true,
                "useWoodenWildMouseSwing": true,
                "loadingPositions": [
                    4,
                    -4
                ]
            },
            {
                "rotationFrameMask": 0,
                "spacing": 34864,
                "frictionSoundId": 1,
                "soundRange": 0,
                "carVisual": 1,
                "drawOrder": 8,
                "spriteGroups": {
                    "slopeFlat": 1
                },
                "hasScreamingRiders": true
            }
        ],
        "buildMenuPriority": 1
    },
    "images": [
        {
            "path": "images/preview.png",
            "format": "raw"
        },
        "",
        "",
        "$CSG[30533..30580]",
        "$CSG[30581]",
        "$CSG[30581]",
        "$CSG[30581]",
        "$CSG[30589]",
        "$CSG[30589]",
        "$CSG[30589]",
        "$CSG[30597]",
        "$CSG[30597]",
        "$CSG[30597]",
        "$CSG[30605]",
        "$CSG[30605]",
        "$CSG[30605]",
        "$CSG[30585]",
        "$CSG[30585]",
        "$CSG[30585]",
        "$CSG[30593]",
        "$CSG[30593]",
        "$CSG[30593]",
        "$CSG[30601]",
        "$CSG[30601]",
        "$CSG[30601]",
        "$CSG[30609]",
        "$CSG[30609]",
        "$CSG[30609]",
        "$CSG[30582]",
        "$CSG[30582]",
        "$CSG[30582]",
        "$CSG[30590]",
        "$CSG[30590]",
        "$CSG[30590]",
        "$CSG[30598]",
        "$CSG[30598]",
        "$CSG[30598]",
        "$CSG[30606]",
        "$CSG[30606]",
        "$CSG[30606]",
        "$CSG[30586]",
        "$CSG[30586]",
        "$CSG[30586]",
        "$CSG[30594]",
        "$CSG[30594]",
        "$CSG[30594]",
        "$CSG[30602]",
        "$CSG[30602]",
        "$CSG[30602]",
        "$CSG[30610]",
        "$CSG[30610]",
        "$CSG[30610]",
        "$CSG[30583]",
        "$CSG[30583]",
        "$CSG[30583]",
        "$CSG[30591]",
        "$CSG[30591]",
        "$CSG[30591]",
        "$CSG[30599]",
        "$CSG[30599]",
        "$CSG[30599]",
        "$CSG[30607]",
        "$CSG[30607]",
        "$CSG[30607]",
        "$CSG[30587]",
        "$CSG[30587]",
        "$CSG[30587]",
        "$CSG[30595]",
        "$CSG[30595]",
        "$CSG[30595]",
        "$CSG[30603]",
        "$CSG[30603]",
        "$CSG[30603]",
        "$CSG[30611]",
        "$CSG[30611]",
        "$CSG[30611]",
        "$CSG[30584]",
        "$CSG[30584]",
        "$CSG[30584]",
        "$CSG[30592]",
        "$CSG[30592]",
        "$CSG[30592]",
        "$CSG[30600]",
        "$CSG[30600]",
        "$CSG[30600]",
        "$CSG[30608]",
        "$CSG[30608]",
        "$CSG[30608]",
        "$CSG[30588]",
        "$CSG[30588]",
        "$CSG[30588]",
        "$CSG[30596]",
        "$CSG[30596]",
        "$CSG[30596]",
        "$CSG[30604]",
        "$CSG[30604]",
        "$CSG[30604]",
        "$CSG[30612]",
        "$CSG[30612]",
        "$CSG[30612]",
        "$CSG[30613..30660]",
        "$CSG[30661]",
        "$CSG[30661]",
        "$CSG[30661]",
        "$CSG[30669]",
        "$CSG[30669]",
        "$CSG[30669]",
        "$CSG[30677]",
        "$CSG[30677]",
        "$CSG[30677]",
        "$CSG[30685]",
        "$CSG[30685]",
        "$CSG[30685]",
        "$CSG[30665]",
        "$CSG[30665]",
        "$CSG[30665]",
        "$CSG[30673]",
        "$CSG[30673]",
        "$CSG[30673]",
        "$CSG[30681]",
        "$CSG[30681]",
        "$CSG[30681]",
        "$CSG[30689]",
        "$CSG[30689]",
        "$CSG[30689]",
        "$CSG[30662]",
        "$CSG[30662]",
        "$CSG[30662]",
        "$CSG[30670]",
        "$CSG[30670]",
        "$CSG[30670]",
        "$CSG[30678]",
        "$CSG[30678]",
        "$CSG[30678]",
        "$CSG[30686]",
        "$CSG[30686]",
        "$CSG[30686]",
        "$CSG[30666]",
        "$CSG[30666]",
        "$CSG[30666]",
        "$CSG[30674]",
        "$CSG[30674]",
        "$CSG[30674]",
        "$CSG[30682]",
        "$CSG[30682]",
        "$CSG[30682]",
        "$CSG[30690]",
        "$CSG[30690]",
        "$CSG[30690]",
        "$CSG[30663]",
        "$CSG[30663]",
        "$CSG[30663]",
        "$CSG[30671]",
        "$CSG[30671]",
        "$CSG[30671]",
        "$CSG[30679]",
        "$CSG[30679]",
        "$CSG[30679]",
        "$CSG[30687]",
        "$CSG[30687]",
        "$CSG[30687]",
        "$CSG[30667]",
        "$CSG[30667]",
        "$CSG[30667]",
        "$CSG[30675]",
        "$CSG[30675]",
        "$CSG[30675]",
        "$CSG[30683]",
        "$CSG[30683]",
        "$CSG[30683]",
        "$CSG[30691]",
        "$CSG[30691]",
        "$CSG[30691]",
        "$CSG[30664]",
        "$CSG[30664]",
        "$CSG[30664]",
        "$CSG[30672]",
        "$CSG[30672]",
        "$CSG[30672]",
        "$CSG[30680]",
        "$CSG[30680]",
        "$CSG[30680]",
        "$CSG[30688]",
        "$CSG[30688]",
        "$CSG[30688]",
        "$CSG[30668]",
        "$CSG[30668]",
        "$CSG[30668]",
        "$CSG[30676]",
        "$CSG[30676]",
        "$CSG[30676]",
        "$CSG[30684]",
        "$CSG[30684]",
        "$CSG[30684]",
        "$CSG[30692]",
        "$CSG[30692]",
        "$CSG[30692]",
        ""
    ],
    "strings": {
        "name": {
            "en-GB": "Mine Cars",
            "fr-FR": "Mine de bois",
            "de-DE": "Minenwagen",
            "es-ES": "Mina Loca de Madera",
            "it-IT": "Corsa folle in miniera",
            "nl-NL": "Mijnkarretjes",
            "sv-SE": "Gruvvagnar",
            "ko-KR": "우든 와일드 광산 차량",
            "zh-CN": "木制狂放矿坑列车",
            "zh-TW": "木製狂放礦坑列車",
            "pt-BR": "Carros de Mina",
            "cs-CZ": "Divoká důlní jízda",
            "ja-JP": "木造ワイルドマイン",
            "pl-PL": "Zwariowana kopalnia",
            "ru-RU": "Деревянная Шахта",
            "eo-ZZ": "Minĉaroj"
        },
        "description": {
            "en-GB": "Cars shaped like an old mine cart",
            "fr-FR": "De tous petits wagons de mine dévalent une voie en zigzag composée de virages en épingle à cheveux et de chutes vicieuses",
            "de-DE": "Wagen, die wie alte Minenloren geformt sind",
            "es-ES": "Mini camiones que corren sobre una pista de madera",
            "it-IT": "Carrelli da miniera sfrecciano lungo un percorso di legno a zig-zag, inclinandosi precariamente nelle curve a U e nelle spericolate discese",
            "nl-NL": "Kleine mijnkarretjes.",
            "sv-SE": "Vagnar utformade som gammeldags gruvvagnar",
            "ko-KR": "지그재그 모양의 나무 트랙을 달리면서 급격한 커브와 낙하를 통과하면 트랙을 벗어날 듯 위태롭게 기울어지는 작은 광산 트럭.",
            "zh-CN": "极小的矿坑列车在急转弯的木架轨道上运行,使它不安全的倾斜并U型回转及瞬间坠下的恐怖感",
            "zh-TW": "極小的礦坑列車在急轉彎的木架軌道上運行,使它不安全的傾斜並U型回轉及瞬間墜下的恐怖感",
            "pt-BR": "Carros moldados como um carro antigo de mina",
            "cs-CZ": "Horská dráha s vozy, které připomínají klasické důlní vozy",
            "ja-JP": "小さなトロッコが木製のコースをジグザグに走り、危なっかしくヘアピンを曲がったり急降下したりするスリリングな乗物です",
            "pl-PL": "Małe wózki kopalniane jadące po zygzakowatym drewnianym torze, przechylające się na ostrych zakrętach i zdradliwych zjazdach",
            "ru-RU": "Маленькие вагонетки едут по зигзагообразному деревянному треку.",
            "eo-ZZ": "Ĉaroj formitaj kiel malnova minĉaro"
        },
        "capacity": {
            "en-GB": "2 passengers per car",
            "fr-FR": "2 passagers par voiture",
            "de-DE": "2 Fahrgäste pro Wagen",
            "es-ES": "2 pasajeros por camión",
            "it-IT": "2 passeggeri a carrozza",
            "nl-NL": "2 passagiers per karretje",
            "sv-SE": "2 passagerare per vagn",
            "ko-KR": "차량당 2명의 승객",
            "zh-CN": "2 位乘客/每个车厢",
            "zh-TW": "2 位乘客/每個車廂",
            "pt-BR": "2 passageiros por carro",
            "cs-CZ": "2 místa v každém vozu",
            "ja-JP": "各車両2名",
            "pl-PL": "2 pasażerów na wagonik",
            "ru-RU": "2 пассажира",
            "eo-ZZ": "Po 2 pasaĝeroj por ĉaro"
        }
    },
    "noCsgImages": [
        {
            "path": "images/preview.png",
            "format": "raw"
        },
        "",
        "",
        "$RCT2:OBJDATA/WMMINE.DAT[3..5]",
        "$RCT2:OBJDATA/WMMINE.DAT[9..11]",
        "$RCT2:OBJDATA/WMMINE.DAT[15..17]",
        "$RCT2:OBJDATA/WMMINE.DAT[21..23]",
        "$RCT2:OBJDATA/WMMINE.DAT[27..29]",
        "$RCT2:OBJDATA/WMMINE.DAT[33..35]",
        "$RCT2:OBJDATA/WMMINE.DAT[39..41]",
        "$RCT2:OBJDATA/WMMINE.DAT[45..47]",
        "$RCT2:OBJDATA/WMMINE.DAT[51..53]",
        "$RCT2:OBJDATA/WMMINE.DAT[57..59]",
        "$RCT2:OBJDATA/WMMINE.DAT[63..65]",
        "$RCT2:OBJDATA/WMMINE.DAT[69..71]",
        "$RCT2:OBJDATA/WMMINE.DAT[75..77]",
        "$RCT2:OBJDATA/WMMINE.DAT[81..83]",
        "$RCT2:OBJDATA/WMMINE.DAT[87..89]",
        "$RCT2:OBJDATA/WMMINE.DAT[93..95]",
        "$RCT2:OBJDATA/WMMINE.DAT[99..125]",
        "$RCT2:OBJDATA/WMMINE.DAT[147..149]",
        "$RCT2:OBJDATA/WMMINE.DAT[171..173]",
        "$RCT2:OBJDATA/WMMINE.DAT[195..197]",
        "$RCT2:OBJDATA/WMMINE.DAT[219..221]",
        "$RCT2:OBJDATA/WMMINE.DAT[243..245]",
        "$RCT2:OBJDATA/WMMINE.DAT[267..269]",
        "$RCT2:OBJDATA/WMMINE.DAT[291..293]",
        "$RCT2:OBJDATA/WMMINE.DAT[315..317]",
        "$RCT2:OBJDATA/WMMINE.DAT[321..323]",
        "$RCT2:OBJDATA/WMMINE.DAT[327..329]",
        "$RCT2:OBJDATA/WMMINE.DAT[333..335]",
        "$RCT2:OBJDATA/WMMINE.DAT[339..341]",
        "$RCT2:OBJDATA/WMMINE.DAT[345..347]",
        "$RCT2:OBJDATA/WMMINE.DAT[351..353]",
        "$RCT2:OBJDATA/WMMINE.DAT[357..359]",
        "$RCT2:OBJDATA/WMMINE.DAT[363..365]",
        "$RCT2:OBJDATA/WMMINE.DAT[387..389]",
        "$RCT2:OBJDATA/WMMINE.DAT[411..413]",
        "$RCT2:OBJDATA/WMMINE.DAT[435..437]",
        "$RCT2:OBJDATA/WMMINE.DAT[459..461]",
        "$RCT2:OBJDATA/WMMINE.DAT[483..485]",
        "$RCT2:OBJDATA/WMMINE.DAT[507..509]",
        "$RCT2:OBJDATA/WMMINE.DAT[531..533]",
        "$RCT2:OBJDATA/WMMINE.DAT[555..557]",
        "$RCT2:OBJDATA/WMMINE.DAT[561..563]",
        "$RCT2:OBJDATA/WMMINE.DAT[567..569]",
        "$RCT2:OBJDATA/WMMINE.DAT[573..575]",
        "$RCT2:OBJDATA/WMMINE.DAT[579..581]",
        "$RCT2:OBJDATA/WMMINE.DAT[585..587]",
        "$RCT2:OBJDATA/WMMINE.DAT[591..593]",
        "$RCT2:OBJDATA/WMMINE.DAT[597..599]",
        "$RCT2:OBJDATA/WMMINE.DAT[603..605]",
        "$RCT2:OBJDATA/WMMINE.DAT[609..611]",
        "$RCT2:OBJDATA/WMMINE.DAT[615..617]",
        "$RCT2:OBJDATA/WMMINE.DAT[621..623]",
        "$RCT2:OBJDATA/WMMINE.DAT[627..629]",
        "$RCT2:OBJDATA/WMMINE.DAT[633..635]",
        "$RCT2:OBJDATA/WMMINE.DAT[639..641]",
        "$RCT2:OBJDATA/WMMINE.DAT[645..647]",
        "$RCT2:OBJDATA/WMMINE.DAT[651..677]",
        "$RCT2:OBJDATA/WMMINE.DAT[699..701]",
        "$RCT2:OBJDATA/WMMINE.DAT[723..725]",
        "$RCT2:OBJDATA/WMMINE.DAT[747..749]",
        "$RCT2:OBJDATA/WMMINE.DAT[771..773]",
        "$RCT2:OBJDATA/WMMINE.DAT[795..797]",
        "$RCT2:OBJDATA/WMMINE.DAT[819..821]",
        "$RCT2:OBJDATA/WMMINE.DAT[843..845]",
        "$RCT2:OBJDATA/WMMINE.DAT[867..869]",
        "$RCT2:OBJDATA/WMMINE.DAT[873..875]",
        "$RCT2:OBJDATA/WMMINE.DAT[879..881]",
        "$RCT2:OBJDATA/WMMINE.DAT[885..887]",
        "$RCT2:OBJDATA/WMMINE.DAT[891..893]",
        "$RCT2:OBJDATA/WMMINE.DAT[897..899]",
        "$RCT2:OBJDATA/WMMINE.DAT[903..905]",
        "$RCT2:OBJDATA/WMMINE.DAT[909..911]",
        "$RCT2:OBJDATA/WMMINE.DAT[915..917]",
        "$RCT2:OBJDATA/WMMINE.DAT[939..941]",
        "$RCT2:OBJDATA/WMMINE.DAT[963..965]",
        "$RCT2:OBJDATA/WMMINE.DAT[987..989]",
        "$RCT2:OBJDATA/WMMINE.DAT[1011..1013]",
        "$RCT2:OBJDATA/WMMINE.DAT[1035..1037]",
        "$RCT2:OBJDATA/WMMINE.DAT[1059..1061]",
        "$RCT2:OBJDATA/WMMINE.DAT[1083..1085]",
        ""
    ]
}
