{
    "id": "rct1ll.ride.face_off_cars",
    "authors": ["Chris Sawyer", "Simon Foster"],
    "version": "1.0",
    "originalId": "00000000|#RCT1FAC|00000000",
    "sourceGame": "rct1ll",
    "isCompatibilityObject": true,
    "objectType": "ride",
    "properties": {
        "type": "compact_inverted_rc",
        "category": "rollercoaster",
        "limitAirT imeBonus": true,
        "minCarsPerTrain": 2,
        "maxCarsPerTrain": 7,
        "ratingMultipler": {
            "excitement": 8,
            "intensity": 12,
            "nausea": 10
        },
        "carColours": [
            [
                ["bright_red", "white", "black"]
            ],
            [
                ["light_orange", "icy_blue", "black"]
            ],
            [
                ["bright_pink", "yellow", "ylack"]
            ]
        ],
        "cars": {
            "rotationFrameMask": 15,
            "spacing": 199680,
            "mass": 580,
            "tabOffset": -15,
            "numSeats": 4,
            "numSeatRows": 2,
            "frictionSoundId": 2,
            "soundRange": 2,
            "drawOrder": 1,
            "spriteGroups": {
                "slopeFlat":16,
                "slopes12":4,
                "slopes25":16,
                "slopes42":8,
                "slopes60":16,
                "slopes75":4,
                "slopes90":4,
                "slopesLoop":4,
                "slopeInverted":4,
                "slopes8":4,
                "slopes16":4,
                "slopes50":4,
                "flatBanked22":8,
                "flatBanked45":16,
                "flatBanked67":4,
                "flatBanked90":4,
                "inlineTwists":4,
                "slopes12Banked22":4,
                "slopes8Banked22":4,
                "corkscrews":4,
                "restraintAnimation": 4
            },
            "hasAdditionalColour1": true,
            "hasScreamingRiders": true,
            "loadingPositions": [1, 3, 1, 3]
        },
        "buildMenuPriority": 2
    },
    "images": [
        { "path": "images/preview.png", "format": "raw" },
        "",
        "",
        "$CSG[21282..21297]",
        
        "$CSG[21298]",
        "$CSG[21306]",
        "$CSG[21314]",
        "$CSG[21322]",

        "$CSG[21302]",
        "$CSG[21310]",
        "$CSG[21318]",
        "$CSG[21326]",

        "$CSG[21299]",
        "$CSG[21386..21388]",
        "$CSG[21307]",
        "$CSG[21389..21391]",
        "$CSG[21315]",
        "$CSG[21392..21394]",
        "$CSG[21323]",
        "$CSG[21395..21397]",

        "$CSG[21303]",
        "$CSG[21398..21400]",
        "$CSG[21311]",
        "$CSG[21401..21403]",
        "$CSG[21319]",
        "$CSG[21404..21406]",
        "$CSG[21327]",
        "$CSG[21407..21409]",
        
        "$CSG[21300]",
        "$CSG[21634]",
        "$CSG[21308]",
        "$CSG[21635]",
        "$CSG[21316]",
        "$CSG[21636]",
        "$CSG[21324]",
        "$CSG[21637]",
        "$CSG[21304]",
        "$CSG[21650]",
        "$CSG[21312]",
        "$CSG[21651]",
        "$CSG[21320]",
        "$CSG[21652]",
        "$CSG[21328]",
        "$CSG[21653]",
        "$CSG[21301]",
        "$CSG[21590..21592]",
        "$CSG[21309]",
        "$CSG[21593..21595]",
        "$CSG[21317]",
        "$CSG[21596..21598]",
        "$CSG[21325]",
        "$CSG[21599..21601]",
        "$CSG[21305]",
        "$CSG[21602..21604]",
        "$CSG[21313]",
        "$CSG[21605..21607]",
        "$CSG[21321]",
        "$CSG[21608..21610]",
        "$CSG[21329]",
        "$CSG[21611..21613]",
        
        "$CSG[21410..21413]",
        "$CSG[21442..21445]",
        "$CSG[21414..21417]",
        "$CSG[21446..21449]",
        "$CSG[21418..21421]",
        "$CSG[21450..21453]",
        "$CSG[21422..21425]",
        "$CSG[21454..21457]",
        "$CSG[21426..21429]",
        "$CSG[21458..21461]",
        "$CSG[21430..21433]",
        "$CSG[21462..21465]",
        "$CSG[21434..21437]",
        "$CSG[21466..21469]",
        "$CSG[21438..21441]",
        
        "$CSG[21626..21629]",
        "$CSG[21642..21645]",
        "$CSG[21630..21633]",
        "$CSG[21646..21649]",
        "$CSG[21638..21641]",
        "$CSG[21654..21657]",

        "$CSG[21362]",
        "$CSG[21658]",
        "$CSG[21363]",
        "$CSG[21659]",
        "$CSG[21364]",
        "$CSG[21660]",
        "$CSG[21365]",
        "$CSG[21661]",
        "$CSG[21366]",
        "$CSG[21662]",
        "$CSG[21367]",
        "$CSG[21663]",
        "$CSG[21368]",
        "$CSG[21664]",
        "$CSG[21369]",
        "$CSG[21665]",

        "$CSG[21330..21361]",

        "$CSG[21470..21473]",
        "$CSG[21490..21493]",
        "$CSG[21474..21477]",
        "$CSG[21494..21497]",
        "$CSG[21478..21481]",
        "$CSG[21498..21501]",
        "$CSG[21482..21485]",
        "$CSG[21502..21505]",
        "$CSG[21486..21489]",
        "$CSG[21506..21509]",
       
        "$CSG[21370..21385]",

        "$CSG[21666..21681]",

        "$CSG[21510..21589]",

        "$CSG[21614]",
        "$CSG[21617]",
        "$CSG[21620]",
        "$CSG[21623]",
        "$CSG[21615]",
        "$CSG[21618]",
        "$CSG[21621]",
        "$CSG[21624]",
        "$CSG[21616]",
        "$CSG[21619]",
        "$CSG[21622]",
        "$CSG[21625]",

        "$CSG[21682..21697]",
        
        "$CSG[21698]",
        "$CSG[21706]",
        "$CSG[21714]",
        "$CSG[21722]",

        "$CSG[21702]",
        "$CSG[21710]",
        "$CSG[21718]",
        "$CSG[21726]",

        "$CSG[21699]",
        "$CSG[21786..21788]",
        "$CSG[21707]",
        "$CSG[21789..21791]",
        "$CSG[21715]",
        "$CSG[21792..21794]",
        "$CSG[21723]",
        "$CSG[21795..21797]",

        "$CSG[21703]",
        "$CSG[21798..21800]",
        "$CSG[21711]",
        "$CSG[21801..21803]",
        "$CSG[21719]",
        "$CSG[21804..21806]",
        "$CSG[21727]",
        "$CSG[21807..21809]",
        
        "$CSG[21700]",
        "$CSG[22034]",
        "$CSG[21708]",
        "$CSG[22035]",
        "$CSG[21716]",
        "$CSG[22036]",
        "$CSG[21724]",
        "$CSG[22037]",
        "$CSG[21704]",
        "$CSG[22050]",
        "$CSG[21712]",
        "$CSG[22051]",
        "$CSG[21720]",
        "$CSG[22052]",
        "$CSG[21728]",
        "$CSG[22053]",
        "$CSG[21701]",
        "$CSG[21990..21992]",
        "$CSG[21709]",
        "$CSG[21993..21995]",
        "$CSG[21717]",
        "$CSG[21996..21998]",
        "$CSG[21725]",
        "$CSG[21999..22001]",
        "$CSG[21705]",
        "$CSG[22002..22004]",
        "$CSG[21713]",
        "$CSG[22005..22007]",
        "$CSG[21721]",
        "$CSG[22008..22010]",
        "$CSG[21729]",
        "$CSG[22011..22013]",
        
        "$CSG[21810..21813]",
        "$CSG[21842..21845]",
        "$CSG[21814..21817]",
        "$CSG[21846..21849]",
        "$CSG[21818..21821]",
        "$CSG[21850..21853]",
        "$CSG[21822..21825]",
        "$CSG[21854..21857]",
        "$CSG[21826..21829]",
        "$CSG[21858..21861]",
        "$CSG[21830..21833]",
        "$CSG[21862..21865]",
        "$CSG[21834..21837]",
        "$CSG[21866..21869]",
        "$CSG[21838..21841]",
        
        "$CSG[22026..22029]",
        "$CSG[22042..22045]",
        "$CSG[22030..22033]",
        "$CSG[22046..22049]",
        "$CSG[22038..22041]",
        "$CSG[22054..22057]",

        "$CSG[21762]",
        "$CSG[22058]",
        "$CSG[21763]",
        "$CSG[22059]",
        "$CSG[21764]",
        "$CSG[22060]",
        "$CSG[21765]",
        "$CSG[22061]",
        "$CSG[21766]",
        "$CSG[22062]",
        "$CSG[21767]",
        "$CSG[22063]",
        "$CSG[21768]",
        "$CSG[22064]",
        "$CSG[21769]",
        "$CSG[22065]",

        "$CSG[21730..21761]",

        "$CSG[21870..21873]",
        "$CSG[21890..21893]",
        "$CSG[21874..21877]",
        "$CSG[21894..21897]",
        "$CSG[21878..21881]",
        "$CSG[21898..21901]",
        "$CSG[21882..21885]",
        "$CSG[21902..21905]",
        "$CSG[21886..21889]",
        "$CSG[21906..21909]",
       
        "$CSG[21770..21785]",

        "$CSG[22066..22081]",

        "$CSG[21910..21989]",

        "$CSG[22014]",
        "$CSG[22017]",
        "$CSG[22020]",
        "$CSG[22023]",
        "$CSG[22015]",
        "$CSG[22018]",
        "$CSG[22021]",
        "$CSG[22024]",
        "$CSG[22016]",
        "$CSG[22019]",
        "$CSG[22022]",
        "$CSG[22025]",

        "$CSG[22082..22097]",
        
        "$CSG[22098]",
        "$CSG[22106]",
        "$CSG[22114]",
        "$CSG[22122]",

        "$CSG[22102]",
        "$CSG[22110]",
        "$CSG[22118]",
        "$CSG[22126]",

        "$CSG[22099]",
        "$CSG[22186..22188]",
        "$CSG[22107]",
        "$CSG[22189..22191]",
        "$CSG[22115]",
        "$CSG[22192..22194]",
        "$CSG[22123]",
        "$CSG[22195..22197]",

        "$CSG[22103]",
        "$CSG[22198..22200]",
        "$CSG[22111]",
        "$CSG[22201..22203]",
        "$CSG[22119]",
        "$CSG[22204..22206]",
        "$CSG[22127]",
        "$CSG[22207..22209]",
        
        "$CSG[22100]",
        "$CSG[22434]",
        "$CSG[22108]",
        "$CSG[22435]",
        "$CSG[22116]",
        "$CSG[22436]",
        "$CSG[22124]",
        "$CSG[22437]",
        "$CSG[22104]",
        "$CSG[22450]",
        "$CSG[22112]",
        "$CSG[22451]",
        "$CSG[22120]",
        "$CSG[22452]",
        "$CSG[22128]",
        "$CSG[22453]",
        "$CSG[22101]",
        "$CSG[22390..22392]",
        "$CSG[22109]",
        "$CSG[22393..22395]",
        "$CSG[22117]",
        "$CSG[22396..22398]",
        "$CSG[22125]",
        "$CSG[22399..22401]",
        "$CSG[22105]",
        "$CSG[22402..22404]",
        "$CSG[22113]",
        "$CSG[22405..22407]",
        "$CSG[22121]",
        "$CSG[22408..22410]",
        "$CSG[22129]",
        "$CSG[22411..22413]",
        
        "$CSG[22210..22213]",
        "$CSG[22242..22245]",
        "$CSG[22214..22217]",
        "$CSG[22246..22249]",
        "$CSG[22218..22221]",
        "$CSG[22250..22253]",
        "$CSG[22222..22225]",
        "$CSG[22254..22257]",
        "$CSG[22226..22229]",
        "$CSG[22258..22261]",
        "$CSG[22230..22233]",
        "$CSG[22262..22265]",
        "$CSG[22234..22237]",
        "$CSG[22266..22269]",
        "$CSG[22238..22241]",
        
        "$CSG[22426..22429]",
        "$CSG[22442..22445]",
        "$CSG[22430..22433]",
        "$CSG[22446..22449]",
        "$CSG[22438..22441]",
        "$CSG[22454..22457]",

        "$CSG[22162]",
        "$CSG[22458]",
        "$CSG[22163]",
        "$CSG[22459]",
        "$CSG[22164]",
        "$CSG[22460]",
        "$CSG[22165]",
        "$CSG[22461]",
        "$CSG[22166]",
        "$CSG[22462]",
        "$CSG[22167]",
        "$CSG[22463]",
        "$CSG[22168]",
        "$CSG[22464]",
        "$CSG[22169]",
        "$CSG[22465]",

        "$CSG[22130..22161]",

        "$CSG[22270..22273]",
        "$CSG[22290..22293]",
        "$CSG[22274..22277]",
        "$CSG[22294..22297]",
        "$CSG[22278..22281]",
        "$CSG[22298..22301]",
        "$CSG[22282..22285]",
        "$CSG[22302..22305]",
        "$CSG[22286..22289]",
        "$CSG[22306..22309]",
       
        "$CSG[22170..22185]",

        "$CSG[22466..22481]",

        "$CSG[22310..22389]",

        "$CSG[22414]",
        "$CSG[22417]",
        "$CSG[22420]",
        "$CSG[22423]",
        "$CSG[22415]",
        "$CSG[22418]",
        "$CSG[22421]",
        "$CSG[22424]",
        "$CSG[22416]",
        "$CSG[22419]",
        "$CSG[22422]",
        "$CSG[22425]"
    ],
    "noCsgImages": [
        { "path": "images/preview.png", "format": "raw" },
        "",
        "",
        "$RCT2:OBJDATA/SLCFO.DAT[3]",
        "$RCT2:OBJDATA/SLCFO.DAT[5]",
        "$RCT2:OBJDATA/SLCFO.DAT[7]",
        "$RCT2:OBJDATA/SLCFO.DAT[9]",
        "$RCT2:OBJDATA/SLCFO.DAT[11]",
        "$RCT2:OBJDATA/SLCFO.DAT[13]",
        "$RCT2:OBJDATA/SLCFO.DAT[15]",
        "$RCT2:OBJDATA/SLCFO.DAT[17]",
        "$RCT2:OBJDATA/SLCFO.DAT[19]",
        "$RCT2:OBJDATA/SLCFO.DAT[21]",
        "$RCT2:OBJDATA/SLCFO.DAT[23]",
        "$RCT2:OBJDATA/SLCFO.DAT[25]",
        "$RCT2:OBJDATA/SLCFO.DAT[27]",
        "$RCT2:OBJDATA/SLCFO.DAT[29]",
        "$RCT2:OBJDATA/SLCFO.DAT[31]",
        "$RCT2:OBJDATA/SLCFO.DAT[33]",

        "$RCT2:OBJDATA/SLCFO.DAT[35..42]",

        "$RCT2:OBJDATA/SLCFO.DAT[43]",
        "$RCT2:OBJDATA/SLCFO.DAT[45]",
        "$RCT2:OBJDATA/SLCFO.DAT[47]",
        "$RCT2:OBJDATA/SLCFO.DAT[49]",
        "$RCT2:OBJDATA/SLCFO.DAT[51]",
        "$RCT2:OBJDATA/SLCFO.DAT[53]",
        "$RCT2:OBJDATA/SLCFO.DAT[55]",
        "$RCT2:OBJDATA/SLCFO.DAT[57]",
        "$RCT2:OBJDATA/SLCFO.DAT[59]",
        "$RCT2:OBJDATA/SLCFO.DAT[61]",
        "$RCT2:OBJDATA/SLCFO.DAT[63]",
        "$RCT2:OBJDATA/SLCFO.DAT[65]",
        "$RCT2:OBJDATA/SLCFO.DAT[67]",
        "$RCT2:OBJDATA/SLCFO.DAT[69]",
        "$RCT2:OBJDATA/SLCFO.DAT[71]",
        "$RCT2:OBJDATA/SLCFO.DAT[73]",

        "$RCT2:OBJDATA/SLCFO.DAT[75]",
        "$RCT2:OBJDATA/SLCFO.DAT[77]",
        "$RCT2:OBJDATA/SLCFO.DAT[79]",
        "$RCT2:OBJDATA/SLCFO.DAT[81]",
        "$RCT2:OBJDATA/SLCFO.DAT[83]",
        "$RCT2:OBJDATA/SLCFO.DAT[85]",
        "$RCT2:OBJDATA/SLCFO.DAT[87]",
        "$RCT2:OBJDATA/SLCFO.DAT[89]",
        "$RCT2:OBJDATA/SLCFO.DAT[91]",
        "$RCT2:OBJDATA/SLCFO.DAT[93]",
        "$RCT2:OBJDATA/SLCFO.DAT[95]",
        "$RCT2:OBJDATA/SLCFO.DAT[97]",
        "$RCT2:OBJDATA/SLCFO.DAT[99]",
        "$RCT2:OBJDATA/SLCFO.DAT[101]",
        "$RCT2:OBJDATA/SLCFO.DAT[103]",
        "$RCT2:OBJDATA/SLCFO.DAT[105]",

        "$RCT2:OBJDATA/SLCFO.DAT[107..122]",

        "$RCT2:OBJDATA/SLCFO.DAT[123]",
        "$RCT2:OBJDATA/SLCFO.DAT[125]",
        "$RCT2:OBJDATA/SLCFO.DAT[127]",
        "$RCT2:OBJDATA/SLCFO.DAT[129]",
        "$RCT2:OBJDATA/SLCFO.DAT[131]",
        "$RCT2:OBJDATA/SLCFO.DAT[133]",
        "$RCT2:OBJDATA/SLCFO.DAT[135]",
        "$RCT2:OBJDATA/SLCFO.DAT[137]",
        "$RCT2:OBJDATA/SLCFO.DAT[139]",
        "$RCT2:OBJDATA/SLCFO.DAT[141]",
        "$RCT2:OBJDATA/SLCFO.DAT[143]",
        "$RCT2:OBJDATA/SLCFO.DAT[145]",
        "$RCT2:OBJDATA/SLCFO.DAT[147]",
        "$RCT2:OBJDATA/SLCFO.DAT[149]",
        "$RCT2:OBJDATA/SLCFO.DAT[151]",
        "$RCT2:OBJDATA/SLCFO.DAT[153]",

        "$RCT2:OBJDATA/SLCFO.DAT[155]",
        "$RCT2:OBJDATA/SLCFO.DAT[157]",
        "$RCT2:OBJDATA/SLCFO.DAT[159]",
        "$RCT2:OBJDATA/SLCFO.DAT[161]",
        "$RCT2:OBJDATA/SLCFO.DAT[163]",
        "$RCT2:OBJDATA/SLCFO.DAT[165]",
        "$RCT2:OBJDATA/SLCFO.DAT[167]",
        "$RCT2:OBJDATA/SLCFO.DAT[169]",
        "$RCT2:OBJDATA/SLCFO.DAT[171]",
        "$RCT2:OBJDATA/SLCFO.DAT[173]",
        "$RCT2:OBJDATA/SLCFO.DAT[175]",
        "$RCT2:OBJDATA/SLCFO.DAT[177]",
        "$RCT2:OBJDATA/SLCFO.DAT[179]",
        "$RCT2:OBJDATA/SLCFO.DAT[181]",
        "$RCT2:OBJDATA/SLCFO.DAT[183]",
        "$RCT2:OBJDATA/SLCFO.DAT[185]",

        "$RCT2:OBJDATA/SLCFO.DAT[187..194]",

        "$RCT2:OBJDATA/SLCFO.DAT[195]",
        "$RCT2:OBJDATA/SLCFO.DAT[203]",
        "$RCT2:OBJDATA/SLCFO.DAT[211]",
        "$RCT2:OBJDATA/SLCFO.DAT[219]",
        "$RCT2:OBJDATA/SLCFO.DAT[227]",
        "$RCT2:OBJDATA/SLCFO.DAT[235]",
        "$RCT2:OBJDATA/SLCFO.DAT[243]",
        "$RCT2:OBJDATA/SLCFO.DAT[251]",

        "$RCT2:OBJDATA/SLCFO.DAT[259..342]",

        "$RCT2:OBJDATA/SLCFO.DAT[343]",
        "$RCT2:OBJDATA/SLCFO.DAT[345]",
        "$RCT2:OBJDATA/SLCFO.DAT[347]",
        "$RCT2:OBJDATA/SLCFO.DAT[349]",
        "$RCT2:OBJDATA/SLCFO.DAT[351]",
        "$RCT2:OBJDATA/SLCFO.DAT[353]",
        "$RCT2:OBJDATA/SLCFO.DAT[355]",
        "$RCT2:OBJDATA/SLCFO.DAT[357]",
        "$RCT2:OBJDATA/SLCFO.DAT[359]",
        "$RCT2:OBJDATA/SLCFO.DAT[361]",
        "$RCT2:OBJDATA/SLCFO.DAT[363]",
        "$RCT2:OBJDATA/SLCFO.DAT[365]",
        "$RCT2:OBJDATA/SLCFO.DAT[367]",
        "$RCT2:OBJDATA/SLCFO.DAT[369]",
        "$RCT2:OBJDATA/SLCFO.DAT[371]",
        "$RCT2:OBJDATA/SLCFO.DAT[373]",

        "$RCT2:OBJDATA/SLCFO.DAT[375]",
        "$RCT2:OBJDATA/SLCFO.DAT[377]",
        "$RCT2:OBJDATA/SLCFO.DAT[379]",
        "$RCT2:OBJDATA/SLCFO.DAT[381]",
        "$RCT2:OBJDATA/SLCFO.DAT[383]",
        "$RCT2:OBJDATA/SLCFO.DAT[385]",
        "$RCT2:OBJDATA/SLCFO.DAT[387]",
        "$RCT2:OBJDATA/SLCFO.DAT[389]",
        "$RCT2:OBJDATA/SLCFO.DAT[391]",
        "$RCT2:OBJDATA/SLCFO.DAT[393]",
        "$RCT2:OBJDATA/SLCFO.DAT[395]",
        "$RCT2:OBJDATA/SLCFO.DAT[397]",
        "$RCT2:OBJDATA/SLCFO.DAT[399]",
        "$RCT2:OBJDATA/SLCFO.DAT[401]",
        "$RCT2:OBJDATA/SLCFO.DAT[403]",
        "$RCT2:OBJDATA/SLCFO.DAT[405]",

        "$RCT2:OBJDATA/SLCFO.DAT[407..446]",

        "$RCT2:OBJDATA/SLCFO.DAT[447]",
        "$RCT2:OBJDATA/SLCFO.DAT[455]",
        "$RCT2:OBJDATA/SLCFO.DAT[463]",
        "$RCT2:OBJDATA/SLCFO.DAT[471]",
        "$RCT2:OBJDATA/SLCFO.DAT[479]",
        "$RCT2:OBJDATA/SLCFO.DAT[487]",
        "$RCT2:OBJDATA/SLCFO.DAT[495]",
        "$RCT2:OBJDATA/SLCFO.DAT[503]",

        "$RCT2:OBJDATA/SLCFO.DAT[511]",
        "$RCT2:OBJDATA/SLCFO.DAT[519]",
        "$RCT2:OBJDATA/SLCFO.DAT[527]",
        "$RCT2:OBJDATA/SLCFO.DAT[535]",
        "$RCT2:OBJDATA/SLCFO.DAT[543]",
        "$RCT2:OBJDATA/SLCFO.DAT[551]",
        "$RCT2:OBJDATA/SLCFO.DAT[559]",
        "$RCT2:OBJDATA/SLCFO.DAT[567]",

        "$RCT2:OBJDATA/SLCFO.DAT[575..682]",

        "$RCT2:OBJDATA/SLCFO.DAT[683]",
        "$RCT2:OBJDATA/SLCFO.DAT[685]",
        "$RCT2:OBJDATA/SLCFO.DAT[687]",
        "$RCT2:OBJDATA/SLCFO.DAT[689]",
        "$RCT2:OBJDATA/SLCFO.DAT[691]",
        "$RCT2:OBJDATA/SLCFO.DAT[693]",
        "$RCT2:OBJDATA/SLCFO.DAT[695]",
        "$RCT2:OBJDATA/SLCFO.DAT[697]",
        "$RCT2:OBJDATA/SLCFO.DAT[699]",
        "$RCT2:OBJDATA/SLCFO.DAT[701]",
        "$RCT2:OBJDATA/SLCFO.DAT[703]",
        "$RCT2:OBJDATA/SLCFO.DAT[705]",
        "$RCT2:OBJDATA/SLCFO.DAT[707]",
        "$RCT2:OBJDATA/SLCFO.DAT[709]",
        "$RCT2:OBJDATA/SLCFO.DAT[711]",
        "$RCT2:OBJDATA/SLCFO.DAT[713]",

        "$RCT2:OBJDATA/SLCFO.DAT[715..722]",

        "$RCT2:OBJDATA/SLCFO.DAT[723]",
        "$RCT2:OBJDATA/SLCFO.DAT[725]",
        "$RCT2:OBJDATA/SLCFO.DAT[727]",
        "$RCT2:OBJDATA/SLCFO.DAT[729]",
        "$RCT2:OBJDATA/SLCFO.DAT[731]",
        "$RCT2:OBJDATA/SLCFO.DAT[733]",
        "$RCT2:OBJDATA/SLCFO.DAT[735]",
        "$RCT2:OBJDATA/SLCFO.DAT[737]",
        "$RCT2:OBJDATA/SLCFO.DAT[739]",
        "$RCT2:OBJDATA/SLCFO.DAT[741]",
        "$RCT2:OBJDATA/SLCFO.DAT[743]",
        "$RCT2:OBJDATA/SLCFO.DAT[745]",
        "$RCT2:OBJDATA/SLCFO.DAT[747]",
        "$RCT2:OBJDATA/SLCFO.DAT[749]",
        "$RCT2:OBJDATA/SLCFO.DAT[751]",
        "$RCT2:OBJDATA/SLCFO.DAT[753]",

        "$RCT2:OBJDATA/SLCFO.DAT[755]",
        "$RCT2:OBJDATA/SLCFO.DAT[757]",
        "$RCT2:OBJDATA/SLCFO.DAT[759]",
        "$RCT2:OBJDATA/SLCFO.DAT[761]",
        "$RCT2:OBJDATA/SLCFO.DAT[763]",
        "$RCT2:OBJDATA/SLCFO.DAT[765]",
        "$RCT2:OBJDATA/SLCFO.DAT[767]",
        "$RCT2:OBJDATA/SLCFO.DAT[769]",
        "$RCT2:OBJDATA/SLCFO.DAT[771]",
        "$RCT2:OBJDATA/SLCFO.DAT[773]",
        "$RCT2:OBJDATA/SLCFO.DAT[775]",
        "$RCT2:OBJDATA/SLCFO.DAT[777]",
        "$RCT2:OBJDATA/SLCFO.DAT[779]",
        "$RCT2:OBJDATA/SLCFO.DAT[781]",
        "$RCT2:OBJDATA/SLCFO.DAT[783]",
        "$RCT2:OBJDATA/SLCFO.DAT[785]",

        "$RCT2:OBJDATA/SLCFO.DAT[787..802]",

        "$RCT2:OBJDATA/SLCFO.DAT[803]",
        "$RCT2:OBJDATA/SLCFO.DAT[805]",
        "$RCT2:OBJDATA/SLCFO.DAT[807]",
        "$RCT2:OBJDATA/SLCFO.DAT[809]",
        "$RCT2:OBJDATA/SLCFO.DAT[811]",
        "$RCT2:OBJDATA/SLCFO.DAT[813]",
        "$RCT2:OBJDATA/SLCFO.DAT[815]",
        "$RCT2:OBJDATA/SLCFO.DAT[817]",
        "$RCT2:OBJDATA/SLCFO.DAT[819]",
        "$RCT2:OBJDATA/SLCFO.DAT[821]",
        "$RCT2:OBJDATA/SLCFO.DAT[823]",
        "$RCT2:OBJDATA/SLCFO.DAT[825]",
        "$RCT2:OBJDATA/SLCFO.DAT[827]",
        "$RCT2:OBJDATA/SLCFO.DAT[829]",
        "$RCT2:OBJDATA/SLCFO.DAT[831]",
        "$RCT2:OBJDATA/SLCFO.DAT[833]",

        "$RCT2:OBJDATA/SLCFO.DAT[835]",
        "$RCT2:OBJDATA/SLCFO.DAT[837]",
        "$RCT2:OBJDATA/SLCFO.DAT[839]",
        "$RCT2:OBJDATA/SLCFO.DAT[841]",
        "$RCT2:OBJDATA/SLCFO.DAT[843]",
        "$RCT2:OBJDATA/SLCFO.DAT[845]",
        "$RCT2:OBJDATA/SLCFO.DAT[847]",
        "$RCT2:OBJDATA/SLCFO.DAT[849]",
        "$RCT2:OBJDATA/SLCFO.DAT[851]",
        "$RCT2:OBJDATA/SLCFO.DAT[853]",
        "$RCT2:OBJDATA/SLCFO.DAT[855]",
        "$RCT2:OBJDATA/SLCFO.DAT[857]",
        "$RCT2:OBJDATA/SLCFO.DAT[859]",
        "$RCT2:OBJDATA/SLCFO.DAT[861]",
        "$RCT2:OBJDATA/SLCFO.DAT[863]",
        "$RCT2:OBJDATA/SLCFO.DAT[865]",

        "$RCT2:OBJDATA/SLCFO.DAT[867..874]",

        "$RCT2:OBJDATA/SLCFO.DAT[875]",
        "$RCT2:OBJDATA/SLCFO.DAT[883]",
        "$RCT2:OBJDATA/SLCFO.DAT[891]",
        "$RCT2:OBJDATA/SLCFO.DAT[899]",
        "$RCT2:OBJDATA/SLCFO.DAT[907]",
        "$RCT2:OBJDATA/SLCFO.DAT[915]",
        "$RCT2:OBJDATA/SLCFO.DAT[923]",
        "$RCT2:OBJDATA/SLCFO.DAT[931]",

        "$RCT2:OBJDATA/SLCFO.DAT[939..1022]",

        "$RCT2:OBJDATA/SLCFO.DAT[1023]",
        "$RCT2:OBJDATA/SLCFO.DAT[1025]",
        "$RCT2:OBJDATA/SLCFO.DAT[1027]",
        "$RCT2:OBJDATA/SLCFO.DAT[1029]",
        "$RCT2:OBJDATA/SLCFO.DAT[1031]",
        "$RCT2:OBJDATA/SLCFO.DAT[1033]",
        "$RCT2:OBJDATA/SLCFO.DAT[1035]",
        "$RCT2:OBJDATA/SLCFO.DAT[1037]",
        "$RCT2:OBJDATA/SLCFO.DAT[1039]",
        "$RCT2:OBJDATA/SLCFO.DAT[1041]",
        "$RCT2:OBJDATA/SLCFO.DAT[1043]",
        "$RCT2:OBJDATA/SLCFO.DAT[1045]",
        "$RCT2:OBJDATA/SLCFO.DAT[1047]",
        "$RCT2:OBJDATA/SLCFO.DAT[1049]",
        "$RCT2:OBJDATA/SLCFO.DAT[1051]",
        "$RCT2:OBJDATA/SLCFO.DAT[1053]",

        "$RCT2:OBJDATA/SLCFO.DAT[1055]",
        "$RCT2:OBJDATA/SLCFO.DAT[1057]",
        "$RCT2:OBJDATA/SLCFO.DAT[1059]",
        "$RCT2:OBJDATA/SLCFO.DAT[1061]",
        "$RCT2:OBJDATA/SLCFO.DAT[1063]",
        "$RCT2:OBJDATA/SLCFO.DAT[1065]",
        "$RCT2:OBJDATA/SLCFO.DAT[1067]",
        "$RCT2:OBJDATA/SLCFO.DAT[1069]",
        "$RCT2:OBJDATA/SLCFO.DAT[1071]",
        "$RCT2:OBJDATA/SLCFO.DAT[1073]",
        "$RCT2:OBJDATA/SLCFO.DAT[1075]",
        "$RCT2:OBJDATA/SLCFO.DAT[1077]",
        "$RCT2:OBJDATA/SLCFO.DAT[1079]",
        "$RCT2:OBJDATA/SLCFO.DAT[1081]",
        "$RCT2:OBJDATA/SLCFO.DAT[1083]",
        "$RCT2:OBJDATA/SLCFO.DAT[1085]",

        "$RCT2:OBJDATA/SLCFO.DAT[1087..1126]",

        "$RCT2:OBJDATA/SLCFO.DAT[1127]",
        "$RCT2:OBJDATA/SLCFO.DAT[1135]",
        "$RCT2:OBJDATA/SLCFO.DAT[1143]",
        "$RCT2:OBJDATA/SLCFO.DAT[1151]",
        "$RCT2:OBJDATA/SLCFO.DAT[1159]",
        "$RCT2:OBJDATA/SLCFO.DAT[1167]",
        "$RCT2:OBJDATA/SLCFO.DAT[1175]",
        "$RCT2:OBJDATA/SLCFO.DAT[1183]",

        "$RCT2:OBJDATA/SLCFO.DAT[1191]",
        "$RCT2:OBJDATA/SLCFO.DAT[1199]",
        "$RCT2:OBJDATA/SLCFO.DAT[1207]",
        "$RCT2:OBJDATA/SLCFO.DAT[1215]",
        "$RCT2:OBJDATA/SLCFO.DAT[1223]",
        "$RCT2:OBJDATA/SLCFO.DAT[1231]",
        "$RCT2:OBJDATA/SLCFO.DAT[1239]",
        "$RCT2:OBJDATA/SLCFO.DAT[1247]",

        "$RCT2:OBJDATA/SLCFO.DAT[1255..1362]",

        "$RCT2:OBJDATA/SLCFO.DAT[1363]",
        "$RCT2:OBJDATA/SLCFO.DAT[1365]",
        "$RCT2:OBJDATA/SLCFO.DAT[1367]",
        "$RCT2:OBJDATA/SLCFO.DAT[1369]",
        "$RCT2:OBJDATA/SLCFO.DAT[1371]",
        "$RCT2:OBJDATA/SLCFO.DAT[1373]",
        "$RCT2:OBJDATA/SLCFO.DAT[1375]",
        "$RCT2:OBJDATA/SLCFO.DAT[1377]",
        "$RCT2:OBJDATA/SLCFO.DAT[1379]",
        "$RCT2:OBJDATA/SLCFO.DAT[1381]",
        "$RCT2:OBJDATA/SLCFO.DAT[1383]",
        "$RCT2:OBJDATA/SLCFO.DAT[1385]",
        "$RCT2:OBJDATA/SLCFO.DAT[1387]",
        "$RCT2:OBJDATA/SLCFO.DAT[1389]",
        "$RCT2:OBJDATA/SLCFO.DAT[1391]",
        "$RCT2:OBJDATA/SLCFO.DAT[1393]",

        "$RCT2:OBJDATA/SLCFO.DAT[1395..1402]",

        "$RCT2:OBJDATA/SLCFO.DAT[1403]",
        "$RCT2:OBJDATA/SLCFO.DAT[1405]",
        "$RCT2:OBJDATA/SLCFO.DAT[1407]",
        "$RCT2:OBJDATA/SLCFO.DAT[1409]",
        "$RCT2:OBJDATA/SLCFO.DAT[1411]",
        "$RCT2:OBJDATA/SLCFO.DAT[1413]",
        "$RCT2:OBJDATA/SLCFO.DAT[1415]",
        "$RCT2:OBJDATA/SLCFO.DAT[1417]",
        "$RCT2:OBJDATA/SLCFO.DAT[1419]",
        "$RCT2:OBJDATA/SLCFO.DAT[1421]",
        "$RCT2:OBJDATA/SLCFO.DAT[1423]",
        "$RCT2:OBJDATA/SLCFO.DAT[1425]",
        "$RCT2:OBJDATA/SLCFO.DAT[1427]",
        "$RCT2:OBJDATA/SLCFO.DAT[1429]",
        "$RCT2:OBJDATA/SLCFO.DAT[1431]",
        "$RCT2:OBJDATA/SLCFO.DAT[1433]",

        "$RCT2:OBJDATA/SLCFO.DAT[1435]",
        "$RCT2:OBJDATA/SLCFO.DAT[1437]",
        "$RCT2:OBJDATA/SLCFO.DAT[1439]",
        "$RCT2:OBJDATA/SLCFO.DAT[1441]",
        "$RCT2:OBJDATA/SLCFO.DAT[1443]",
        "$RCT2:OBJDATA/SLCFO.DAT[1445]",
        "$RCT2:OBJDATA/SLCFO.DAT[1447]",
        "$RCT2:OBJDATA/SLCFO.DAT[1449]",
        "$RCT2:OBJDATA/SLCFO.DAT[1451]",
        "$RCT2:OBJDATA/SLCFO.DAT[1453]",
        "$RCT2:OBJDATA/SLCFO.DAT[1455]",
        "$RCT2:OBJDATA/SLCFO.DAT[1457]",
        "$RCT2:OBJDATA/SLCFO.DAT[1459]",
        "$RCT2:OBJDATA/SLCFO.DAT[1461]",
        "$RCT2:OBJDATA/SLCFO.DAT[1463]",
        "$RCT2:OBJDATA/SLCFO.DAT[1465]",

        "$RCT2:OBJDATA/SLCFO.DAT[1467..1482]",

        "$RCT2:OBJDATA/SLCFO.DAT[1483]",
        "$RCT2:OBJDATA/SLCFO.DAT[1485]",
        "$RCT2:OBJDATA/SLCFO.DAT[1487]",
        "$RCT2:OBJDATA/SLCFO.DAT[1489]",
        "$RCT2:OBJDATA/SLCFO.DAT[1491]",
        "$RCT2:OBJDATA/SLCFO.DAT[1493]",
        "$RCT2:OBJDATA/SLCFO.DAT[1495]",
        "$RCT2:OBJDATA/SLCFO.DAT[1497]",
        "$RCT2:OBJDATA/SLCFO.DAT[1499]",
        "$RCT2:OBJDATA/SLCFO.DAT[1501]",
        "$RCT2:OBJDATA/SLCFO.DAT[1503]",
        "$RCT2:OBJDATA/SLCFO.DAT[1505]",
        "$RCT2:OBJDATA/SLCFO.DAT[1507]",
        "$RCT2:OBJDATA/SLCFO.DAT[1509]",
        "$RCT2:OBJDATA/SLCFO.DAT[1511]",
        "$RCT2:OBJDATA/SLCFO.DAT[1513]",

        "$RCT2:OBJDATA/SLCFO.DAT[1515]",
        "$RCT2:OBJDATA/SLCFO.DAT[1517]",
        "$RCT2:OBJDATA/SLCFO.DAT[1519]",
        "$RCT2:OBJDATA/SLCFO.DAT[1521]",
        "$RCT2:OBJDATA/SLCFO.DAT[1523]",
        "$RCT2:OBJDATA/SLCFO.DAT[1525]",
        "$RCT2:OBJDATA/SLCFO.DAT[1527]",
        "$RCT2:OBJDATA/SLCFO.DAT[1529]",
        "$RCT2:OBJDATA/SLCFO.DAT[1531]",
        "$RCT2:OBJDATA/SLCFO.DAT[1533]",
        "$RCT2:OBJDATA/SLCFO.DAT[1535]",
        "$RCT2:OBJDATA/SLCFO.DAT[1537]",
        "$RCT2:OBJDATA/SLCFO.DAT[1539]",
        "$RCT2:OBJDATA/SLCFO.DAT[1541]",
        "$RCT2:OBJDATA/SLCFO.DAT[1543]",
        "$RCT2:OBJDATA/SLCFO.DAT[1545]",

        "$RCT2:OBJDATA/SLCFO.DAT[1547..1554]",

        "$RCT2:OBJDATA/SLCFO.DAT[1555]",
        "$RCT2:OBJDATA/SLCFO.DAT[1563]",
        "$RCT2:OBJDATA/SLCFO.DAT[1571]",
        "$RCT2:OBJDATA/SLCFO.DAT[1579]",
        "$RCT2:OBJDATA/SLCFO.DAT[1587]",
        "$RCT2:OBJDATA/SLCFO.DAT[1595]",
        "$RCT2:OBJDATA/SLCFO.DAT[1603]",
        "$RCT2:OBJDATA/SLCFO.DAT[1611]",

        "$RCT2:OBJDATA/SLCFO.DAT[1619..1702]",

        "$RCT2:OBJDATA/SLCFO.DAT[1703]",
        "$RCT2:OBJDATA/SLCFO.DAT[1705]",
        "$RCT2:OBJDATA/SLCFO.DAT[1707]",
        "$RCT2:OBJDATA/SLCFO.DAT[1709]",
        "$RCT2:OBJDATA/SLCFO.DAT[1711]",
        "$RCT2:OBJDATA/SLCFO.DAT[1713]",
        "$RCT2:OBJDATA/SLCFO.DAT[1715]",
        "$RCT2:OBJDATA/SLCFO.DAT[1717]",
        "$RCT2:OBJDATA/SLCFO.DAT[1719]",
        "$RCT2:OBJDATA/SLCFO.DAT[1721]",
        "$RCT2:OBJDATA/SLCFO.DAT[1723]",
        "$RCT2:OBJDATA/SLCFO.DAT[1725]",
        "$RCT2:OBJDATA/SLCFO.DAT[1727]",
        "$RCT2:OBJDATA/SLCFO.DAT[1729]",
        "$RCT2:OBJDATA/SLCFO.DAT[1731]",
        "$RCT2:OBJDATA/SLCFO.DAT[1733]",

        "$RCT2:OBJDATA/SLCFO.DAT[1735]",
        "$RCT2:OBJDATA/SLCFO.DAT[1737]",
        "$RCT2:OBJDATA/SLCFO.DAT[1739]",
        "$RCT2:OBJDATA/SLCFO.DAT[1741]",
        "$RCT2:OBJDATA/SLCFO.DAT[1743]",
        "$RCT2:OBJDATA/SLCFO.DAT[1745]",
        "$RCT2:OBJDATA/SLCFO.DAT[1747]",
        "$RCT2:OBJDATA/SLCFO.DAT[1749]",
        "$RCT2:OBJDATA/SLCFO.DAT[1751]",
        "$RCT2:OBJDATA/SLCFO.DAT[1753]",
        "$RCT2:OBJDATA/SLCFO.DAT[1755]",
        "$RCT2:OBJDATA/SLCFO.DAT[1757]",
        "$RCT2:OBJDATA/SLCFO.DAT[1759]",
        "$RCT2:OBJDATA/SLCFO.DAT[1761]",
        "$RCT2:OBJDATA/SLCFO.DAT[1763]",
        "$RCT2:OBJDATA/SLCFO.DAT[1765]",

        "$RCT2:OBJDATA/SLCFO.DAT[1767..1806]",

        "$RCT2:OBJDATA/SLCFO.DAT[1807]",
        "$RCT2:OBJDATA/SLCFO.DAT[1815]",
        "$RCT2:OBJDATA/SLCFO.DAT[1823]",
        "$RCT2:OBJDATA/SLCFO.DAT[1831]",
        "$RCT2:OBJDATA/SLCFO.DAT[1839]",
        "$RCT2:OBJDATA/SLCFO.DAT[1847]",
        "$RCT2:OBJDATA/SLCFO.DAT[1855]",
        "$RCT2:OBJDATA/SLCFO.DAT[1863]",

        "$RCT2:OBJDATA/SLCFO.DAT[1871]",
        "$RCT2:OBJDATA/SLCFO.DAT[1879]",
        "$RCT2:OBJDATA/SLCFO.DAT[1887]",
        "$RCT2:OBJDATA/SLCFO.DAT[1895]",
        "$RCT2:OBJDATA/SLCFO.DAT[1903]",
        "$RCT2:OBJDATA/SLCFO.DAT[1911]",
        "$RCT2:OBJDATA/SLCFO.DAT[1919]",
        "$RCT2:OBJDATA/SLCFO.DAT[1927]",

        "$RCT2:OBJDATA/SLCFO.DAT[1935..2042]"
    ],
    "strings": {
        "name": {
            "en-GB": "Face-off Cars",
            "fr-FR": "Navette inversée",
            "de-DE": "Plandrehwagen",
            "es-ES": "Montaña Rusa Lanzadera",
            "it-IT": "Ottovolante a navetta invertita",
            "nl-NL": "Omgekeerde shuttle",
            "sv-SE": "Omvänd skyttel",
            "ko-KR": "페이스오프 차량",
            "zh-CN": "反向穿梭过山车",
            "zh-TW": "反向穿梭飛車",
            "pt-BR": "Carros Enfrentamento",
            "cs-CZ": "Tvář-rvoucí zavěšená horská dráha",
            "ja-JP": "対戦カー",
            "pl-PL": "Odwrócone kapsuły",
            "ru-RU": "Инвертные Горки",
            "eo-ZZ": "Alfrontantaj Aŭtoj"
        },
        "description": {
            "en-GB": "Riders sit in pairs facing either forwards or backwards as they loop and twist through tight inversions",
            "fr-FR": "Les passagers sont assis par deux, regardant tantôt devant, tantôt derrière, tandis qu'ils zigzaguent et sont chahutés lors d'inversions serrées",
            "de-DE": "Die Fahrgäste sitzen sich paarweise gegenüber oder Rücken an Rücken, während sie durch enge Kurven, Schleifen und Wendungen fahren",
            "es-ES": "En esta montaña rusa, los pasajeros se sientan en parejas mirándose uno al otro o de espaldas",
            "it-IT": "I passeggeri siedono in coppia guardando avanti o indietro mentre affrontano giri della morte, curve e improvvise inversioni",
            "nl-NL": "Passagiers zitten in stoelparen die onder de baan hangen terwijl ze door kronkelende en scherpe omkeringen gaan.",
            "sv-SE": "Passagerarna sitter parvis med ansiktena antingen framåt eller bakåt medan de åker genom tighta loopar och skruvar",
            "ko-KR": "앞쪽이나 뒤쪽을 보고 2명씩 마주보고 짝지어 앉아 루프와 트위스트와 급격한 전이 트랙을 지나는 차량",
            "zh-CN": "乘客面对面或背对背坐着一起历经牢固的反转回圈快速旋转",
            "zh-TW": "乘客面對面或背對背坐著一起歷經牢固的反轉迴圈快速旋轉",
            "pt-BR": "Os passageiros sentam em pares, em assentos para frente ou para trás e passam por loops, curvas sinuosas e inversões fechadas",
            "cs-CZ": "Návštěvníci sedí po dvou zavěšení pod tratí a vidí dopředu nebo dozadu podle toho, jak zrovna jedou skrze loopingy a ostré zatáčky",
            "ja-JP": "乗客は2人ずつ前後に向かって座り、反転したりひねったりしながら走行するコースターです",
            "pl-PL": "Pasażerowie siedzą naprzeciwko siebie, pokonując pętle i ostre zakręty",
            "ru-RU": "Люди сидят парами друг напротив друга.",
            "eo-ZZ": "Rapidirante tra krutaj inversigoj, rajdantoj sidas pare, kaj frontas aŭ antaŭe aŭ malantaŭe"
        },
        "capacity": {
            "en-GB": "4 passengers per car",
            "fr-FR": "4 passagers par voiture",
            "de-DE": "4 Fahrgäste pro Wagen",
            "es-ES": "4 pasajeros por vagón",
            "it-IT": "4 passeggeri a carrozza",
            "nl-NL": "4 passagiers per karretje",
            "sv-SE": "4 passagerare per vagn",
            "ko-KR": "차량당 4명의 승객",
            "zh-CN": "4 位乘客/每个车厢",
            "zh-TW": "4 位乘客/每個車廂",
            "pt-BR": "4 passageiros por carro",
            "cs-CZ": "4 místa v každém voze",
            "ja-JP": "各車両4名",
            "pl-PL": "4 pasażerów na wagonik",
            "ru-RU": "4 пассажира",
            "eo-ZZ": "Po 4 pasaĝeroj por ĉaro"
        }
    }
}
