{
    "id": "rct1aa.terrain_edge.grey",
    "authors": [
        "Chris Sawyer",
        "Simon Foster"
    ],
    "version": "1.0",
    "originalId": "0000008C|#RCT1EGY|00000000",
    "sourceGame": "rct1aa",
    "objectType": "terrain_edge",
    "properties": {
        "hasDoors": true,
        "doorSound": 1
    },
    "images": [
        { "path": "icon.png", "format": "raw", "x": 2, "y": 2 },
        "$CSG[41134..41237]"
    ],
    "noCsgImages": [
        { "path": "icon.png", "format": "raw", "x": 2, "y": 2 },
        "$G1[1579..1662]"
    ],
    "strings": {
        "name": {
            "en-GB": "Stucco (Grey)",
            "de-DE": "Gipsputz (grau)",
            "nl-NL": "Grijs stucwerk",
            "pt-BR": "Estuque (cinza)",
            "fr-FR": "Stuc (gris)",
            "ja-JP": "スタッコ (灰色)",
            "pl-PL": "Stiuk (Szary)",
            "ko-KR": "흙벽 (회색)",
            "eo-ZZ": "Stukaĵo (Griza)",
            "sv-SE": "Stuck (grå)",
            "ca-ES": "Estuc (gris)",
            "fi-FI": "Stukki (harmaa)",
            "zh-CN": "灰泥(灰色)",
            "en-US": "Stucco (Gray)"
        }
    }
}
