{
    "id": "rct1.terrain_edge.iron",
    "authors": [
        "Chris Sawyer",
        "Simon Foster"
    ],
    "version": "1.0",
    "originalId": "0000008C|#RCT1EIR|00000000",
    "sourceGame": "rct1",
    "objectType": "terrain_edge",
    "properties": {
    },
    "images": [
        { "path": "icon.png", "format": "raw", "x": 2, "y": 2 },
        "$CSG[40590..40673]"
    ],
    "noCsgImages": [
        { "path": "icon.png", "format": "raw", "x": 2, "y": 2 },
        "$G1[1579..1662]"
    ],
    "strings": {
        "name": {
            "en-GB": "Iron",
            "de-DE": "Eisen",
            "nl-NL": "IJzer",
            "pt-BR": "Ferro",
            "ja-JP": "鉄",
            "fr-FR": "Fer",
            "pl-PL": "Żelazo",
            "ko-KR": "철",
            "eo-ZZ": "Fero",
            "sv-SE": "Järn",
            "ca-ES": "Ferro",
            "fi-FI": "Rautainen",
            "zh-CN": "瓦钢板",
            "ar-EG": "حديد"
        }
    }
}
