{
    "id": "rct1.ride.dinghies",
    "authors": [
        "Chris Sawyer",
        "Simon Foster"
    ],
    "version": "1.0",
    "originalId": "00000000|#RCT1DIN|00000000",
    "sourceGame": "rct1",
    "isCompatibilityObject": true,
    "objectType": "ride",
    "properties": {
        "type": "dinghy_slide",
        "category": [
            "water",
            "rollercoaster"
        ],
        "noCollisionCrashes": true,
        "carColours": [
            [
                [
                    "bright_red",
                    "yellow",
                    "black"
                ]
            ],
            [
                [
                    "black",
                    "bright_red",
                    "black"
                ]
            ],
            [
                [
                    "light_blue",
                    "light_blue",
                    "black"
                ]
            ],
            [
                [
                    "yellow",
                    "yellow",
                    "black"
                ]
            ]
        ],
        "cars": {
            "rotationFrameMask": 15,
            "spacing": 199680,
            "mass": 300,
            "numSeats": 2,
            "numSeatRows": 1,
            "frictionSoundId": 32,
            "soundRange": 0,
            "drawOrder": 7,
            "spriteGroups": {
                "slopeFlat": 16,
                "slopes12": 4,
                "slopes25": 4,
                "slopes42": 4,
                "slopes60": 4
            },
            "hasNoUpstopWheelsBobsleigh": true,
            "hasAdditionalColour1": true,
            "hasSwinging": true,
            "hasScreamingRiders": true,
            "useSlideSwing": true,
            "loadingPositions": [
                3,
                -3
            ]
        },
        "buildMenuPriority": 1
    },
    "images": [
        { "path": "images/preview.png", "format": "raw" },
        "",
        "",
        "$CSG[35065..35176]",
        "$CSG[35177..35183]",
        "$CSG[35205..35211]",
        "$CSG[35233..35239]",
        "$CSG[35261..35267]",
        "$CSG[35191..35197]",
        "$CSG[35219..35225]",
        "$CSG[35247..35253]",
        "$CSG[35275..35281]",
        "$CSG[35184..35190]",
        "$CSG[35212..35218]",
        "$CSG[35240..35246]",
        "$CSG[35268..35274]",
        "$CSG[35198..35204]",
        "$CSG[35226..35232]",
        "$CSG[35254..35260]",
        "$CSG[35282..35288]",
        "$CSG[35289..35295]",
        "$CSG[35317..35323]",
        "$CSG[35345..35351]",
        "$CSG[35373..35379]",
        "$CSG[35303..35309]",
        "$CSG[35331..35337]",
        "$CSG[35359..35365]",
        "$CSG[35387..35393]",
        "$CSG[35296..35302]",
        "$CSG[35324..35330]",
        "$CSG[35352..35358]",
        "$CSG[35380..35386]",
        "$CSG[35310..35316]",
        "$CSG[35338..35344]",
        "$CSG[35366..35372]",
        "$CSG[35394..35400]",
        "$CSG[35401..35512]",
        "$CSG[35513..35519]",
        "$CSG[35541..35547]",
        "$CSG[35569..35575]",
        "$CSG[35597..35603]",
        "$CSG[35527..35533]",
        "$CSG[35555..35561]",
        "$CSG[35583..35589]",
        "$CSG[35611..35617]",
        "$CSG[35520..35526]",
        "$CSG[35548..35554]",
        "$CSG[35576..35582]",
        "$CSG[35604..35610]",
        "$CSG[35534..35540]",
        "$CSG[35562..35568]",
        "$CSG[35590..35596]",
        "$CSG[35618..35624]",
        "$CSG[35625..35631]",
        "$CSG[35653..35659]",
        "$CSG[35681..35687]",
        "$CSG[35709..35715]",
        "$CSG[35639..35645]",
        "$CSG[35667..35673]",
        "$CSG[35695..35701]",
        "$CSG[35723..35729]",
        "$CSG[35632..35638]",
        "$CSG[35660..35666]",
        "$CSG[35688..35694]",
        "$CSG[35716..35722]",
        "$CSG[35646..35652]",
        "$CSG[35674..35680]",
        "$CSG[35702..35708]",
        "$CSG[35730..35736]"
    ],
    "strings": {
        "name": {
            "en-GB": "Dinghies",
            "fr-FR": "Canotube",
            "de-DE": "Schlauchboote",
            "es-ES": "Botes deslizantes",
            "it-IT": "Scivolo con canotto",
            "nl-NL": "Opblaasbootjes",
            "sv-SE": "Gummibåtar",
            "ko-KR": "보트",
            "zh-CN": "滑行小船",
            "zh-TW": "滑行小船",
            "pt-BR": "Botes",
            "cs-CZ": "Nafukovací čluny",
            "ja-JP": "ディンジー・スライド",
            "pl-PL": "Ślizg pontonowy",
            "ru-RU": "Шлюпки",
            "eo-ZZ": "Boatetoj"
        },
        "description": {
            "en-GB": "Inflatable dinghies that can twist down a semi-circular or completely enclosed tube track",
            "fr-FR": "Les passagers descendent un tube semi-circulaire ou entièrement fermé à bord d'un canot pneumatique",
            "de-DE": "Aufblasbare Schlauchboote, die eine sich windende, halbkreisförmige oder komplett in sich geschlossene Rohrstrecke herunterrutschen können",
            "es-ES": "Los pasajeros viajan en botes hinchables por tubos semicirculares o totalmente cerrados",
            "it-IT": "I passeggeri viaggiano su canotti gonfiabili lungo un percorso semi-circolare pieno di curve o lungo un percorso a tubo completamente chiuso",
            "nl-NL": "Passagiers glijden in opblaasboten door een kronkelende halfopen of compleet gesloten glijbaan.",
            "sv-SE": "Uppblåsbara gummibåtar som halkar fram genom slingrande slutna rör och öppna rännor",
            "ko-KR": "반원형 또는 밀폐형 원형 튜브 트랙을 따라 이동하는 공기 주입식 고무 보트",
            "zh-CN": "乘客在膨胀的小船滑下到半圆型或完整封闭管道内滑行",
            "zh-TW": "乘客在膨脹的小船滑下到半圓型或完整封閉管道內滑行",
            "pt-BR": "Botes infláveis que se torcem por uma pista sinuosa semicircular ou de tubo fechado",
            "cs-CZ": "Návštěvníci jedou v nafukovacích člunech po tobogánu",
            "ja-JP": "ねじれた半円形のコース、またはパイプの中を通るゴムボートです",
            "pl-PL": "Pasażerowie podróżują w nadmuchiwanych pontonach po zawiłym półkolistym lub rurowym torze",
            "ru-RU": "Люди катаются в шлюпках.",
            "eo-ZZ": "Plenblovitaj boatetoj, kiuj malsupreniras kurboplenan duoncirklan aŭ cirklan tubotrakon"
        },
        "capacity": {
            "en-GB": "2 passengers per dinghy",
            "fr-FR": "2 passagers par canot",
            "de-DE": "2 Fahrgäste pro Schlauchboot",
            "es-ES": "2 pasajeros por bote",
            "it-IT": "2 passeggeri per canotto",
            "nl-NL": "2 passagiers per bootje",
            "sv-SE": "2 passagerare per båt",
            "ko-KR": "보트당 2명의 승객",
            "zh-CN": "2 位乘客 /每艘小船",
            "zh-TW": "2 位乘客 /每艘小船",
            "pt-BR": "2 passageiros por barco",
            "cs-CZ": "2 místa v každé lodi",
            "ja-JP": "各ボート2名",
            "pl-PL": "2 pasażerów na ponton",
            "ru-RU": "2 пассажира",
            "eo-ZZ": "Po 2 pasaĝeroj por boateto"
        }
    },
    "noCsgImages": [
        { "path": "images/preview.png", "format": "raw" },
        "",
        "",
        "$RCT2:OBJDATA/DING1.DAT[3..9]",
        "$RCT2:OBJDATA/DING1.DAT[17..23]",
        "$RCT2:OBJDATA/DING1.DAT[31..37]",
        "$RCT2:OBJDATA/DING1.DAT[45..51]",
        "$RCT2:OBJDATA/DING1.DAT[59..65]",
        "$RCT2:OBJDATA/DING1.DAT[73..79]",
        "$RCT2:OBJDATA/DING1.DAT[87..93]",
        "$RCT2:OBJDATA/DING1.DAT[101..107]",
        "$RCT2:OBJDATA/DING1.DAT[115..121]",
        "$RCT2:OBJDATA/DING1.DAT[129..135]",
        "$RCT2:OBJDATA/DING1.DAT[143..149]",
        "$RCT2:OBJDATA/DING1.DAT[157..163]",
        "$RCT2:OBJDATA/DING1.DAT[171..177]",
        "$RCT2:OBJDATA/DING1.DAT[185..191]",
        "$RCT2:OBJDATA/DING1.DAT[199..205]",
        "$RCT2:OBJDATA/DING1.DAT[213..219]",
        "$RCT2:OBJDATA/DING1.DAT[227..289]",
        "$RCT2:OBJDATA/DING1.DAT[339..345]",
        "$RCT2:OBJDATA/DING1.DAT[395..401]",
        "$RCT2:OBJDATA/DING1.DAT[451..457]",
        "$RCT2:OBJDATA/DING1.DAT[507..513]",
        "$RCT2:OBJDATA/DING1.DAT[563..569]",
        "$RCT2:OBJDATA/DING1.DAT[619..625]",
        "$RCT2:OBJDATA/DING1.DAT[675..681]",
        "$RCT2:OBJDATA/DING1.DAT[731..737]",
        "$RCT2:OBJDATA/DING1.DAT[745..751]",
        "$RCT2:OBJDATA/DING1.DAT[759..765]",
        "$RCT2:OBJDATA/DING1.DAT[773..779]",
        "$RCT2:OBJDATA/DING1.DAT[787..793]",
        "$RCT2:OBJDATA/DING1.DAT[801..807]",
        "$RCT2:OBJDATA/DING1.DAT[815..821]",
        "$RCT2:OBJDATA/DING1.DAT[829..835]",
        "$RCT2:OBJDATA/DING1.DAT[843..849]",
        "$RCT2:OBJDATA/DING1.DAT[899..905]",
        "$RCT2:OBJDATA/DING1.DAT[955..961]",
        "$RCT2:OBJDATA/DING1.DAT[1011..1017]",
        "$RCT2:OBJDATA/DING1.DAT[1067..1073]",
        "$RCT2:OBJDATA/DING1.DAT[1123..1129]",
        "$RCT2:OBJDATA/DING1.DAT[1179..1185]",
        "$RCT2:OBJDATA/DING1.DAT[1235..1241]",
        "$RCT2:OBJDATA/DING1.DAT[1291..1297]",
        "$RCT2:OBJDATA/DING1.DAT[1305..1311]",
        "$RCT2:OBJDATA/DING1.DAT[1319..1325]",
        "$RCT2:OBJDATA/DING1.DAT[1333..1339]",
        "$RCT2:OBJDATA/DING1.DAT[1347..1353]",
        "$RCT2:OBJDATA/DING1.DAT[1361..1367]",
        "$RCT2:OBJDATA/DING1.DAT[1375..1381]",
        "$RCT2:OBJDATA/DING1.DAT[1389..1395]",
        "$RCT2:OBJDATA/DING1.DAT[1403..1409]",
        "$RCT2:OBJDATA/DING1.DAT[1417..1423]",
        "$RCT2:OBJDATA/DING1.DAT[1431..1437]",
        "$RCT2:OBJDATA/DING1.DAT[1445..1451]",
        "$RCT2:OBJDATA/DING1.DAT[1459..1465]",
        "$RCT2:OBJDATA/DING1.DAT[1473..1479]",
        "$RCT2:OBJDATA/DING1.DAT[1487..1493]",
        "$RCT2:OBJDATA/DING1.DAT[1501..1507]",
        "$RCT2:OBJDATA/DING1.DAT[1515..1577]",
        "$RCT2:OBJDATA/DING1.DAT[1627..1633]",
        "$RCT2:OBJDATA/DING1.DAT[1683..1689]",
        "$RCT2:OBJDATA/DING1.DAT[1739..1745]",
        "$RCT2:OBJDATA/DING1.DAT[1795..1801]",
        "$RCT2:OBJDATA/DING1.DAT[1851..1857]",
        "$RCT2:OBJDATA/DING1.DAT[1907..1913]",
        "$RCT2:OBJDATA/DING1.DAT[1963..1969]",
        "$RCT2:OBJDATA/DING1.DAT[2019..2025]",
        "$RCT2:OBJDATA/DING1.DAT[2033..2039]",
        "$RCT2:OBJDATA/DING1.DAT[2047..2053]",
        "$RCT2:OBJDATA/DING1.DAT[2061..2067]",
        "$RCT2:OBJDATA/DING1.DAT[2075..2081]",
        "$RCT2:OBJDATA/DING1.DAT[2089..2095]",
        "$RCT2:OBJDATA/DING1.DAT[2103..2109]",
        "$RCT2:OBJDATA/DING1.DAT[2117..2123]",
        "$RCT2:OBJDATA/DING1.DAT[2131..2137]",
        "$RCT2:OBJDATA/DING1.DAT[2187..2193]",
        "$RCT2:OBJDATA/DING1.DAT[2243..2249]",
        "$RCT2:OBJDATA/DING1.DAT[2299..2305]",
        "$RCT2:OBJDATA/DING1.DAT[2355..2361]",
        "$RCT2:OBJDATA/DING1.DAT[2411..2417]",
        "$RCT2:OBJDATA/DING1.DAT[2467..2473]",
        "$RCT2:OBJDATA/DING1.DAT[2523..2529]"
    ]
}
