{
    "id": "rct2.footpath_railings.space",
    "authors": [
        "Chris Sawyer",
        "Simon Foster"
    ],
    "version": "1.0",
    "sourceGame": "rct2",
    "objectType": "footpath_railings",
    "properties": {
        "supportType": "pole",
        "scrollingMode": 0
    },
    "images": [
        { "path": "preview.png", "x": 1, "y": 1 },
        "$RCT2:OBJDATA/PATHSPCE.DAT[73..145]"
    ],
    "strings": {
        "name": {
            "en-GB": "Space Style Railings (Red)",
            "de-DE": "Weltraumstilgeländer (rot)",
            "nl-NL": "Ruimte-ondersteuningen (rood)",
            "eo-ZZ": "Kosmo-Stilaj Balustradoj (Ruĝa)",
            "ca-ES": "Baranes d’estil espacial (vermelles)"
        }
    }
}
