{
    "id": "rct1.ride.go_karts",
    "authors": [
        "Chris Sawyer",
        "Simon Foster"
    ],
    "version": "1.0",
    "originalId": "00000000|#RCT1KRT|00000000",
    "sourceGame": "rct1",
    "objectType": "ride",
    "properties": {
        "type": "go_karts",
        "category": "thrill",
        "carColours": [
            [
                [
                    "yellow",
                    "black",
                    "black"
                ],
                [
                    "light_blue",
                    "black",
                    "black"
                ],
                [
                    "bright_red",
                    "black",
                    "black"
                ],
                [
                    "bright_green",
                    "black",
                    "black"
                ],
                [
                    "white",
                    "black",
                    "black"
                ],
                [
                    "bright_purple",
                    "black",
                    "black"
                ],
                [
                    "light_orange",
                    "black",
                    "black"
                ],
                [
                    "bright_pink",
                    "black",
                    "black"
                ],
                [
                    "teal",
                    "black",
                    "black"
                ],
                [
                    "light_brown",
                    "black",
                    "black"
                ],
                [
                    "light_purple",
                    "black",
                    "black"
                ],
                [
                    "black",
                    "black",
                    "black"
                ],
                [
                    "yellow",
                    "black",
                    "black"
                ],
                [
                    "light_blue",
                    "black",
                    "black"
                ],
                [
                    "bright_red",
                    "black",
                    "black"
                ],
                [
                    "bright_green",
                    "black",
                    "black"
                ],
                [
                    "white",
                    "black",
                    "black"
                ],
                [
                    "bright_purple",
                    "black",
                    "black"
                ],
                [
                    "light_orange",
                    "black",
                    "black"
                ],
                [
                    "bright_pink",
                    "black",
                    "black"
                ],
                [
                    "teal",
                    "black",
                    "black"
                ],
                [
                    "light_brown",
                    "black",
                    "black"
                ],
                [
                    "light_purple",
                    "black",
                    "black"
                ],
                [
                    "black",
                    "black",
                    "black"
                ],
                [
                    "yellow",
                    "black",
                    "black"
                ],
                [
                    "light_blue",
                    "black",
                    "black"
                ],
                [
                    "bright_red",
                    "black",
                    "black"
                ],
                [
                    "bright_green",
                    "black",
                    "black"
                ],
                [
                    "white",
                    "black",
                    "black"
                ],
                [
                    "bright_purple",
                    "black",
                    "black"
                ],
                [
                    "light_orange",
                    "black",
                    "black"
                ],
                [
                    "bright_pink",
                    "black",
                    "black"
                ]
            ]
        ],
        "cars": {
            "rotationFrameMask": 15,
            "spacing": 152576,
            "mass": 250,
            "numSeats": 1,
            "numSeatRows": 1,
            "frictionSoundId": 21,
            "doubleSoundFrequency": 1,
            "poweredAcceleration": 35,
            "poweredMaxSpeed": 40,
            "drawOrder": 7,
            "spriteGroups": {
                "slopeFlat": 16,
                "slopes12": 4,
                "slopes25": 4
            },
            "isPowered": true,
            "useBoatHireCollisionDetection": true,
            "isGoKart": true,
            "loadingPositions": [
                -1
            ]
        }
    },
    "images": [
        { "path": "images/preview.png", "format": "raw" },
        "",
        "",
        "$CSG[34297..34312]",
        "$CSG[34313]",
        "$CSG[34317]",
        "$CSG[34321]",
        "$CSG[34325]",
        "$CSG[34315]",
        "$CSG[34319]",
        "$CSG[34323]",
        "$CSG[34327]",
        "$CSG[34314]",
        "$CSG[34318]",
        "$CSG[34322]",
        "$CSG[34326]",
        "$CSG[34316]",
        "$CSG[34320]",
        "$CSG[34324]",
        "$CSG[34328]",
        "$CSG[34329..34344]",
        "$CSG[34345]",
        "$CSG[34349]",
        "$CSG[34353]",
        "$CSG[34357]",
        "$CSG[34347]",
        "$CSG[34351]",
        "$CSG[34355]",
        "$CSG[34359]",
        "$CSG[34346]",
        "$CSG[34350]",
        "$CSG[34354]",
        "$CSG[34358]",
        "$CSG[34348]",
        "$CSG[34352]",
        "$CSG[34356]",
        "$CSG[34360]"
    ],
    "noCsgImages": [
        { "path": "images/preview.png", "format": "raw" },
        "",
        "",
        "$RCT2:OBJDATA/KART1.DAT[3]",
        "$RCT2:OBJDATA/KART1.DAT[5]",
        "$RCT2:OBJDATA/KART1.DAT[7]",
        "$RCT2:OBJDATA/KART1.DAT[9]",
        "$RCT2:OBJDATA/KART1.DAT[11]",
        "$RCT2:OBJDATA/KART1.DAT[13]",
        "$RCT2:OBJDATA/KART1.DAT[15]",
        "$RCT2:OBJDATA/KART1.DAT[17]",
        "$RCT2:OBJDATA/KART1.DAT[19]",
        "$RCT2:OBJDATA/KART1.DAT[21]",
        "$RCT2:OBJDATA/KART1.DAT[23]",
        "$RCT2:OBJDATA/KART1.DAT[25]",
        "$RCT2:OBJDATA/KART1.DAT[27]",
        "$RCT2:OBJDATA/KART1.DAT[29]",
        "$RCT2:OBJDATA/KART1.DAT[31]",
        "$RCT2:OBJDATA/KART1.DAT[33]",
        "$RCT2:OBJDATA/KART1.DAT[35..42]",
        "$RCT2:OBJDATA/KART1.DAT[43]",
        "$RCT2:OBJDATA/KART1.DAT[51]",
        "$RCT2:OBJDATA/KART1.DAT[59]",
        "$RCT2:OBJDATA/KART1.DAT[67]",
        "$RCT2:OBJDATA/KART1.DAT[75]",
        "$RCT2:OBJDATA/KART1.DAT[83]",
        "$RCT2:OBJDATA/KART1.DAT[91]",
        "$RCT2:OBJDATA/KART1.DAT[99]",
        "$RCT2:OBJDATA/KART1.DAT[107]",
        "$RCT2:OBJDATA/KART1.DAT[109]",
        "$RCT2:OBJDATA/KART1.DAT[111]",
        "$RCT2:OBJDATA/KART1.DAT[113]",
        "$RCT2:OBJDATA/KART1.DAT[115]",
        "$RCT2:OBJDATA/KART1.DAT[117]",
        "$RCT2:OBJDATA/KART1.DAT[119]",
        "$RCT2:OBJDATA/KART1.DAT[121]",
        "$RCT2:OBJDATA/KART1.DAT[123]",
        "$RCT2:OBJDATA/KART1.DAT[125]",
        "$RCT2:OBJDATA/KART1.DAT[127]",
        "$RCT2:OBJDATA/KART1.DAT[129]",
        "$RCT2:OBJDATA/KART1.DAT[131]",
        "$RCT2:OBJDATA/KART1.DAT[133]",
        "$RCT2:OBJDATA/KART1.DAT[135]",
        "$RCT2:OBJDATA/KART1.DAT[137]",
        "$RCT2:OBJDATA/KART1.DAT[139..146]",
        "$RCT2:OBJDATA/KART1.DAT[147]",
        "$RCT2:OBJDATA/KART1.DAT[155]",
        "$RCT2:OBJDATA/KART1.DAT[163]",
        "$RCT2:OBJDATA/KART1.DAT[171]",
        "$RCT2:OBJDATA/KART1.DAT[179]",
        "$RCT2:OBJDATA/KART1.DAT[187]",
        "$RCT2:OBJDATA/KART1.DAT[195]",
        "$RCT2:OBJDATA/KART1.DAT[203]"
    ],
    "strings": {
        "name": {
            "en-GB": "Go-Karts (with helmets)"
        },
        "description": {
            "en-GB": "Self-driven petrol-engined go-karts that come with safety helmets",
            "en-US": "Self-driven gas-engined go-karts that come with safety helmets"
        },
        "capacity": {
            "en-GB": "single-seater",
            "fr-FR": "1 passager par kart",
            "de-DE": "Einsitzer",
            "es-ES": "1 sólo pasajero",
            "it-IT": "sedile singolo",
            "nl-NL": "1 persoon per kart",
            "sv-SE": "ensitsiga",
            "ko-KR": "1인승",
            "zh-CN": "单一乘客",
            "zh-TW": "單一乘客",
            "pt-BR": "1 assento",
            "cs-CZ": "1 místo v každém voze",
            "ja-JP": "各車両1名",
            "pl-PL": "1 miejsce",
            "ru-RU": "одиночные",
            "eo-OO": "Po 1 pasaĝero por aŭto"
        }
    }
}
